solid 
 facet normal  0.000000e+00 -1.000000e+00  0.000000e+00
   outer loop
     vertex  1.260000e+02 -1.275000e+02  0.000000e+00
     vertex  1.485000e+02 -1.275000e+02  0.000000e+00
     vertex  1.485000e+02 -1.275000e+02  1.510000e+00
   endloop
 endfacet
 facet normal  0.000000e+00 -1.000000e+00  0.000000e+00
   outer loop
     vertex  1.260000e+02 -1.275000e+02  0.000000e+00
     vertex  1.485000e+02 -1.275000e+02  1.510000e+00
     vertex  1.260000e+02 -1.275000e+02  1.510000e+00
   endloop
 endfacet
 facet normal  1.000000e+00 -0.000000e+00  0.000000e+00
   outer loop
     vertex  1.485000e+02 -1.275000e+02  1.510000e+00
     vertex  1.485000e+02 -4.950000e+01  0.000000e+00
     vertex  1.485000e+02 -4.950000e+01  1.510000e+00
   endloop
 endfacet
 facet normal  1.000000e+00  0.000000e+00  0.000000e+00
   outer loop
     vertex  1.485000e+02 -1.275000e+02  0.000000e+00
     vertex  1.485000e+02 -4.950000e+01  0.000000e+00
     vertex  1.485000e+02 -1.275000e+02  1.510000e+00
   endloop
 endfacet
 facet normal -1.000000e+00 -0.000000e+00  0.000000e+00
   outer loop
     vertex  1.260000e+02 -4.950000e+01  1.510000e+00
     vertex  1.260000e+02 -1.275000e+02  0.000000e+00
     vertex  1.260000e+02 -1.275000e+02  1.510000e+00
   endloop
 endfacet
 facet normal -1.000000e+00  0.000000e+00  0.000000e+00
   outer loop
     vertex  1.260000e+02 -4.950000e+01  0.000000e+00
     vertex  1.260000e+02 -1.275000e+02  0.000000e+00
     vertex  1.260000e+02 -4.950000e+01  1.510000e+00
   endloop
 endfacet
 facet normal -0.000000e+00  0.000000e+00 -1.000000e+00
   outer loop
     vertex  1.317450e+02 -1.178561e+02  0.000000e+00
     vertex  1.260000e+02 -1.275000e+02  0.000000e+00
     vertex  1.315690e+02 -1.177210e+02  0.000000e+00
   endloop
 endfacet
 facet normal  0.000000e+00 -0.000000e+00 -1.000000e+00
   outer loop
     vertex  1.314339e+02 -1.175450e+02  0.000000e+00
     vertex  1.315690e+02 -1.177210e+02  0.000000e+00
     vertex  1.260000e+02 -1.275000e+02  0.000000e+00
   endloop
 endfacet
 facet normal -0.000000e+00  0.000000e+00 -1.000000e+00
   outer loop
     vertex  1.319500e+02 -1.179410e+02  0.000000e+00
     vertex  1.260000e+02 -1.275000e+02  0.000000e+00
     vertex  1.317450e+02 -1.178561e+02  0.000000e+00
   endloop
 endfacet
 facet normal  0.000000e+00 -0.000000e+00 -1.000000e+00
   outer loop
     vertex  1.313490e+02 -1.173400e+02  0.000000e+00
     vertex  1.314339e+02 -1.175450e+02  0.000000e+00
     vertex  1.260000e+02 -1.275000e+02  0.000000e+00
   endloop
 endfacet
 facet normal -0.000000e+00  0.000000e+00 -1.000000e+00
   outer loop
     vertex  1.321700e+02 -1.179700e+02  0.000000e+00
     vertex  1.260000e+02 -1.275000e+02  0.000000e+00
     vertex  1.319500e+02 -1.179410e+02  0.000000e+00
   endloop
 endfacet
 facet normal  0.000000e+00 -0.000000e+00 -1.000000e+00
   outer loop
     vertex  1.313200e+02 -1.171200e+02  0.000000e+00
     vertex  1.313490e+02 -1.173400e+02  0.000000e+00
     vertex  1.260000e+02 -1.275000e+02  0.000000e+00
   endloop
 endfacet
 facet normal  0.000000e+00  0.000000e+00 -1.000000e+00
   outer loop
     vertex  1.313490e+02 -1.169000e+02  0.000000e+00
     vertex  1.313200e+02 -1.171200e+02  0.000000e+00
     vertex  1.260000e+02 -1.275000e+02  0.000000e+00
   endloop
 endfacet
 facet normal  0.000000e+00  0.000000e+00 -1.000000e+00
   outer loop
     vertex  1.358358e+02 -1.185342e+02  0.000000e+00
     vertex  1.323900e+02 -1.179410e+02  0.000000e+00
     vertex  1.325950e+02 -1.178561e+02  0.000000e+00
   endloop
 endfacet
 facet normal  0.000000e+00  0.000000e+00 -1.000000e+00
   outer loop
     vertex  1.362500e+02 -1.188521e+02  0.000000e+00
     vertex  1.321700e+02 -1.179700e+02  0.000000e+00
     vertex  1.323900e+02 -1.179410e+02  0.000000e+00
   endloop
 endfacet
 facet normal -0.000000e+00  0.000000e+00 -1.000000e+00
   outer loop
     vertex  1.362500e+02 -1.188521e+02  0.000000e+00
     vertex  1.260000e+02 -1.275000e+02  0.000000e+00
     vertex  1.321700e+02 -1.179700e+02  0.000000e+00
   endloop
 endfacet
 facet normal  0.000000e+00  0.000000e+00 -1.000000e+00
   outer loop
     vertex  1.362500e+02 -1.188521e+02  0.000000e+00
     vertex  1.323900e+02 -1.179410e+02  0.000000e+00
     vertex  1.358358e+02 -1.185342e+02  0.000000e+00
   endloop
 endfacet
 facet normal  0.000000e+00  0.000000e+00 -1.000000e+00
   outer loop
     vertex  1.355179e+02 -1.181200e+02  0.000000e+00
     vertex  1.327710e+02 -1.177210e+02  0.000000e+00
     vertex  1.329061e+02 -1.175450e+02  0.000000e+00
   endloop
 endfacet
 facet normal  0.000000e+00  0.000000e+00 -1.000000e+00
   outer loop
     vertex  1.355179e+02 -1.181200e+02  0.000000e+00
     vertex  1.325950e+02 -1.178561e+02  0.000000e+00
     vertex  1.327710e+02 -1.177210e+02  0.000000e+00
   endloop
 endfacet
 facet normal -0.000000e+00 -0.000000e+00 -1.000000e+00
   outer loop
     vertex  1.355179e+02 -1.181200e+02  0.000000e+00
     vertex  1.358358e+02 -1.185342e+02  0.000000e+00
     vertex  1.325950e+02 -1.178561e+02  0.000000e+00
   endloop
 endfacet
 facet normal -0.000000e+00  0.000000e+00 -1.000000e+00
   outer loop
     vertex  1.367324e+02 -1.190519e+02  0.000000e+00
     vertex  1.260000e+02 -1.275000e+02  0.000000e+00
     vertex  1.362500e+02 -1.188521e+02  0.000000e+00
   endloop
 endfacet
 facet normal  0.000000e+00  0.000000e+00 -1.000000e+00
   outer loop
     vertex  1.353181e+02 -1.176376e+02  0.000000e+00
     vertex  1.329061e+02 -1.175450e+02  0.000000e+00
     vertex  1.329910e+02 -1.173400e+02  0.000000e+00
   endloop
 endfacet
 facet normal -0.000000e+00 -0.000000e+00 -1.000000e+00
   outer loop
     vertex  1.353181e+02 -1.176376e+02  0.000000e+00
     vertex  1.355179e+02 -1.181200e+02  0.000000e+00
     vertex  1.329061e+02 -1.175450e+02  0.000000e+00
   endloop
 endfacet
 facet normal  0.000000e+00  0.000000e+00 -1.000000e+00
   outer loop
     vertex  1.329097e+02 -1.151103e+02  0.000000e+00
     vertex  1.323900e+02 -1.162990e+02  0.000000e+00
     vertex  1.321700e+02 -1.162700e+02  0.000000e+00
   endloop
 endfacet
 facet normal  0.000000e+00  0.000000e+00 -1.000000e+00
   outer loop
     vertex  1.327905e+02 -1.149550e+02  0.000000e+00
     vertex  1.321700e+02 -1.162700e+02  0.000000e+00
     vertex  1.319500e+02 -1.162990e+02  0.000000e+00
   endloop
 endfacet
 facet normal  0.000000e+00 -0.000000e+00 -1.000000e+00
   outer loop
     vertex  1.327905e+02 -1.149550e+02  0.000000e+00
     vertex  1.329097e+02 -1.151103e+02  0.000000e+00
     vertex  1.321700e+02 -1.162700e+02  0.000000e+00
   endloop
 endfacet
 facet normal  0.000000e+00  0.000000e+00 -1.000000e+00
   outer loop
     vertex  1.330650e+02 -1.152295e+02  0.000000e+00
     vertex  1.325950e+02 -1.163839e+02  0.000000e+00
     vertex  1.323900e+02 -1.162990e+02  0.000000e+00
   endloop
 endfacet
 facet normal -0.000000e+00  0.000000e+00 -1.000000e+00
   outer loop
     vertex  1.330650e+02 -1.152295e+02  0.000000e+00
     vertex  1.323900e+02 -1.162990e+02  0.000000e+00
     vertex  1.329097e+02 -1.151103e+02  0.000000e+00
   endloop
 endfacet
 facet normal  0.000000e+00  0.000000e+00 -1.000000e+00
   outer loop
     vertex  1.332459e+02 -1.153044e+02  0.000000e+00
     vertex  1.327710e+02 -1.165190e+02  0.000000e+00
     vertex  1.325950e+02 -1.163839e+02  0.000000e+00
   endloop
 endfacet
 facet normal -0.000000e+00  0.000000e+00 -1.000000e+00
   outer loop
     vertex  1.332459e+02 -1.153044e+02  0.000000e+00
     vertex  1.325950e+02 -1.163839e+02  0.000000e+00
     vertex  1.330650e+02 -1.152295e+02  0.000000e+00
   endloop
 endfacet
 facet normal  0.000000e+00  0.000000e+00 -1.000000e+00
   outer loop
     vertex  1.327156e+02 -1.147741e+02  0.000000e+00
     vertex  1.319500e+02 -1.162990e+02  0.000000e+00
     vertex  1.317450e+02 -1.163839e+02  0.000000e+00
   endloop
 endfacet
 facet normal  0.000000e+00 -0.000000e+00 -1.000000e+00
   outer loop
     vertex  1.327156e+02 -1.147741e+02  0.000000e+00
     vertex  1.327905e+02 -1.149550e+02  0.000000e+00
     vertex  1.319500e+02 -1.162990e+02  0.000000e+00
   endloop
 endfacet
 facet normal  0.000000e+00  0.000000e+00 -1.000000e+00
   outer loop
     vertex  1.334400e+02 -1.153300e+02  0.000000e+00
     vertex  1.329061e+02 -1.166950e+02  0.000000e+00
     vertex  1.327710e+02 -1.165190e+02  0.000000e+00
   endloop
 endfacet
 facet normal -0.000000e+00  0.000000e+00 -1.000000e+00
   outer loop
     vertex  1.334400e+02 -1.153300e+02  0.000000e+00
     vertex  1.327710e+02 -1.165190e+02  0.000000e+00
     vertex  1.332459e+02 -1.153044e+02  0.000000e+00
   endloop
 endfacet
 facet normal  0.000000e+00  0.000000e+00 -1.000000e+00
   outer loop
     vertex  1.326900e+02 -1.145800e+02  0.000000e+00
     vertex  1.317450e+02 -1.163839e+02  0.000000e+00
     vertex  1.315690e+02 -1.165190e+02  0.000000e+00
   endloop
 endfacet
 facet normal  0.000000e+00 -0.000000e+00 -1.000000e+00
   outer loop
     vertex  1.326900e+02 -1.145800e+02  0.000000e+00
     vertex  1.327156e+02 -1.147741e+02  0.000000e+00
     vertex  1.317450e+02 -1.163839e+02  0.000000e+00
   endloop
 endfacet
 facet normal -0.000000e+00  0.000000e+00 -1.000000e+00
   outer loop
     vertex  1.372500e+02 -1.191200e+02  0.000000e+00
     vertex  1.260000e+02 -1.275000e+02  0.000000e+00
     vertex  1.367324e+02 -1.190519e+02  0.000000e+00
   endloop
 endfacet
 facet normal -0.000000e+00  0.000000e+00 -1.000000e+00
   outer loop
     vertex  1.352500e+02 -1.171200e+02  0.000000e+00
     vertex  1.330200e+02 -1.171200e+02  0.000000e+00
     vertex  1.329910e+02 -1.169000e+02  0.000000e+00
   endloop
 endfacet
 facet normal  0.000000e+00  0.000000e+00 -1.000000e+00
   outer loop
     vertex  1.352500e+02 -1.171200e+02  0.000000e+00
     vertex  1.329910e+02 -1.173400e+02  0.000000e+00
     vertex  1.330200e+02 -1.171200e+02  0.000000e+00
   endloop
 endfacet
 facet normal  0.000000e+00 -0.000000e+00 -1.000000e+00
   outer loop
     vertex  1.352500e+02 -1.171200e+02  0.000000e+00
     vertex  1.353181e+02 -1.176376e+02  0.000000e+00
     vertex  1.329910e+02 -1.173400e+02  0.000000e+00
   endloop
 endfacet
 facet normal  0.000000e+00  0.000000e+00 -1.000000e+00
   outer loop
     vertex  1.336341e+02 -1.153044e+02  0.000000e+00
     vertex  1.329910e+02 -1.169000e+02  0.000000e+00
     vertex  1.329061e+02 -1.166950e+02  0.000000e+00
   endloop
 endfacet
 facet normal  0.000000e+00  0.000000e+00 -1.000000e+00
   outer loop
     vertex  1.336341e+02 -1.153044e+02  0.000000e+00
     vertex  1.329061e+02 -1.166950e+02  0.000000e+00
     vertex  1.334400e+02 -1.153300e+02  0.000000e+00
   endloop
 endfacet
 facet normal  0.000000e+00  0.000000e+00 -1.000000e+00
   outer loop
     vertex  1.327156e+02 -1.143859e+02  0.000000e+00
     vertex  1.315690e+02 -1.165190e+02  0.000000e+00
     vertex  1.314339e+02 -1.166950e+02  0.000000e+00
   endloop
 endfacet
 facet normal  0.000000e+00  0.000000e+00 -1.000000e+00
   outer loop
     vertex  1.327156e+02 -1.143859e+02  0.000000e+00
     vertex  1.326900e+02 -1.145800e+02  0.000000e+00
     vertex  1.315690e+02 -1.165190e+02  0.000000e+00
   endloop
 endfacet
 facet normal  0.000000e+00  0.000000e+00 -1.000000e+00
   outer loop
     vertex  1.327905e+02 -1.142050e+02  0.000000e+00
     vertex  1.327156e+02 -1.143859e+02  0.000000e+00
     vertex  1.314339e+02 -1.166950e+02  0.000000e+00
   endloop
 endfacet
 facet normal  0.000000e+00  0.000000e+00 -1.000000e+00
   outer loop
     vertex  1.353181e+02 -1.166024e+02  0.000000e+00
     vertex  1.352500e+02 -1.171200e+02  0.000000e+00
     vertex  1.329910e+02 -1.169000e+02  0.000000e+00
   endloop
 endfacet
 facet normal  0.000000e+00  0.000000e+00 -1.000000e+00
   outer loop
     vertex  1.353181e+02 -1.166024e+02  0.000000e+00
     vertex  1.336341e+02 -1.153044e+02  0.000000e+00
     vertex  1.338150e+02 -1.152295e+02  0.000000e+00
   endloop
 endfacet
 facet normal -0.000000e+00  0.000000e+00 -1.000000e+00
   outer loop
     vertex  1.353181e+02 -1.166024e+02  0.000000e+00
     vertex  1.329910e+02 -1.169000e+02  0.000000e+00
     vertex  1.336341e+02 -1.153044e+02  0.000000e+00
   endloop
 endfacet
 facet normal  0.000000e+00  0.000000e+00 -1.000000e+00
   outer loop
     vertex  1.355179e+02 -1.161200e+02  0.000000e+00
     vertex  1.339703e+02 -1.151103e+02  0.000000e+00
     vertex  1.340895e+02 -1.149550e+02  0.000000e+00
   endloop
 endfacet
 facet normal  0.000000e+00  0.000000e+00 -1.000000e+00
   outer loop
     vertex  1.355179e+02 -1.161200e+02  0.000000e+00
     vertex  1.338150e+02 -1.152295e+02  0.000000e+00
     vertex  1.339703e+02 -1.151103e+02  0.000000e+00
   endloop
 endfacet
 facet normal -0.000000e+00  0.000000e+00 -1.000000e+00
   outer loop
     vertex  1.355179e+02 -1.161200e+02  0.000000e+00
     vertex  1.353181e+02 -1.166024e+02  0.000000e+00
     vertex  1.338150e+02 -1.152295e+02  0.000000e+00
   endloop
 endfacet
 facet normal -0.000000e+00  0.000000e+00 -1.000000e+00
   outer loop
     vertex  1.358358e+02 -1.157058e+02  0.000000e+00
     vertex  1.355179e+02 -1.161200e+02  0.000000e+00
     vertex  1.340895e+02 -1.149550e+02  0.000000e+00
   endloop
 endfacet
 facet normal  0.000000e+00  0.000000e+00 -1.000000e+00
   outer loop
     vertex  1.358358e+02 -1.157058e+02  0.000000e+00
     vertex  1.341644e+02 -1.147741e+02  0.000000e+00
     vertex  1.341900e+02 -1.145800e+02  0.000000e+00
   endloop
 endfacet
 facet normal  0.000000e+00  0.000000e+00 -1.000000e+00
   outer loop
     vertex  1.358358e+02 -1.157058e+02  0.000000e+00
     vertex  1.340895e+02 -1.149550e+02  0.000000e+00
     vertex  1.341644e+02 -1.147741e+02  0.000000e+00
   endloop
 endfacet
 facet normal -0.000000e+00  0.000000e+00 -1.000000e+00
   outer loop
     vertex  1.362500e+02 -1.153879e+02  0.000000e+00
     vertex  1.358358e+02 -1.157058e+02  0.000000e+00
     vertex  1.341900e+02 -1.145800e+02  0.000000e+00
   endloop
 endfacet
 facet normal  0.000000e+00  0.000000e+00 -1.000000e+00
   outer loop
     vertex  1.362500e+02 -1.153879e+02  0.000000e+00
     vertex  1.341900e+02 -1.145800e+02  0.000000e+00
     vertex  1.341644e+02 -1.143859e+02  0.000000e+00
   endloop
 endfacet
 facet normal  0.000000e+00  0.000000e+00 -1.000000e+00
   outer loop
     vertex  1.485000e+02 -1.275000e+02  0.000000e+00
     vertex  1.377676e+02 -1.190519e+02  0.000000e+00
     vertex  1.382500e+02 -1.188521e+02  0.000000e+00
   endloop
 endfacet
 facet normal  0.000000e+00  0.000000e+00 -1.000000e+00
   outer loop
     vertex  1.485000e+02 -1.275000e+02  0.000000e+00
     vertex  1.372500e+02 -1.191200e+02  0.000000e+00
     vertex  1.377676e+02 -1.190519e+02  0.000000e+00
   endloop
 endfacet
 facet normal  0.000000e+00  0.000000e+00 -1.000000e+00
   outer loop
     vertex  1.485000e+02 -1.275000e+02  0.000000e+00
     vertex  1.260000e+02 -1.275000e+02  0.000000e+00
     vertex  1.372500e+02 -1.191200e+02  0.000000e+00
   endloop
 endfacet
 facet normal -0.000000e+00  0.000000e+00 -1.000000e+00
   outer loop
     vertex  1.367324e+02 -1.151881e+02  0.000000e+00
     vertex  1.362500e+02 -1.153879e+02  0.000000e+00
     vertex  1.341644e+02 -1.143859e+02  0.000000e+00
   endloop
 endfacet
 facet normal  0.000000e+00  0.000000e+00 -1.000000e+00
   outer loop
     vertex  1.367324e+02 -1.151881e+02  0.000000e+00
     vertex  1.341644e+02 -1.143859e+02  0.000000e+00
     vertex  1.340895e+02 -1.142050e+02  0.000000e+00
   endloop
 endfacet
 facet normal  0.000000e+00  0.000000e+00 -1.000000e+00
   outer loop
     vertex  1.415939e+02 -1.175450e+02  0.000000e+00
     vertex  1.389821e+02 -1.181200e+02  0.000000e+00
     vertex  1.391819e+02 -1.176376e+02  0.000000e+00
   endloop
 endfacet
 facet normal  0.000000e+00 -0.000000e+00 -1.000000e+00
   outer loop
     vertex  1.415939e+02 -1.175450e+02  0.000000e+00
     vertex  1.417290e+02 -1.177210e+02  0.000000e+00
     vertex  1.389821e+02 -1.181200e+02  0.000000e+00
   endloop
 endfacet
 facet normal  0.000000e+00  0.000000e+00 -1.000000e+00
   outer loop
     vertex  1.419050e+02 -1.178561e+02  0.000000e+00
     vertex  1.386642e+02 -1.185342e+02  0.000000e+00
     vertex  1.389821e+02 -1.181200e+02  0.000000e+00
   endloop
 endfacet
 facet normal -0.000000e+00  0.000000e+00 -1.000000e+00
   outer loop
     vertex  1.419050e+02 -1.178561e+02  0.000000e+00
     vertex  1.389821e+02 -1.181200e+02  0.000000e+00
     vertex  1.417290e+02 -1.177210e+02  0.000000e+00
   endloop
 endfacet
 facet normal -0.000000e+00  0.000000e+00 -1.000000e+00
   outer loop
     vertex  1.415090e+02 -1.173400e+02  0.000000e+00
     vertex  1.391819e+02 -1.176376e+02  0.000000e+00
     vertex  1.392500e+02 -1.171200e+02  0.000000e+00
   endloop
 endfacet
 facet normal  0.000000e+00 -0.000000e+00 -1.000000e+00
   outer loop
     vertex  1.415090e+02 -1.173400e+02  0.000000e+00
     vertex  1.415939e+02 -1.175450e+02  0.000000e+00
     vertex  1.391819e+02 -1.176376e+02  0.000000e+00
   endloop
 endfacet
 facet normal  0.000000e+00  0.000000e+00 -1.000000e+00
   outer loop
     vertex  1.421100e+02 -1.179410e+02  0.000000e+00
     vertex  1.382500e+02 -1.188521e+02  0.000000e+00
     vertex  1.386642e+02 -1.185342e+02  0.000000e+00
   endloop
 endfacet
 facet normal -0.000000e+00  0.000000e+00 -1.000000e+00
   outer loop
     vertex  1.421100e+02 -1.179410e+02  0.000000e+00
     vertex  1.386642e+02 -1.185342e+02  0.000000e+00
     vertex  1.419050e+02 -1.178561e+02  0.000000e+00
   endloop
 endfacet
 facet normal -0.000000e+00 -0.000000e+00 -1.000000e+00
   outer loop
     vertex  1.414800e+02 -1.171200e+02  0.000000e+00
     vertex  1.415090e+02 -1.173400e+02  0.000000e+00
     vertex  1.392500e+02 -1.171200e+02  0.000000e+00
   endloop
 endfacet
 facet normal  0.000000e+00 -0.000000e+00 -1.000000e+00
   outer loop
     vertex  1.423300e+02 -1.179700e+02  0.000000e+00
     vertex  1.485000e+02 -1.275000e+02  0.000000e+00
     vertex  1.382500e+02 -1.188521e+02  0.000000e+00
   endloop
 endfacet
 facet normal -0.000000e+00  0.000000e+00 -1.000000e+00
   outer loop
     vertex  1.423300e+02 -1.179700e+02  0.000000e+00
     vertex  1.382500e+02 -1.188521e+02  0.000000e+00
     vertex  1.421100e+02 -1.179410e+02  0.000000e+00
   endloop
 endfacet
 facet normal -0.000000e+00  0.000000e+00 -1.000000e+00
   outer loop
     vertex  1.415090e+02 -1.169000e+02  0.000000e+00
     vertex  1.392500e+02 -1.171200e+02  0.000000e+00
     vertex  1.391819e+02 -1.166024e+02  0.000000e+00
   endloop
 endfacet
 facet normal  0.000000e+00  0.000000e+00 -1.000000e+00
   outer loop
     vertex  1.415090e+02 -1.169000e+02  0.000000e+00
     vertex  1.414800e+02 -1.171200e+02  0.000000e+00
     vertex  1.392500e+02 -1.171200e+02  0.000000e+00
   endloop
 endfacet
 facet normal  0.000000e+00 -0.000000e+00 -1.000000e+00
   outer loop
     vertex  1.425500e+02 -1.179410e+02  0.000000e+00
     vertex  1.485000e+02 -1.275000e+02  0.000000e+00
     vertex  1.423300e+02 -1.179700e+02  0.000000e+00
   endloop
 endfacet
 facet normal  0.000000e+00  0.000000e+00 -1.000000e+00
   outer loop
     vertex  1.415939e+02 -1.166950e+02  0.000000e+00
     vertex  1.391819e+02 -1.166024e+02  0.000000e+00
     vertex  1.389821e+02 -1.161200e+02  0.000000e+00
   endloop
 endfacet
 facet normal -0.000000e+00  0.000000e+00 -1.000000e+00
   outer loop
     vertex  1.415939e+02 -1.166950e+02  0.000000e+00
     vertex  1.415090e+02 -1.169000e+02  0.000000e+00
     vertex  1.391819e+02 -1.166024e+02  0.000000e+00
   endloop
 endfacet
 facet normal  0.000000e+00 -0.000000e+00 -1.000000e+00
   outer loop
     vertex  1.427550e+02 -1.178561e+02  0.000000e+00
     vertex  1.485000e+02 -1.275000e+02  0.000000e+00
     vertex  1.425500e+02 -1.179410e+02  0.000000e+00
   endloop
 endfacet
 facet normal -0.000000e+00  0.000000e+00 -1.000000e+00
   outer loop
     vertex  1.417290e+02 -1.165190e+02  0.000000e+00
     vertex  1.415939e+02 -1.166950e+02  0.000000e+00
     vertex  1.389821e+02 -1.161200e+02  0.000000e+00
   endloop
 endfacet
 facet normal  0.000000e+00 -0.000000e+00 -1.000000e+00
   outer loop
     vertex  1.429310e+02 -1.177210e+02  0.000000e+00
     vertex  1.485000e+02 -1.275000e+02  0.000000e+00
     vertex  1.427550e+02 -1.178561e+02  0.000000e+00
   endloop
 endfacet
 facet normal -0.000000e+00  0.000000e+00 -1.000000e+00
   outer loop
     vertex  1.419050e+02 -1.163839e+02  0.000000e+00
     vertex  1.417290e+02 -1.165190e+02  0.000000e+00
     vertex  1.389821e+02 -1.161200e+02  0.000000e+00
   endloop
 endfacet
 facet normal  0.000000e+00 -0.000000e+00 -1.000000e+00
   outer loop
     vertex  1.430661e+02 -1.175450e+02  0.000000e+00
     vertex  1.485000e+02 -1.275000e+02  0.000000e+00
     vertex  1.429310e+02 -1.177210e+02  0.000000e+00
   endloop
 endfacet
 facet normal  0.000000e+00 -0.000000e+00 -1.000000e+00
   outer loop
     vertex  1.431510e+02 -1.173400e+02  0.000000e+00
     vertex  1.485000e+02 -1.275000e+02  0.000000e+00
     vertex  1.430661e+02 -1.175450e+02  0.000000e+00
   endloop
 endfacet
 facet normal  0.000000e+00 -0.000000e+00 -1.000000e+00
   outer loop
     vertex  1.431800e+02 -1.171200e+02  0.000000e+00
     vertex  1.485000e+02 -1.275000e+02  0.000000e+00
     vertex  1.431510e+02 -1.173400e+02  0.000000e+00
   endloop
 endfacet
 facet normal  0.000000e+00  0.000000e+00 -1.000000e+00
   outer loop
     vertex  1.431510e+02 -1.169000e+02  0.000000e+00
     vertex  1.485000e+02 -1.275000e+02  0.000000e+00
     vertex  1.431800e+02 -1.171200e+02  0.000000e+00
   endloop
 endfacet
 facet normal -0.000000e+00  0.000000e+00 -1.000000e+00
   outer loop
     vertex  1.394150e+02 -1.126895e+02  0.000000e+00
     vertex  1.377676e+02 -1.151881e+02  0.000000e+00
     vertex  1.392597e+02 -1.125703e+02  0.000000e+00
   endloop
 endfacet
 facet normal  0.000000e+00  0.000000e+00 -1.000000e+00
   outer loop
     vertex  1.394150e+02 -1.126895e+02  0.000000e+00
     vertex  1.382500e+02 -1.153879e+02  0.000000e+00
     vertex  1.377676e+02 -1.151881e+02  0.000000e+00
   endloop
 endfacet
 facet normal  0.000000e+00 -0.000000e+00 -1.000000e+00
   outer loop
     vertex  1.391405e+02 -1.124150e+02  0.000000e+00
     vertex  1.392597e+02 -1.125703e+02  0.000000e+00
     vertex  1.377676e+02 -1.151881e+02  0.000000e+00
   endloop
 endfacet
 facet normal  0.000000e+00  0.000000e+00 -1.000000e+00
   outer loop
     vertex  1.391405e+02 -1.124150e+02  0.000000e+00
     vertex  1.377676e+02 -1.151881e+02  0.000000e+00
     vertex  1.372500e+02 -1.151200e+02  0.000000e+00
   endloop
 endfacet
 facet normal -0.000000e+00  0.000000e+00 -1.000000e+00
   outer loop
     vertex  1.395959e+02 -1.127644e+02  0.000000e+00
     vertex  1.382500e+02 -1.153879e+02  0.000000e+00
     vertex  1.394150e+02 -1.126895e+02  0.000000e+00
   endloop
 endfacet
 facet normal  0.000000e+00  0.000000e+00 -1.000000e+00
   outer loop
     vertex  1.395959e+02 -1.127644e+02  0.000000e+00
     vertex  1.386642e+02 -1.157058e+02  0.000000e+00
     vertex  1.382500e+02 -1.153879e+02  0.000000e+00
   endloop
 endfacet
 facet normal  0.000000e+00  0.000000e+00 -1.000000e+00
   outer loop
     vertex  1.390656e+02 -1.122341e+02  0.000000e+00
     vertex  1.372500e+02 -1.151200e+02  0.000000e+00
     vertex  1.367324e+02 -1.151881e+02  0.000000e+00
   endloop
 endfacet
 facet normal  0.000000e+00 -0.000000e+00 -1.000000e+00
   outer loop
     vertex  1.390656e+02 -1.122341e+02  0.000000e+00
     vertex  1.391405e+02 -1.124150e+02  0.000000e+00
     vertex  1.372500e+02 -1.151200e+02  0.000000e+00
   endloop
 endfacet
 facet normal  0.000000e+00  0.000000e+00 -1.000000e+00
   outer loop
     vertex  1.390400e+02 -1.120400e+02  0.000000e+00
     vertex  1.340895e+02 -1.142050e+02  0.000000e+00
     vertex  1.339703e+02 -1.140497e+02  0.000000e+00
   endloop
 endfacet
 facet normal  0.000000e+00  0.000000e+00 -1.000000e+00
   outer loop
     vertex  1.390400e+02 -1.120400e+02  0.000000e+00
     vertex  1.367324e+02 -1.151881e+02  0.000000e+00
     vertex  1.340895e+02 -1.142050e+02  0.000000e+00
   endloop
 endfacet
 facet normal  0.000000e+00 -0.000000e+00 -1.000000e+00
   outer loop
     vertex  1.390400e+02 -1.120400e+02  0.000000e+00
     vertex  1.390656e+02 -1.122341e+02  0.000000e+00
     vertex  1.367324e+02 -1.151881e+02  0.000000e+00
   endloop
 endfacet
 facet normal -0.000000e+00  0.000000e+00 -1.000000e+00
   outer loop
     vertex  1.397900e+02 -1.127900e+02  0.000000e+00
     vertex  1.386642e+02 -1.157058e+02  0.000000e+00
     vertex  1.395959e+02 -1.127644e+02  0.000000e+00
   endloop
 endfacet
 facet normal  0.000000e+00  0.000000e+00 -1.000000e+00
   outer loop
     vertex  1.390656e+02 -1.118459e+02  0.000000e+00
     vertex  1.339703e+02 -1.140497e+02  0.000000e+00
     vertex  1.338150e+02 -1.139305e+02  0.000000e+00
   endloop
 endfacet
 facet normal  0.000000e+00  0.000000e+00 -1.000000e+00
   outer loop
     vertex  1.390656e+02 -1.118459e+02  0.000000e+00
     vertex  1.390400e+02 -1.120400e+02  0.000000e+00
     vertex  1.339703e+02 -1.140497e+02  0.000000e+00
   endloop
 endfacet
 facet normal  0.000000e+00  0.000000e+00 -1.000000e+00
   outer loop
     vertex  1.399841e+02 -1.127644e+02  0.000000e+00
     vertex  1.389821e+02 -1.161200e+02  0.000000e+00
     vertex  1.386642e+02 -1.157058e+02  0.000000e+00
   endloop
 endfacet
 facet normal  0.000000e+00  0.000000e+00 -1.000000e+00
   outer loop
     vertex  1.399841e+02 -1.127644e+02  0.000000e+00
     vertex  1.386642e+02 -1.157058e+02  0.000000e+00
     vertex  1.397900e+02 -1.127900e+02  0.000000e+00
   endloop
 endfacet
 facet normal  0.000000e+00 -0.000000e+00 -1.000000e+00
   outer loop
     vertex  1.399841e+02 -1.127644e+02  0.000000e+00
     vertex  1.419050e+02 -1.163839e+02  0.000000e+00
     vertex  1.389821e+02 -1.161200e+02  0.000000e+00
   endloop
 endfacet
 facet normal  0.000000e+00 -0.000000e+00 -1.000000e+00
   outer loop
     vertex  1.401650e+02 -1.126895e+02  0.000000e+00
     vertex  1.419050e+02 -1.163839e+02  0.000000e+00
     vertex  1.399841e+02 -1.127644e+02  0.000000e+00
   endloop
 endfacet
 facet normal  0.000000e+00  0.000000e+00 -1.000000e+00
   outer loop
     vertex  1.401650e+02 -1.126895e+02  0.000000e+00
     vertex  1.421100e+02 -1.162990e+02  0.000000e+00
     vertex  1.419050e+02 -1.163839e+02  0.000000e+00
   endloop
 endfacet
 facet normal  0.000000e+00  0.000000e+00 -1.000000e+00
   outer loop
     vertex  1.391405e+02 -1.116650e+02  0.000000e+00
     vertex  1.390656e+02 -1.118459e+02  0.000000e+00
     vertex  1.338150e+02 -1.139305e+02  0.000000e+00
   endloop
 endfacet
 facet normal  0.000000e+00  0.000000e+00 -1.000000e+00
   outer loop
     vertex  1.391405e+02 -1.116650e+02  0.000000e+00
     vertex  1.338150e+02 -1.139305e+02  0.000000e+00
     vertex  1.336341e+02 -1.138556e+02  0.000000e+00
   endloop
 endfacet
 facet normal  0.000000e+00 -0.000000e+00 -1.000000e+00
   outer loop
     vertex  1.403203e+02 -1.125703e+02  0.000000e+00
     vertex  1.421100e+02 -1.162990e+02  0.000000e+00
     vertex  1.401650e+02 -1.126895e+02  0.000000e+00
   endloop
 endfacet
 facet normal  0.000000e+00  0.000000e+00 -1.000000e+00
   outer loop
     vertex  1.403203e+02 -1.125703e+02  0.000000e+00
     vertex  1.423300e+02 -1.162700e+02  0.000000e+00
     vertex  1.421100e+02 -1.162990e+02  0.000000e+00
   endloop
 endfacet
 facet normal  0.000000e+00  0.000000e+00 -1.000000e+00
   outer loop
     vertex  1.392597e+02 -1.115097e+02  0.000000e+00
     vertex  1.391405e+02 -1.116650e+02  0.000000e+00
     vertex  1.336341e+02 -1.138556e+02  0.000000e+00
   endloop
 endfacet
 facet normal  0.000000e+00  0.000000e+00 -1.000000e+00
   outer loop
     vertex  1.392597e+02 -1.115097e+02  0.000000e+00
     vertex  1.336341e+02 -1.138556e+02  0.000000e+00
     vertex  1.334400e+02 -1.138300e+02  0.000000e+00
   endloop
 endfacet
 facet normal  0.000000e+00 -0.000000e+00 -1.000000e+00
   outer loop
     vertex  1.404395e+02 -1.124150e+02  0.000000e+00
     vertex  1.423300e+02 -1.162700e+02  0.000000e+00
     vertex  1.403203e+02 -1.125703e+02  0.000000e+00
   endloop
 endfacet
 facet normal  0.000000e+00  0.000000e+00 -1.000000e+00
   outer loop
     vertex  1.404395e+02 -1.124150e+02  0.000000e+00
     vertex  1.425500e+02 -1.162990e+02  0.000000e+00
     vertex  1.423300e+02 -1.162700e+02  0.000000e+00
   endloop
 endfacet
 facet normal  0.000000e+00 -0.000000e+00 -1.000000e+00
   outer loop
     vertex  1.405144e+02 -1.122341e+02  0.000000e+00
     vertex  1.425500e+02 -1.162990e+02  0.000000e+00
     vertex  1.404395e+02 -1.124150e+02  0.000000e+00
   endloop
 endfacet
 facet normal  0.000000e+00  0.000000e+00 -1.000000e+00
   outer loop
     vertex  1.405144e+02 -1.122341e+02  0.000000e+00
     vertex  1.427550e+02 -1.163839e+02  0.000000e+00
     vertex  1.425500e+02 -1.162990e+02  0.000000e+00
   endloop
 endfacet
 facet normal  0.000000e+00 -0.000000e+00 -1.000000e+00
   outer loop
     vertex  1.405400e+02 -1.120400e+02  0.000000e+00
     vertex  1.427550e+02 -1.163839e+02  0.000000e+00
     vertex  1.405144e+02 -1.122341e+02  0.000000e+00
   endloop
 endfacet
 facet normal  0.000000e+00  0.000000e+00 -1.000000e+00
   outer loop
     vertex  1.405400e+02 -1.120400e+02  0.000000e+00
     vertex  1.429310e+02 -1.165190e+02  0.000000e+00
     vertex  1.427550e+02 -1.163839e+02  0.000000e+00
   endloop
 endfacet
 facet normal  0.000000e+00  0.000000e+00 -1.000000e+00
   outer loop
     vertex  1.405144e+02 -1.118459e+02  0.000000e+00
     vertex  1.429310e+02 -1.165190e+02  0.000000e+00
     vertex  1.405400e+02 -1.120400e+02  0.000000e+00
   endloop
 endfacet
 facet normal  0.000000e+00  0.000000e+00 -1.000000e+00
   outer loop
     vertex  1.315690e+02 -9.880104e+01  0.000000e+00
     vertex  1.329097e+02 -1.140497e+02  0.000000e+00
     vertex  1.327905e+02 -1.142050e+02  0.000000e+00
   endloop
 endfacet
 facet normal  0.000000e+00  0.000000e+00 -1.000000e+00
   outer loop
     vertex  1.317450e+02 -9.893612e+01  0.000000e+00
     vertex  1.330650e+02 -1.139305e+02  0.000000e+00
     vertex  1.329097e+02 -1.140497e+02  0.000000e+00
   endloop
 endfacet
 facet normal -0.000000e+00 -0.000000e+00 -1.000000e+00
   outer loop
     vertex  1.317450e+02 -9.893612e+01  0.000000e+00
     vertex  1.329097e+02 -1.140497e+02  0.000000e+00
     vertex  1.315690e+02 -9.880104e+01  0.000000e+00
   endloop
 endfacet
 facet normal  0.000000e+00 -0.000000e+00 -1.000000e+00
   outer loop
     vertex  1.314339e+02 -9.862500e+01  0.000000e+00
     vertex  1.314339e+02 -1.166950e+02  0.000000e+00
     vertex  1.313490e+02 -1.169000e+02  0.000000e+00
   endloop
 endfacet
 facet normal  0.000000e+00  0.000000e+00 -1.000000e+00
   outer loop
     vertex  1.314339e+02 -9.862500e+01  0.000000e+00
     vertex  1.315690e+02 -9.880104e+01  0.000000e+00
     vertex  1.327905e+02 -1.142050e+02  0.000000e+00
   endloop
 endfacet
 facet normal  0.000000e+00  0.000000e+00 -1.000000e+00
   outer loop
     vertex  1.314339e+02 -9.862500e+01  0.000000e+00
     vertex  1.327905e+02 -1.142050e+02  0.000000e+00
     vertex  1.314339e+02 -1.166950e+02  0.000000e+00
   endloop
 endfacet
 facet normal  0.000000e+00  0.000000e+00 -1.000000e+00
   outer loop
     vertex  1.319500e+02 -9.902104e+01  0.000000e+00
     vertex  1.332459e+02 -1.138556e+02  0.000000e+00
     vertex  1.330650e+02 -1.139305e+02  0.000000e+00
   endloop
 endfacet
 facet normal -0.000000e+00 -0.000000e+00 -1.000000e+00
   outer loop
     vertex  1.319500e+02 -9.902104e+01  0.000000e+00
     vertex  1.330650e+02 -1.139305e+02  0.000000e+00
     vertex  1.317450e+02 -9.893612e+01  0.000000e+00
   endloop
 endfacet
 facet normal  0.000000e+00  0.000000e+00 -1.000000e+00
   outer loop
     vertex  1.313490e+02 -9.842000e+01  0.000000e+00
     vertex  1.314339e+02 -9.862500e+01  0.000000e+00
     vertex  1.313490e+02 -1.169000e+02  0.000000e+00
   endloop
 endfacet
 facet normal  0.000000e+00 -0.000000e+00 -1.000000e+00
   outer loop
     vertex  1.313490e+02 -9.842000e+01  0.000000e+00
     vertex  1.313490e+02 -1.169000e+02  0.000000e+00
     vertex  1.260000e+02 -1.275000e+02  0.000000e+00
   endloop
 endfacet
 facet normal  0.000000e+00  0.000000e+00 -1.000000e+00
   outer loop
     vertex  1.321700e+02 -9.905000e+01  0.000000e+00
     vertex  1.334400e+02 -1.138300e+02  0.000000e+00
     vertex  1.332459e+02 -1.138556e+02  0.000000e+00
   endloop
 endfacet
 facet normal -0.000000e+00 -0.000000e+00 -1.000000e+00
   outer loop
     vertex  1.321700e+02 -9.905000e+01  0.000000e+00
     vertex  1.332459e+02 -1.138556e+02  0.000000e+00
     vertex  1.319500e+02 -9.902104e+01  0.000000e+00
   endloop
 endfacet
 facet normal  0.000000e+00 -0.000000e+00 -1.000000e+00
   outer loop
     vertex  1.313200e+02 -9.820000e+01  0.000000e+00
     vertex  1.313490e+02 -9.842000e+01  0.000000e+00
     vertex  1.260000e+02 -1.275000e+02  0.000000e+00
   endloop
 endfacet
 facet normal  0.000000e+00  0.000000e+00 -1.000000e+00
   outer loop
     vertex  1.358358e+02 -9.961421e+01  0.000000e+00
     vertex  1.323900e+02 -9.902104e+01  0.000000e+00
     vertex  1.325950e+02 -9.893612e+01  0.000000e+00
   endloop
 endfacet
 facet normal  0.000000e+00  0.000000e+00 -1.000000e+00
   outer loop
     vertex  1.362500e+02 -9.993205e+01  0.000000e+00
     vertex  1.323900e+02 -9.902104e+01  0.000000e+00
     vertex  1.358358e+02 -9.961421e+01  0.000000e+00
   endloop
 endfacet
 facet normal -0.000000e+00  0.000000e+00 -1.000000e+00
   outer loop
     vertex  1.362500e+02 -9.993205e+01  0.000000e+00
     vertex  1.334400e+02 -1.138300e+02  0.000000e+00
     vertex  1.321700e+02 -9.905000e+01  0.000000e+00
   endloop
 endfacet
 facet normal  0.000000e+00  0.000000e+00 -1.000000e+00
   outer loop
     vertex  1.362500e+02 -9.993205e+01  0.000000e+00
     vertex  1.321700e+02 -9.905000e+01  0.000000e+00
     vertex  1.323900e+02 -9.902104e+01  0.000000e+00
   endloop
 endfacet
 facet normal -0.000000e+00 -0.000000e+00 -1.000000e+00
   outer loop
     vertex  1.355179e+02 -9.920000e+01  0.000000e+00
     vertex  1.358358e+02 -9.961421e+01  0.000000e+00
     vertex  1.325950e+02 -9.893612e+01  0.000000e+00
   endloop
 endfacet
 facet normal  0.000000e+00  0.000000e+00 -1.000000e+00
   outer loop
     vertex  1.355179e+02 -9.920000e+01  0.000000e+00
     vertex  1.327710e+02 -9.880104e+01  0.000000e+00
     vertex  1.329061e+02 -9.862500e+01  0.000000e+00
   endloop
 endfacet
 facet normal  0.000000e+00  0.000000e+00 -1.000000e+00
   outer loop
     vertex  1.355179e+02 -9.920000e+01  0.000000e+00
     vertex  1.325950e+02 -9.893612e+01  0.000000e+00
     vertex  1.327710e+02 -9.880104e+01  0.000000e+00
   endloop
 endfacet
 facet normal  0.000000e+00  0.000000e+00 -1.000000e+00
   outer loop
     vertex  1.367324e+02 -1.001319e+02  0.000000e+00
     vertex  1.394150e+02 -1.113905e+02  0.000000e+00
     vertex  1.392597e+02 -1.115097e+02  0.000000e+00
   endloop
 endfacet
 facet normal  0.000000e+00 -0.000000e+00 -1.000000e+00
   outer loop
     vertex  1.367324e+02 -1.001319e+02  0.000000e+00
     vertex  1.392597e+02 -1.115097e+02  0.000000e+00
     vertex  1.334400e+02 -1.138300e+02  0.000000e+00
   endloop
 endfacet
 facet normal -0.000000e+00  0.000000e+00 -1.000000e+00
   outer loop
     vertex  1.367324e+02 -1.001319e+02  0.000000e+00
     vertex  1.334400e+02 -1.138300e+02  0.000000e+00
     vertex  1.362500e+02 -9.993205e+01  0.000000e+00
   endloop
 endfacet
 facet normal -0.000000e+00 -0.000000e+00 -1.000000e+00
   outer loop
     vertex  1.353181e+02 -9.871764e+01  0.000000e+00
     vertex  1.355179e+02 -9.920000e+01  0.000000e+00
     vertex  1.329061e+02 -9.862500e+01  0.000000e+00
   endloop
 endfacet
 facet normal  0.000000e+00  0.000000e+00 -1.000000e+00
   outer loop
     vertex  1.353181e+02 -9.871764e+01  0.000000e+00
     vertex  1.329061e+02 -9.862500e+01  0.000000e+00
     vertex  1.329910e+02 -9.842000e+01  0.000000e+00
   endloop
 endfacet
 facet normal  0.000000e+00  0.000000e+00 -1.000000e+00
   outer loop
     vertex  1.329097e+02 -9.619033e+01  0.000000e+00
     vertex  1.323900e+02 -9.737896e+01  0.000000e+00
     vertex  1.321700e+02 -9.735000e+01  0.000000e+00
   endloop
 endfacet
 facet normal  0.000000e+00 -0.000000e+00 -1.000000e+00
   outer loop
     vertex  1.327905e+02 -9.603500e+01  0.000000e+00
     vertex  1.329097e+02 -9.619033e+01  0.000000e+00
     vertex  1.321700e+02 -9.735000e+01  0.000000e+00
   endloop
 endfacet
 facet normal  0.000000e+00  0.000000e+00 -1.000000e+00
   outer loop
     vertex  1.327905e+02 -9.603500e+01  0.000000e+00
     vertex  1.321700e+02 -9.735000e+01  0.000000e+00
     vertex  1.319500e+02 -9.737896e+01  0.000000e+00
   endloop
 endfacet
 facet normal  0.000000e+00  0.000000e+00 -1.000000e+00
   outer loop
     vertex  1.330650e+02 -9.630952e+01  0.000000e+00
     vertex  1.325950e+02 -9.746388e+01  0.000000e+00
     vertex  1.323900e+02 -9.737896e+01  0.000000e+00
   endloop
 endfacet
 facet normal -0.000000e+00  0.000000e+00 -1.000000e+00
   outer loop
     vertex  1.330650e+02 -9.630952e+01  0.000000e+00
     vertex  1.323900e+02 -9.737896e+01  0.000000e+00
     vertex  1.329097e+02 -9.619033e+01  0.000000e+00
   endloop
 endfacet
 facet normal  0.000000e+00  0.000000e+00 -1.000000e+00
   outer loop
     vertex  1.332459e+02 -9.638444e+01  0.000000e+00
     vertex  1.327710e+02 -9.759896e+01  0.000000e+00
     vertex  1.325950e+02 -9.746388e+01  0.000000e+00
   endloop
 endfacet
 facet normal -0.000000e+00  0.000000e+00 -1.000000e+00
   outer loop
     vertex  1.332459e+02 -9.638444e+01  0.000000e+00
     vertex  1.325950e+02 -9.746388e+01  0.000000e+00
     vertex  1.330650e+02 -9.630952e+01  0.000000e+00
   endloop
 endfacet
 facet normal  0.000000e+00 -0.000000e+00 -1.000000e+00
   outer loop
     vertex  1.327156e+02 -9.585411e+01  0.000000e+00
     vertex  1.327905e+02 -9.603500e+01  0.000000e+00
     vertex  1.319500e+02 -9.737896e+01  0.000000e+00
   endloop
 endfacet
 facet normal  0.000000e+00  0.000000e+00 -1.000000e+00
   outer loop
     vertex  1.327156e+02 -9.585411e+01  0.000000e+00
     vertex  1.319500e+02 -9.737896e+01  0.000000e+00
     vertex  1.317450e+02 -9.746388e+01  0.000000e+00
   endloop
 endfacet
 facet normal -0.000000e+00  0.000000e+00 -1.000000e+00
   outer loop
     vertex  1.334400e+02 -9.641000e+01  0.000000e+00
     vertex  1.327710e+02 -9.759896e+01  0.000000e+00
     vertex  1.332459e+02 -9.638444e+01  0.000000e+00
   endloop
 endfacet
 facet normal  0.000000e+00  0.000000e+00 -1.000000e+00
   outer loop
     vertex  1.334400e+02 -9.641000e+01  0.000000e+00
     vertex  1.329061e+02 -9.777500e+01  0.000000e+00
     vertex  1.327710e+02 -9.759896e+01  0.000000e+00
   endloop
 endfacet
 facet normal  0.000000e+00 -0.000000e+00 -1.000000e+00
   outer loop
     vertex  1.326900e+02 -9.566000e+01  0.000000e+00
     vertex  1.327156e+02 -9.585411e+01  0.000000e+00
     vertex  1.317450e+02 -9.746388e+01  0.000000e+00
   endloop
 endfacet
 facet normal  0.000000e+00  0.000000e+00 -1.000000e+00
   outer loop
     vertex  1.326900e+02 -9.566000e+01  0.000000e+00
     vertex  1.317450e+02 -9.746388e+01  0.000000e+00
     vertex  1.315690e+02 -9.759896e+01  0.000000e+00
   endloop
 endfacet
 facet normal  0.000000e+00 -0.000000e+00 -1.000000e+00
   outer loop
     vertex  1.352500e+02 -9.820000e+01  0.000000e+00
     vertex  1.353181e+02 -9.871764e+01  0.000000e+00
     vertex  1.329910e+02 -9.842000e+01  0.000000e+00
   endloop
 endfacet
 facet normal -0.000000e+00  0.000000e+00 -1.000000e+00
   outer loop
     vertex  1.352500e+02 -9.820000e+01  0.000000e+00
     vertex  1.330200e+02 -9.820000e+01  0.000000e+00
     vertex  1.329910e+02 -9.798000e+01  0.000000e+00
   endloop
 endfacet
 facet normal  0.000000e+00  0.000000e+00 -1.000000e+00
   outer loop
     vertex  1.352500e+02 -9.820000e+01  0.000000e+00
     vertex  1.329910e+02 -9.842000e+01  0.000000e+00
     vertex  1.330200e+02 -9.820000e+01  0.000000e+00
   endloop
 endfacet
 facet normal  0.000000e+00  0.000000e+00 -1.000000e+00
   outer loop
     vertex  1.372500e+02 -1.002000e+02  0.000000e+00
     vertex  1.395959e+02 -1.113156e+02  0.000000e+00
     vertex  1.394150e+02 -1.113905e+02  0.000000e+00
   endloop
 endfacet
 facet normal -0.000000e+00 -0.000000e+00 -1.000000e+00
   outer loop
     vertex  1.372500e+02 -1.002000e+02  0.000000e+00
     vertex  1.394150e+02 -1.113905e+02  0.000000e+00
     vertex  1.367324e+02 -1.001319e+02  0.000000e+00
   endloop
 endfacet
 facet normal  0.000000e+00  0.000000e+00 -1.000000e+00
   outer loop
     vertex  1.336341e+02 -9.638444e+01  0.000000e+00
     vertex  1.329061e+02 -9.777500e+01  0.000000e+00
     vertex  1.334400e+02 -9.641000e+01  0.000000e+00
   endloop
 endfacet
 facet normal  0.000000e+00  0.000000e+00 -1.000000e+00
   outer loop
     vertex  1.336341e+02 -9.638444e+01  0.000000e+00
     vertex  1.329910e+02 -9.798000e+01  0.000000e+00
     vertex  1.329061e+02 -9.777500e+01  0.000000e+00
   endloop
 endfacet
 facet normal  0.000000e+00  0.000000e+00 -1.000000e+00
   outer loop
     vertex  1.327156e+02 -9.546589e+01  0.000000e+00
     vertex  1.315690e+02 -9.759896e+01  0.000000e+00
     vertex  1.314339e+02 -9.777500e+01  0.000000e+00
   endloop
 endfacet
 facet normal  0.000000e+00  0.000000e+00 -1.000000e+00
   outer loop
     vertex  1.327156e+02 -9.546589e+01  0.000000e+00
     vertex  1.326900e+02 -9.566000e+01  0.000000e+00
     vertex  1.315690e+02 -9.759896e+01  0.000000e+00
   endloop
 endfacet
 facet normal  0.000000e+00  0.000000e+00 -1.000000e+00
   outer loop
     vertex  1.327905e+02 -9.528500e+01  0.000000e+00
     vertex  1.327156e+02 -9.546589e+01  0.000000e+00
     vertex  1.314339e+02 -9.777500e+01  0.000000e+00
   endloop
 endfacet
 facet normal  0.000000e+00  0.000000e+00 -1.000000e+00
   outer loop
     vertex  1.353181e+02 -9.768236e+01  0.000000e+00
     vertex  1.352500e+02 -9.820000e+01  0.000000e+00
     vertex  1.329910e+02 -9.798000e+01  0.000000e+00
   endloop
 endfacet
 facet normal -0.000000e+00  0.000000e+00 -1.000000e+00
   outer loop
     vertex  1.353181e+02 -9.768236e+01  0.000000e+00
     vertex  1.329910e+02 -9.798000e+01  0.000000e+00
     vertex  1.336341e+02 -9.638444e+01  0.000000e+00
   endloop
 endfacet
 facet normal  0.000000e+00  0.000000e+00 -1.000000e+00
   outer loop
     vertex  1.353181e+02 -9.768236e+01  0.000000e+00
     vertex  1.336341e+02 -9.638444e+01  0.000000e+00
     vertex  1.338150e+02 -9.630952e+01  0.000000e+00
   endloop
 endfacet
 facet normal  0.000000e+00 -0.000000e+00 -1.000000e+00
   outer loop
     vertex  1.377676e+02 -1.001319e+02  0.000000e+00
     vertex  1.395959e+02 -1.113156e+02  0.000000e+00
     vertex  1.372500e+02 -1.002000e+02  0.000000e+00
   endloop
 endfacet
 facet normal  0.000000e+00  0.000000e+00 -1.000000e+00
   outer loop
     vertex  1.377676e+02 -1.001319e+02  0.000000e+00
     vertex  1.397900e+02 -1.112900e+02  0.000000e+00
     vertex  1.395959e+02 -1.113156e+02  0.000000e+00
   endloop
 endfacet
 facet normal  0.000000e+00 -0.000000e+00 -1.000000e+00
   outer loop
     vertex  1.382500e+02 -9.993205e+01  0.000000e+00
     vertex  1.397900e+02 -1.112900e+02  0.000000e+00
     vertex  1.377676e+02 -1.001319e+02  0.000000e+00
   endloop
 endfacet
 facet normal  0.000000e+00  0.000000e+00 -1.000000e+00
   outer loop
     vertex  1.382500e+02 -9.993205e+01  0.000000e+00
     vertex  1.399841e+02 -1.113156e+02  0.000000e+00
     vertex  1.397900e+02 -1.112900e+02  0.000000e+00
   endloop
 endfacet
 facet normal -0.000000e+00  0.000000e+00 -1.000000e+00
   outer loop
     vertex  1.355179e+02 -9.720000e+01  0.000000e+00
     vertex  1.353181e+02 -9.768236e+01  0.000000e+00
     vertex  1.338150e+02 -9.630952e+01  0.000000e+00
   endloop
 endfacet
 facet normal  0.000000e+00  0.000000e+00 -1.000000e+00
   outer loop
     vertex  1.355179e+02 -9.720000e+01  0.000000e+00
     vertex  1.339703e+02 -9.619033e+01  0.000000e+00
     vertex  1.340895e+02 -9.603500e+01  0.000000e+00
   endloop
 endfacet
 facet normal  0.000000e+00  0.000000e+00 -1.000000e+00
   outer loop
     vertex  1.355179e+02 -9.720000e+01  0.000000e+00
     vertex  1.338150e+02 -9.630952e+01  0.000000e+00
     vertex  1.339703e+02 -9.619033e+01  0.000000e+00
   endloop
 endfacet
 facet normal -0.000000e+00  0.000000e+00 -1.000000e+00
   outer loop
     vertex  1.358358e+02 -9.678579e+01  0.000000e+00
     vertex  1.355179e+02 -9.720000e+01  0.000000e+00
     vertex  1.340895e+02 -9.603500e+01  0.000000e+00
   endloop
 endfacet
 facet normal  0.000000e+00  0.000000e+00 -1.000000e+00
   outer loop
     vertex  1.358358e+02 -9.678579e+01  0.000000e+00
     vertex  1.341644e+02 -9.585411e+01  0.000000e+00
     vertex  1.341900e+02 -9.566000e+01  0.000000e+00
   endloop
 endfacet
 facet normal  0.000000e+00  0.000000e+00 -1.000000e+00
   outer loop
     vertex  1.358358e+02 -9.678579e+01  0.000000e+00
     vertex  1.340895e+02 -9.603500e+01  0.000000e+00
     vertex  1.341644e+02 -9.585411e+01  0.000000e+00
   endloop
 endfacet
 facet normal -0.000000e+00  0.000000e+00 -1.000000e+00
   outer loop
     vertex  1.362500e+02 -9.646795e+01  0.000000e+00
     vertex  1.358358e+02 -9.678579e+01  0.000000e+00
     vertex  1.341900e+02 -9.566000e+01  0.000000e+00
   endloop
 endfacet
 facet normal  0.000000e+00  0.000000e+00 -1.000000e+00
   outer loop
     vertex  1.362500e+02 -9.646795e+01  0.000000e+00
     vertex  1.341900e+02 -9.566000e+01  0.000000e+00
     vertex  1.341644e+02 -9.546589e+01  0.000000e+00
   endloop
 endfacet
 facet normal -0.000000e+00  0.000000e+00 -1.000000e+00
   outer loop
     vertex  1.367324e+02 -9.626815e+01  0.000000e+00
     vertex  1.362500e+02 -9.646795e+01  0.000000e+00
     vertex  1.341644e+02 -9.546589e+01  0.000000e+00
   endloop
 endfacet
 facet normal  0.000000e+00  0.000000e+00 -1.000000e+00
   outer loop
     vertex  1.367324e+02 -9.626815e+01  0.000000e+00
     vertex  1.341644e+02 -9.546589e+01  0.000000e+00
     vertex  1.340895e+02 -9.528500e+01  0.000000e+00
   endloop
 endfacet
 facet normal  0.000000e+00 -0.000000e+00 -1.000000e+00
   outer loop
     vertex  1.415939e+02 -9.862500e+01  0.000000e+00
     vertex  1.417290e+02 -9.880104e+01  0.000000e+00
     vertex  1.389821e+02 -9.920000e+01  0.000000e+00
   endloop
 endfacet
 facet normal  0.000000e+00  0.000000e+00 -1.000000e+00
   outer loop
     vertex  1.415939e+02 -9.862500e+01  0.000000e+00
     vertex  1.389821e+02 -9.920000e+01  0.000000e+00
     vertex  1.391819e+02 -9.871764e+01  0.000000e+00
   endloop
 endfacet
 facet normal -0.000000e+00  0.000000e+00 -1.000000e+00
   outer loop
     vertex  1.419050e+02 -9.893612e+01  0.000000e+00
     vertex  1.389821e+02 -9.920000e+01  0.000000e+00
     vertex  1.417290e+02 -9.880104e+01  0.000000e+00
   endloop
 endfacet
 facet normal  0.000000e+00  0.000000e+00 -1.000000e+00
   outer loop
     vertex  1.419050e+02 -9.893612e+01  0.000000e+00
     vertex  1.386642e+02 -9.961421e+01  0.000000e+00
     vertex  1.389821e+02 -9.920000e+01  0.000000e+00
   endloop
 endfacet
 facet normal  0.000000e+00 -0.000000e+00 -1.000000e+00
   outer loop
     vertex  1.415090e+02 -9.842000e+01  0.000000e+00
     vertex  1.415939e+02 -9.862500e+01  0.000000e+00
     vertex  1.391819e+02 -9.871764e+01  0.000000e+00
   endloop
 endfacet
 facet normal -0.000000e+00  0.000000e+00 -1.000000e+00
   outer loop
     vertex  1.415090e+02 -9.842000e+01  0.000000e+00
     vertex  1.391819e+02 -9.871764e+01  0.000000e+00
     vertex  1.392500e+02 -9.820000e+01  0.000000e+00
   endloop
 endfacet
 facet normal -0.000000e+00  0.000000e+00 -1.000000e+00
   outer loop
     vertex  1.421100e+02 -9.902104e+01  0.000000e+00
     vertex  1.386642e+02 -9.961421e+01  0.000000e+00
     vertex  1.419050e+02 -9.893612e+01  0.000000e+00
   endloop
 endfacet
 facet normal  0.000000e+00  0.000000e+00 -1.000000e+00
   outer loop
     vertex  1.421100e+02 -9.902104e+01  0.000000e+00
     vertex  1.382500e+02 -9.993205e+01  0.000000e+00
     vertex  1.386642e+02 -9.961421e+01  0.000000e+00
   endloop
 endfacet
 facet normal -0.000000e+00 -0.000000e+00 -1.000000e+00
   outer loop
     vertex  1.414800e+02 -9.820000e+01  0.000000e+00
     vertex  1.415090e+02 -9.842000e+01  0.000000e+00
     vertex  1.392500e+02 -9.820000e+01  0.000000e+00
   endloop
 endfacet
 facet normal  0.000000e+00  0.000000e+00 -1.000000e+00
   outer loop
     vertex  1.423300e+02 -9.905000e+01  0.000000e+00
     vertex  1.399841e+02 -1.113156e+02  0.000000e+00
     vertex  1.382500e+02 -9.993205e+01  0.000000e+00
   endloop
 endfacet
 facet normal  0.000000e+00  0.000000e+00 -1.000000e+00
   outer loop
     vertex  1.423300e+02 -9.905000e+01  0.000000e+00
     vertex  1.401650e+02 -1.113905e+02  0.000000e+00
     vertex  1.399841e+02 -1.113156e+02  0.000000e+00
   endloop
 endfacet
 facet normal -0.000000e+00  0.000000e+00 -1.000000e+00
   outer loop
     vertex  1.423300e+02 -9.905000e+01  0.000000e+00
     vertex  1.382500e+02 -9.993205e+01  0.000000e+00
     vertex  1.421100e+02 -9.902104e+01  0.000000e+00
   endloop
 endfacet
 facet normal  0.000000e+00  0.000000e+00 -1.000000e+00
   outer loop
     vertex  1.415090e+02 -9.798000e+01  0.000000e+00
     vertex  1.414800e+02 -9.820000e+01  0.000000e+00
     vertex  1.392500e+02 -9.820000e+01  0.000000e+00
   endloop
 endfacet
 facet normal -0.000000e+00  0.000000e+00 -1.000000e+00
   outer loop
     vertex  1.415090e+02 -9.798000e+01  0.000000e+00
     vertex  1.392500e+02 -9.820000e+01  0.000000e+00
     vertex  1.391819e+02 -9.768236e+01  0.000000e+00
   endloop
 endfacet
 facet normal  0.000000e+00  0.000000e+00 -1.000000e+00
   outer loop
     vertex  1.425500e+02 -9.902104e+01  0.000000e+00
     vertex  1.403203e+02 -1.115097e+02  0.000000e+00
     vertex  1.401650e+02 -1.113905e+02  0.000000e+00
   endloop
 endfacet
 facet normal  0.000000e+00  0.000000e+00 -1.000000e+00
   outer loop
     vertex  1.425500e+02 -9.902104e+01  0.000000e+00
     vertex  1.401650e+02 -1.113905e+02  0.000000e+00
     vertex  1.423300e+02 -9.905000e+01  0.000000e+00
   endloop
 endfacet
 facet normal -0.000000e+00  0.000000e+00 -1.000000e+00
   outer loop
     vertex  1.415939e+02 -9.777500e+01  0.000000e+00
     vertex  1.415090e+02 -9.798000e+01  0.000000e+00
     vertex  1.391819e+02 -9.768236e+01  0.000000e+00
   endloop
 endfacet
 facet normal  0.000000e+00  0.000000e+00 -1.000000e+00
   outer loop
     vertex  1.415939e+02 -9.777500e+01  0.000000e+00
     vertex  1.391819e+02 -9.768236e+01  0.000000e+00
     vertex  1.389821e+02 -9.720000e+01  0.000000e+00
   endloop
 endfacet
 facet normal  0.000000e+00  0.000000e+00 -1.000000e+00
   outer loop
     vertex  1.427550e+02 -9.893612e+01  0.000000e+00
     vertex  1.404395e+02 -1.116650e+02  0.000000e+00
     vertex  1.403203e+02 -1.115097e+02  0.000000e+00
   endloop
 endfacet
 facet normal  0.000000e+00  0.000000e+00 -1.000000e+00
   outer loop
     vertex  1.427550e+02 -9.893612e+01  0.000000e+00
     vertex  1.403203e+02 -1.115097e+02  0.000000e+00
     vertex  1.425500e+02 -9.902104e+01  0.000000e+00
   endloop
 endfacet
 facet normal -0.000000e+00  0.000000e+00 -1.000000e+00
   outer loop
     vertex  1.417290e+02 -9.759896e+01  0.000000e+00
     vertex  1.415939e+02 -9.777500e+01  0.000000e+00
     vertex  1.389821e+02 -9.720000e+01  0.000000e+00
   endloop
 endfacet
 facet normal  0.000000e+00  0.000000e+00 -1.000000e+00
   outer loop
     vertex  1.429310e+02 -9.880104e+01  0.000000e+00
     vertex  1.405144e+02 -1.118459e+02  0.000000e+00
     vertex  1.404395e+02 -1.116650e+02  0.000000e+00
   endloop
 endfacet
 facet normal  0.000000e+00  0.000000e+00 -1.000000e+00
   outer loop
     vertex  1.429310e+02 -9.880104e+01  0.000000e+00
     vertex  1.429310e+02 -1.165190e+02  0.000000e+00
     vertex  1.405144e+02 -1.118459e+02  0.000000e+00
   endloop
 endfacet
 facet normal  0.000000e+00  0.000000e+00 -1.000000e+00
   outer loop
     vertex  1.429310e+02 -9.880104e+01  0.000000e+00
     vertex  1.404395e+02 -1.116650e+02  0.000000e+00
     vertex  1.427550e+02 -9.893612e+01  0.000000e+00
   endloop
 endfacet
 facet normal -0.000000e+00  0.000000e+00 -1.000000e+00
   outer loop
     vertex  1.419050e+02 -9.746388e+01  0.000000e+00
     vertex  1.417290e+02 -9.759896e+01  0.000000e+00
     vertex  1.389821e+02 -9.720000e+01  0.000000e+00
   endloop
 endfacet
 facet normal  0.000000e+00  0.000000e+00 -1.000000e+00
   outer loop
     vertex  1.430661e+02 -9.862500e+01  0.000000e+00
     vertex  1.430661e+02 -1.166950e+02  0.000000e+00
     vertex  1.429310e+02 -1.165190e+02  0.000000e+00
   endloop
 endfacet
 facet normal  0.000000e+00 -0.000000e+00 -1.000000e+00
   outer loop
     vertex  1.430661e+02 -9.862500e+01  0.000000e+00
     vertex  1.431510e+02 -1.169000e+02  0.000000e+00
     vertex  1.430661e+02 -1.166950e+02  0.000000e+00
   endloop
 endfacet
 facet normal  0.000000e+00  0.000000e+00 -1.000000e+00
   outer loop
     vertex  1.430661e+02 -9.862500e+01  0.000000e+00
     vertex  1.429310e+02 -1.165190e+02  0.000000e+00
     vertex  1.429310e+02 -9.880104e+01  0.000000e+00
   endloop
 endfacet
 facet normal  0.000000e+00  0.000000e+00 -1.000000e+00
   outer loop
     vertex  1.431510e+02 -9.842000e+01  0.000000e+00
     vertex  1.431510e+02 -1.169000e+02  0.000000e+00
     vertex  1.430661e+02 -9.862500e+01  0.000000e+00
   endloop
 endfacet
 facet normal  0.000000e+00 -0.000000e+00 -1.000000e+00
   outer loop
     vertex  1.431510e+02 -9.842000e+01  0.000000e+00
     vertex  1.485000e+02 -1.275000e+02  0.000000e+00
     vertex  1.431510e+02 -1.169000e+02  0.000000e+00
   endloop
 endfacet
 facet normal  0.000000e+00 -0.000000e+00 -1.000000e+00
   outer loop
     vertex  1.431800e+02 -9.820000e+01  0.000000e+00
     vertex  1.485000e+02 -1.275000e+02  0.000000e+00
     vertex  1.431510e+02 -9.842000e+01  0.000000e+00
   endloop
 endfacet
 facet normal  0.000000e+00  0.000000e+00 -1.000000e+00
   outer loop
     vertex  1.394150e+02 -9.376952e+01  0.000000e+00
     vertex  1.382500e+02 -9.646795e+01  0.000000e+00
     vertex  1.377676e+02 -9.626815e+01  0.000000e+00
   endloop
 endfacet
 facet normal -0.000000e+00  0.000000e+00 -1.000000e+00
   outer loop
     vertex  1.394150e+02 -9.376952e+01  0.000000e+00
     vertex  1.377676e+02 -9.626815e+01  0.000000e+00
     vertex  1.392597e+02 -9.365033e+01  0.000000e+00
   endloop
 endfacet
 facet normal  0.000000e+00  0.000000e+00 -1.000000e+00
   outer loop
     vertex  1.391405e+02 -9.349500e+01  0.000000e+00
     vertex  1.377676e+02 -9.626815e+01  0.000000e+00
     vertex  1.372500e+02 -9.620000e+01  0.000000e+00
   endloop
 endfacet
 facet normal  0.000000e+00 -0.000000e+00 -1.000000e+00
   outer loop
     vertex  1.391405e+02 -9.349500e+01  0.000000e+00
     vertex  1.392597e+02 -9.365033e+01  0.000000e+00
     vertex  1.377676e+02 -9.626815e+01  0.000000e+00
   endloop
 endfacet
 facet normal -0.000000e+00  0.000000e+00 -1.000000e+00
   outer loop
     vertex  1.395959e+02 -9.384444e+01  0.000000e+00
     vertex  1.382500e+02 -9.646795e+01  0.000000e+00
     vertex  1.394150e+02 -9.376952e+01  0.000000e+00
   endloop
 endfacet
 facet normal  0.000000e+00  0.000000e+00 -1.000000e+00
   outer loop
     vertex  1.395959e+02 -9.384444e+01  0.000000e+00
     vertex  1.386642e+02 -9.678579e+01  0.000000e+00
     vertex  1.382500e+02 -9.646795e+01  0.000000e+00
   endloop
 endfacet
 facet normal  0.000000e+00 -0.000000e+00 -1.000000e+00
   outer loop
     vertex  1.390656e+02 -9.331411e+01  0.000000e+00
     vertex  1.391405e+02 -9.349500e+01  0.000000e+00
     vertex  1.372500e+02 -9.620000e+01  0.000000e+00
   endloop
 endfacet
 facet normal  0.000000e+00  0.000000e+00 -1.000000e+00
   outer loop
     vertex  1.390656e+02 -9.331411e+01  0.000000e+00
     vertex  1.372500e+02 -9.620000e+01  0.000000e+00
     vertex  1.367324e+02 -9.626815e+01  0.000000e+00
   endloop
 endfacet
 facet normal -0.000000e+00  0.000000e+00 -1.000000e+00
   outer loop
     vertex  1.397900e+02 -9.387000e+01  0.000000e+00
     vertex  1.386642e+02 -9.678579e+01  0.000000e+00
     vertex  1.395959e+02 -9.384444e+01  0.000000e+00
   endloop
 endfacet
 facet normal  0.000000e+00  0.000000e+00 -1.000000e+00
   outer loop
     vertex  1.390400e+02 -9.312000e+01  0.000000e+00
     vertex  1.367324e+02 -9.626815e+01  0.000000e+00
     vertex  1.340895e+02 -9.528500e+01  0.000000e+00
   endloop
 endfacet
 facet normal  0.000000e+00  0.000000e+00 -1.000000e+00
   outer loop
     vertex  1.390400e+02 -9.312000e+01  0.000000e+00
     vertex  1.340895e+02 -9.528500e+01  0.000000e+00
     vertex  1.339703e+02 -9.512967e+01  0.000000e+00
   endloop
 endfacet
 facet normal  0.000000e+00 -0.000000e+00 -1.000000e+00
   outer loop
     vertex  1.390400e+02 -9.312000e+01  0.000000e+00
     vertex  1.390656e+02 -9.331411e+01  0.000000e+00
     vertex  1.367324e+02 -9.626815e+01  0.000000e+00
   endloop
 endfacet
 facet normal  0.000000e+00  0.000000e+00 -1.000000e+00
   outer loop
     vertex  1.390656e+02 -9.292589e+01  0.000000e+00
     vertex  1.390400e+02 -9.312000e+01  0.000000e+00
     vertex  1.339703e+02 -9.512967e+01  0.000000e+00
   endloop
 endfacet
 facet normal  0.000000e+00  0.000000e+00 -1.000000e+00
   outer loop
     vertex  1.390656e+02 -9.292589e+01  0.000000e+00
     vertex  1.339703e+02 -9.512967e+01  0.000000e+00
     vertex  1.338150e+02 -9.501048e+01  0.000000e+00
   endloop
 endfacet
 facet normal  0.000000e+00 -0.000000e+00 -1.000000e+00
   outer loop
     vertex  1.399841e+02 -9.384444e+01  0.000000e+00
     vertex  1.419050e+02 -9.746388e+01  0.000000e+00
     vertex  1.389821e+02 -9.720000e+01  0.000000e+00
   endloop
 endfacet
 facet normal  0.000000e+00  0.000000e+00 -1.000000e+00
   outer loop
     vertex  1.399841e+02 -9.384444e+01  0.000000e+00
     vertex  1.386642e+02 -9.678579e+01  0.000000e+00
     vertex  1.397900e+02 -9.387000e+01  0.000000e+00
   endloop
 endfacet
 facet normal  0.000000e+00  0.000000e+00 -1.000000e+00
   outer loop
     vertex  1.399841e+02 -9.384444e+01  0.000000e+00
     vertex  1.389821e+02 -9.720000e+01  0.000000e+00
     vertex  1.386642e+02 -9.678579e+01  0.000000e+00
   endloop
 endfacet
 facet normal  0.000000e+00  0.000000e+00 -1.000000e+00
   outer loop
     vertex  1.401650e+02 -9.376952e+01  0.000000e+00
     vertex  1.421100e+02 -9.737896e+01  0.000000e+00
     vertex  1.419050e+02 -9.746388e+01  0.000000e+00
   endloop
 endfacet
 facet normal  0.000000e+00 -0.000000e+00 -1.000000e+00
   outer loop
     vertex  1.401650e+02 -9.376952e+01  0.000000e+00
     vertex  1.419050e+02 -9.746388e+01  0.000000e+00
     vertex  1.399841e+02 -9.384444e+01  0.000000e+00
   endloop
 endfacet
 facet normal  0.000000e+00  0.000000e+00 -1.000000e+00
   outer loop
     vertex  1.391405e+02 -9.274500e+01  0.000000e+00
     vertex  1.390656e+02 -9.292589e+01  0.000000e+00
     vertex  1.338150e+02 -9.501048e+01  0.000000e+00
   endloop
 endfacet
 facet normal  0.000000e+00  0.000000e+00 -1.000000e+00
   outer loop
     vertex  1.391405e+02 -9.274500e+01  0.000000e+00
     vertex  1.338150e+02 -9.501048e+01  0.000000e+00
     vertex  1.336341e+02 -9.493556e+01  0.000000e+00
   endloop
 endfacet
 facet normal  0.000000e+00  0.000000e+00 -1.000000e+00
   outer loop
     vertex  1.392597e+02 -9.258967e+01  0.000000e+00
     vertex  1.391405e+02 -9.274500e+01  0.000000e+00
     vertex  1.336341e+02 -9.493556e+01  0.000000e+00
   endloop
 endfacet
 facet normal  0.000000e+00  0.000000e+00 -1.000000e+00
   outer loop
     vertex  1.392597e+02 -9.258967e+01  0.000000e+00
     vertex  1.336341e+02 -9.493556e+01  0.000000e+00
     vertex  1.334400e+02 -9.491000e+01  0.000000e+00
   endloop
 endfacet
 facet normal  0.000000e+00  0.000000e+00 -1.000000e+00
   outer loop
     vertex  1.403203e+02 -9.365033e+01  0.000000e+00
     vertex  1.423300e+02 -9.735000e+01  0.000000e+00
     vertex  1.421100e+02 -9.737896e+01  0.000000e+00
   endloop
 endfacet
 facet normal  0.000000e+00 -0.000000e+00 -1.000000e+00
   outer loop
     vertex  1.403203e+02 -9.365033e+01  0.000000e+00
     vertex  1.421100e+02 -9.737896e+01  0.000000e+00
     vertex  1.401650e+02 -9.376952e+01  0.000000e+00
   endloop
 endfacet
 facet normal  0.000000e+00  0.000000e+00 -1.000000e+00
   outer loop
     vertex  1.404395e+02 -9.349500e+01  0.000000e+00
     vertex  1.425500e+02 -9.737896e+01  0.000000e+00
     vertex  1.423300e+02 -9.735000e+01  0.000000e+00
   endloop
 endfacet
 facet normal  0.000000e+00 -0.000000e+00 -1.000000e+00
   outer loop
     vertex  1.404395e+02 -9.349500e+01  0.000000e+00
     vertex  1.423300e+02 -9.735000e+01  0.000000e+00
     vertex  1.403203e+02 -9.365033e+01  0.000000e+00
   endloop
 endfacet
 facet normal  0.000000e+00  0.000000e+00 -1.000000e+00
   outer loop
     vertex  1.405144e+02 -9.331411e+01  0.000000e+00
     vertex  1.427550e+02 -9.746388e+01  0.000000e+00
     vertex  1.425500e+02 -9.737896e+01  0.000000e+00
   endloop
 endfacet
 facet normal  0.000000e+00 -0.000000e+00 -1.000000e+00
   outer loop
     vertex  1.405144e+02 -9.331411e+01  0.000000e+00
     vertex  1.425500e+02 -9.737896e+01  0.000000e+00
     vertex  1.404395e+02 -9.349500e+01  0.000000e+00
   endloop
 endfacet
 facet normal  0.000000e+00  0.000000e+00 -1.000000e+00
   outer loop
     vertex  1.405400e+02 -9.312000e+01  0.000000e+00
     vertex  1.429310e+02 -9.759896e+01  0.000000e+00
     vertex  1.427550e+02 -9.746388e+01  0.000000e+00
   endloop
 endfacet
 facet normal  0.000000e+00 -0.000000e+00 -1.000000e+00
   outer loop
     vertex  1.405400e+02 -9.312000e+01  0.000000e+00
     vertex  1.427550e+02 -9.746388e+01  0.000000e+00
     vertex  1.405144e+02 -9.331411e+01  0.000000e+00
   endloop
 endfacet
 facet normal  0.000000e+00  0.000000e+00 -1.000000e+00
   outer loop
     vertex  1.405144e+02 -9.292589e+01  0.000000e+00
     vertex  1.429310e+02 -9.759896e+01  0.000000e+00
     vertex  1.405400e+02 -9.312000e+01  0.000000e+00
   endloop
 endfacet
 facet normal  0.000000e+00  0.000000e+00 -1.000000e+00
   outer loop
     vertex  1.316140e+02 -7.985604e+01  0.000000e+00
     vertex  1.329097e+02 -9.512967e+01  0.000000e+00
     vertex  1.327905e+02 -9.528500e+01  0.000000e+00
   endloop
 endfacet
 facet normal  0.000000e+00  0.000000e+00 -1.000000e+00
   outer loop
     vertex  1.317900e+02 -7.999112e+01  0.000000e+00
     vertex  1.330650e+02 -9.501048e+01  0.000000e+00
     vertex  1.329097e+02 -9.512967e+01  0.000000e+00
   endloop
 endfacet
 facet normal -0.000000e+00 -0.000000e+00 -1.000000e+00
   outer loop
     vertex  1.317900e+02 -7.999112e+01  0.000000e+00
     vertex  1.329097e+02 -9.512967e+01  0.000000e+00
     vertex  1.316140e+02 -7.985604e+01  0.000000e+00
   endloop
 endfacet
 facet normal  0.000000e+00 -0.000000e+00 -1.000000e+00
   outer loop
     vertex  1.314789e+02 -7.968000e+01  0.000000e+00
     vertex  1.327905e+02 -9.528500e+01  0.000000e+00
     vertex  1.314339e+02 -9.777500e+01  0.000000e+00
   endloop
 endfacet
 facet normal  0.000000e+00  0.000000e+00 -1.000000e+00
   outer loop
     vertex  1.314789e+02 -7.968000e+01  0.000000e+00
     vertex  1.316140e+02 -7.985604e+01  0.000000e+00
     vertex  1.327905e+02 -9.528500e+01  0.000000e+00
   endloop
 endfacet
 facet normal  0.000000e+00  0.000000e+00 -1.000000e+00
   outer loop
     vertex  1.319950e+02 -8.007604e+01  0.000000e+00
     vertex  1.332459e+02 -9.493556e+01  0.000000e+00
     vertex  1.330650e+02 -9.501048e+01  0.000000e+00
   endloop
 endfacet
 facet normal -0.000000e+00 -0.000000e+00 -1.000000e+00
   outer loop
     vertex  1.319950e+02 -8.007604e+01  0.000000e+00
     vertex  1.330650e+02 -9.501048e+01  0.000000e+00
     vertex  1.317900e+02 -7.999112e+01  0.000000e+00
   endloop
 endfacet
 facet normal  0.000000e+00 -0.000000e+00 -1.000000e+00
   outer loop
     vertex  1.313940e+02 -7.947500e+01  0.000000e+00
     vertex  1.314339e+02 -9.777500e+01  0.000000e+00
     vertex  1.313490e+02 -9.798000e+01  0.000000e+00
   endloop
 endfacet
 facet normal  0.000000e+00  0.000000e+00 -1.000000e+00
   outer loop
     vertex  1.313940e+02 -7.947500e+01  0.000000e+00
     vertex  1.314789e+02 -7.968000e+01  0.000000e+00
     vertex  1.314339e+02 -9.777500e+01  0.000000e+00
   endloop
 endfacet
 facet normal  0.000000e+00  0.000000e+00 -1.000000e+00
   outer loop
     vertex  1.322150e+02 -8.010500e+01  0.000000e+00
     vertex  1.334400e+02 -9.491000e+01  0.000000e+00
     vertex  1.332459e+02 -9.493556e+01  0.000000e+00
   endloop
 endfacet
 facet normal -0.000000e+00 -0.000000e+00 -1.000000e+00
   outer loop
     vertex  1.322150e+02 -8.010500e+01  0.000000e+00
     vertex  1.332459e+02 -9.493556e+01  0.000000e+00
     vertex  1.319950e+02 -8.007604e+01  0.000000e+00
   endloop
 endfacet
 facet normal  0.000000e+00  0.000000e+00 -1.000000e+00
   outer loop
     vertex  1.358808e+02 -8.066921e+01  0.000000e+00
     vertex  1.324350e+02 -8.007604e+01  0.000000e+00
     vertex  1.326400e+02 -7.999112e+01  0.000000e+00
   endloop
 endfacet
 facet normal -0.000000e+00  0.000000e+00 -1.000000e+00
   outer loop
     vertex  1.362950e+02 -8.098705e+01  0.000000e+00
     vertex  1.334400e+02 -9.491000e+01  0.000000e+00
     vertex  1.322150e+02 -8.010500e+01  0.000000e+00
   endloop
 endfacet
 facet normal  0.000000e+00  0.000000e+00 -1.000000e+00
   outer loop
     vertex  1.362950e+02 -8.098705e+01  0.000000e+00
     vertex  1.324350e+02 -8.007604e+01  0.000000e+00
     vertex  1.358808e+02 -8.066921e+01  0.000000e+00
   endloop
 endfacet
 facet normal  0.000000e+00  0.000000e+00 -1.000000e+00
   outer loop
     vertex  1.362950e+02 -8.098705e+01  0.000000e+00
     vertex  1.322150e+02 -8.010500e+01  0.000000e+00
     vertex  1.324350e+02 -8.007604e+01  0.000000e+00
   endloop
 endfacet
 facet normal -0.000000e+00 -0.000000e+00 -1.000000e+00
   outer loop
     vertex  1.355629e+02 -8.025500e+01  0.000000e+00
     vertex  1.358808e+02 -8.066921e+01  0.000000e+00
     vertex  1.326400e+02 -7.999112e+01  0.000000e+00
   endloop
 endfacet
 facet normal  0.000000e+00  0.000000e+00 -1.000000e+00
   outer loop
     vertex  1.355629e+02 -8.025500e+01  0.000000e+00
     vertex  1.328160e+02 -7.985604e+01  0.000000e+00
     vertex  1.329511e+02 -7.968000e+01  0.000000e+00
   endloop
 endfacet
 facet normal  0.000000e+00  0.000000e+00 -1.000000e+00
   outer loop
     vertex  1.355629e+02 -8.025500e+01  0.000000e+00
     vertex  1.326400e+02 -7.999112e+01  0.000000e+00
     vertex  1.328160e+02 -7.985604e+01  0.000000e+00
   endloop
 endfacet
 facet normal  0.000000e+00  0.000000e+00 -1.000000e+00
   outer loop
     vertex  1.367774e+02 -8.118685e+01  0.000000e+00
     vertex  1.394150e+02 -9.247048e+01  0.000000e+00
     vertex  1.392597e+02 -9.258967e+01  0.000000e+00
   endloop
 endfacet
 facet normal -0.000000e+00  0.000000e+00 -1.000000e+00
   outer loop
     vertex  1.367774e+02 -8.118685e+01  0.000000e+00
     vertex  1.334400e+02 -9.491000e+01  0.000000e+00
     vertex  1.362950e+02 -8.098705e+01  0.000000e+00
   endloop
 endfacet
 facet normal  0.000000e+00 -0.000000e+00 -1.000000e+00
   outer loop
     vertex  1.367774e+02 -8.118685e+01  0.000000e+00
     vertex  1.392597e+02 -9.258967e+01  0.000000e+00
     vertex  1.334400e+02 -9.491000e+01  0.000000e+00
   endloop
 endfacet
 facet normal -0.000000e+00 -0.000000e+00 -1.000000e+00
   outer loop
     vertex  1.353631e+02 -7.977264e+01  0.000000e+00
     vertex  1.355629e+02 -8.025500e+01  0.000000e+00
     vertex  1.329511e+02 -7.968000e+01  0.000000e+00
   endloop
 endfacet
 facet normal  0.000000e+00  0.000000e+00 -1.000000e+00
   outer loop
     vertex  1.353631e+02 -7.977264e+01  0.000000e+00
     vertex  1.329511e+02 -7.968000e+01  0.000000e+00
     vertex  1.330360e+02 -7.947500e+01  0.000000e+00
   endloop
 endfacet
 facet normal  0.000000e+00  0.000000e+00 -1.000000e+00
   outer loop
     vertex  1.329547e+02 -7.724533e+01  0.000000e+00
     vertex  1.324350e+02 -7.843396e+01  0.000000e+00
     vertex  1.322150e+02 -7.840500e+01  0.000000e+00
   endloop
 endfacet
 facet normal  0.000000e+00 -0.000000e+00 -1.000000e+00
   outer loop
     vertex  1.328355e+02 -7.709000e+01  0.000000e+00
     vertex  1.329547e+02 -7.724533e+01  0.000000e+00
     vertex  1.322150e+02 -7.840500e+01  0.000000e+00
   endloop
 endfacet
 facet normal  0.000000e+00  0.000000e+00 -1.000000e+00
   outer loop
     vertex  1.328355e+02 -7.709000e+01  0.000000e+00
     vertex  1.322150e+02 -7.840500e+01  0.000000e+00
     vertex  1.319950e+02 -7.843396e+01  0.000000e+00
   endloop
 endfacet
 facet normal -0.000000e+00  0.000000e+00 -1.000000e+00
   outer loop
     vertex  1.331100e+02 -7.736452e+01  0.000000e+00
     vertex  1.324350e+02 -7.843396e+01  0.000000e+00
     vertex  1.329547e+02 -7.724533e+01  0.000000e+00
   endloop
 endfacet
 facet normal  0.000000e+00  0.000000e+00 -1.000000e+00
   outer loop
     vertex  1.331100e+02 -7.736452e+01  0.000000e+00
     vertex  1.326400e+02 -7.851888e+01  0.000000e+00
     vertex  1.324350e+02 -7.843396e+01  0.000000e+00
   endloop
 endfacet
 facet normal -0.000000e+00  0.000000e+00 -1.000000e+00
   outer loop
     vertex  1.332909e+02 -7.743944e+01  0.000000e+00
     vertex  1.326400e+02 -7.851888e+01  0.000000e+00
     vertex  1.331100e+02 -7.736452e+01  0.000000e+00
   endloop
 endfacet
 facet normal  0.000000e+00  0.000000e+00 -1.000000e+00
   outer loop
     vertex  1.332909e+02 -7.743944e+01  0.000000e+00
     vertex  1.328160e+02 -7.865396e+01  0.000000e+00
     vertex  1.326400e+02 -7.851888e+01  0.000000e+00
   endloop
 endfacet
 facet normal  0.000000e+00  0.000000e+00 -1.000000e+00
   outer loop
     vertex  1.327606e+02 -7.690911e+01  0.000000e+00
     vertex  1.319950e+02 -7.843396e+01  0.000000e+00
     vertex  1.317900e+02 -7.851888e+01  0.000000e+00
   endloop
 endfacet
 facet normal  0.000000e+00 -0.000000e+00 -1.000000e+00
   outer loop
     vertex  1.327606e+02 -7.690911e+01  0.000000e+00
     vertex  1.328355e+02 -7.709000e+01  0.000000e+00
     vertex  1.319950e+02 -7.843396e+01  0.000000e+00
   endloop
 endfacet
 facet normal  0.000000e+00  0.000000e+00 -1.000000e+00
   outer loop
     vertex  1.327350e+02 -7.671500e+01  0.000000e+00
     vertex  1.317900e+02 -7.851888e+01  0.000000e+00
     vertex  1.316140e+02 -7.865396e+01  0.000000e+00
   endloop
 endfacet
 facet normal  0.000000e+00 -0.000000e+00 -1.000000e+00
   outer loop
     vertex  1.327350e+02 -7.671500e+01  0.000000e+00
     vertex  1.327606e+02 -7.690911e+01  0.000000e+00
     vertex  1.317900e+02 -7.851888e+01  0.000000e+00
   endloop
 endfacet
 facet normal -0.000000e+00  0.000000e+00 -1.000000e+00
   outer loop
     vertex  1.334850e+02 -7.746500e+01  0.000000e+00
     vertex  1.328160e+02 -7.865396e+01  0.000000e+00
     vertex  1.332909e+02 -7.743944e+01  0.000000e+00
   endloop
 endfacet
 facet normal  0.000000e+00  0.000000e+00 -1.000000e+00
   outer loop
     vertex  1.334850e+02 -7.746500e+01  0.000000e+00
     vertex  1.329511e+02 -7.883000e+01  0.000000e+00
     vertex  1.328160e+02 -7.865396e+01  0.000000e+00
   endloop
 endfacet
 facet normal  0.000000e+00 -0.000000e+00 -1.000000e+00
   outer loop
     vertex  1.352950e+02 -7.925500e+01  0.000000e+00
     vertex  1.353631e+02 -7.977264e+01  0.000000e+00
     vertex  1.330360e+02 -7.947500e+01  0.000000e+00
   endloop
 endfacet
 facet normal -0.000000e+00  0.000000e+00 -1.000000e+00
   outer loop
     vertex  1.352950e+02 -7.925500e+01  0.000000e+00
     vertex  1.330650e+02 -7.925500e+01  0.000000e+00
     vertex  1.330360e+02 -7.903500e+01  0.000000e+00
   endloop
 endfacet
 facet normal  0.000000e+00  0.000000e+00 -1.000000e+00
   outer loop
     vertex  1.352950e+02 -7.925500e+01  0.000000e+00
     vertex  1.330360e+02 -7.947500e+01  0.000000e+00
     vertex  1.330650e+02 -7.925500e+01  0.000000e+00
   endloop
 endfacet
 facet normal  0.000000e+00  0.000000e+00 -1.000000e+00
   outer loop
     vertex  1.372950e+02 -8.125500e+01  0.000000e+00
     vertex  1.395959e+02 -9.239556e+01  0.000000e+00
     vertex  1.394150e+02 -9.247048e+01  0.000000e+00
   endloop
 endfacet
 facet normal -0.000000e+00 -0.000000e+00 -1.000000e+00
   outer loop
     vertex  1.372950e+02 -8.125500e+01  0.000000e+00
     vertex  1.394150e+02 -9.247048e+01  0.000000e+00
     vertex  1.367774e+02 -8.118685e+01  0.000000e+00
   endloop
 endfacet
 facet normal  0.000000e+00  0.000000e+00 -1.000000e+00
   outer loop
     vertex  1.327606e+02 -7.652089e+01  0.000000e+00
     vertex  1.327350e+02 -7.671500e+01  0.000000e+00
     vertex  1.316140e+02 -7.865396e+01  0.000000e+00
   endloop
 endfacet
 facet normal  0.000000e+00  0.000000e+00 -1.000000e+00
   outer loop
     vertex  1.336791e+02 -7.743944e+01  0.000000e+00
     vertex  1.330360e+02 -7.903500e+01  0.000000e+00
     vertex  1.329511e+02 -7.883000e+01  0.000000e+00
   endloop
 endfacet
 facet normal  0.000000e+00  0.000000e+00 -1.000000e+00
   outer loop
     vertex  1.336791e+02 -7.743944e+01  0.000000e+00
     vertex  1.329511e+02 -7.883000e+01  0.000000e+00
     vertex  1.334850e+02 -7.746500e+01  0.000000e+00
   endloop
 endfacet
 facet normal  0.000000e+00  0.000000e+00 -1.000000e+00
   outer loop
     vertex  1.353631e+02 -7.873736e+01  0.000000e+00
     vertex  1.352950e+02 -7.925500e+01  0.000000e+00
     vertex  1.330360e+02 -7.903500e+01  0.000000e+00
   endloop
 endfacet
 facet normal -0.000000e+00  0.000000e+00 -1.000000e+00
   outer loop
     vertex  1.353631e+02 -7.873736e+01  0.000000e+00
     vertex  1.330360e+02 -7.903500e+01  0.000000e+00
     vertex  1.336791e+02 -7.743944e+01  0.000000e+00
   endloop
 endfacet
 facet normal  0.000000e+00  0.000000e+00 -1.000000e+00
   outer loop
     vertex  1.353631e+02 -7.873736e+01  0.000000e+00
     vertex  1.336791e+02 -7.743944e+01  0.000000e+00
     vertex  1.338600e+02 -7.736452e+01  0.000000e+00
   endloop
 endfacet
 facet normal  0.000000e+00  0.000000e+00 -1.000000e+00
   outer loop
     vertex  1.378126e+02 -8.118685e+01  0.000000e+00
     vertex  1.397900e+02 -9.237000e+01  0.000000e+00
     vertex  1.395959e+02 -9.239556e+01  0.000000e+00
   endloop
 endfacet
 facet normal  0.000000e+00 -0.000000e+00 -1.000000e+00
   outer loop
     vertex  1.378126e+02 -8.118685e+01  0.000000e+00
     vertex  1.395959e+02 -9.239556e+01  0.000000e+00
     vertex  1.372950e+02 -8.125500e+01  0.000000e+00
   endloop
 endfacet
 facet normal  0.000000e+00  0.000000e+00 -1.000000e+00
   outer loop
     vertex  1.382950e+02 -8.098705e+01  0.000000e+00
     vertex  1.399841e+02 -9.239556e+01  0.000000e+00
     vertex  1.397900e+02 -9.237000e+01  0.000000e+00
   endloop
 endfacet
 facet normal  0.000000e+00 -0.000000e+00 -1.000000e+00
   outer loop
     vertex  1.382950e+02 -8.098705e+01  0.000000e+00
     vertex  1.397900e+02 -9.237000e+01  0.000000e+00
     vertex  1.378126e+02 -8.118685e+01  0.000000e+00
   endloop
 endfacet
 facet normal -0.000000e+00  0.000000e+00 -1.000000e+00
   outer loop
     vertex  1.355629e+02 -7.825500e+01  0.000000e+00
     vertex  1.353631e+02 -7.873736e+01  0.000000e+00
     vertex  1.338600e+02 -7.736452e+01  0.000000e+00
   endloop
 endfacet
 facet normal  0.000000e+00  0.000000e+00 -1.000000e+00
   outer loop
     vertex  1.355629e+02 -7.825500e+01  0.000000e+00
     vertex  1.340153e+02 -7.724533e+01  0.000000e+00
     vertex  1.341345e+02 -7.709000e+01  0.000000e+00
   endloop
 endfacet
 facet normal  0.000000e+00  0.000000e+00 -1.000000e+00
   outer loop
     vertex  1.355629e+02 -7.825500e+01  0.000000e+00
     vertex  1.338600e+02 -7.736452e+01  0.000000e+00
     vertex  1.340153e+02 -7.724533e+01  0.000000e+00
   endloop
 endfacet
 facet normal  0.000000e+00  0.000000e+00 -1.000000e+00
   outer loop
     vertex  1.358808e+02 -7.784079e+01  0.000000e+00
     vertex  1.342094e+02 -7.690911e+01  0.000000e+00
     vertex  1.342350e+02 -7.671500e+01  0.000000e+00
   endloop
 endfacet
 facet normal  0.000000e+00  0.000000e+00 -1.000000e+00
   outer loop
     vertex  1.358808e+02 -7.784079e+01  0.000000e+00
     vertex  1.341345e+02 -7.709000e+01  0.000000e+00
     vertex  1.342094e+02 -7.690911e+01  0.000000e+00
   endloop
 endfacet
 facet normal -0.000000e+00  0.000000e+00 -1.000000e+00
   outer loop
     vertex  1.358808e+02 -7.784079e+01  0.000000e+00
     vertex  1.355629e+02 -7.825500e+01  0.000000e+00
     vertex  1.341345e+02 -7.709000e+01  0.000000e+00
   endloop
 endfacet
 facet normal  0.000000e+00  0.000000e+00 -1.000000e+00
   outer loop
     vertex  1.292500e+02 -7.063301e+01  0.000000e+00
     vertex  1.314789e+02 -7.883000e+01  0.000000e+00
     vertex  1.313940e+02 -7.903500e+01  0.000000e+00
   endloop
 endfacet
 facet normal -0.000000e+00 -0.000000e+00 -1.000000e+00
   outer loop
     vertex  1.292500e+02 -7.063301e+01  0.000000e+00
     vertex  1.313940e+02 -7.903500e+01  0.000000e+00
     vertex  1.291464e+02 -7.055355e+01  0.000000e+00
   endloop
 endfacet
 facet normal  0.000000e+00  0.000000e+00 -1.000000e+00
   outer loop
     vertex  1.290670e+02 -7.045000e+01  0.000000e+00
     vertex  1.313940e+02 -7.903500e+01  0.000000e+00
     vertex  1.313650e+02 -7.925500e+01  0.000000e+00
   endloop
 endfacet
 facet normal  0.000000e+00  0.000000e+00 -1.000000e+00
   outer loop
     vertex  1.290670e+02 -7.045000e+01  0.000000e+00
     vertex  1.291464e+02 -7.055355e+01  0.000000e+00
     vertex  1.313940e+02 -7.903500e+01  0.000000e+00
   endloop
 endfacet
 facet normal -0.000000e+00 -0.000000e+00 -1.000000e+00
   outer loop
     vertex  1.293706e+02 -7.068296e+01  0.000000e+00
     vertex  1.314789e+02 -7.883000e+01  0.000000e+00
     vertex  1.292500e+02 -7.063301e+01  0.000000e+00
   endloop
 endfacet
 facet normal  0.000000e+00  0.000000e+00 -1.000000e+00
   outer loop
     vertex  1.293706e+02 -7.068296e+01  0.000000e+00
     vertex  1.316140e+02 -7.865396e+01  0.000000e+00
     vertex  1.314789e+02 -7.883000e+01  0.000000e+00
   endloop
 endfacet
 facet normal  0.000000e+00  0.000000e+00 -1.000000e+00
   outer loop
     vertex  1.293706e+02 -7.068296e+01  0.000000e+00
     vertex  1.327606e+02 -7.652089e+01  0.000000e+00
     vertex  1.316140e+02 -7.865396e+01  0.000000e+00
   endloop
 endfacet
 facet normal  0.000000e+00  0.000000e+00 -1.000000e+00
   outer loop
     vertex  1.290170e+02 -7.032941e+01  0.000000e+00
     vertex  1.313940e+02 -7.947500e+01  0.000000e+00
     vertex  1.313490e+02 -9.798000e+01  0.000000e+00
   endloop
 endfacet
 facet normal  0.000000e+00  0.000000e+00 -1.000000e+00
   outer loop
     vertex  1.290170e+02 -7.032941e+01  0.000000e+00
     vertex  1.313650e+02 -7.925500e+01  0.000000e+00
     vertex  1.313940e+02 -7.947500e+01  0.000000e+00
   endloop
 endfacet
 facet normal  0.000000e+00  0.000000e+00 -1.000000e+00
   outer loop
     vertex  1.290170e+02 -7.032941e+01  0.000000e+00
     vertex  1.313490e+02 -9.798000e+01  0.000000e+00
     vertex  1.313200e+02 -9.820000e+01  0.000000e+00
   endloop
 endfacet
 facet normal  0.000000e+00  0.000000e+00 -1.000000e+00
   outer loop
     vertex  1.290170e+02 -7.032941e+01  0.000000e+00
     vertex  1.290670e+02 -7.045000e+01  0.000000e+00
     vertex  1.313650e+02 -7.925500e+01  0.000000e+00
   endloop
 endfacet
 facet normal -0.000000e+00  0.000000e+00 -1.000000e+00
   outer loop
     vertex  1.362950e+02 -7.752295e+01  0.000000e+00
     vertex  1.358808e+02 -7.784079e+01  0.000000e+00
     vertex  1.342350e+02 -7.671500e+01  0.000000e+00
   endloop
 endfacet
 facet normal  0.000000e+00  0.000000e+00 -1.000000e+00
   outer loop
     vertex  1.362950e+02 -7.752295e+01  0.000000e+00
     vertex  1.342350e+02 -7.671500e+01  0.000000e+00
     vertex  1.342094e+02 -7.652089e+01  0.000000e+00
   endloop
 endfacet
 facet normal  0.000000e+00  0.000000e+00 -1.000000e+00
   outer loop
     vertex  1.295000e+02 -7.070000e+01  0.000000e+00
     vertex  1.328355e+02 -7.634000e+01  0.000000e+00
     vertex  1.327606e+02 -7.652089e+01  0.000000e+00
   endloop
 endfacet
 facet normal -0.000000e+00 -0.000000e+00 -1.000000e+00
   outer loop
     vertex  1.295000e+02 -7.070000e+01  0.000000e+00
     vertex  1.327606e+02 -7.652089e+01  0.000000e+00
     vertex  1.293706e+02 -7.068296e+01  0.000000e+00
   endloop
 endfacet
 facet normal  0.000000e+00 -0.000000e+00 -1.000000e+00
   outer loop
     vertex  1.296294e+02 -7.068296e+01  0.000000e+00
     vertex  1.328355e+02 -7.634000e+01  0.000000e+00
     vertex  1.295000e+02 -7.070000e+01  0.000000e+00
   endloop
 endfacet
 facet normal  0.000000e+00  0.000000e+00 -1.000000e+00
   outer loop
     vertex  1.296294e+02 -7.068296e+01  0.000000e+00
     vertex  1.329547e+02 -7.618467e+01  0.000000e+00
     vertex  1.328355e+02 -7.634000e+01  0.000000e+00
   endloop
 endfacet
 facet normal  0.000000e+00  0.000000e+00 -1.000000e+00
   outer loop
     vertex  1.297500e+02 -7.063301e+01  0.000000e+00
     vertex  1.331100e+02 -7.606548e+01  0.000000e+00
     vertex  1.329547e+02 -7.618467e+01  0.000000e+00
   endloop
 endfacet
 facet normal  0.000000e+00 -0.000000e+00 -1.000000e+00
   outer loop
     vertex  1.297500e+02 -7.063301e+01  0.000000e+00
     vertex  1.329547e+02 -7.618467e+01  0.000000e+00
     vertex  1.296294e+02 -7.068296e+01  0.000000e+00
   endloop
 endfacet
 facet normal  0.000000e+00 -0.000000e+00 -1.000000e+00
   outer loop
     vertex  1.298536e+02 -7.055355e+01  0.000000e+00
     vertex  1.331100e+02 -7.606548e+01  0.000000e+00
     vertex  1.297500e+02 -7.063301e+01  0.000000e+00
   endloop
 endfacet
 facet normal  0.000000e+00  0.000000e+00 -1.000000e+00
   outer loop
     vertex  1.298536e+02 -7.055355e+01  0.000000e+00
     vertex  1.332909e+02 -7.599056e+01  0.000000e+00
     vertex  1.331100e+02 -7.606548e+01  0.000000e+00
   endloop
 endfacet
 facet normal -0.000000e+00  0.000000e+00 -1.000000e+00
   outer loop
     vertex  1.367774e+02 -7.732315e+01  0.000000e+00
     vertex  1.362950e+02 -7.752295e+01  0.000000e+00
     vertex  1.342094e+02 -7.652089e+01  0.000000e+00
   endloop
 endfacet
 facet normal  0.000000e+00  0.000000e+00 -1.000000e+00
   outer loop
     vertex  1.367774e+02 -7.732315e+01  0.000000e+00
     vertex  1.342094e+02 -7.652089e+01  0.000000e+00
     vertex  1.341345e+02 -7.634000e+01  0.000000e+00
   endloop
 endfacet
 facet normal  0.000000e+00 -0.000000e+00 -1.000000e+00
   outer loop
     vertex  1.299330e+02 -7.045000e+01  0.000000e+00
     vertex  1.332909e+02 -7.599056e+01  0.000000e+00
     vertex  1.298536e+02 -7.055355e+01  0.000000e+00
   endloop
 endfacet
 facet normal  0.000000e+00  0.000000e+00 -1.000000e+00
   outer loop
     vertex  1.299330e+02 -7.045000e+01  0.000000e+00
     vertex  1.334850e+02 -7.596500e+01  0.000000e+00
     vertex  1.332909e+02 -7.599056e+01  0.000000e+00
   endloop
 endfacet
 facet normal  0.000000e+00 -0.000000e+00 -1.000000e+00
   outer loop
     vertex  1.299830e+02 -7.032941e+01  0.000000e+00
     vertex  1.334850e+02 -7.596500e+01  0.000000e+00
     vertex  1.299330e+02 -7.045000e+01  0.000000e+00
   endloop
 endfacet
 facet normal  0.000000e+00  0.000000e+00 -1.000000e+00
   outer loop
     vertex  1.299830e+02 -7.032941e+01  0.000000e+00
     vertex  1.336791e+02 -7.599056e+01  0.000000e+00
     vertex  1.334850e+02 -7.596500e+01  0.000000e+00
   endloop
 endfacet
 facet normal  0.000000e+00  0.000000e+00 -1.000000e+00
   outer loop
     vertex  1.292500e+02 -6.809301e+01  0.000000e+00
     vertex  1.293706e+02 -6.971704e+01  0.000000e+00
     vertex  1.292500e+02 -6.976699e+01  0.000000e+00
   endloop
 endfacet
 facet normal -0.000000e+00  0.000000e+00 -1.000000e+00
   outer loop
     vertex  1.292500e+02 -6.809301e+01  0.000000e+00
     vertex  1.291464e+02 -6.984645e+01  0.000000e+00
     vertex  1.291464e+02 -6.801355e+01  0.000000e+00
   endloop
 endfacet
 facet normal  0.000000e+00 -0.000000e+00 -1.000000e+00
   outer loop
     vertex  1.292500e+02 -6.809301e+01  0.000000e+00
     vertex  1.292500e+02 -6.976699e+01  0.000000e+00
     vertex  1.291464e+02 -6.984645e+01  0.000000e+00
   endloop
 endfacet
 facet normal  0.000000e+00  0.000000e+00 -1.000000e+00
   outer loop
     vertex  1.290670e+02 -6.791000e+01  0.000000e+00
     vertex  1.291464e+02 -6.801355e+01  0.000000e+00
     vertex  1.291464e+02 -6.984645e+01  0.000000e+00
   endloop
 endfacet
 facet normal  0.000000e+00  0.000000e+00 -1.000000e+00
   outer loop
     vertex  1.290670e+02 -6.791000e+01  0.000000e+00
     vertex  1.291464e+02 -6.984645e+01  0.000000e+00
     vertex  1.290670e+02 -6.995000e+01  0.000000e+00
   endloop
 endfacet
 facet normal  0.000000e+00  0.000000e+00 -1.000000e+00
   outer loop
     vertex  1.290170e+02 -6.778941e+01  0.000000e+00
     vertex  1.290670e+02 -6.791000e+01  0.000000e+00
     vertex  1.290670e+02 -6.995000e+01  0.000000e+00
   endloop
 endfacet
 facet normal  0.000000e+00 -0.000000e+00 -1.000000e+00
   outer loop
     vertex  1.290170e+02 -6.778941e+01  0.000000e+00
     vertex  1.290170e+02 -7.007059e+01  0.000000e+00
     vertex  1.290000e+02 -7.020000e+01  0.000000e+00
   endloop
 endfacet
 facet normal  0.000000e+00  0.000000e+00 -1.000000e+00
   outer loop
     vertex  1.290170e+02 -6.778941e+01  0.000000e+00
     vertex  1.290670e+02 -6.995000e+01  0.000000e+00
     vertex  1.290170e+02 -7.007059e+01  0.000000e+00
   endloop
 endfacet
 facet normal -0.000000e+00 -0.000000e+00 -1.000000e+00
   outer loop
     vertex  1.293706e+02 -6.814296e+01  0.000000e+00
     vertex  1.293706e+02 -6.971704e+01  0.000000e+00
     vertex  1.292500e+02 -6.809301e+01  0.000000e+00
   endloop
 endfacet
 facet normal  0.000000e+00  0.000000e+00 -1.000000e+00
   outer loop
     vertex  1.290000e+02 -6.766000e+01  0.000000e+00
     vertex  1.290170e+02 -6.778941e+01  0.000000e+00
     vertex  1.290000e+02 -7.020000e+01  0.000000e+00
   endloop
 endfacet
 facet normal  0.000000e+00 -0.000000e+00 -1.000000e+00
   outer loop
     vertex  1.295000e+02 -6.816000e+01  0.000000e+00
     vertex  1.295000e+02 -6.970000e+01  0.000000e+00
     vertex  1.293706e+02 -6.971704e+01  0.000000e+00
   endloop
 endfacet
 facet normal  0.000000e+00  0.000000e+00 -1.000000e+00
   outer loop
     vertex  1.295000e+02 -6.816000e+01  0.000000e+00
     vertex  1.296294e+02 -6.971704e+01  0.000000e+00
     vertex  1.295000e+02 -6.970000e+01  0.000000e+00
   endloop
 endfacet
 facet normal -0.000000e+00  0.000000e+00 -1.000000e+00
   outer loop
     vertex  1.295000e+02 -6.816000e+01  0.000000e+00
     vertex  1.293706e+02 -6.971704e+01  0.000000e+00
     vertex  1.293706e+02 -6.814296e+01  0.000000e+00
   endloop
 endfacet
 facet normal  0.000000e+00 -0.000000e+00 -1.000000e+00
   outer loop
     vertex  1.296294e+02 -6.814296e+01  0.000000e+00
     vertex  1.296294e+02 -6.971704e+01  0.000000e+00
     vertex  1.295000e+02 -6.816000e+01  0.000000e+00
   endloop
 endfacet
 facet normal  0.000000e+00  0.000000e+00 -1.000000e+00
   outer loop
     vertex  1.297500e+02 -6.809301e+01  0.000000e+00
     vertex  1.296294e+02 -6.971704e+01  0.000000e+00
     vertex  1.296294e+02 -6.814296e+01  0.000000e+00
   endloop
 endfacet
 facet normal  0.000000e+00 -0.000000e+00 -1.000000e+00
   outer loop
     vertex  1.297500e+02 -6.809301e+01  0.000000e+00
     vertex  1.297500e+02 -6.976699e+01  0.000000e+00
     vertex  1.296294e+02 -6.971704e+01  0.000000e+00
   endloop
 endfacet
 facet normal  0.000000e+00  0.000000e+00 -1.000000e+00
   outer loop
     vertex  1.297500e+02 -6.809301e+01  0.000000e+00
     vertex  1.298536e+02 -6.984645e+01  0.000000e+00
     vertex  1.297500e+02 -6.976699e+01  0.000000e+00
   endloop
 endfacet
 facet normal  0.000000e+00 -0.000000e+00 -1.000000e+00
   outer loop
     vertex  1.298536e+02 -6.801355e+01  0.000000e+00
     vertex  1.298536e+02 -6.984645e+01  0.000000e+00
     vertex  1.297500e+02 -6.809301e+01  0.000000e+00
   endloop
 endfacet
 facet normal  0.000000e+00  0.000000e+00 -1.000000e+00
   outer loop
     vertex  1.416389e+02 -7.968000e+01  0.000000e+00
     vertex  1.390271e+02 -8.025500e+01  0.000000e+00
     vertex  1.392269e+02 -7.977264e+01  0.000000e+00
   endloop
 endfacet
 facet normal  0.000000e+00 -0.000000e+00 -1.000000e+00
   outer loop
     vertex  1.416389e+02 -7.968000e+01  0.000000e+00
     vertex  1.417740e+02 -7.985604e+01  0.000000e+00
     vertex  1.390271e+02 -8.025500e+01  0.000000e+00
   endloop
 endfacet
 facet normal  0.000000e+00  0.000000e+00 -1.000000e+00
   outer loop
     vertex  1.419500e+02 -7.999112e+01  0.000000e+00
     vertex  1.387092e+02 -8.066921e+01  0.000000e+00
     vertex  1.390271e+02 -8.025500e+01  0.000000e+00
   endloop
 endfacet
 facet normal -0.000000e+00  0.000000e+00 -1.000000e+00
   outer loop
     vertex  1.419500e+02 -7.999112e+01  0.000000e+00
     vertex  1.390271e+02 -8.025500e+01  0.000000e+00
     vertex  1.417740e+02 -7.985604e+01  0.000000e+00
   endloop
 endfacet
 facet normal  0.000000e+00 -0.000000e+00 -1.000000e+00
   outer loop
     vertex  1.299330e+02 -6.791000e+01  0.000000e+00
     vertex  1.299330e+02 -6.995000e+01  0.000000e+00
     vertex  1.298536e+02 -6.984645e+01  0.000000e+00
   endloop
 endfacet
 facet normal  0.000000e+00  0.000000e+00 -1.000000e+00
   outer loop
     vertex  1.299330e+02 -6.791000e+01  0.000000e+00
     vertex  1.298536e+02 -6.984645e+01  0.000000e+00
     vertex  1.298536e+02 -6.801355e+01  0.000000e+00
   endloop
 endfacet
 facet normal  0.000000e+00  0.000000e+00 -1.000000e+00
   outer loop
     vertex  1.299330e+02 -6.791000e+01  0.000000e+00
     vertex  1.299830e+02 -7.007059e+01  0.000000e+00
     vertex  1.299330e+02 -6.995000e+01  0.000000e+00
   endloop
 endfacet
 facet normal -0.000000e+00  0.000000e+00 -1.000000e+00
   outer loop
     vertex  1.421550e+02 -8.007604e+01  0.000000e+00
     vertex  1.387092e+02 -8.066921e+01  0.000000e+00
     vertex  1.419500e+02 -7.999112e+01  0.000000e+00
   endloop
 endfacet
 facet normal  0.000000e+00  0.000000e+00 -1.000000e+00
   outer loop
     vertex  1.421550e+02 -8.007604e+01  0.000000e+00
     vertex  1.382950e+02 -8.098705e+01  0.000000e+00
     vertex  1.387092e+02 -8.066921e+01  0.000000e+00
   endloop
 endfacet
 facet normal -0.000000e+00  0.000000e+00 -1.000000e+00
   outer loop
     vertex  1.415540e+02 -7.947500e+01  0.000000e+00
     vertex  1.392269e+02 -7.977264e+01  0.000000e+00
     vertex  1.392950e+02 -7.925500e+01  0.000000e+00
   endloop
 endfacet
 facet normal  0.000000e+00 -0.000000e+00 -1.000000e+00
   outer loop
     vertex  1.415540e+02 -7.947500e+01  0.000000e+00
     vertex  1.416389e+02 -7.968000e+01  0.000000e+00
     vertex  1.392269e+02 -7.977264e+01  0.000000e+00
   endloop
 endfacet
 facet normal  0.000000e+00 -0.000000e+00 -1.000000e+00
   outer loop
     vertex  1.299830e+02 -6.778941e+01  0.000000e+00
     vertex  1.299830e+02 -7.007059e+01  0.000000e+00
     vertex  1.299330e+02 -6.791000e+01  0.000000e+00
   endloop
 endfacet
 facet normal  0.000000e+00  0.000000e+00 -1.000000e+00
   outer loop
     vertex  1.423750e+02 -8.010500e+01  0.000000e+00
     vertex  1.401650e+02 -9.247048e+01  0.000000e+00
     vertex  1.399841e+02 -9.239556e+01  0.000000e+00
   endloop
 endfacet
 facet normal -0.000000e+00  0.000000e+00 -1.000000e+00
   outer loop
     vertex  1.423750e+02 -8.010500e+01  0.000000e+00
     vertex  1.382950e+02 -8.098705e+01  0.000000e+00
     vertex  1.421550e+02 -8.007604e+01  0.000000e+00
   endloop
 endfacet
 facet normal  0.000000e+00  0.000000e+00 -1.000000e+00
   outer loop
     vertex  1.423750e+02 -8.010500e+01  0.000000e+00
     vertex  1.399841e+02 -9.239556e+01  0.000000e+00
     vertex  1.382950e+02 -8.098705e+01  0.000000e+00
   endloop
 endfacet
 facet normal -0.000000e+00 -0.000000e+00 -1.000000e+00
   outer loop
     vertex  1.415250e+02 -7.925500e+01  0.000000e+00
     vertex  1.415540e+02 -7.947500e+01  0.000000e+00
     vertex  1.392950e+02 -7.925500e+01  0.000000e+00
   endloop
 endfacet
 facet normal  0.000000e+00  0.000000e+00 -1.000000e+00
   outer loop
     vertex  1.425950e+02 -8.007604e+01  0.000000e+00
     vertex  1.403203e+02 -9.258967e+01  0.000000e+00
     vertex  1.401650e+02 -9.247048e+01  0.000000e+00
   endloop
 endfacet
 facet normal  0.000000e+00  0.000000e+00 -1.000000e+00
   outer loop
     vertex  1.425950e+02 -8.007604e+01  0.000000e+00
     vertex  1.401650e+02 -9.247048e+01  0.000000e+00
     vertex  1.423750e+02 -8.010500e+01  0.000000e+00
   endloop
 endfacet
 facet normal -0.000000e+00  0.000000e+00 -1.000000e+00
   outer loop
     vertex  1.415540e+02 -7.903500e+01  0.000000e+00
     vertex  1.392950e+02 -7.925500e+01  0.000000e+00
     vertex  1.392269e+02 -7.873736e+01  0.000000e+00
   endloop
 endfacet
 facet normal  0.000000e+00  0.000000e+00 -1.000000e+00
   outer loop
     vertex  1.415540e+02 -7.903500e+01  0.000000e+00
     vertex  1.415250e+02 -7.925500e+01  0.000000e+00
     vertex  1.392950e+02 -7.925500e+01  0.000000e+00
   endloop
 endfacet
 facet normal  0.000000e+00  0.000000e+00 -1.000000e+00
   outer loop
     vertex  1.416389e+02 -7.883000e+01  0.000000e+00
     vertex  1.392269e+02 -7.873736e+01  0.000000e+00
     vertex  1.390271e+02 -7.825500e+01  0.000000e+00
   endloop
 endfacet
 facet normal -0.000000e+00  0.000000e+00 -1.000000e+00
   outer loop
     vertex  1.416389e+02 -7.883000e+01  0.000000e+00
     vertex  1.415540e+02 -7.903500e+01  0.000000e+00
     vertex  1.392269e+02 -7.873736e+01  0.000000e+00
   endloop
 endfacet
 facet normal  0.000000e+00  0.000000e+00 -1.000000e+00
   outer loop
     vertex  1.428000e+02 -7.999112e+01  0.000000e+00
     vertex  1.404395e+02 -9.274500e+01  0.000000e+00
     vertex  1.403203e+02 -9.258967e+01  0.000000e+00
   endloop
 endfacet
 facet normal  0.000000e+00  0.000000e+00 -1.000000e+00
   outer loop
     vertex  1.428000e+02 -7.999112e+01  0.000000e+00
     vertex  1.403203e+02 -9.258967e+01  0.000000e+00
     vertex  1.425950e+02 -8.007604e+01  0.000000e+00
   endloop
 endfacet
 facet normal -0.000000e+00  0.000000e+00 -1.000000e+00
   outer loop
     vertex  1.417740e+02 -7.865396e+01  0.000000e+00
     vertex  1.416389e+02 -7.883000e+01  0.000000e+00
     vertex  1.390271e+02 -7.825500e+01  0.000000e+00
   endloop
 endfacet
 facet normal  0.000000e+00  0.000000e+00 -1.000000e+00
   outer loop
     vertex  1.429760e+02 -7.985604e+01  0.000000e+00
     vertex  1.405144e+02 -9.292589e+01  0.000000e+00
     vertex  1.404395e+02 -9.274500e+01  0.000000e+00
   endloop
 endfacet
 facet normal  0.000000e+00  0.000000e+00 -1.000000e+00
   outer loop
     vertex  1.429760e+02 -7.985604e+01  0.000000e+00
     vertex  1.404395e+02 -9.274500e+01  0.000000e+00
     vertex  1.428000e+02 -7.999112e+01  0.000000e+00
   endloop
 endfacet
 facet normal  0.000000e+00 -0.000000e+00 -1.000000e+00
   outer loop
     vertex  1.429760e+02 -7.985604e+01  0.000000e+00
     vertex  1.430661e+02 -9.777500e+01  0.000000e+00
     vertex  1.429310e+02 -9.759896e+01  0.000000e+00
   endloop
 endfacet
 facet normal  0.000000e+00  0.000000e+00 -1.000000e+00
   outer loop
     vertex  1.429760e+02 -7.985604e+01  0.000000e+00
     vertex  1.429310e+02 -9.759896e+01  0.000000e+00
     vertex  1.405144e+02 -9.292589e+01  0.000000e+00
   endloop
 endfacet
 facet normal -0.000000e+00  0.000000e+00 -1.000000e+00
   outer loop
     vertex  1.419500e+02 -7.851888e+01  0.000000e+00
     vertex  1.417740e+02 -7.865396e+01  0.000000e+00
     vertex  1.390271e+02 -7.825500e+01  0.000000e+00
   endloop
 endfacet
 facet normal  0.000000e+00  0.000000e+00 -1.000000e+00
   outer loop
     vertex  1.431111e+02 -7.968000e+01  0.000000e+00
     vertex  1.430661e+02 -9.777500e+01  0.000000e+00
     vertex  1.429760e+02 -7.985604e+01  0.000000e+00
   endloop
 endfacet
 facet normal  0.000000e+00 -0.000000e+00 -1.000000e+00
   outer loop
     vertex  1.431111e+02 -7.968000e+01  0.000000e+00
     vertex  1.431510e+02 -9.798000e+01  0.000000e+00
     vertex  1.430661e+02 -9.777500e+01  0.000000e+00
   endloop
 endfacet
 facet normal  0.000000e+00 -0.000000e+00 -1.000000e+00
   outer loop
     vertex  1.292500e+02 -6.555301e+01  0.000000e+00
     vertex  1.292500e+02 -6.722699e+01  0.000000e+00
     vertex  1.291464e+02 -6.730645e+01  0.000000e+00
   endloop
 endfacet
 facet normal -0.000000e+00  0.000000e+00 -1.000000e+00
   outer loop
     vertex  1.292500e+02 -6.555301e+01  0.000000e+00
     vertex  1.291464e+02 -6.730645e+01  0.000000e+00
     vertex  1.291464e+02 -6.547355e+01  0.000000e+00
   endloop
 endfacet
 facet normal  0.000000e+00  0.000000e+00 -1.000000e+00
   outer loop
     vertex  1.290670e+02 -6.537000e+01  0.000000e+00
     vertex  1.291464e+02 -6.730645e+01  0.000000e+00
     vertex  1.290670e+02 -6.741000e+01  0.000000e+00
   endloop
 endfacet
 facet normal  0.000000e+00  0.000000e+00 -1.000000e+00
   outer loop
     vertex  1.290670e+02 -6.537000e+01  0.000000e+00
     vertex  1.291464e+02 -6.547355e+01  0.000000e+00
     vertex  1.291464e+02 -6.730645e+01  0.000000e+00
   endloop
 endfacet
 facet normal  0.000000e+00  0.000000e+00 -1.000000e+00
   outer loop
     vertex  1.431960e+02 -7.947500e+01  0.000000e+00
     vertex  1.431510e+02 -9.798000e+01  0.000000e+00
     vertex  1.431111e+02 -7.968000e+01  0.000000e+00
   endloop
 endfacet
 facet normal  0.000000e+00 -0.000000e+00 -1.000000e+00
   outer loop
     vertex  1.290170e+02 -6.524941e+01  0.000000e+00
     vertex  1.290170e+02 -6.753059e+01  0.000000e+00
     vertex  1.290000e+02 -6.766000e+01  0.000000e+00
   endloop
 endfacet
 facet normal  0.000000e+00  0.000000e+00 -1.000000e+00
   outer loop
     vertex  1.290170e+02 -6.524941e+01  0.000000e+00
     vertex  1.290670e+02 -6.741000e+01  0.000000e+00
     vertex  1.290170e+02 -6.753059e+01  0.000000e+00
   endloop
 endfacet
 facet normal  0.000000e+00  0.000000e+00 -1.000000e+00
   outer loop
     vertex  1.290170e+02 -6.524941e+01  0.000000e+00
     vertex  1.290670e+02 -6.537000e+01  0.000000e+00
     vertex  1.290670e+02 -6.741000e+01  0.000000e+00
   endloop
 endfacet
 facet normal  0.000000e+00 -0.000000e+00 -1.000000e+00
   outer loop
     vertex  1.293706e+02 -6.560296e+01  0.000000e+00
     vertex  1.293706e+02 -6.717704e+01  0.000000e+00
     vertex  1.292500e+02 -6.722699e+01  0.000000e+00
   endloop
 endfacet
 facet normal  0.000000e+00  0.000000e+00 -1.000000e+00
   outer loop
     vertex  1.293706e+02 -6.560296e+01  0.000000e+00
     vertex  1.295000e+02 -6.716000e+01  0.000000e+00
     vertex  1.293706e+02 -6.717704e+01  0.000000e+00
   endloop
 endfacet
 facet normal -0.000000e+00  0.000000e+00 -1.000000e+00
   outer loop
     vertex  1.293706e+02 -6.560296e+01  0.000000e+00
     vertex  1.292500e+02 -6.722699e+01  0.000000e+00
     vertex  1.292500e+02 -6.555301e+01  0.000000e+00
   endloop
 endfacet
 facet normal  0.000000e+00  0.000000e+00 -1.000000e+00
   outer loop
     vertex  1.295000e+02 -6.562000e+01  0.000000e+00
     vertex  1.296294e+02 -6.717704e+01  0.000000e+00
     vertex  1.295000e+02 -6.716000e+01  0.000000e+00
   endloop
 endfacet
 facet normal -0.000000e+00 -0.000000e+00 -1.000000e+00
   outer loop
     vertex  1.295000e+02 -6.562000e+01  0.000000e+00
     vertex  1.295000e+02 -6.716000e+01  0.000000e+00
     vertex  1.293706e+02 -6.560296e+01  0.000000e+00
   endloop
 endfacet
 facet normal  0.000000e+00  0.000000e+00 -1.000000e+00
   outer loop
     vertex  1.290000e+02 -6.512000e+01  0.000000e+00
     vertex  1.290170e+02 -6.524941e+01  0.000000e+00
     vertex  1.290000e+02 -6.766000e+01  0.000000e+00
   endloop
 endfacet
 facet normal  0.000000e+00  0.000000e+00 -1.000000e+00
   outer loop
     vertex  1.296294e+02 -6.560296e+01  0.000000e+00
     vertex  1.297500e+02 -6.722699e+01  0.000000e+00
     vertex  1.296294e+02 -6.717704e+01  0.000000e+00
   endloop
 endfacet
 facet normal  0.000000e+00 -0.000000e+00 -1.000000e+00
   outer loop
     vertex  1.296294e+02 -6.560296e+01  0.000000e+00
     vertex  1.296294e+02 -6.717704e+01  0.000000e+00
     vertex  1.295000e+02 -6.562000e+01  0.000000e+00
   endloop
 endfacet
 facet normal  0.000000e+00  0.000000e+00 -1.000000e+00
   outer loop
     vertex  1.297500e+02 -6.555301e+01  0.000000e+00
     vertex  1.298536e+02 -6.730645e+01  0.000000e+00
     vertex  1.297500e+02 -6.722699e+01  0.000000e+00
   endloop
 endfacet
 facet normal  0.000000e+00 -0.000000e+00 -1.000000e+00
   outer loop
     vertex  1.297500e+02 -6.555301e+01  0.000000e+00
     vertex  1.297500e+02 -6.722699e+01  0.000000e+00
     vertex  1.296294e+02 -6.560296e+01  0.000000e+00
   endloop
 endfacet
 facet normal  0.000000e+00 -0.000000e+00 -1.000000e+00
   outer loop
     vertex  1.298536e+02 -6.547355e+01  0.000000e+00
     vertex  1.298536e+02 -6.730645e+01  0.000000e+00
     vertex  1.297500e+02 -6.555301e+01  0.000000e+00
   endloop
 endfacet
 facet normal  0.000000e+00  0.000000e+00 -1.000000e+00
   outer loop
     vertex  1.299330e+02 -6.537000e+01  0.000000e+00
     vertex  1.298536e+02 -6.730645e+01  0.000000e+00
     vertex  1.298536e+02 -6.547355e+01  0.000000e+00
   endloop
 endfacet
 facet normal  0.000000e+00 -0.000000e+00 -1.000000e+00
   outer loop
     vertex  1.299330e+02 -6.537000e+01  0.000000e+00
     vertex  1.299330e+02 -6.741000e+01  0.000000e+00
     vertex  1.298536e+02 -6.730645e+01  0.000000e+00
   endloop
 endfacet
 facet normal  0.000000e+00  0.000000e+00 -1.000000e+00
   outer loop
     vertex  1.394600e+02 -7.482452e+01  0.000000e+00
     vertex  1.382950e+02 -7.752295e+01  0.000000e+00
     vertex  1.378126e+02 -7.732315e+01  0.000000e+00
   endloop
 endfacet
 facet normal -0.000000e+00  0.000000e+00 -1.000000e+00
   outer loop
     vertex  1.394600e+02 -7.482452e+01  0.000000e+00
     vertex  1.378126e+02 -7.732315e+01  0.000000e+00
     vertex  1.393047e+02 -7.470533e+01  0.000000e+00
   endloop
 endfacet
 facet normal  0.000000e+00  0.000000e+00 -1.000000e+00
   outer loop
     vertex  1.391855e+02 -7.455000e+01  0.000000e+00
     vertex  1.378126e+02 -7.732315e+01  0.000000e+00
     vertex  1.372950e+02 -7.725500e+01  0.000000e+00
   endloop
 endfacet
 facet normal  0.000000e+00 -0.000000e+00 -1.000000e+00
   outer loop
     vertex  1.391855e+02 -7.455000e+01  0.000000e+00
     vertex  1.393047e+02 -7.470533e+01  0.000000e+00
     vertex  1.378126e+02 -7.732315e+01  0.000000e+00
   endloop
 endfacet
 facet normal  0.000000e+00 -0.000000e+00 -1.000000e+00
   outer loop
     vertex  1.299830e+02 -6.524941e+01  0.000000e+00
     vertex  1.299830e+02 -6.753059e+01  0.000000e+00
     vertex  1.299330e+02 -6.741000e+01  0.000000e+00
   endloop
 endfacet
 facet normal  0.000000e+00  0.000000e+00 -1.000000e+00
   outer loop
     vertex  1.299830e+02 -6.524941e+01  0.000000e+00
     vertex  1.299330e+02 -6.741000e+01  0.000000e+00
     vertex  1.299330e+02 -6.537000e+01  0.000000e+00
   endloop
 endfacet
 facet normal  0.000000e+00  0.000000e+00 -1.000000e+00
   outer loop
     vertex  1.396409e+02 -7.489944e+01  0.000000e+00
     vertex  1.387092e+02 -7.784079e+01  0.000000e+00
     vertex  1.382950e+02 -7.752295e+01  0.000000e+00
   endloop
 endfacet
 facet normal -0.000000e+00  0.000000e+00 -1.000000e+00
   outer loop
     vertex  1.396409e+02 -7.489944e+01  0.000000e+00
     vertex  1.382950e+02 -7.752295e+01  0.000000e+00
     vertex  1.394600e+02 -7.482452e+01  0.000000e+00
   endloop
 endfacet
 facet normal  0.000000e+00 -0.000000e+00 -1.000000e+00
   outer loop
     vertex  1.391106e+02 -7.436911e+01  0.000000e+00
     vertex  1.391855e+02 -7.455000e+01  0.000000e+00
     vertex  1.372950e+02 -7.725500e+01  0.000000e+00
   endloop
 endfacet
 facet normal  0.000000e+00  0.000000e+00 -1.000000e+00
   outer loop
     vertex  1.391106e+02 -7.436911e+01  0.000000e+00
     vertex  1.372950e+02 -7.725500e+01  0.000000e+00
     vertex  1.367774e+02 -7.732315e+01  0.000000e+00
   endloop
 endfacet
 facet normal -0.000000e+00  0.000000e+00 -1.000000e+00
   outer loop
     vertex  1.398350e+02 -7.492500e+01  0.000000e+00
     vertex  1.387092e+02 -7.784079e+01  0.000000e+00
     vertex  1.396409e+02 -7.489944e+01  0.000000e+00
   endloop
 endfacet
 facet normal  0.000000e+00 -0.000000e+00 -1.000000e+00
   outer loop
     vertex  1.390850e+02 -7.417500e+01  0.000000e+00
     vertex  1.391106e+02 -7.436911e+01  0.000000e+00
     vertex  1.367774e+02 -7.732315e+01  0.000000e+00
   endloop
 endfacet
 facet normal  0.000000e+00  0.000000e+00 -1.000000e+00
   outer loop
     vertex  1.390850e+02 -7.417500e+01  0.000000e+00
     vertex  1.367774e+02 -7.732315e+01  0.000000e+00
     vertex  1.341345e+02 -7.634000e+01  0.000000e+00
   endloop
 endfacet
 facet normal  0.000000e+00  0.000000e+00 -1.000000e+00
   outer loop
     vertex  1.390850e+02 -7.417500e+01  0.000000e+00
     vertex  1.341345e+02 -7.634000e+01  0.000000e+00
     vertex  1.340153e+02 -7.618467e+01  0.000000e+00
   endloop
 endfacet
 facet normal  0.000000e+00  0.000000e+00 -1.000000e+00
   outer loop
     vertex  1.391106e+02 -7.398089e+01  0.000000e+00
     vertex  1.390850e+02 -7.417500e+01  0.000000e+00
     vertex  1.340153e+02 -7.618467e+01  0.000000e+00
   endloop
 endfacet
 facet normal  0.000000e+00  0.000000e+00 -1.000000e+00
   outer loop
     vertex  1.391106e+02 -7.398089e+01  0.000000e+00
     vertex  1.340153e+02 -7.618467e+01  0.000000e+00
     vertex  1.338600e+02 -7.606548e+01  0.000000e+00
   endloop
 endfacet
 facet normal  0.000000e+00 -0.000000e+00 -1.000000e+00
   outer loop
     vertex  1.400291e+02 -7.489944e+01  0.000000e+00
     vertex  1.419500e+02 -7.851888e+01  0.000000e+00
     vertex  1.390271e+02 -7.825500e+01  0.000000e+00
   endloop
 endfacet
 facet normal  0.000000e+00  0.000000e+00 -1.000000e+00
   outer loop
     vertex  1.400291e+02 -7.489944e+01  0.000000e+00
     vertex  1.390271e+02 -7.825500e+01  0.000000e+00
     vertex  1.387092e+02 -7.784079e+01  0.000000e+00
   endloop
 endfacet
 facet normal  0.000000e+00  0.000000e+00 -1.000000e+00
   outer loop
     vertex  1.400291e+02 -7.489944e+01  0.000000e+00
     vertex  1.387092e+02 -7.784079e+01  0.000000e+00
     vertex  1.398350e+02 -7.492500e+01  0.000000e+00
   endloop
 endfacet
 facet normal  0.000000e+00  0.000000e+00 -1.000000e+00
   outer loop
     vertex  1.391855e+02 -7.380000e+01  0.000000e+00
     vertex  1.299830e+02 -7.032941e+01  0.000000e+00
     vertex  1.300000e+02 -7.020000e+01  0.000000e+00
   endloop
 endfacet
 facet normal  0.000000e+00  0.000000e+00 -1.000000e+00
   outer loop
     vertex  1.391855e+02 -7.380000e+01  0.000000e+00
     vertex  1.391106e+02 -7.398089e+01  0.000000e+00
     vertex  1.338600e+02 -7.606548e+01  0.000000e+00
   endloop
 endfacet
 facet normal -0.000000e+00  0.000000e+00 -1.000000e+00
   outer loop
     vertex  1.391855e+02 -7.380000e+01  0.000000e+00
     vertex  1.336791e+02 -7.599056e+01  0.000000e+00
     vertex  1.299830e+02 -7.032941e+01  0.000000e+00
   endloop
 endfacet
 facet normal  0.000000e+00  0.000000e+00 -1.000000e+00
   outer loop
     vertex  1.391855e+02 -7.380000e+01  0.000000e+00
     vertex  1.338600e+02 -7.606548e+01  0.000000e+00
     vertex  1.336791e+02 -7.599056e+01  0.000000e+00
   endloop
 endfacet
 facet normal  0.000000e+00 -0.000000e+00 -1.000000e+00
   outer loop
     vertex  1.402100e+02 -7.482452e+01  0.000000e+00
     vertex  1.419500e+02 -7.851888e+01  0.000000e+00
     vertex  1.400291e+02 -7.489944e+01  0.000000e+00
   endloop
 endfacet
 facet normal  0.000000e+00  0.000000e+00 -1.000000e+00
   outer loop
     vertex  1.402100e+02 -7.482452e+01  0.000000e+00
     vertex  1.421550e+02 -7.843396e+01  0.000000e+00
     vertex  1.419500e+02 -7.851888e+01  0.000000e+00
   endloop
 endfacet
 facet normal  0.000000e+00  0.000000e+00 -1.000000e+00
   outer loop
     vertex  1.393047e+02 -7.364467e+01  0.000000e+00
     vertex  1.300000e+02 -7.020000e+01  0.000000e+00
     vertex  1.299830e+02 -7.007059e+01  0.000000e+00
   endloop
 endfacet
 facet normal -0.000000e+00  0.000000e+00 -1.000000e+00
   outer loop
     vertex  1.393047e+02 -7.364467e+01  0.000000e+00
     vertex  1.391855e+02 -7.380000e+01  0.000000e+00
     vertex  1.300000e+02 -7.020000e+01  0.000000e+00
   endloop
 endfacet
 facet normal  0.000000e+00  0.000000e+00 -1.000000e+00
   outer loop
     vertex  1.393047e+02 -7.364467e+01  0.000000e+00
     vertex  1.299830e+02 -7.007059e+01  0.000000e+00
     vertex  1.299830e+02 -6.778941e+01  0.000000e+00
   endloop
 endfacet
 facet normal  0.000000e+00  0.000000e+00 -1.000000e+00
   outer loop
     vertex  1.403653e+02 -7.470533e+01  0.000000e+00
     vertex  1.423750e+02 -7.840500e+01  0.000000e+00
     vertex  1.421550e+02 -7.843396e+01  0.000000e+00
   endloop
 endfacet
 facet normal  0.000000e+00 -0.000000e+00 -1.000000e+00
   outer loop
     vertex  1.403653e+02 -7.470533e+01  0.000000e+00
     vertex  1.421550e+02 -7.843396e+01  0.000000e+00
     vertex  1.402100e+02 -7.482452e+01  0.000000e+00
   endloop
 endfacet
 facet normal  0.000000e+00  0.000000e+00 -1.000000e+00
   outer loop
     vertex  1.394600e+02 -7.352548e+01  0.000000e+00
     vertex  1.299830e+02 -6.778941e+01  0.000000e+00
     vertex  1.300000e+02 -6.766000e+01  0.000000e+00
   endloop
 endfacet
 facet normal -0.000000e+00  0.000000e+00 -1.000000e+00
   outer loop
     vertex  1.394600e+02 -7.352548e+01  0.000000e+00
     vertex  1.393047e+02 -7.364467e+01  0.000000e+00
     vertex  1.299830e+02 -6.778941e+01  0.000000e+00
   endloop
 endfacet
 facet normal  0.000000e+00 -0.000000e+00 -1.000000e+00
   outer loop
     vertex  1.404845e+02 -7.455000e+01  0.000000e+00
     vertex  1.423750e+02 -7.840500e+01  0.000000e+00
     vertex  1.403653e+02 -7.470533e+01  0.000000e+00
   endloop
 endfacet
 facet normal  0.000000e+00  0.000000e+00 -1.000000e+00
   outer loop
     vertex  1.404845e+02 -7.455000e+01  0.000000e+00
     vertex  1.425950e+02 -7.843396e+01  0.000000e+00
     vertex  1.423750e+02 -7.840500e+01  0.000000e+00
   endloop
 endfacet
 facet normal  0.000000e+00 -0.000000e+00 -1.000000e+00
   outer loop
     vertex  1.405594e+02 -7.436911e+01  0.000000e+00
     vertex  1.425950e+02 -7.843396e+01  0.000000e+00
     vertex  1.404845e+02 -7.455000e+01  0.000000e+00
   endloop
 endfacet
 facet normal  0.000000e+00  0.000000e+00 -1.000000e+00
   outer loop
     vertex  1.405594e+02 -7.436911e+01  0.000000e+00
     vertex  1.428000e+02 -7.851888e+01  0.000000e+00
     vertex  1.425950e+02 -7.843396e+01  0.000000e+00
   endloop
 endfacet
 facet normal -0.000000e+00  0.000000e+00 -1.000000e+00
   outer loop
     vertex  1.292500e+02 -6.301301e+01  0.000000e+00
     vertex  1.291464e+02 -6.476645e+01  0.000000e+00
     vertex  1.291464e+02 -6.293355e+01  0.000000e+00
   endloop
 endfacet
 facet normal  0.000000e+00 -0.000000e+00 -1.000000e+00
   outer loop
     vertex  1.292500e+02 -6.301301e+01  0.000000e+00
     vertex  1.292500e+02 -6.468699e+01  0.000000e+00
     vertex  1.291464e+02 -6.476645e+01  0.000000e+00
   endloop
 endfacet
 facet normal  0.000000e+00  0.000000e+00 -1.000000e+00
   outer loop
     vertex  1.292500e+02 -6.301301e+01  0.000000e+00
     vertex  1.293706e+02 -6.463704e+01  0.000000e+00
     vertex  1.292500e+02 -6.468699e+01  0.000000e+00
   endloop
 endfacet
 facet normal  0.000000e+00  0.000000e+00 -1.000000e+00
   outer loop
     vertex  1.290670e+02 -6.283000e+01  0.000000e+00
     vertex  1.291464e+02 -6.293355e+01  0.000000e+00
     vertex  1.291464e+02 -6.476645e+01  0.000000e+00
   endloop
 endfacet
 facet normal  0.000000e+00  0.000000e+00 -1.000000e+00
   outer loop
     vertex  1.290670e+02 -6.283000e+01  0.000000e+00
     vertex  1.291464e+02 -6.476645e+01  0.000000e+00
     vertex  1.290670e+02 -6.487000e+01  0.000000e+00
   endloop
 endfacet
 facet normal  0.000000e+00  0.000000e+00 -1.000000e+00
   outer loop
     vertex  1.293706e+02 -6.306296e+01  0.000000e+00
     vertex  1.295000e+02 -6.462000e+01  0.000000e+00
     vertex  1.293706e+02 -6.463704e+01  0.000000e+00
   endloop
 endfacet
 facet normal -0.000000e+00 -0.000000e+00 -1.000000e+00
   outer loop
     vertex  1.293706e+02 -6.306296e+01  0.000000e+00
     vertex  1.293706e+02 -6.463704e+01  0.000000e+00
     vertex  1.292500e+02 -6.301301e+01  0.000000e+00
   endloop
 endfacet
 facet normal  0.000000e+00 -0.000000e+00 -1.000000e+00
   outer loop
     vertex  1.290170e+02 -6.270941e+01  0.000000e+00
     vertex  1.290170e+02 -6.499059e+01  0.000000e+00
     vertex  1.290000e+02 -6.512000e+01  0.000000e+00
   endloop
 endfacet
 facet normal  0.000000e+00  0.000000e+00 -1.000000e+00
   outer loop
     vertex  1.290170e+02 -6.270941e+01  0.000000e+00
     vertex  1.290670e+02 -6.487000e+01  0.000000e+00
     vertex  1.290170e+02 -6.499059e+01  0.000000e+00
   endloop
 endfacet
 facet normal  0.000000e+00  0.000000e+00 -1.000000e+00
   outer loop
     vertex  1.290170e+02 -6.270941e+01  0.000000e+00
     vertex  1.290670e+02 -6.283000e+01  0.000000e+00
     vertex  1.290670e+02 -6.487000e+01  0.000000e+00
   endloop
 endfacet
 facet normal -0.000000e+00 -0.000000e+00 -1.000000e+00
   outer loop
     vertex  1.295000e+02 -6.308000e+01  0.000000e+00
     vertex  1.295000e+02 -6.462000e+01  0.000000e+00
     vertex  1.293706e+02 -6.306296e+01  0.000000e+00
   endloop
 endfacet
 facet normal  0.000000e+00  0.000000e+00 -1.000000e+00
   outer loop
     vertex  1.290000e+02 -6.258000e+01  0.000000e+00
     vertex  1.290170e+02 -6.270941e+01  0.000000e+00
     vertex  1.290000e+02 -6.512000e+01  0.000000e+00
   endloop
 endfacet
 facet normal  0.000000e+00 -0.000000e+00 -1.000000e+00
   outer loop
     vertex  1.296294e+02 -6.306296e+01  0.000000e+00
     vertex  1.296294e+02 -6.463704e+01  0.000000e+00
     vertex  1.295000e+02 -6.462000e+01  0.000000e+00
   endloop
 endfacet
 facet normal  0.000000e+00  0.000000e+00 -1.000000e+00
   outer loop
     vertex  1.296294e+02 -6.306296e+01  0.000000e+00
     vertex  1.295000e+02 -6.462000e+01  0.000000e+00
     vertex  1.295000e+02 -6.308000e+01  0.000000e+00
   endloop
 endfacet
 facet normal  0.000000e+00  0.000000e+00 -1.000000e+00
   outer loop
     vertex  1.297500e+02 -6.301301e+01  0.000000e+00
     vertex  1.296294e+02 -6.463704e+01  0.000000e+00
     vertex  1.296294e+02 -6.306296e+01  0.000000e+00
   endloop
 endfacet
 facet normal  0.000000e+00 -0.000000e+00 -1.000000e+00
   outer loop
     vertex  1.297500e+02 -6.301301e+01  0.000000e+00
     vertex  1.297500e+02 -6.468699e+01  0.000000e+00
     vertex  1.296294e+02 -6.463704e+01  0.000000e+00
   endloop
 endfacet
 facet normal  0.000000e+00  0.000000e+00 -1.000000e+00
   outer loop
     vertex  1.297500e+02 -6.301301e+01  0.000000e+00
     vertex  1.298536e+02 -6.476645e+01  0.000000e+00
     vertex  1.297500e+02 -6.468699e+01  0.000000e+00
   endloop
 endfacet
 facet normal  0.000000e+00 -0.000000e+00 -1.000000e+00
   outer loop
     vertex  1.298536e+02 -6.293355e+01  0.000000e+00
     vertex  1.298536e+02 -6.476645e+01  0.000000e+00
     vertex  1.297500e+02 -6.301301e+01  0.000000e+00
   endloop
 endfacet
 facet normal  0.000000e+00  0.000000e+00 -1.000000e+00
   outer loop
     vertex  1.299330e+02 -6.283000e+01  0.000000e+00
     vertex  1.298536e+02 -6.476645e+01  0.000000e+00
     vertex  1.298536e+02 -6.293355e+01  0.000000e+00
   endloop
 endfacet
 facet normal  0.000000e+00 -0.000000e+00 -1.000000e+00
   outer loop
     vertex  1.299330e+02 -6.283000e+01  0.000000e+00
     vertex  1.299330e+02 -6.487000e+01  0.000000e+00
     vertex  1.298536e+02 -6.476645e+01  0.000000e+00
   endloop
 endfacet
 facet normal  0.000000e+00 -0.000000e+00 -1.000000e+00
   outer loop
     vertex  1.299830e+02 -6.270941e+01  0.000000e+00
     vertex  1.299830e+02 -6.499059e+01  0.000000e+00
     vertex  1.299330e+02 -6.487000e+01  0.000000e+00
   endloop
 endfacet
 facet normal  0.000000e+00  0.000000e+00 -1.000000e+00
   outer loop
     vertex  1.299830e+02 -6.270941e+01  0.000000e+00
     vertex  1.299330e+02 -6.487000e+01  0.000000e+00
     vertex  1.299330e+02 -6.283000e+01  0.000000e+00
   endloop
 endfacet
 facet normal -0.000000e+00  0.000000e+00 -1.000000e+00
   outer loop
     vertex  1.292500e+02 -6.047301e+01  0.000000e+00
     vertex  1.291464e+02 -6.222645e+01  0.000000e+00
     vertex  1.291464e+02 -6.039355e+01  0.000000e+00
   endloop
 endfacet
 facet normal  0.000000e+00 -0.000000e+00 -1.000000e+00
   outer loop
     vertex  1.292500e+02 -6.047301e+01  0.000000e+00
     vertex  1.292500e+02 -6.214699e+01  0.000000e+00
     vertex  1.291464e+02 -6.222645e+01  0.000000e+00
   endloop
 endfacet
 facet normal  0.000000e+00  0.000000e+00 -1.000000e+00
   outer loop
     vertex  1.290670e+02 -6.029000e+01  0.000000e+00
     vertex  1.291464e+02 -6.039355e+01  0.000000e+00
     vertex  1.291464e+02 -6.222645e+01  0.000000e+00
   endloop
 endfacet
 facet normal  0.000000e+00  0.000000e+00 -1.000000e+00
   outer loop
     vertex  1.290670e+02 -6.029000e+01  0.000000e+00
     vertex  1.291464e+02 -6.222645e+01  0.000000e+00
     vertex  1.290670e+02 -6.233000e+01  0.000000e+00
   endloop
 endfacet
 facet normal -0.000000e+00  0.000000e+00 -1.000000e+00
   outer loop
     vertex  1.293706e+02 -6.052296e+01  0.000000e+00
     vertex  1.292500e+02 -6.214699e+01  0.000000e+00
     vertex  1.292500e+02 -6.047301e+01  0.000000e+00
   endloop
 endfacet
 facet normal  0.000000e+00 -0.000000e+00 -1.000000e+00
   outer loop
     vertex  1.293706e+02 -6.052296e+01  0.000000e+00
     vertex  1.293706e+02 -6.209704e+01  0.000000e+00
     vertex  1.292500e+02 -6.214699e+01  0.000000e+00
   endloop
 endfacet
 facet normal  0.000000e+00  0.000000e+00 -1.000000e+00
   outer loop
     vertex  1.290170e+02 -6.016941e+01  0.000000e+00
     vertex  1.290670e+02 -6.029000e+01  0.000000e+00
     vertex  1.290670e+02 -6.233000e+01  0.000000e+00
   endloop
 endfacet
 facet normal  0.000000e+00  0.000000e+00 -1.000000e+00
   outer loop
     vertex  1.290170e+02 -6.016941e+01  0.000000e+00
     vertex  1.290670e+02 -6.233000e+01  0.000000e+00
     vertex  1.290170e+02 -6.245059e+01  0.000000e+00
   endloop
 endfacet
 facet normal -0.000000e+00  0.000000e+00 -1.000000e+00
   outer loop
     vertex  1.295000e+02 -6.054000e+01  0.000000e+00
     vertex  1.293706e+02 -6.209704e+01  0.000000e+00
     vertex  1.293706e+02 -6.052296e+01  0.000000e+00
   endloop
 endfacet
 facet normal  0.000000e+00 -0.000000e+00 -1.000000e+00
   outer loop
     vertex  1.295000e+02 -6.054000e+01  0.000000e+00
     vertex  1.295000e+02 -6.208000e+01  0.000000e+00
     vertex  1.293706e+02 -6.209704e+01  0.000000e+00
   endloop
 endfacet
 facet normal  0.000000e+00  0.000000e+00 -1.000000e+00
   outer loop
     vertex  1.295000e+02 -6.054000e+01  0.000000e+00
     vertex  1.296294e+02 -6.209704e+01  0.000000e+00
     vertex  1.295000e+02 -6.208000e+01  0.000000e+00
   endloop
 endfacet
 facet normal  0.000000e+00  0.000000e+00 -1.000000e+00
   outer loop
     vertex  1.290000e+02 -6.004000e+01  0.000000e+00
     vertex  1.290170e+02 -6.016941e+01  0.000000e+00
     vertex  1.290170e+02 -6.245059e+01  0.000000e+00
   endloop
 endfacet
 facet normal  0.000000e+00  0.000000e+00 -1.000000e+00
   outer loop
     vertex  1.290000e+02 -6.004000e+01  0.000000e+00
     vertex  1.290170e+02 -6.245059e+01  0.000000e+00
     vertex  1.290000e+02 -6.258000e+01  0.000000e+00
   endloop
 endfacet
 facet normal  0.000000e+00 -0.000000e+00 -1.000000e+00
   outer loop
     vertex  1.296294e+02 -6.052296e+01  0.000000e+00
     vertex  1.296294e+02 -6.209704e+01  0.000000e+00
     vertex  1.295000e+02 -6.054000e+01  0.000000e+00
   endloop
 endfacet
 facet normal  0.000000e+00  0.000000e+00 -1.000000e+00
   outer loop
     vertex  1.297500e+02 -6.047301e+01  0.000000e+00
     vertex  1.296294e+02 -6.209704e+01  0.000000e+00
     vertex  1.296294e+02 -6.052296e+01  0.000000e+00
   endloop
 endfacet
 facet normal  0.000000e+00 -0.000000e+00 -1.000000e+00
   outer loop
     vertex  1.297500e+02 -6.047301e+01  0.000000e+00
     vertex  1.297500e+02 -6.214699e+01  0.000000e+00
     vertex  1.296294e+02 -6.209704e+01  0.000000e+00
   endloop
 endfacet
 facet normal  0.000000e+00  0.000000e+00 -1.000000e+00
   outer loop
     vertex  1.298536e+02 -6.039355e+01  0.000000e+00
     vertex  1.297500e+02 -6.214699e+01  0.000000e+00
     vertex  1.297500e+02 -6.047301e+01  0.000000e+00
   endloop
 endfacet
 facet normal  0.000000e+00 -0.000000e+00 -1.000000e+00
   outer loop
     vertex  1.298536e+02 -6.039355e+01  0.000000e+00
     vertex  1.298536e+02 -6.222645e+01  0.000000e+00
     vertex  1.297500e+02 -6.214699e+01  0.000000e+00
   endloop
 endfacet
 facet normal  0.000000e+00  0.000000e+00 -1.000000e+00
   outer loop
     vertex  1.316140e+02 -6.072104e+01  0.000000e+00
     vertex  1.299330e+02 -6.233000e+01  0.000000e+00
     vertex  1.298536e+02 -6.222645e+01  0.000000e+00
   endloop
 endfacet
 facet normal -0.000000e+00  0.000000e+00 -1.000000e+00
   outer loop
     vertex  1.317900e+02 -6.085612e+01  0.000000e+00
     vertex  1.299330e+02 -6.233000e+01  0.000000e+00
     vertex  1.316140e+02 -6.072104e+01  0.000000e+00
   endloop
 endfacet
 facet normal  0.000000e+00  0.000000e+00 -1.000000e+00
   outer loop
     vertex  1.317900e+02 -6.085612e+01  0.000000e+00
     vertex  1.299830e+02 -6.245059e+01  0.000000e+00
     vertex  1.299330e+02 -6.233000e+01  0.000000e+00
   endloop
 endfacet
 facet normal  0.000000e+00  0.000000e+00 -1.000000e+00
   outer loop
     vertex  1.314789e+02 -6.054500e+01  0.000000e+00
     vertex  1.298536e+02 -6.039355e+01  0.000000e+00
     vertex  1.299330e+02 -6.029000e+01  0.000000e+00
   endloop
 endfacet
 facet normal -0.000000e+00  0.000000e+00 -1.000000e+00
   outer loop
     vertex  1.314789e+02 -6.054500e+01  0.000000e+00
     vertex  1.298536e+02 -6.222645e+01  0.000000e+00
     vertex  1.298536e+02 -6.039355e+01  0.000000e+00
   endloop
 endfacet
 facet normal  0.000000e+00 -0.000000e+00 -1.000000e+00
   outer loop
     vertex  1.314789e+02 -6.054500e+01  0.000000e+00
     vertex  1.316140e+02 -6.072104e+01  0.000000e+00
     vertex  1.298536e+02 -6.222645e+01  0.000000e+00
   endloop
 endfacet
 facet normal -0.000000e+00  0.000000e+00 -1.000000e+00
   outer loop
     vertex  1.319950e+02 -6.094104e+01  0.000000e+00
     vertex  1.299830e+02 -6.245059e+01  0.000000e+00
     vertex  1.317900e+02 -6.085612e+01  0.000000e+00
   endloop
 endfacet
 facet normal  0.000000e+00  0.000000e+00 -1.000000e+00
   outer loop
     vertex  1.319950e+02 -6.094104e+01  0.000000e+00
     vertex  1.300000e+02 -6.258000e+01  0.000000e+00
     vertex  1.299830e+02 -6.245059e+01  0.000000e+00
   endloop
 endfacet
 facet normal  0.000000e+00  0.000000e+00 -1.000000e+00
   outer loop
     vertex  1.313940e+02 -6.034000e+01  0.000000e+00
     vertex  1.299330e+02 -6.029000e+01  0.000000e+00
     vertex  1.299830e+02 -6.016941e+01  0.000000e+00
   endloop
 endfacet
 facet normal -0.000000e+00 -0.000000e+00 -1.000000e+00
   outer loop
     vertex  1.313940e+02 -6.034000e+01  0.000000e+00
     vertex  1.314789e+02 -6.054500e+01  0.000000e+00
     vertex  1.299330e+02 -6.029000e+01  0.000000e+00
   endloop
 endfacet
 facet normal -0.000000e+00  0.000000e+00 -1.000000e+00
   outer loop
     vertex  1.313650e+02 -6.012000e+01  0.000000e+00
     vertex  1.299830e+02 -6.016941e+01  0.000000e+00
     vertex  1.300000e+02 -6.004000e+01  0.000000e+00
   endloop
 endfacet
 facet normal  0.000000e+00 -0.000000e+00 -1.000000e+00
   outer loop
     vertex  1.313650e+02 -6.012000e+01  0.000000e+00
     vertex  1.313940e+02 -6.034000e+01  0.000000e+00
     vertex  1.299830e+02 -6.016941e+01  0.000000e+00
   endloop
 endfacet
 facet normal  0.000000e+00  0.000000e+00 -1.000000e+00
   outer loop
     vertex  1.322150e+02 -6.097000e+01  0.000000e+00
     vertex  1.299830e+02 -6.499059e+01  0.000000e+00
     vertex  1.299830e+02 -6.270941e+01  0.000000e+00
   endloop
 endfacet
 facet normal  0.000000e+00  0.000000e+00 -1.000000e+00
   outer loop
     vertex  1.322150e+02 -6.097000e+01  0.000000e+00
     vertex  1.299830e+02 -6.270941e+01  0.000000e+00
     vertex  1.300000e+02 -6.258000e+01  0.000000e+00
   endloop
 endfacet
 facet normal -0.000000e+00  0.000000e+00 -1.000000e+00
   outer loop
     vertex  1.322150e+02 -6.097000e+01  0.000000e+00
     vertex  1.300000e+02 -6.258000e+01  0.000000e+00
     vertex  1.319950e+02 -6.094104e+01  0.000000e+00
   endloop
 endfacet
 facet normal -0.000000e+00  0.000000e+00 -1.000000e+00
   outer loop
     vertex  1.292500e+02 -5.793301e+01  0.000000e+00
     vertex  1.291464e+02 -5.968645e+01  0.000000e+00
     vertex  1.291464e+02 -5.785355e+01  0.000000e+00
   endloop
 endfacet
 facet normal  0.000000e+00 -0.000000e+00 -1.000000e+00
   outer loop
     vertex  1.292500e+02 -5.793301e+01  0.000000e+00
     vertex  1.292500e+02 -5.960699e+01  0.000000e+00
     vertex  1.291464e+02 -5.968645e+01  0.000000e+00
   endloop
 endfacet
 facet normal  0.000000e+00  0.000000e+00 -1.000000e+00
   outer loop
     vertex  1.292500e+02 -5.793301e+01  0.000000e+00
     vertex  1.293706e+02 -5.955704e+01  0.000000e+00
     vertex  1.292500e+02 -5.960699e+01  0.000000e+00
   endloop
 endfacet
 facet normal  0.000000e+00  0.000000e+00 -1.000000e+00
   outer loop
     vertex  1.290670e+02 -5.775000e+01  0.000000e+00
     vertex  1.291464e+02 -5.785355e+01  0.000000e+00
     vertex  1.291464e+02 -5.968645e+01  0.000000e+00
   endloop
 endfacet
 facet normal  0.000000e+00  0.000000e+00 -1.000000e+00
   outer loop
     vertex  1.290670e+02 -5.775000e+01  0.000000e+00
     vertex  1.291464e+02 -5.968645e+01  0.000000e+00
     vertex  1.290670e+02 -5.979000e+01  0.000000e+00
   endloop
 endfacet
 facet normal  0.000000e+00  0.000000e+00 -1.000000e+00
   outer loop
     vertex  1.290170e+02 -5.762941e+01  0.000000e+00
     vertex  1.290670e+02 -5.775000e+01  0.000000e+00
     vertex  1.290670e+02 -5.979000e+01  0.000000e+00
   endloop
 endfacet
 facet normal  0.000000e+00  0.000000e+00 -1.000000e+00
   outer loop
     vertex  1.290170e+02 -5.762941e+01  0.000000e+00
     vertex  1.290670e+02 -5.979000e+01  0.000000e+00
     vertex  1.290170e+02 -5.991059e+01  0.000000e+00
   endloop
 endfacet
 facet normal -0.000000e+00 -0.000000e+00 -1.000000e+00
   outer loop
     vertex  1.293706e+02 -5.798296e+01  0.000000e+00
     vertex  1.293706e+02 -5.955704e+01  0.000000e+00
     vertex  1.292500e+02 -5.793301e+01  0.000000e+00
   endloop
 endfacet
 facet normal -0.000000e+00  0.000000e+00 -1.000000e+00
   outer loop
     vertex  1.313940e+02 -5.990000e+01  0.000000e+00
     vertex  1.299830e+02 -5.991059e+01  0.000000e+00
     vertex  1.299330e+02 -5.979000e+01  0.000000e+00
   endloop
 endfacet
 facet normal  0.000000e+00  0.000000e+00 -1.000000e+00
   outer loop
     vertex  1.313940e+02 -5.990000e+01  0.000000e+00
     vertex  1.300000e+02 -6.004000e+01  0.000000e+00
     vertex  1.299830e+02 -5.991059e+01  0.000000e+00
   endloop
 endfacet
 facet normal  0.000000e+00  0.000000e+00 -1.000000e+00
   outer loop
     vertex  1.313940e+02 -5.990000e+01  0.000000e+00
     vertex  1.313650e+02 -6.012000e+01  0.000000e+00
     vertex  1.300000e+02 -6.004000e+01  0.000000e+00
   endloop
 endfacet
 facet normal  0.000000e+00  0.000000e+00 -1.000000e+00
   outer loop
     vertex  1.324350e+02 -6.094104e+01  0.000000e+00
     vertex  1.299830e+02 -6.499059e+01  0.000000e+00
     vertex  1.322150e+02 -6.097000e+01  0.000000e+00
   endloop
 endfacet
 facet normal -0.000000e+00  0.000000e+00 -1.000000e+00
   outer loop
     vertex  1.295000e+02 -5.800000e+01  0.000000e+00
     vertex  1.293706e+02 -5.955704e+01  0.000000e+00
     vertex  1.293706e+02 -5.798296e+01  0.000000e+00
   endloop
 endfacet
 facet normal  0.000000e+00 -0.000000e+00 -1.000000e+00
   outer loop
     vertex  1.295000e+02 -5.800000e+01  0.000000e+00
     vertex  1.295000e+02 -5.954000e+01  0.000000e+00
     vertex  1.293706e+02 -5.955704e+01  0.000000e+00
   endloop
 endfacet
 facet normal  0.000000e+00  0.000000e+00 -1.000000e+00
   outer loop
     vertex  1.290000e+02 -5.750000e+01  0.000000e+00
     vertex  1.290170e+02 -5.991059e+01  0.000000e+00
     vertex  1.290000e+02 -6.004000e+01  0.000000e+00
   endloop
 endfacet
 facet normal  0.000000e+00  0.000000e+00 -1.000000e+00
   outer loop
     vertex  1.290000e+02 -5.750000e+01  0.000000e+00
     vertex  1.290170e+02 -5.762941e+01  0.000000e+00
     vertex  1.290170e+02 -5.991059e+01  0.000000e+00
   endloop
 endfacet
 facet normal  0.000000e+00  0.000000e+00 -1.000000e+00
   outer loop
     vertex  1.296294e+02 -5.798296e+01  0.000000e+00
     vertex  1.295000e+02 -5.954000e+01  0.000000e+00
     vertex  1.295000e+02 -5.800000e+01  0.000000e+00
   endloop
 endfacet
 facet normal  0.000000e+00 -0.000000e+00 -1.000000e+00
   outer loop
     vertex  1.296294e+02 -5.798296e+01  0.000000e+00
     vertex  1.296294e+02 -5.955704e+01  0.000000e+00
     vertex  1.295000e+02 -5.954000e+01  0.000000e+00
   endloop
 endfacet
 facet normal -0.000000e+00  0.000000e+00 -1.000000e+00
   outer loop
     vertex  1.314789e+02 -5.969500e+01  0.000000e+00
     vertex  1.299330e+02 -5.979000e+01  0.000000e+00
     vertex  1.298536e+02 -5.968645e+01  0.000000e+00
   endloop
 endfacet
 facet normal  0.000000e+00  0.000000e+00 -1.000000e+00
   outer loop
     vertex  1.314789e+02 -5.969500e+01  0.000000e+00
     vertex  1.313940e+02 -5.990000e+01  0.000000e+00
     vertex  1.299330e+02 -5.979000e+01  0.000000e+00
   endloop
 endfacet
 facet normal  0.000000e+00  0.000000e+00 -1.000000e+00
   outer loop
     vertex  1.297500e+02 -5.793301e+01  0.000000e+00
     vertex  1.296294e+02 -5.955704e+01  0.000000e+00
     vertex  1.296294e+02 -5.798296e+01  0.000000e+00
   endloop
 endfacet
 facet normal  0.000000e+00 -0.000000e+00 -1.000000e+00
   outer loop
     vertex  1.297500e+02 -5.793301e+01  0.000000e+00
     vertex  1.297500e+02 -5.960699e+01  0.000000e+00
     vertex  1.296294e+02 -5.955704e+01  0.000000e+00
   endloop
 endfacet
 facet normal  0.000000e+00  0.000000e+00 -1.000000e+00
   outer loop
     vertex  1.297500e+02 -5.793301e+01  0.000000e+00
     vertex  1.298536e+02 -5.968645e+01  0.000000e+00
     vertex  1.297500e+02 -5.960699e+01  0.000000e+00
   endloop
 endfacet
 facet normal  0.000000e+00 -0.000000e+00 -1.000000e+00
   outer loop
     vertex  1.298536e+02 -5.785355e+01  0.000000e+00
     vertex  1.298536e+02 -5.968645e+01  0.000000e+00
     vertex  1.297500e+02 -5.793301e+01  0.000000e+00
   endloop
 endfacet
 facet normal -0.000000e+00  0.000000e+00 -1.000000e+00
   outer loop
     vertex  1.316140e+02 -5.951896e+01  0.000000e+00
     vertex  1.298536e+02 -5.968645e+01  0.000000e+00
     vertex  1.298536e+02 -5.785355e+01  0.000000e+00
   endloop
 endfacet
 facet normal  0.000000e+00  0.000000e+00 -1.000000e+00
   outer loop
     vertex  1.316140e+02 -5.951896e+01  0.000000e+00
     vertex  1.314789e+02 -5.969500e+01  0.000000e+00
     vertex  1.298536e+02 -5.968645e+01  0.000000e+00
   endloop
 endfacet
 facet normal  0.000000e+00 -0.000000e+00 -1.000000e+00
   outer loop
     vertex  1.299330e+02 -5.775000e+01  0.000000e+00
     vertex  1.316140e+02 -5.951896e+01  0.000000e+00
     vertex  1.298536e+02 -5.785355e+01  0.000000e+00
   endloop
 endfacet
 facet normal -0.000000e+00  0.000000e+00 -1.000000e+00
   outer loop
     vertex  1.317900e+02 -5.938388e+01  0.000000e+00
     vertex  1.316140e+02 -5.951896e+01  0.000000e+00
     vertex  1.299330e+02 -5.775000e+01  0.000000e+00
   endloop
 endfacet
 facet normal  0.000000e+00  0.000000e+00 -1.000000e+00
   outer loop
     vertex  1.317900e+02 -5.938388e+01  0.000000e+00
     vertex  1.299330e+02 -5.775000e+01  0.000000e+00
     vertex  1.299830e+02 -5.762941e+01  0.000000e+00
   endloop
 endfacet
 facet normal -0.000000e+00  0.000000e+00 -1.000000e+00
   outer loop
     vertex  1.319950e+02 -5.929896e+01  0.000000e+00
     vertex  1.317900e+02 -5.938388e+01  0.000000e+00
     vertex  1.299830e+02 -5.762941e+01  0.000000e+00
   endloop
 endfacet
 facet normal  0.000000e+00  0.000000e+00 -1.000000e+00
   outer loop
     vertex  1.291464e+02 -5.531355e+01  0.000000e+00
     vertex  1.292500e+02 -5.706699e+01  0.000000e+00
     vertex  1.291464e+02 -5.714645e+01  0.000000e+00
   endloop
 endfacet
 facet normal  0.000000e+00  0.000000e+00 -1.000000e+00
   outer loop
     vertex  1.443964e+02 -7.055355e+01  0.000000e+00
     vertex  1.404845e+02 -7.380000e+01  0.000000e+00
     vertex  1.403653e+02 -7.364467e+01  0.000000e+00
   endloop
 endfacet
 facet normal -0.000000e+00 -0.000000e+00 -1.000000e+00
   outer loop
     vertex  1.292500e+02 -5.539301e+01  0.000000e+00
     vertex  1.292500e+02 -5.706699e+01  0.000000e+00
     vertex  1.291464e+02 -5.531355e+01  0.000000e+00
   endloop
 endfacet
 facet normal  0.000000e+00  0.000000e+00 -1.000000e+00
   outer loop
     vertex  1.290670e+02 -5.521000e+01  0.000000e+00
     vertex  1.291464e+02 -5.714645e+01  0.000000e+00
     vertex  1.290670e+02 -5.725000e+01  0.000000e+00
   endloop
 endfacet
 facet normal  0.000000e+00  0.000000e+00 -1.000000e+00
   outer loop
     vertex  1.290670e+02 -5.521000e+01  0.000000e+00
     vertex  1.291464e+02 -5.531355e+01  0.000000e+00
     vertex  1.291464e+02 -5.714645e+01  0.000000e+00
   endloop
 endfacet
 facet normal  0.000000e+00  0.000000e+00 -1.000000e+00
   outer loop
     vertex  1.445000e+02 -7.063301e+01  0.000000e+00
     vertex  1.405594e+02 -7.398089e+01  0.000000e+00
     vertex  1.404845e+02 -7.380000e+01  0.000000e+00
   endloop
 endfacet
 facet normal -0.000000e+00  0.000000e+00 -1.000000e+00
   outer loop
     vertex  1.445000e+02 -7.063301e+01  0.000000e+00
     vertex  1.404845e+02 -7.380000e+01  0.000000e+00
     vertex  1.443964e+02 -7.055355e+01  0.000000e+00
   endloop
 endfacet
 facet normal  0.000000e+00  0.000000e+00 -1.000000e+00
   outer loop
     vertex  1.443170e+02 -7.045000e+01  0.000000e+00
     vertex  1.403653e+02 -7.364467e+01  0.000000e+00
     vertex  1.402100e+02 -7.352548e+01  0.000000e+00
   endloop
 endfacet
 facet normal  0.000000e+00 -0.000000e+00 -1.000000e+00
   outer loop
     vertex  1.443170e+02 -7.045000e+01  0.000000e+00
     vertex  1.443964e+02 -7.055355e+01  0.000000e+00
     vertex  1.403653e+02 -7.364467e+01  0.000000e+00
   endloop
 endfacet
 facet normal  0.000000e+00  0.000000e+00 -1.000000e+00
   outer loop
     vertex  1.290170e+02 -5.508941e+01  0.000000e+00
     vertex  1.290670e+02 -5.725000e+01  0.000000e+00
     vertex  1.290170e+02 -5.737059e+01  0.000000e+00
   endloop
 endfacet
 facet normal  0.000000e+00  0.000000e+00 -1.000000e+00
   outer loop
     vertex  1.290170e+02 -5.508941e+01  0.000000e+00
     vertex  1.290670e+02 -5.521000e+01  0.000000e+00
     vertex  1.290670e+02 -5.725000e+01  0.000000e+00
   endloop
 endfacet
 facet normal  0.000000e+00 -0.000000e+00 -1.000000e+00
   outer loop
     vertex  1.293706e+02 -5.544296e+01  0.000000e+00
     vertex  1.293706e+02 -5.701704e+01  0.000000e+00
     vertex  1.292500e+02 -5.706699e+01  0.000000e+00
   endloop
 endfacet
 facet normal -0.000000e+00  0.000000e+00 -1.000000e+00
   outer loop
     vertex  1.293706e+02 -5.544296e+01  0.000000e+00
     vertex  1.292500e+02 -5.706699e+01  0.000000e+00
     vertex  1.292500e+02 -5.539301e+01  0.000000e+00
   endloop
 endfacet
 facet normal  0.000000e+00  0.000000e+00 -1.000000e+00
   outer loop
     vertex  1.446206e+02 -7.068296e+01  0.000000e+00
     vertex  1.405850e+02 -7.417500e+01  0.000000e+00
     vertex  1.405594e+02 -7.398089e+01  0.000000e+00
   endloop
 endfacet
 facet normal -0.000000e+00  0.000000e+00 -1.000000e+00
   outer loop
     vertex  1.446206e+02 -7.068296e+01  0.000000e+00
     vertex  1.405594e+02 -7.398089e+01  0.000000e+00
     vertex  1.445000e+02 -7.063301e+01  0.000000e+00
   endloop
 endfacet
 facet normal  0.000000e+00  0.000000e+00 -1.000000e+00
   outer loop
     vertex  1.442670e+02 -7.032941e+01  0.000000e+00
     vertex  1.402100e+02 -7.352548e+01  0.000000e+00
     vertex  1.400291e+02 -7.345056e+01  0.000000e+00
   endloop
 endfacet
 facet normal  0.000000e+00 -0.000000e+00 -1.000000e+00
   outer loop
     vertex  1.442670e+02 -7.032941e+01  0.000000e+00
     vertex  1.443170e+02 -7.045000e+01  0.000000e+00
     vertex  1.402100e+02 -7.352548e+01  0.000000e+00
   endloop
 endfacet
 facet normal  0.000000e+00 -0.000000e+00 -1.000000e+00
   outer loop
     vertex  1.295000e+02 -5.546000e+01  0.000000e+00
     vertex  1.295000e+02 -5.700000e+01  0.000000e+00
     vertex  1.293706e+02 -5.701704e+01  0.000000e+00
   endloop
 endfacet
 facet normal  0.000000e+00  0.000000e+00 -1.000000e+00
   outer loop
     vertex  1.295000e+02 -5.546000e+01  0.000000e+00
     vertex  1.296294e+02 -5.701704e+01  0.000000e+00
     vertex  1.295000e+02 -5.700000e+01  0.000000e+00
   endloop
 endfacet
 facet normal -0.000000e+00  0.000000e+00 -1.000000e+00
   outer loop
     vertex  1.295000e+02 -5.546000e+01  0.000000e+00
     vertex  1.293706e+02 -5.701704e+01  0.000000e+00
     vertex  1.293706e+02 -5.544296e+01  0.000000e+00
   endloop
 endfacet
 facet normal  0.000000e+00  0.000000e+00 -1.000000e+00
   outer loop
     vertex  1.447500e+02 -7.070000e+01  0.000000e+00
     vertex  1.405594e+02 -7.436911e+01  0.000000e+00
     vertex  1.405850e+02 -7.417500e+01  0.000000e+00
   endloop
 endfacet
 facet normal  0.000000e+00  0.000000e+00 -1.000000e+00
   outer loop
     vertex  1.447500e+02 -7.070000e+01  0.000000e+00
     vertex  1.428000e+02 -7.851888e+01  0.000000e+00
     vertex  1.405594e+02 -7.436911e+01  0.000000e+00
   endloop
 endfacet
 facet normal -0.000000e+00  0.000000e+00 -1.000000e+00
   outer loop
     vertex  1.447500e+02 -7.070000e+01  0.000000e+00
     vertex  1.405850e+02 -7.417500e+01  0.000000e+00
     vertex  1.446206e+02 -7.068296e+01  0.000000e+00
   endloop
 endfacet
 facet normal  0.000000e+00 -0.000000e+00 -1.000000e+00
   outer loop
     vertex  1.442500e+02 -7.020000e+01  0.000000e+00
     vertex  1.442670e+02 -7.032941e+01  0.000000e+00
     vertex  1.400291e+02 -7.345056e+01  0.000000e+00
   endloop
 endfacet
 facet normal  0.000000e+00 -0.000000e+00 -1.000000e+00
   outer loop
     vertex  1.296294e+02 -5.544296e+01  0.000000e+00
     vertex  1.296294e+02 -5.701704e+01  0.000000e+00
     vertex  1.295000e+02 -5.546000e+01  0.000000e+00
   endloop
 endfacet
 facet normal  0.000000e+00  0.000000e+00 -1.000000e+00
   outer loop
     vertex  1.442670e+02 -7.007059e+01  0.000000e+00
     vertex  1.400291e+02 -7.345056e+01  0.000000e+00
     vertex  1.398350e+02 -7.342500e+01  0.000000e+00
   endloop
 endfacet
 facet normal  0.000000e+00  0.000000e+00 -1.000000e+00
   outer loop
     vertex  1.442670e+02 -7.007059e+01  0.000000e+00
     vertex  1.442500e+02 -7.020000e+01  0.000000e+00
     vertex  1.400291e+02 -7.345056e+01  0.000000e+00
   endloop
 endfacet
 facet normal  0.000000e+00  0.000000e+00 -1.000000e+00
   outer loop
     vertex  1.448794e+02 -7.068296e+01  0.000000e+00
     vertex  1.429760e+02 -7.865396e+01  0.000000e+00
     vertex  1.428000e+02 -7.851888e+01  0.000000e+00
   endloop
 endfacet
 facet normal  0.000000e+00  0.000000e+00 -1.000000e+00
   outer loop
     vertex  1.448794e+02 -7.068296e+01  0.000000e+00
     vertex  1.428000e+02 -7.851888e+01  0.000000e+00
     vertex  1.447500e+02 -7.070000e+01  0.000000e+00
   endloop
 endfacet
 facet normal  0.000000e+00  0.000000e+00 -1.000000e+00
   outer loop
     vertex  1.358808e+02 -6.153421e+01  0.000000e+00
     vertex  1.300000e+02 -6.512000e+01  0.000000e+00
     vertex  1.299830e+02 -6.499059e+01  0.000000e+00
   endloop
 endfacet
 facet normal  0.000000e+00  0.000000e+00 -1.000000e+00
   outer loop
     vertex  1.358808e+02 -6.153421e+01  0.000000e+00
     vertex  1.324350e+02 -6.094104e+01  0.000000e+00
     vertex  1.326400e+02 -6.085612e+01  0.000000e+00
   endloop
 endfacet
 facet normal -0.000000e+00  0.000000e+00 -1.000000e+00
   outer loop
     vertex  1.358808e+02 -6.153421e+01  0.000000e+00
     vertex  1.299830e+02 -6.499059e+01  0.000000e+00
     vertex  1.324350e+02 -6.094104e+01  0.000000e+00
   endloop
 endfacet
 facet normal  0.000000e+00 -0.000000e+00 -1.000000e+00
   outer loop
     vertex  1.297500e+02 -5.539301e+01  0.000000e+00
     vertex  1.297500e+02 -5.706699e+01  0.000000e+00
     vertex  1.296294e+02 -5.701704e+01  0.000000e+00
   endloop
 endfacet
 facet normal  0.000000e+00  0.000000e+00 -1.000000e+00
   outer loop
     vertex  1.297500e+02 -5.539301e+01  0.000000e+00
     vertex  1.296294e+02 -5.701704e+01  0.000000e+00
     vertex  1.296294e+02 -5.544296e+01  0.000000e+00
   endloop
 endfacet
 facet normal  0.000000e+00  0.000000e+00 -1.000000e+00
   outer loop
     vertex  1.450000e+02 -7.063301e+01  0.000000e+00
     vertex  1.429760e+02 -7.865396e+01  0.000000e+00
     vertex  1.448794e+02 -7.068296e+01  0.000000e+00
   endloop
 endfacet
 facet normal  0.000000e+00  0.000000e+00 -1.000000e+00
   outer loop
     vertex  1.450000e+02 -7.063301e+01  0.000000e+00
     vertex  1.431111e+02 -7.883000e+01  0.000000e+00
     vertex  1.429760e+02 -7.865396e+01  0.000000e+00
   endloop
 endfacet
 facet normal -0.000000e+00  0.000000e+00 -1.000000e+00
   outer loop
     vertex  1.362950e+02 -6.185205e+01  0.000000e+00
     vertex  1.300000e+02 -6.512000e+01  0.000000e+00
     vertex  1.358808e+02 -6.153421e+01  0.000000e+00
   endloop
 endfacet
 facet normal  0.000000e+00  0.000000e+00 -1.000000e+00
   outer loop
     vertex  1.362950e+02 -6.185205e+01  0.000000e+00
     vertex  1.299830e+02 -6.753059e+01  0.000000e+00
     vertex  1.299830e+02 -6.524941e+01  0.000000e+00
   endloop
 endfacet
 facet normal  0.000000e+00  0.000000e+00 -1.000000e+00
   outer loop
     vertex  1.362950e+02 -6.185205e+01  0.000000e+00
     vertex  1.299830e+02 -6.524941e+01  0.000000e+00
     vertex  1.300000e+02 -6.512000e+01  0.000000e+00
   endloop
 endfacet
 facet normal -0.000000e+00 -0.000000e+00 -1.000000e+00
   outer loop
     vertex  1.355629e+02 -6.112000e+01  0.000000e+00
     vertex  1.358808e+02 -6.153421e+01  0.000000e+00
     vertex  1.326400e+02 -6.085612e+01  0.000000e+00
   endloop
 endfacet
 facet normal  0.000000e+00  0.000000e+00 -1.000000e+00
   outer loop
     vertex  1.355629e+02 -6.112000e+01  0.000000e+00
     vertex  1.328160e+02 -6.072104e+01  0.000000e+00
     vertex  1.329511e+02 -6.054500e+01  0.000000e+00
   endloop
 endfacet
 facet normal  0.000000e+00  0.000000e+00 -1.000000e+00
   outer loop
     vertex  1.355629e+02 -6.112000e+01  0.000000e+00
     vertex  1.326400e+02 -6.085612e+01  0.000000e+00
     vertex  1.328160e+02 -6.072104e+01  0.000000e+00
   endloop
 endfacet
 facet normal  0.000000e+00 -0.000000e+00 -1.000000e+00
   outer loop
     vertex  1.298536e+02 -5.531355e+01  0.000000e+00
     vertex  1.298536e+02 -5.714645e+01  0.000000e+00
     vertex  1.297500e+02 -5.706699e+01  0.000000e+00
   endloop
 endfacet
 facet normal  0.000000e+00  0.000000e+00 -1.000000e+00
   outer loop
     vertex  1.298536e+02 -5.531355e+01  0.000000e+00
     vertex  1.297500e+02 -5.706699e+01  0.000000e+00
     vertex  1.297500e+02 -5.539301e+01  0.000000e+00
   endloop
 endfacet
 facet normal  0.000000e+00  0.000000e+00 -1.000000e+00
   outer loop
     vertex  1.451036e+02 -7.055355e+01  0.000000e+00
     vertex  1.431111e+02 -7.883000e+01  0.000000e+00
     vertex  1.450000e+02 -7.063301e+01  0.000000e+00
   endloop
 endfacet
 facet normal  0.000000e+00  0.000000e+00 -1.000000e+00
   outer loop
     vertex  1.451036e+02 -7.055355e+01  0.000000e+00
     vertex  1.431960e+02 -7.903500e+01  0.000000e+00
     vertex  1.431111e+02 -7.883000e+01  0.000000e+00
   endloop
 endfacet
 facet normal  0.000000e+00 -0.000000e+00 -1.000000e+00
   outer loop
     vertex  1.299330e+02 -5.521000e+01  0.000000e+00
     vertex  1.299330e+02 -5.725000e+01  0.000000e+00
     vertex  1.298536e+02 -5.714645e+01  0.000000e+00
   endloop
 endfacet
 facet normal  0.000000e+00  0.000000e+00 -1.000000e+00
   outer loop
     vertex  1.299330e+02 -5.521000e+01  0.000000e+00
     vertex  1.298536e+02 -5.714645e+01  0.000000e+00
     vertex  1.298536e+02 -5.531355e+01  0.000000e+00
   endloop
 endfacet
 facet normal  0.000000e+00 -0.000000e+00 -1.000000e+00
   outer loop
     vertex  1.367774e+02 -6.205185e+01  0.000000e+00
     vertex  1.394600e+02 -7.352548e+01  0.000000e+00
     vertex  1.300000e+02 -6.766000e+01  0.000000e+00
   endloop
 endfacet
 facet normal  0.000000e+00  0.000000e+00 -1.000000e+00
   outer loop
     vertex  1.367774e+02 -6.205185e+01  0.000000e+00
     vertex  1.300000e+02 -6.766000e+01  0.000000e+00
     vertex  1.299830e+02 -6.753059e+01  0.000000e+00
   endloop
 endfacet
 facet normal -0.000000e+00  0.000000e+00 -1.000000e+00
   outer loop
     vertex  1.367774e+02 -6.205185e+01  0.000000e+00
     vertex  1.299830e+02 -6.753059e+01  0.000000e+00
     vertex  1.362950e+02 -6.185205e+01  0.000000e+00
   endloop
 endfacet
 facet normal -0.000000e+00 -0.000000e+00 -1.000000e+00
   outer loop
     vertex  1.353631e+02 -6.063764e+01  0.000000e+00
     vertex  1.355629e+02 -6.112000e+01  0.000000e+00
     vertex  1.329511e+02 -6.054500e+01  0.000000e+00
   endloop
 endfacet
 facet normal  0.000000e+00  0.000000e+00 -1.000000e+00
   outer loop
     vertex  1.353631e+02 -6.063764e+01  0.000000e+00
     vertex  1.329511e+02 -6.054500e+01  0.000000e+00
     vertex  1.330360e+02 -6.034000e+01  0.000000e+00
   endloop
 endfacet
 facet normal  0.000000e+00  0.000000e+00 -1.000000e+00
   outer loop
     vertex  1.451830e+02 -7.045000e+01  0.000000e+00
     vertex  1.431960e+02 -7.903500e+01  0.000000e+00
     vertex  1.451036e+02 -7.055355e+01  0.000000e+00
   endloop
 endfacet
 facet normal  0.000000e+00  0.000000e+00 -1.000000e+00
   outer loop
     vertex  1.451830e+02 -7.045000e+01  0.000000e+00
     vertex  1.432250e+02 -7.925500e+01  0.000000e+00
     vertex  1.431960e+02 -7.903500e+01  0.000000e+00
   endloop
 endfacet
 facet normal  0.000000e+00  0.000000e+00 -1.000000e+00
   outer loop
     vertex  1.329547e+02 -5.811033e+01  0.000000e+00
     vertex  1.324350e+02 -5.929896e+01  0.000000e+00
     vertex  1.322150e+02 -5.927000e+01  0.000000e+00
   endloop
 endfacet
 facet normal  0.000000e+00 -0.000000e+00 -1.000000e+00
   outer loop
     vertex  1.328355e+02 -5.795500e+01  0.000000e+00
     vertex  1.329547e+02 -5.811033e+01  0.000000e+00
     vertex  1.322150e+02 -5.927000e+01  0.000000e+00
   endloop
 endfacet
 facet normal  0.000000e+00  0.000000e+00 -1.000000e+00
   outer loop
     vertex  1.328355e+02 -5.795500e+01  0.000000e+00
     vertex  1.322150e+02 -5.927000e+01  0.000000e+00
     vertex  1.319950e+02 -5.929896e+01  0.000000e+00
   endloop
 endfacet
 facet normal -0.000000e+00  0.000000e+00 -1.000000e+00
   outer loop
     vertex  1.331100e+02 -5.822952e+01  0.000000e+00
     vertex  1.324350e+02 -5.929896e+01  0.000000e+00
     vertex  1.329547e+02 -5.811033e+01  0.000000e+00
   endloop
 endfacet
 facet normal  0.000000e+00  0.000000e+00 -1.000000e+00
   outer loop
     vertex  1.331100e+02 -5.822952e+01  0.000000e+00
     vertex  1.326400e+02 -5.938388e+01  0.000000e+00
     vertex  1.324350e+02 -5.929896e+01  0.000000e+00
   endloop
 endfacet
 facet normal  0.000000e+00  0.000000e+00 -1.000000e+00
   outer loop
     vertex  1.452330e+02 -7.032941e+01  0.000000e+00
     vertex  1.432250e+02 -7.925500e+01  0.000000e+00
     vertex  1.451830e+02 -7.045000e+01  0.000000e+00
   endloop
 endfacet
 facet normal  0.000000e+00  0.000000e+00 -1.000000e+00
   outer loop
     vertex  1.452330e+02 -7.032941e+01  0.000000e+00
     vertex  1.431800e+02 -9.820000e+01  0.000000e+00
     vertex  1.431510e+02 -9.798000e+01  0.000000e+00
   endloop
 endfacet
 facet normal  0.000000e+00  0.000000e+00 -1.000000e+00
   outer loop
     vertex  1.452330e+02 -7.032941e+01  0.000000e+00
     vertex  1.431510e+02 -9.798000e+01  0.000000e+00
     vertex  1.431960e+02 -7.947500e+01  0.000000e+00
   endloop
 endfacet
 facet normal  0.000000e+00  0.000000e+00 -1.000000e+00
   outer loop
     vertex  1.452330e+02 -7.032941e+01  0.000000e+00
     vertex  1.431960e+02 -7.947500e+01  0.000000e+00
     vertex  1.432250e+02 -7.925500e+01  0.000000e+00
   endloop
 endfacet
 facet normal -0.000000e+00  0.000000e+00 -1.000000e+00
   outer loop
     vertex  1.332909e+02 -5.830444e+01  0.000000e+00
     vertex  1.326400e+02 -5.938388e+01  0.000000e+00
     vertex  1.331100e+02 -5.822952e+01  0.000000e+00
   endloop
 endfacet
 facet normal  0.000000e+00  0.000000e+00 -1.000000e+00
   outer loop
     vertex  1.332909e+02 -5.830444e+01  0.000000e+00
     vertex  1.328160e+02 -5.951896e+01  0.000000e+00
     vertex  1.326400e+02 -5.938388e+01  0.000000e+00
   endloop
 endfacet
 facet normal  0.000000e+00 -0.000000e+00 -1.000000e+00
   outer loop
     vertex  1.327606e+02 -5.777411e+01  0.000000e+00
     vertex  1.328355e+02 -5.795500e+01  0.000000e+00
     vertex  1.319950e+02 -5.929896e+01  0.000000e+00
   endloop
 endfacet
 facet normal -0.000000e+00  0.000000e+00 -1.000000e+00
   outer loop
     vertex  1.327606e+02 -5.777411e+01  0.000000e+00
     vertex  1.319950e+02 -5.929896e+01  0.000000e+00
     vertex  1.299830e+02 -5.762941e+01  0.000000e+00
   endloop
 endfacet
 facet normal -0.000000e+00  0.000000e+00 -1.000000e+00
   outer loop
     vertex  1.334850e+02 -5.833000e+01  0.000000e+00
     vertex  1.328160e+02 -5.951896e+01  0.000000e+00
     vertex  1.332909e+02 -5.830444e+01  0.000000e+00
   endloop
 endfacet
 facet normal  0.000000e+00  0.000000e+00 -1.000000e+00
   outer loop
     vertex  1.334850e+02 -5.833000e+01  0.000000e+00
     vertex  1.329511e+02 -5.969500e+01  0.000000e+00
     vertex  1.328160e+02 -5.951896e+01  0.000000e+00
   endloop
 endfacet
 facet normal -0.000000e+00  0.000000e+00 -1.000000e+00
   outer loop
     vertex  1.327350e+02 -5.758000e+01  0.000000e+00
     vertex  1.299830e+02 -5.762941e+01  0.000000e+00
     vertex  1.300000e+02 -5.750000e+01  0.000000e+00
   endloop
 endfacet
 facet normal  0.000000e+00 -0.000000e+00 -1.000000e+00
   outer loop
     vertex  1.327350e+02 -5.758000e+01  0.000000e+00
     vertex  1.327606e+02 -5.777411e+01  0.000000e+00
     vertex  1.299830e+02 -5.762941e+01  0.000000e+00
   endloop
 endfacet
 facet normal  0.000000e+00  0.000000e+00 -1.000000e+00
   outer loop
     vertex  1.372950e+02 -6.212000e+01  0.000000e+00
     vertex  1.396409e+02 -7.345056e+01  0.000000e+00
     vertex  1.394600e+02 -7.352548e+01  0.000000e+00
   endloop
 endfacet
 facet normal -0.000000e+00 -0.000000e+00 -1.000000e+00
   outer loop
     vertex  1.372950e+02 -6.212000e+01  0.000000e+00
     vertex  1.394600e+02 -7.352548e+01  0.000000e+00
     vertex  1.367774e+02 -6.205185e+01  0.000000e+00
   endloop
 endfacet
 facet normal  0.000000e+00 -0.000000e+00 -1.000000e+00
   outer loop
     vertex  1.352950e+02 -6.012000e+01  0.000000e+00
     vertex  1.353631e+02 -6.063764e+01  0.000000e+00
     vertex  1.330360e+02 -6.034000e+01  0.000000e+00
   endloop
 endfacet
 facet normal -0.000000e+00  0.000000e+00 -1.000000e+00
   outer loop
     vertex  1.352950e+02 -6.012000e+01  0.000000e+00
     vertex  1.330650e+02 -6.012000e+01  0.000000e+00
     vertex  1.330360e+02 -5.990000e+01  0.000000e+00
   endloop
 endfacet
 facet normal  0.000000e+00  0.000000e+00 -1.000000e+00
   outer loop
     vertex  1.352950e+02 -6.012000e+01  0.000000e+00
     vertex  1.330360e+02 -6.034000e+01  0.000000e+00
     vertex  1.330650e+02 -6.012000e+01  0.000000e+00
   endloop
 endfacet
 facet normal  0.000000e+00  0.000000e+00 -1.000000e+00
   outer loop
     vertex  1.327606e+02 -5.738589e+01  0.000000e+00
     vertex  1.299830e+02 -5.737059e+01  0.000000e+00
     vertex  1.299330e+02 -5.725000e+01  0.000000e+00
   endloop
 endfacet
 facet normal -0.000000e+00  0.000000e+00 -1.000000e+00
   outer loop
     vertex  1.327606e+02 -5.738589e+01  0.000000e+00
     vertex  1.300000e+02 -5.750000e+01  0.000000e+00
     vertex  1.299830e+02 -5.737059e+01  0.000000e+00
   endloop
 endfacet
 facet normal  0.000000e+00  0.000000e+00 -1.000000e+00
   outer loop
     vertex  1.327606e+02 -5.738589e+01  0.000000e+00
     vertex  1.327350e+02 -5.758000e+01  0.000000e+00
     vertex  1.300000e+02 -5.750000e+01  0.000000e+00
   endloop
 endfacet
 facet normal  0.000000e+00  0.000000e+00 -1.000000e+00
   outer loop
     vertex  1.336791e+02 -5.830444e+01  0.000000e+00
     vertex  1.329511e+02 -5.969500e+01  0.000000e+00
     vertex  1.334850e+02 -5.833000e+01  0.000000e+00
   endloop
 endfacet
 facet normal  0.000000e+00  0.000000e+00 -1.000000e+00
   outer loop
     vertex  1.336791e+02 -5.830444e+01  0.000000e+00
     vertex  1.330360e+02 -5.990000e+01  0.000000e+00
     vertex  1.329511e+02 -5.969500e+01  0.000000e+00
   endloop
 endfacet
 facet normal -0.000000e+00  0.000000e+00 -1.000000e+00
   outer loop
     vertex  1.328355e+02 -5.720500e+01  0.000000e+00
     vertex  1.299330e+02 -5.725000e+01  0.000000e+00
     vertex  1.299330e+02 -5.521000e+01  0.000000e+00
   endloop
 endfacet
 facet normal  0.000000e+00  0.000000e+00 -1.000000e+00
   outer loop
     vertex  1.328355e+02 -5.720500e+01  0.000000e+00
     vertex  1.327606e+02 -5.738589e+01  0.000000e+00
     vertex  1.299330e+02 -5.725000e+01  0.000000e+00
   endloop
 endfacet
 facet normal  0.000000e+00  0.000000e+00 -1.000000e+00
   outer loop
     vertex  1.353631e+02 -5.960236e+01  0.000000e+00
     vertex  1.336791e+02 -5.830444e+01  0.000000e+00
     vertex  1.338600e+02 -5.822952e+01  0.000000e+00
   endloop
 endfacet
 facet normal -0.000000e+00  0.000000e+00 -1.000000e+00
   outer loop
     vertex  1.353631e+02 -5.960236e+01  0.000000e+00
     vertex  1.330360e+02 -5.990000e+01  0.000000e+00
     vertex  1.336791e+02 -5.830444e+01  0.000000e+00
   endloop
 endfacet
 facet normal  0.000000e+00  0.000000e+00 -1.000000e+00
   outer loop
     vertex  1.353631e+02 -5.960236e+01  0.000000e+00
     vertex  1.352950e+02 -6.012000e+01  0.000000e+00
     vertex  1.330360e+02 -5.990000e+01  0.000000e+00
   endloop
 endfacet
 facet normal  0.000000e+00 -0.000000e+00 -1.000000e+00
   outer loop
     vertex  1.378126e+02 -6.205185e+01  0.000000e+00
     vertex  1.396409e+02 -7.345056e+01  0.000000e+00
     vertex  1.372950e+02 -6.212000e+01  0.000000e+00
   endloop
 endfacet
 facet normal -0.000000e+00  0.000000e+00 -1.000000e+00
   outer loop
     vertex  1.329547e+02 -5.704967e+01  0.000000e+00
     vertex  1.328355e+02 -5.720500e+01  0.000000e+00
     vertex  1.299330e+02 -5.521000e+01  0.000000e+00
   endloop
 endfacet
 facet normal  0.000000e+00  0.000000e+00 -1.000000e+00
   outer loop
     vertex  1.329547e+02 -5.704967e+01  0.000000e+00
     vertex  1.299330e+02 -5.521000e+01  0.000000e+00
     vertex  1.299830e+02 -5.508941e+01  0.000000e+00
   endloop
 endfacet
 facet normal -0.000000e+00  0.000000e+00 -1.000000e+00
   outer loop
     vertex  1.331100e+02 -5.693048e+01  0.000000e+00
     vertex  1.329547e+02 -5.704967e+01  0.000000e+00
     vertex  1.299830e+02 -5.508941e+01  0.000000e+00
   endloop
 endfacet
 facet normal  0.000000e+00  0.000000e+00 -1.000000e+00
   outer loop
     vertex  1.331100e+02 -5.693048e+01  0.000000e+00
     vertex  1.299830e+02 -5.508941e+01  0.000000e+00
     vertex  1.300000e+02 -5.496000e+01  0.000000e+00
   endloop
 endfacet
 facet normal  0.000000e+00  0.000000e+00 -1.000000e+00
   outer loop
     vertex  1.443964e+02 -6.801355e+01  0.000000e+00
     vertex  1.445000e+02 -6.976699e+01  0.000000e+00
     vertex  1.443964e+02 -6.984645e+01  0.000000e+00
   endloop
 endfacet
 facet normal -0.000000e+00 -0.000000e+00 -1.000000e+00
   outer loop
     vertex  1.445000e+02 -6.809301e+01  0.000000e+00
     vertex  1.445000e+02 -6.976699e+01  0.000000e+00
     vertex  1.443964e+02 -6.801355e+01  0.000000e+00
   endloop
 endfacet
 facet normal  0.000000e+00  0.000000e+00 -1.000000e+00
   outer loop
     vertex  1.443170e+02 -6.791000e+01  0.000000e+00
     vertex  1.443964e+02 -6.984645e+01  0.000000e+00
     vertex  1.443170e+02 -6.995000e+01  0.000000e+00
   endloop
 endfacet
 facet normal  0.000000e+00  0.000000e+00 -1.000000e+00
   outer loop
     vertex  1.443170e+02 -6.791000e+01  0.000000e+00
     vertex  1.443964e+02 -6.801355e+01  0.000000e+00
     vertex  1.443964e+02 -6.984645e+01  0.000000e+00
   endloop
 endfacet
 facet normal  0.000000e+00  0.000000e+00 -1.000000e+00
   outer loop
     vertex  1.332909e+02 -5.685556e+01  0.000000e+00
     vertex  1.300000e+02 -5.496000e+01  0.000000e+00
     vertex  1.299830e+02 -5.483059e+01  0.000000e+00
   endloop
 endfacet
 facet normal -0.000000e+00  0.000000e+00 -1.000000e+00
   outer loop
     vertex  1.332909e+02 -5.685556e+01  0.000000e+00
     vertex  1.331100e+02 -5.693048e+01  0.000000e+00
     vertex  1.300000e+02 -5.496000e+01  0.000000e+00
   endloop
 endfacet
 facet normal  0.000000e+00  0.000000e+00 -1.000000e+00
   outer loop
     vertex  1.355629e+02 -5.912000e+01  0.000000e+00
     vertex  1.340153e+02 -5.811033e+01  0.000000e+00
     vertex  1.341345e+02 -5.795500e+01  0.000000e+00
   endloop
 endfacet
 facet normal  0.000000e+00  0.000000e+00 -1.000000e+00
   outer loop
     vertex  1.355629e+02 -5.912000e+01  0.000000e+00
     vertex  1.338600e+02 -5.822952e+01  0.000000e+00
     vertex  1.340153e+02 -5.811033e+01  0.000000e+00
   endloop
 endfacet
 facet normal -0.000000e+00  0.000000e+00 -1.000000e+00
   outer loop
     vertex  1.355629e+02 -5.912000e+01  0.000000e+00
     vertex  1.353631e+02 -5.960236e+01  0.000000e+00
     vertex  1.338600e+02 -5.822952e+01  0.000000e+00
   endloop
 endfacet
 facet normal  0.000000e+00 -0.000000e+00 -1.000000e+00
   outer loop
     vertex  1.446206e+02 -6.814296e+01  0.000000e+00
     vertex  1.446206e+02 -6.971704e+01  0.000000e+00
     vertex  1.445000e+02 -6.976699e+01  0.000000e+00
   endloop
 endfacet
 facet normal -0.000000e+00  0.000000e+00 -1.000000e+00
   outer loop
     vertex  1.446206e+02 -6.814296e+01  0.000000e+00
     vertex  1.445000e+02 -6.976699e+01  0.000000e+00
     vertex  1.445000e+02 -6.809301e+01  0.000000e+00
   endloop
 endfacet
 facet normal  0.000000e+00  0.000000e+00 -1.000000e+00
   outer loop
     vertex  1.442670e+02 -6.778941e+01  0.000000e+00
     vertex  1.443170e+02 -6.791000e+01  0.000000e+00
     vertex  1.443170e+02 -6.995000e+01  0.000000e+00
   endloop
 endfacet
 facet normal  0.000000e+00  0.000000e+00 -1.000000e+00
   outer loop
     vertex  1.442670e+02 -6.778941e+01  0.000000e+00
     vertex  1.443170e+02 -6.995000e+01  0.000000e+00
     vertex  1.442670e+02 -7.007059e+01  0.000000e+00
   endloop
 endfacet
 facet normal  0.000000e+00 -0.000000e+00 -1.000000e+00
   outer loop
     vertex  1.442670e+02 -6.778941e+01  0.000000e+00
     vertex  1.442670e+02 -7.007059e+01  0.000000e+00
     vertex  1.398350e+02 -7.342500e+01  0.000000e+00
   endloop
 endfacet
 facet normal  0.000000e+00  0.000000e+00 -1.000000e+00
   outer loop
     vertex  1.260000e+02 -4.950000e+01  0.000000e+00
     vertex  1.290170e+02 -5.737059e+01  0.000000e+00
     vertex  1.290000e+02 -5.750000e+01  0.000000e+00
   endloop
 endfacet
 facet normal  0.000000e+00  0.000000e+00 -1.000000e+00
   outer loop
     vertex  1.260000e+02 -4.950000e+01  0.000000e+00
     vertex  1.290000e+02 -6.004000e+01  0.000000e+00
     vertex  1.290000e+02 -6.258000e+01  0.000000e+00
   endloop
 endfacet
 facet normal  0.000000e+00  0.000000e+00 -1.000000e+00
   outer loop
     vertex  1.260000e+02 -4.950000e+01  0.000000e+00
     vertex  1.290000e+02 -5.496000e+01  0.000000e+00
     vertex  1.290170e+02 -5.508941e+01  0.000000e+00
   endloop
 endfacet
 facet normal  0.000000e+00  0.000000e+00 -1.000000e+00
   outer loop
     vertex  1.260000e+02 -4.950000e+01  0.000000e+00
     vertex  1.290170e+02 -5.483059e+01  0.000000e+00
     vertex  1.290000e+02 -5.496000e+01  0.000000e+00
   endloop
 endfacet
 facet normal  0.000000e+00  0.000000e+00 -1.000000e+00
   outer loop
     vertex  1.260000e+02 -4.950000e+01  0.000000e+00
     vertex  1.290670e+02 -5.471000e+01  0.000000e+00
     vertex  1.290170e+02 -5.483059e+01  0.000000e+00
   endloop
 endfacet
 facet normal  0.000000e+00  0.000000e+00 -1.000000e+00
   outer loop
     vertex  1.260000e+02 -4.950000e+01  0.000000e+00
     vertex  1.291464e+02 -5.460645e+01  0.000000e+00
     vertex  1.290670e+02 -5.471000e+01  0.000000e+00
   endloop
 endfacet
 facet normal  0.000000e+00  0.000000e+00 -1.000000e+00
   outer loop
     vertex  1.260000e+02 -4.950000e+01  0.000000e+00
     vertex  1.292500e+02 -5.452699e+01  0.000000e+00
     vertex  1.291464e+02 -5.460645e+01  0.000000e+00
   endloop
 endfacet
 facet normal  0.000000e+00  0.000000e+00 -1.000000e+00
   outer loop
     vertex  1.260000e+02 -4.950000e+01  0.000000e+00
     vertex  1.293706e+02 -5.447704e+01  0.000000e+00
     vertex  1.292500e+02 -5.452699e+01  0.000000e+00
   endloop
 endfacet
 facet normal  0.000000e+00  0.000000e+00 -1.000000e+00
   outer loop
     vertex  1.260000e+02 -4.950000e+01  0.000000e+00
     vertex  1.295000e+02 -5.446000e+01  0.000000e+00
     vertex  1.293706e+02 -5.447704e+01  0.000000e+00
   endloop
 endfacet
 facet normal  0.000000e+00  0.000000e+00 -1.000000e+00
   outer loop
     vertex  1.260000e+02 -4.950000e+01  0.000000e+00
     vertex  1.296294e+02 -5.447704e+01  0.000000e+00
     vertex  1.295000e+02 -5.446000e+01  0.000000e+00
   endloop
 endfacet
 facet normal  0.000000e+00  0.000000e+00 -1.000000e+00
   outer loop
     vertex  1.260000e+02 -4.950000e+01  0.000000e+00
     vertex  1.290000e+02 -5.750000e+01  0.000000e+00
     vertex  1.290000e+02 -6.004000e+01  0.000000e+00
   endloop
 endfacet
 facet normal  0.000000e+00  0.000000e+00 -1.000000e+00
   outer loop
     vertex  1.260000e+02 -4.950000e+01  0.000000e+00
     vertex  1.297500e+02 -5.452699e+01  0.000000e+00
     vertex  1.296294e+02 -5.447704e+01  0.000000e+00
   endloop
 endfacet
 facet normal  0.000000e+00  0.000000e+00 -1.000000e+00
   outer loop
     vertex  1.260000e+02 -4.950000e+01  0.000000e+00
     vertex  1.290000e+02 -6.258000e+01  0.000000e+00
     vertex  1.290000e+02 -6.512000e+01  0.000000e+00
   endloop
 endfacet
 facet normal  0.000000e+00  0.000000e+00 -1.000000e+00
   outer loop
     vertex  1.260000e+02 -4.950000e+01  0.000000e+00
     vertex  1.290000e+02 -6.512000e+01  0.000000e+00
     vertex  1.290000e+02 -6.766000e+01  0.000000e+00
   endloop
 endfacet
 facet normal  0.000000e+00  0.000000e+00 -1.000000e+00
   outer loop
     vertex  1.260000e+02 -4.950000e+01  0.000000e+00
     vertex  1.290000e+02 -6.766000e+01  0.000000e+00
     vertex  1.290000e+02 -7.020000e+01  0.000000e+00
   endloop
 endfacet
 facet normal  0.000000e+00  0.000000e+00 -1.000000e+00
   outer loop
     vertex  1.260000e+02 -4.950000e+01  0.000000e+00
     vertex  1.290170e+02 -5.508941e+01  0.000000e+00
     vertex  1.290170e+02 -5.737059e+01  0.000000e+00
   endloop
 endfacet
 facet normal -0.000000e+00  0.000000e+00 -1.000000e+00
   outer loop
     vertex  1.447500e+02 -6.816000e+01  0.000000e+00
     vertex  1.446206e+02 -6.971704e+01  0.000000e+00
     vertex  1.446206e+02 -6.814296e+01  0.000000e+00
   endloop
 endfacet
 facet normal  0.000000e+00 -0.000000e+00 -1.000000e+00
   outer loop
     vertex  1.447500e+02 -6.816000e+01  0.000000e+00
     vertex  1.447500e+02 -6.970000e+01  0.000000e+00
     vertex  1.446206e+02 -6.971704e+01  0.000000e+00
   endloop
 endfacet
 facet normal  0.000000e+00 -0.000000e+00 -1.000000e+00
   outer loop
     vertex  1.442500e+02 -6.766000e+01  0.000000e+00
     vertex  1.442670e+02 -6.778941e+01  0.000000e+00
     vertex  1.398350e+02 -7.342500e+01  0.000000e+00
   endloop
 endfacet
 facet normal -0.000000e+00  0.000000e+00 -1.000000e+00
   outer loop
     vertex  1.442500e+02 -6.766000e+01  0.000000e+00
     vertex  1.396409e+02 -7.345056e+01  0.000000e+00
     vertex  1.378126e+02 -6.205185e+01  0.000000e+00
   endloop
 endfacet
 facet normal  0.000000e+00  0.000000e+00 -1.000000e+00
   outer loop
     vertex  1.442500e+02 -6.766000e+01  0.000000e+00
     vertex  1.398350e+02 -7.342500e+01  0.000000e+00
     vertex  1.396409e+02 -7.345056e+01  0.000000e+00
   endloop
 endfacet
 facet normal -0.000000e+00  0.000000e+00 -1.000000e+00
   outer loop
     vertex  1.334850e+02 -5.683000e+01  0.000000e+00
     vertex  1.332909e+02 -5.685556e+01  0.000000e+00
     vertex  1.299830e+02 -5.483059e+01  0.000000e+00
   endloop
 endfacet
 facet normal  0.000000e+00  0.000000e+00 -1.000000e+00
   outer loop
     vertex  1.334850e+02 -5.683000e+01  0.000000e+00
     vertex  1.299830e+02 -5.483059e+01  0.000000e+00
     vertex  1.299330e+02 -5.471000e+01  0.000000e+00
   endloop
 endfacet
 facet normal -0.000000e+00  0.000000e+00 -1.000000e+00
   outer loop
     vertex  1.442670e+02 -6.753059e+01  0.000000e+00
     vertex  1.442500e+02 -6.766000e+01  0.000000e+00
     vertex  1.378126e+02 -6.205185e+01  0.000000e+00
   endloop
 endfacet
 facet normal  0.000000e+00 -0.000000e+00 -1.000000e+00
   outer loop
     vertex  1.448794e+02 -6.814296e+01  0.000000e+00
     vertex  1.448794e+02 -6.971704e+01  0.000000e+00
     vertex  1.447500e+02 -6.970000e+01  0.000000e+00
   endloop
 endfacet
 facet normal  0.000000e+00  0.000000e+00 -1.000000e+00
   outer loop
     vertex  1.448794e+02 -6.814296e+01  0.000000e+00
     vertex  1.447500e+02 -6.970000e+01  0.000000e+00
     vertex  1.447500e+02 -6.816000e+01  0.000000e+00
   endloop
 endfacet
 facet normal  0.000000e+00  0.000000e+00 -1.000000e+00
   outer loop
     vertex  1.336791e+02 -5.685556e+01  0.000000e+00
     vertex  1.334850e+02 -5.683000e+01  0.000000e+00
     vertex  1.299330e+02 -5.471000e+01  0.000000e+00
   endloop
 endfacet
 facet normal  0.000000e+00  0.000000e+00 -1.000000e+00
   outer loop
     vertex  1.336791e+02 -5.685556e+01  0.000000e+00
     vertex  1.299330e+02 -5.471000e+01  0.000000e+00
     vertex  1.298536e+02 -5.460645e+01  0.000000e+00
   endloop
 endfacet
 facet normal  0.000000e+00 -0.000000e+00 -1.000000e+00
   outer loop
     vertex  1.450000e+02 -6.809301e+01  0.000000e+00
     vertex  1.450000e+02 -6.976699e+01  0.000000e+00
     vertex  1.448794e+02 -6.971704e+01  0.000000e+00
   endloop
 endfacet
 facet normal  0.000000e+00  0.000000e+00 -1.000000e+00
   outer loop
     vertex  1.450000e+02 -6.809301e+01  0.000000e+00
     vertex  1.451036e+02 -6.984645e+01  0.000000e+00
     vertex  1.450000e+02 -6.976699e+01  0.000000e+00
   endloop
 endfacet
 facet normal  0.000000e+00  0.000000e+00 -1.000000e+00
   outer loop
     vertex  1.450000e+02 -6.809301e+01  0.000000e+00
     vertex  1.448794e+02 -6.971704e+01  0.000000e+00
     vertex  1.448794e+02 -6.814296e+01  0.000000e+00
   endloop
 endfacet
 facet normal  0.000000e+00 -0.000000e+00 -1.000000e+00
   outer loop
     vertex  1.451036e+02 -6.801355e+01  0.000000e+00
     vertex  1.451036e+02 -6.984645e+01  0.000000e+00
     vertex  1.450000e+02 -6.809301e+01  0.000000e+00
   endloop
 endfacet
 facet normal -0.000000e+00  0.000000e+00 -1.000000e+00
   outer loop
     vertex  1.358808e+02 -5.870579e+01  0.000000e+00
     vertex  1.355629e+02 -5.912000e+01  0.000000e+00
     vertex  1.341345e+02 -5.795500e+01  0.000000e+00
   endloop
 endfacet
 facet normal  0.000000e+00  0.000000e+00 -1.000000e+00
   outer loop
     vertex  1.358808e+02 -5.870579e+01  0.000000e+00
     vertex  1.342094e+02 -5.777411e+01  0.000000e+00
     vertex  1.342350e+02 -5.758000e+01  0.000000e+00
   endloop
 endfacet
 facet normal  0.000000e+00  0.000000e+00 -1.000000e+00
   outer loop
     vertex  1.358808e+02 -5.870579e+01  0.000000e+00
     vertex  1.341345e+02 -5.795500e+01  0.000000e+00
     vertex  1.342094e+02 -5.777411e+01  0.000000e+00
   endloop
 endfacet
 facet normal  0.000000e+00  0.000000e+00 -1.000000e+00
   outer loop
     vertex  1.451830e+02 -6.791000e+01  0.000000e+00
     vertex  1.451036e+02 -6.984645e+01  0.000000e+00
     vertex  1.451036e+02 -6.801355e+01  0.000000e+00
   endloop
 endfacet
 facet normal  0.000000e+00 -0.000000e+00 -1.000000e+00
   outer loop
     vertex  1.451830e+02 -6.791000e+01  0.000000e+00
     vertex  1.451830e+02 -6.995000e+01  0.000000e+00
     vertex  1.451036e+02 -6.984645e+01  0.000000e+00
   endloop
 endfacet
 facet normal  0.000000e+00 -0.000000e+00 -1.000000e+00
   outer loop
     vertex  1.452330e+02 -6.778941e+01  0.000000e+00
     vertex  1.452330e+02 -7.007059e+01  0.000000e+00
     vertex  1.451830e+02 -6.995000e+01  0.000000e+00
   endloop
 endfacet
 facet normal  0.000000e+00  0.000000e+00 -1.000000e+00
   outer loop
     vertex  1.452330e+02 -6.778941e+01  0.000000e+00
     vertex  1.451830e+02 -6.995000e+01  0.000000e+00
     vertex  1.451830e+02 -6.791000e+01  0.000000e+00
   endloop
 endfacet
 facet normal  0.000000e+00 -0.000000e+00 -1.000000e+00
   outer loop
     vertex  1.452500e+02 -6.766000e+01  0.000000e+00
     vertex  1.452500e+02 -7.020000e+01  0.000000e+00
     vertex  1.452330e+02 -7.007059e+01  0.000000e+00
   endloop
 endfacet
 facet normal  0.000000e+00  0.000000e+00 -1.000000e+00
   outer loop
     vertex  1.452500e+02 -6.766000e+01  0.000000e+00
     vertex  1.452330e+02 -7.007059e+01  0.000000e+00
     vertex  1.452330e+02 -6.778941e+01  0.000000e+00
   endloop
 endfacet
 facet normal -0.000000e+00  0.000000e+00 -1.000000e+00
   outer loop
     vertex  1.362950e+02 -5.838795e+01  0.000000e+00
     vertex  1.358808e+02 -5.870579e+01  0.000000e+00
     vertex  1.342350e+02 -5.758000e+01  0.000000e+00
   endloop
 endfacet
 facet normal  0.000000e+00  0.000000e+00 -1.000000e+00
   outer loop
     vertex  1.362950e+02 -5.838795e+01  0.000000e+00
     vertex  1.342350e+02 -5.758000e+01  0.000000e+00
     vertex  1.342094e+02 -5.738589e+01  0.000000e+00
   endloop
 endfacet
 facet normal -0.000000e+00  0.000000e+00 -1.000000e+00
   outer loop
     vertex  1.367774e+02 -5.818815e+01  0.000000e+00
     vertex  1.362950e+02 -5.838795e+01  0.000000e+00
     vertex  1.342094e+02 -5.738589e+01  0.000000e+00
   endloop
 endfacet
 facet normal  0.000000e+00  0.000000e+00 -1.000000e+00
   outer loop
     vertex  1.367774e+02 -5.818815e+01  0.000000e+00
     vertex  1.342094e+02 -5.738589e+01  0.000000e+00
     vertex  1.341345e+02 -5.720500e+01  0.000000e+00
   endloop
 endfacet
 facet normal  0.000000e+00  0.000000e+00 -1.000000e+00
   outer loop
     vertex  1.443964e+02 -6.547355e+01  0.000000e+00
     vertex  1.445000e+02 -6.722699e+01  0.000000e+00
     vertex  1.443964e+02 -6.730645e+01  0.000000e+00
   endloop
 endfacet
 facet normal -0.000000e+00 -0.000000e+00 -1.000000e+00
   outer loop
     vertex  1.445000e+02 -6.555301e+01  0.000000e+00
     vertex  1.445000e+02 -6.722699e+01  0.000000e+00
     vertex  1.443964e+02 -6.547355e+01  0.000000e+00
   endloop
 endfacet
 facet normal  0.000000e+00 -0.000000e+00 -1.000000e+00
   outer loop
     vertex  1.443170e+02 -6.537000e+01  0.000000e+00
     vertex  1.443170e+02 -6.741000e+01  0.000000e+00
     vertex  1.442670e+02 -6.753059e+01  0.000000e+00
   endloop
 endfacet
 facet normal  0.000000e+00  0.000000e+00 -1.000000e+00
   outer loop
     vertex  1.443170e+02 -6.537000e+01  0.000000e+00
     vertex  1.443964e+02 -6.730645e+01  0.000000e+00
     vertex  1.443170e+02 -6.741000e+01  0.000000e+00
   endloop
 endfacet
 facet normal  0.000000e+00  0.000000e+00 -1.000000e+00
   outer loop
     vertex  1.443170e+02 -6.537000e+01  0.000000e+00
     vertex  1.443964e+02 -6.547355e+01  0.000000e+00
     vertex  1.443964e+02 -6.730645e+01  0.000000e+00
   endloop
 endfacet
 facet normal  0.000000e+00 -0.000000e+00 -1.000000e+00
   outer loop
     vertex  1.446206e+02 -6.560296e+01  0.000000e+00
     vertex  1.446206e+02 -6.717704e+01  0.000000e+00
     vertex  1.445000e+02 -6.722699e+01  0.000000e+00
   endloop
 endfacet
 facet normal -0.000000e+00  0.000000e+00 -1.000000e+00
   outer loop
     vertex  1.446206e+02 -6.560296e+01  0.000000e+00
     vertex  1.445000e+02 -6.722699e+01  0.000000e+00
     vertex  1.445000e+02 -6.555301e+01  0.000000e+00
   endloop
 endfacet
 facet normal -0.000000e+00 -0.000000e+00 -1.000000e+00
   outer loop
     vertex  1.442670e+02 -6.524941e+01  0.000000e+00
     vertex  1.442670e+02 -6.753059e+01  0.000000e+00
     vertex  1.378126e+02 -6.205185e+01  0.000000e+00
   endloop
 endfacet
 facet normal  0.000000e+00  0.000000e+00 -1.000000e+00
   outer loop
     vertex  1.442670e+02 -6.524941e+01  0.000000e+00
     vertex  1.443170e+02 -6.537000e+01  0.000000e+00
     vertex  1.442670e+02 -6.753059e+01  0.000000e+00
   endloop
 endfacet
 facet normal  0.000000e+00  0.000000e+00 -1.000000e+00
   outer loop
     vertex  1.442670e+02 -6.524941e+01  0.000000e+00
     vertex  1.378126e+02 -6.205185e+01  0.000000e+00
     vertex  1.382950e+02 -6.185205e+01  0.000000e+00
   endloop
 endfacet
 facet normal  0.000000e+00 -0.000000e+00 -1.000000e+00
   outer loop
     vertex  1.447500e+02 -6.562000e+01  0.000000e+00
     vertex  1.447500e+02 -6.716000e+01  0.000000e+00
     vertex  1.446206e+02 -6.717704e+01  0.000000e+00
   endloop
 endfacet
 facet normal -0.000000e+00  0.000000e+00 -1.000000e+00
   outer loop
     vertex  1.447500e+02 -6.562000e+01  0.000000e+00
     vertex  1.446206e+02 -6.717704e+01  0.000000e+00
     vertex  1.446206e+02 -6.560296e+01  0.000000e+00
   endloop
 endfacet
 facet normal -0.000000e+00 -0.000000e+00 -1.000000e+00
   outer loop
     vertex  1.442500e+02 -6.512000e+01  0.000000e+00
     vertex  1.442670e+02 -6.524941e+01  0.000000e+00
     vertex  1.382950e+02 -6.185205e+01  0.000000e+00
   endloop
 endfacet
 facet normal -0.000000e+00  0.000000e+00 -1.000000e+00
   outer loop
     vertex  1.442670e+02 -6.499059e+01  0.000000e+00
     vertex  1.442500e+02 -6.512000e+01  0.000000e+00
     vertex  1.382950e+02 -6.185205e+01  0.000000e+00
   endloop
 endfacet
 facet normal  0.000000e+00  0.000000e+00 -1.000000e+00
   outer loop
     vertex  1.442670e+02 -6.499059e+01  0.000000e+00
     vertex  1.382950e+02 -6.185205e+01  0.000000e+00
     vertex  1.387092e+02 -6.153421e+01  0.000000e+00
   endloop
 endfacet
 facet normal  0.000000e+00 -0.000000e+00 -1.000000e+00
   outer loop
     vertex  1.448794e+02 -6.560296e+01  0.000000e+00
     vertex  1.448794e+02 -6.717704e+01  0.000000e+00
     vertex  1.447500e+02 -6.716000e+01  0.000000e+00
   endloop
 endfacet
 facet normal  0.000000e+00  0.000000e+00 -1.000000e+00
   outer loop
     vertex  1.448794e+02 -6.560296e+01  0.000000e+00
     vertex  1.447500e+02 -6.716000e+01  0.000000e+00
     vertex  1.447500e+02 -6.562000e+01  0.000000e+00
   endloop
 endfacet
 facet normal  0.000000e+00 -0.000000e+00 -1.000000e+00
   outer loop
     vertex  1.450000e+02 -6.555301e+01  0.000000e+00
     vertex  1.450000e+02 -6.722699e+01  0.000000e+00
     vertex  1.448794e+02 -6.717704e+01  0.000000e+00
   endloop
 endfacet
 facet normal  0.000000e+00  0.000000e+00 -1.000000e+00
   outer loop
     vertex  1.450000e+02 -6.555301e+01  0.000000e+00
     vertex  1.448794e+02 -6.717704e+01  0.000000e+00
     vertex  1.448794e+02 -6.560296e+01  0.000000e+00
   endloop
 endfacet
 facet normal  0.000000e+00  0.000000e+00 -1.000000e+00
   outer loop
     vertex  1.451036e+02 -6.547355e+01  0.000000e+00
     vertex  1.450000e+02 -6.722699e+01  0.000000e+00
     vertex  1.450000e+02 -6.555301e+01  0.000000e+00
   endloop
 endfacet
 facet normal  0.000000e+00 -0.000000e+00 -1.000000e+00
   outer loop
     vertex  1.451036e+02 -6.547355e+01  0.000000e+00
     vertex  1.451036e+02 -6.730645e+01  0.000000e+00
     vertex  1.450000e+02 -6.722699e+01  0.000000e+00
   endloop
 endfacet
 facet normal  0.000000e+00  0.000000e+00 -1.000000e+00
   outer loop
     vertex  1.451830e+02 -6.537000e+01  0.000000e+00
     vertex  1.451036e+02 -6.730645e+01  0.000000e+00
     vertex  1.451036e+02 -6.547355e+01  0.000000e+00
   endloop
 endfacet
 facet normal  0.000000e+00 -0.000000e+00 -1.000000e+00
   outer loop
     vertex  1.451830e+02 -6.537000e+01  0.000000e+00
     vertex  1.451830e+02 -6.741000e+01  0.000000e+00
     vertex  1.451036e+02 -6.730645e+01  0.000000e+00
   endloop
 endfacet
 facet normal  0.000000e+00  0.000000e+00 -1.000000e+00
   outer loop
     vertex  1.452330e+02 -6.524941e+01  0.000000e+00
     vertex  1.451830e+02 -6.741000e+01  0.000000e+00
     vertex  1.451830e+02 -6.537000e+01  0.000000e+00
   endloop
 endfacet
 facet normal  0.000000e+00 -0.000000e+00 -1.000000e+00
   outer loop
     vertex  1.452330e+02 -6.524941e+01  0.000000e+00
     vertex  1.452330e+02 -6.753059e+01  0.000000e+00
     vertex  1.451830e+02 -6.741000e+01  0.000000e+00
   endloop
 endfacet
 facet normal  0.000000e+00  0.000000e+00 -1.000000e+00
   outer loop
     vertex  1.452500e+02 -6.512000e+01  0.000000e+00
     vertex  1.452330e+02 -6.753059e+01  0.000000e+00
     vertex  1.452330e+02 -6.524941e+01  0.000000e+00
   endloop
 endfacet
 facet normal  0.000000e+00 -0.000000e+00 -1.000000e+00
   outer loop
     vertex  1.452500e+02 -6.512000e+01  0.000000e+00
     vertex  1.452500e+02 -6.766000e+01  0.000000e+00
     vertex  1.452330e+02 -6.753059e+01  0.000000e+00
   endloop
 endfacet
 facet normal -0.000000e+00  0.000000e+00 -1.000000e+00
   outer loop
     vertex  1.419500e+02 -6.085612e+01  0.000000e+00
     vertex  1.390271e+02 -6.112000e+01  0.000000e+00
     vertex  1.417740e+02 -6.072104e+01  0.000000e+00
   endloop
 endfacet
 facet normal  0.000000e+00  0.000000e+00 -1.000000e+00
   outer loop
     vertex  1.419500e+02 -6.085612e+01  0.000000e+00
     vertex  1.387092e+02 -6.153421e+01  0.000000e+00
     vertex  1.390271e+02 -6.112000e+01  0.000000e+00
   endloop
 endfacet
 facet normal  0.000000e+00 -0.000000e+00 -1.000000e+00
   outer loop
     vertex  1.416389e+02 -6.054500e+01  0.000000e+00
     vertex  1.417740e+02 -6.072104e+01  0.000000e+00
     vertex  1.390271e+02 -6.112000e+01  0.000000e+00
   endloop
 endfacet
 facet normal  0.000000e+00  0.000000e+00 -1.000000e+00
   outer loop
     vertex  1.416389e+02 -6.054500e+01  0.000000e+00
     vertex  1.390271e+02 -6.112000e+01  0.000000e+00
     vertex  1.392269e+02 -6.063764e+01  0.000000e+00
   endloop
 endfacet
 facet normal  0.000000e+00 -0.000000e+00 -1.000000e+00
   outer loop
     vertex  1.421550e+02 -6.094104e+01  0.000000e+00
     vertex  1.442670e+02 -6.499059e+01  0.000000e+00
     vertex  1.387092e+02 -6.153421e+01  0.000000e+00
   endloop
 endfacet
 facet normal -0.000000e+00  0.000000e+00 -1.000000e+00
   outer loop
     vertex  1.421550e+02 -6.094104e+01  0.000000e+00
     vertex  1.387092e+02 -6.153421e+01  0.000000e+00
     vertex  1.419500e+02 -6.085612e+01  0.000000e+00
   endloop
 endfacet
 facet normal  0.000000e+00 -0.000000e+00 -1.000000e+00
   outer loop
     vertex  1.415540e+02 -6.034000e+01  0.000000e+00
     vertex  1.416389e+02 -6.054500e+01  0.000000e+00
     vertex  1.392269e+02 -6.063764e+01  0.000000e+00
   endloop
 endfacet
 facet normal -0.000000e+00  0.000000e+00 -1.000000e+00
   outer loop
     vertex  1.415540e+02 -6.034000e+01  0.000000e+00
     vertex  1.392269e+02 -6.063764e+01  0.000000e+00
     vertex  1.392950e+02 -6.012000e+01  0.000000e+00
   endloop
 endfacet
 facet normal -0.000000e+00 -0.000000e+00 -1.000000e+00
   outer loop
     vertex  1.415250e+02 -6.012000e+01  0.000000e+00
     vertex  1.415540e+02 -6.034000e+01  0.000000e+00
     vertex  1.392950e+02 -6.012000e+01  0.000000e+00
   endloop
 endfacet
 facet normal  0.000000e+00  0.000000e+00 -1.000000e+00
   outer loop
     vertex  1.443964e+02 -6.293355e+01  0.000000e+00
     vertex  1.445000e+02 -6.468699e+01  0.000000e+00
     vertex  1.443964e+02 -6.476645e+01  0.000000e+00
   endloop
 endfacet
 facet normal -0.000000e+00 -0.000000e+00 -1.000000e+00
   outer loop
     vertex  1.445000e+02 -6.301301e+01  0.000000e+00
     vertex  1.445000e+02 -6.468699e+01  0.000000e+00
     vertex  1.443964e+02 -6.293355e+01  0.000000e+00
   endloop
 endfacet
 facet normal  0.000000e+00  0.000000e+00 -1.000000e+00
   outer loop
     vertex  1.443170e+02 -6.283000e+01  0.000000e+00
     vertex  1.443964e+02 -6.293355e+01  0.000000e+00
     vertex  1.443964e+02 -6.476645e+01  0.000000e+00
   endloop
 endfacet
 facet normal  0.000000e+00 -0.000000e+00 -1.000000e+00
   outer loop
     vertex  1.443170e+02 -6.283000e+01  0.000000e+00
     vertex  1.443170e+02 -6.487000e+01  0.000000e+00
     vertex  1.442670e+02 -6.499059e+01  0.000000e+00
   endloop
 endfacet
 facet normal  0.000000e+00  0.000000e+00 -1.000000e+00
   outer loop
     vertex  1.443170e+02 -6.283000e+01  0.000000e+00
     vertex  1.443964e+02 -6.476645e+01  0.000000e+00
     vertex  1.443170e+02 -6.487000e+01  0.000000e+00
   endloop
 endfacet
 facet normal -0.000000e+00  0.000000e+00 -1.000000e+00
   outer loop
     vertex  1.446206e+02 -6.306296e+01  0.000000e+00
     vertex  1.445000e+02 -6.468699e+01  0.000000e+00
     vertex  1.445000e+02 -6.301301e+01  0.000000e+00
   endloop
 endfacet
 facet normal  0.000000e+00 -0.000000e+00 -1.000000e+00
   outer loop
     vertex  1.446206e+02 -6.306296e+01  0.000000e+00
     vertex  1.446206e+02 -6.463704e+01  0.000000e+00
     vertex  1.445000e+02 -6.468699e+01  0.000000e+00
   endloop
 endfacet
 facet normal  0.000000e+00  0.000000e+00 -1.000000e+00
   outer loop
     vertex  1.446206e+02 -6.306296e+01  0.000000e+00
     vertex  1.447500e+02 -6.462000e+01  0.000000e+00
     vertex  1.446206e+02 -6.463704e+01  0.000000e+00
   endloop
 endfacet
 facet normal  0.000000e+00  0.000000e+00 -1.000000e+00
   outer loop
     vertex  1.442670e+02 -6.270941e+01  0.000000e+00
     vertex  1.443170e+02 -6.283000e+01  0.000000e+00
     vertex  1.442670e+02 -6.499059e+01  0.000000e+00
   endloop
 endfacet
 facet normal  0.000000e+00  0.000000e+00 -1.000000e+00
   outer loop
     vertex  1.442670e+02 -6.270941e+01  0.000000e+00
     vertex  1.421550e+02 -6.094104e+01  0.000000e+00
     vertex  1.423750e+02 -6.097000e+01  0.000000e+00
   endloop
 endfacet
 facet normal -0.000000e+00 -0.000000e+00 -1.000000e+00
   outer loop
     vertex  1.442670e+02 -6.270941e+01  0.000000e+00
     vertex  1.442670e+02 -6.499059e+01  0.000000e+00
     vertex  1.421550e+02 -6.094104e+01  0.000000e+00
   endloop
 endfacet
 facet normal  0.000000e+00  0.000000e+00 -1.000000e+00
   outer loop
     vertex  1.415540e+02 -5.990000e+01  0.000000e+00
     vertex  1.415250e+02 -6.012000e+01  0.000000e+00
     vertex  1.392950e+02 -6.012000e+01  0.000000e+00
   endloop
 endfacet
 facet normal -0.000000e+00  0.000000e+00 -1.000000e+00
   outer loop
     vertex  1.415540e+02 -5.990000e+01  0.000000e+00
     vertex  1.392950e+02 -6.012000e+01  0.000000e+00
     vertex  1.392269e+02 -5.960236e+01  0.000000e+00
   endloop
 endfacet
 facet normal -0.000000e+00 -0.000000e+00 -1.000000e+00
   outer loop
     vertex  1.447500e+02 -6.308000e+01  0.000000e+00
     vertex  1.447500e+02 -6.462000e+01  0.000000e+00
     vertex  1.446206e+02 -6.306296e+01  0.000000e+00
   endloop
 endfacet
 facet normal  0.000000e+00  0.000000e+00 -1.000000e+00
   outer loop
     vertex  1.442500e+02 -6.258000e+01  0.000000e+00
     vertex  1.423750e+02 -6.097000e+01  0.000000e+00
     vertex  1.425950e+02 -6.094104e+01  0.000000e+00
   endloop
 endfacet
 facet normal -0.000000e+00 -0.000000e+00 -1.000000e+00
   outer loop
     vertex  1.442500e+02 -6.258000e+01  0.000000e+00
     vertex  1.442670e+02 -6.270941e+01  0.000000e+00
     vertex  1.423750e+02 -6.097000e+01  0.000000e+00
   endloop
 endfacet
 facet normal -0.000000e+00  0.000000e+00 -1.000000e+00
   outer loop
     vertex  1.442670e+02 -6.245059e+01  0.000000e+00
     vertex  1.442500e+02 -6.258000e+01  0.000000e+00
     vertex  1.425950e+02 -6.094104e+01  0.000000e+00
   endloop
 endfacet
 facet normal  0.000000e+00  0.000000e+00 -1.000000e+00
   outer loop
     vertex  1.448794e+02 -6.306296e+01  0.000000e+00
     vertex  1.447500e+02 -6.462000e+01  0.000000e+00
     vertex  1.447500e+02 -6.308000e+01  0.000000e+00
   endloop
 endfacet
 facet normal  0.000000e+00 -0.000000e+00 -1.000000e+00
   outer loop
     vertex  1.448794e+02 -6.306296e+01  0.000000e+00
     vertex  1.448794e+02 -6.463704e+01  0.000000e+00
     vertex  1.447500e+02 -6.462000e+01  0.000000e+00
   endloop
 endfacet
 facet normal -0.000000e+00  0.000000e+00 -1.000000e+00
   outer loop
     vertex  1.416389e+02 -5.969500e+01  0.000000e+00
     vertex  1.415540e+02 -5.990000e+01  0.000000e+00
     vertex  1.392269e+02 -5.960236e+01  0.000000e+00
   endloop
 endfacet
 facet normal  0.000000e+00  0.000000e+00 -1.000000e+00
   outer loop
     vertex  1.416389e+02 -5.969500e+01  0.000000e+00
     vertex  1.392269e+02 -5.960236e+01  0.000000e+00
     vertex  1.390271e+02 -5.912000e+01  0.000000e+00
   endloop
 endfacet
 facet normal  0.000000e+00 -0.000000e+00 -1.000000e+00
   outer loop
     vertex  1.428000e+02 -6.085612e+01  0.000000e+00
     vertex  1.442670e+02 -6.245059e+01  0.000000e+00
     vertex  1.425950e+02 -6.094104e+01  0.000000e+00
   endloop
 endfacet
 facet normal  0.000000e+00  0.000000e+00 -1.000000e+00
   outer loop
     vertex  1.450000e+02 -6.301301e+01  0.000000e+00
     vertex  1.448794e+02 -6.463704e+01  0.000000e+00
     vertex  1.448794e+02 -6.306296e+01  0.000000e+00
   endloop
 endfacet
 facet normal  0.000000e+00 -0.000000e+00 -1.000000e+00
   outer loop
     vertex  1.450000e+02 -6.301301e+01  0.000000e+00
     vertex  1.450000e+02 -6.468699e+01  0.000000e+00
     vertex  1.448794e+02 -6.463704e+01  0.000000e+00
   endloop
 endfacet
 facet normal -0.000000e+00  0.000000e+00 -1.000000e+00
   outer loop
     vertex  1.443170e+02 -6.233000e+01  0.000000e+00
     vertex  1.442670e+02 -6.245059e+01  0.000000e+00
     vertex  1.428000e+02 -6.085612e+01  0.000000e+00
   endloop
 endfacet
 facet normal -0.000000e+00  0.000000e+00 -1.000000e+00
   outer loop
     vertex  1.443964e+02 -6.222645e+01  0.000000e+00
     vertex  1.443170e+02 -6.233000e+01  0.000000e+00
     vertex  1.428000e+02 -6.085612e+01  0.000000e+00
   endloop
 endfacet
 facet normal  0.000000e+00  0.000000e+00 -1.000000e+00
   outer loop
     vertex  1.451036e+02 -6.293355e+01  0.000000e+00
     vertex  1.450000e+02 -6.468699e+01  0.000000e+00
     vertex  1.450000e+02 -6.301301e+01  0.000000e+00
   endloop
 endfacet
 facet normal  0.000000e+00 -0.000000e+00 -1.000000e+00
   outer loop
     vertex  1.451036e+02 -6.293355e+01  0.000000e+00
     vertex  1.451036e+02 -6.476645e+01  0.000000e+00
     vertex  1.450000e+02 -6.468699e+01  0.000000e+00
   endloop
 endfacet
 facet normal  0.000000e+00 -0.000000e+00 -1.000000e+00
   outer loop
     vertex  1.429760e+02 -6.072104e+01  0.000000e+00
     vertex  1.443964e+02 -6.222645e+01  0.000000e+00
     vertex  1.428000e+02 -6.085612e+01  0.000000e+00
   endloop
 endfacet
 facet normal -0.000000e+00  0.000000e+00 -1.000000e+00
   outer loop
     vertex  1.417740e+02 -5.951896e+01  0.000000e+00
     vertex  1.416389e+02 -5.969500e+01  0.000000e+00
     vertex  1.390271e+02 -5.912000e+01  0.000000e+00
   endloop
 endfacet
 facet normal  0.000000e+00  0.000000e+00 -1.000000e+00
   outer loop
     vertex  1.451830e+02 -6.283000e+01  0.000000e+00
     vertex  1.451036e+02 -6.476645e+01  0.000000e+00
     vertex  1.451036e+02 -6.293355e+01  0.000000e+00
   endloop
 endfacet
 facet normal  0.000000e+00 -0.000000e+00 -1.000000e+00
   outer loop
     vertex  1.451830e+02 -6.283000e+01  0.000000e+00
     vertex  1.451830e+02 -6.487000e+01  0.000000e+00
     vertex  1.451036e+02 -6.476645e+01  0.000000e+00
   endloop
 endfacet
 facet normal -0.000000e+00  0.000000e+00 -1.000000e+00
   outer loop
     vertex  1.445000e+02 -6.214699e+01  0.000000e+00
     vertex  1.443964e+02 -6.222645e+01  0.000000e+00
     vertex  1.429760e+02 -6.072104e+01  0.000000e+00
   endloop
 endfacet
 facet normal  0.000000e+00  0.000000e+00 -1.000000e+00
   outer loop
     vertex  1.452330e+02 -6.270941e+01  0.000000e+00
     vertex  1.451830e+02 -6.487000e+01  0.000000e+00
     vertex  1.451830e+02 -6.283000e+01  0.000000e+00
   endloop
 endfacet
 facet normal  0.000000e+00 -0.000000e+00 -1.000000e+00
   outer loop
     vertex  1.452330e+02 -6.270941e+01  0.000000e+00
     vertex  1.452330e+02 -6.499059e+01  0.000000e+00
     vertex  1.451830e+02 -6.487000e+01  0.000000e+00
   endloop
 endfacet
 facet normal -0.000000e+00  0.000000e+00 -1.000000e+00
   outer loop
     vertex  1.419500e+02 -5.938388e+01  0.000000e+00
     vertex  1.417740e+02 -5.951896e+01  0.000000e+00
     vertex  1.390271e+02 -5.912000e+01  0.000000e+00
   endloop
 endfacet
 facet normal  0.000000e+00  0.000000e+00 -1.000000e+00
   outer loop
     vertex  1.452500e+02 -6.258000e+01  0.000000e+00
     vertex  1.452330e+02 -6.499059e+01  0.000000e+00
     vertex  1.452330e+02 -6.270941e+01  0.000000e+00
   endloop
 endfacet
 facet normal  0.000000e+00 -0.000000e+00 -1.000000e+00
   outer loop
     vertex  1.452500e+02 -6.258000e+01  0.000000e+00
     vertex  1.452500e+02 -6.512000e+01  0.000000e+00
     vertex  1.452330e+02 -6.499059e+01  0.000000e+00
   endloop
 endfacet
 facet normal  0.000000e+00  0.000000e+00 -1.000000e+00
   outer loop
     vertex  1.394600e+02 -5.568952e+01  0.000000e+00
     vertex  1.382950e+02 -5.838795e+01  0.000000e+00
     vertex  1.378126e+02 -5.818815e+01  0.000000e+00
   endloop
 endfacet
 facet normal -0.000000e+00  0.000000e+00 -1.000000e+00
   outer loop
     vertex  1.394600e+02 -5.568952e+01  0.000000e+00
     vertex  1.378126e+02 -5.818815e+01  0.000000e+00
     vertex  1.393047e+02 -5.557033e+01  0.000000e+00
   endloop
 endfacet
 facet normal  0.000000e+00  0.000000e+00 -1.000000e+00
   outer loop
     vertex  1.391855e+02 -5.541500e+01  0.000000e+00
     vertex  1.378126e+02 -5.818815e+01  0.000000e+00
     vertex  1.372950e+02 -5.812000e+01  0.000000e+00
   endloop
 endfacet
 facet normal  0.000000e+00 -0.000000e+00 -1.000000e+00
   outer loop
     vertex  1.391855e+02 -5.541500e+01  0.000000e+00
     vertex  1.393047e+02 -5.557033e+01  0.000000e+00
     vertex  1.378126e+02 -5.818815e+01  0.000000e+00
   endloop
 endfacet
 facet normal -0.000000e+00  0.000000e+00 -1.000000e+00
   outer loop
     vertex  1.396409e+02 -5.576444e+01  0.000000e+00
     vertex  1.382950e+02 -5.838795e+01  0.000000e+00
     vertex  1.394600e+02 -5.568952e+01  0.000000e+00
   endloop
 endfacet
 facet normal  0.000000e+00  0.000000e+00 -1.000000e+00
   outer loop
     vertex  1.396409e+02 -5.576444e+01  0.000000e+00
     vertex  1.387092e+02 -5.870579e+01  0.000000e+00
     vertex  1.382950e+02 -5.838795e+01  0.000000e+00
   endloop
 endfacet
 facet normal  0.000000e+00 -0.000000e+00 -1.000000e+00
   outer loop
     vertex  1.391106e+02 -5.523411e+01  0.000000e+00
     vertex  1.391855e+02 -5.541500e+01  0.000000e+00
     vertex  1.372950e+02 -5.812000e+01  0.000000e+00
   endloop
 endfacet
 facet normal  0.000000e+00  0.000000e+00 -1.000000e+00
   outer loop
     vertex  1.391106e+02 -5.523411e+01  0.000000e+00
     vertex  1.372950e+02 -5.812000e+01  0.000000e+00
     vertex  1.367774e+02 -5.818815e+01  0.000000e+00
   endloop
 endfacet
 facet normal  0.000000e+00  0.000000e+00 -1.000000e+00
   outer loop
     vertex  1.445000e+02 -6.047301e+01  0.000000e+00
     vertex  1.429760e+02 -6.072104e+01  0.000000e+00
     vertex  1.431111e+02 -6.054500e+01  0.000000e+00
   endloop
 endfacet
 facet normal -0.000000e+00  0.000000e+00 -1.000000e+00
   outer loop
     vertex  1.445000e+02 -6.047301e+01  0.000000e+00
     vertex  1.431111e+02 -6.054500e+01  0.000000e+00
     vertex  1.443964e+02 -6.039355e+01  0.000000e+00
   endloop
 endfacet
 facet normal  0.000000e+00 -0.000000e+00 -1.000000e+00
   outer loop
     vertex  1.445000e+02 -6.047301e+01  0.000000e+00
     vertex  1.445000e+02 -6.214699e+01  0.000000e+00
     vertex  1.429760e+02 -6.072104e+01  0.000000e+00
   endloop
 endfacet
 facet normal  0.000000e+00  0.000000e+00 -1.000000e+00
   outer loop
     vertex  1.443170e+02 -6.029000e+01  0.000000e+00
     vertex  1.431111e+02 -6.054500e+01  0.000000e+00
     vertex  1.431960e+02 -6.034000e+01  0.000000e+00
   endloop
 endfacet
 facet normal  0.000000e+00 -0.000000e+00 -1.000000e+00
   outer loop
     vertex  1.443170e+02 -6.029000e+01  0.000000e+00
     vertex  1.443964e+02 -6.039355e+01  0.000000e+00
     vertex  1.431111e+02 -6.054500e+01  0.000000e+00
   endloop
 endfacet
 facet normal -0.000000e+00  0.000000e+00 -1.000000e+00
   outer loop
     vertex  1.398350e+02 -5.579000e+01  0.000000e+00
     vertex  1.387092e+02 -5.870579e+01  0.000000e+00
     vertex  1.396409e+02 -5.576444e+01  0.000000e+00
   endloop
 endfacet
 facet normal  0.000000e+00 -0.000000e+00 -1.000000e+00
   outer loop
     vertex  1.390850e+02 -5.504000e+01  0.000000e+00
     vertex  1.391106e+02 -5.523411e+01  0.000000e+00
     vertex  1.367774e+02 -5.818815e+01  0.000000e+00
   endloop
 endfacet
 facet normal  0.000000e+00  0.000000e+00 -1.000000e+00
   outer loop
     vertex  1.390850e+02 -5.504000e+01  0.000000e+00
     vertex  1.367774e+02 -5.818815e+01  0.000000e+00
     vertex  1.341345e+02 -5.720500e+01  0.000000e+00
   endloop
 endfacet
 facet normal  0.000000e+00  0.000000e+00 -1.000000e+00
   outer loop
     vertex  1.390850e+02 -5.504000e+01  0.000000e+00
     vertex  1.341345e+02 -5.720500e+01  0.000000e+00
     vertex  1.340153e+02 -5.704967e+01  0.000000e+00
   endloop
 endfacet
 facet normal  0.000000e+00 -0.000000e+00 -1.000000e+00
   outer loop
     vertex  1.446206e+02 -6.052296e+01  0.000000e+00
     vertex  1.446206e+02 -6.209704e+01  0.000000e+00
     vertex  1.445000e+02 -6.214699e+01  0.000000e+00
   endloop
 endfacet
 facet normal -0.000000e+00  0.000000e+00 -1.000000e+00
   outer loop
     vertex  1.446206e+02 -6.052296e+01  0.000000e+00
     vertex  1.445000e+02 -6.214699e+01  0.000000e+00
     vertex  1.445000e+02 -6.047301e+01  0.000000e+00
   endloop
 endfacet
 facet normal -0.000000e+00  0.000000e+00 -1.000000e+00
   outer loop
     vertex  1.442670e+02 -6.016941e+01  0.000000e+00
     vertex  1.431960e+02 -6.034000e+01  0.000000e+00
     vertex  1.432250e+02 -6.012000e+01  0.000000e+00
   endloop
 endfacet
 facet normal  0.000000e+00 -0.000000e+00 -1.000000e+00
   outer loop
     vertex  1.442670e+02 -6.016941e+01  0.000000e+00
     vertex  1.443170e+02 -6.029000e+01  0.000000e+00
     vertex  1.431960e+02 -6.034000e+01  0.000000e+00
   endloop
 endfacet
 facet normal  0.000000e+00 -0.000000e+00 -1.000000e+00
   outer loop
     vertex  1.447500e+02 -6.054000e+01  0.000000e+00
     vertex  1.447500e+02 -6.208000e+01  0.000000e+00
     vertex  1.446206e+02 -6.209704e+01  0.000000e+00
   endloop
 endfacet
 facet normal -0.000000e+00  0.000000e+00 -1.000000e+00
   outer loop
     vertex  1.447500e+02 -6.054000e+01  0.000000e+00
     vertex  1.446206e+02 -6.209704e+01  0.000000e+00
     vertex  1.446206e+02 -6.052296e+01  0.000000e+00
   endloop
 endfacet
 facet normal -0.000000e+00  0.000000e+00 -1.000000e+00
   outer loop
     vertex  1.442500e+02 -6.004000e+01  0.000000e+00
     vertex  1.432250e+02 -6.012000e+01  0.000000e+00
     vertex  1.431960e+02 -5.990000e+01  0.000000e+00
   endloop
 endfacet
 facet normal  0.000000e+00 -0.000000e+00 -1.000000e+00
   outer loop
     vertex  1.442500e+02 -6.004000e+01  0.000000e+00
     vertex  1.442670e+02 -6.016941e+01  0.000000e+00
     vertex  1.432250e+02 -6.012000e+01  0.000000e+00
   endloop
 endfacet
 facet normal  0.000000e+00  0.000000e+00 -1.000000e+00
   outer loop
     vertex  1.391106e+02 -5.484589e+01  0.000000e+00
     vertex  1.390850e+02 -5.504000e+01  0.000000e+00
     vertex  1.340153e+02 -5.704967e+01  0.000000e+00
   endloop
 endfacet
 facet normal  0.000000e+00  0.000000e+00 -1.000000e+00
   outer loop
     vertex  1.391106e+02 -5.484589e+01  0.000000e+00
     vertex  1.340153e+02 -5.704967e+01  0.000000e+00
     vertex  1.338600e+02 -5.693048e+01  0.000000e+00
   endloop
 endfacet
 facet normal  0.000000e+00 -0.000000e+00 -1.000000e+00
   outer loop
     vertex  1.400291e+02 -5.576444e+01  0.000000e+00
     vertex  1.419500e+02 -5.938388e+01  0.000000e+00
     vertex  1.390271e+02 -5.912000e+01  0.000000e+00
   endloop
 endfacet
 facet normal  0.000000e+00  0.000000e+00 -1.000000e+00
   outer loop
     vertex  1.400291e+02 -5.576444e+01  0.000000e+00
     vertex  1.387092e+02 -5.870579e+01  0.000000e+00
     vertex  1.398350e+02 -5.579000e+01  0.000000e+00
   endloop
 endfacet
 facet normal  0.000000e+00  0.000000e+00 -1.000000e+00
   outer loop
     vertex  1.400291e+02 -5.576444e+01  0.000000e+00
     vertex  1.390271e+02 -5.912000e+01  0.000000e+00
     vertex  1.387092e+02 -5.870579e+01  0.000000e+00
   endloop
 endfacet
 facet normal -0.000000e+00  0.000000e+00 -1.000000e+00
   outer loop
     vertex  1.442670e+02 -5.991059e+01  0.000000e+00
     vertex  1.442500e+02 -6.004000e+01  0.000000e+00
     vertex  1.431960e+02 -5.990000e+01  0.000000e+00
   endloop
 endfacet
 facet normal  0.000000e+00 -0.000000e+00 -1.000000e+00
   outer loop
     vertex  1.448794e+02 -6.052296e+01  0.000000e+00
     vertex  1.448794e+02 -6.209704e+01  0.000000e+00
     vertex  1.447500e+02 -6.208000e+01  0.000000e+00
   endloop
 endfacet
 facet normal  0.000000e+00  0.000000e+00 -1.000000e+00
   outer loop
     vertex  1.448794e+02 -6.052296e+01  0.000000e+00
     vertex  1.447500e+02 -6.208000e+01  0.000000e+00
     vertex  1.447500e+02 -6.054000e+01  0.000000e+00
   endloop
 endfacet
 facet normal  0.000000e+00 -0.000000e+00 -1.000000e+00
   outer loop
     vertex  1.402100e+02 -5.568952e+01  0.000000e+00
     vertex  1.419500e+02 -5.938388e+01  0.000000e+00
     vertex  1.400291e+02 -5.576444e+01  0.000000e+00
   endloop
 endfacet
 facet normal  0.000000e+00  0.000000e+00 -1.000000e+00
   outer loop
     vertex  1.402100e+02 -5.568952e+01  0.000000e+00
     vertex  1.421550e+02 -5.929896e+01  0.000000e+00
     vertex  1.419500e+02 -5.938388e+01  0.000000e+00
   endloop
 endfacet
 facet normal  0.000000e+00  0.000000e+00 -1.000000e+00
   outer loop
     vertex  1.391855e+02 -5.466500e+01  0.000000e+00
     vertex  1.391106e+02 -5.484589e+01  0.000000e+00
     vertex  1.338600e+02 -5.693048e+01  0.000000e+00
   endloop
 endfacet
 facet normal -0.000000e+00  0.000000e+00 -1.000000e+00
   outer loop
     vertex  1.391855e+02 -5.466500e+01  0.000000e+00
     vertex  1.336791e+02 -5.685556e+01  0.000000e+00
     vertex  1.298536e+02 -5.460645e+01  0.000000e+00
   endloop
 endfacet
 facet normal  0.000000e+00  0.000000e+00 -1.000000e+00
   outer loop
     vertex  1.391855e+02 -5.466500e+01  0.000000e+00
     vertex  1.338600e+02 -5.693048e+01  0.000000e+00
     vertex  1.336791e+02 -5.685556e+01  0.000000e+00
   endloop
 endfacet
 facet normal  0.000000e+00 -0.000000e+00 -1.000000e+00
   outer loop
     vertex  1.450000e+02 -6.047301e+01  0.000000e+00
     vertex  1.450000e+02 -6.214699e+01  0.000000e+00
     vertex  1.448794e+02 -6.209704e+01  0.000000e+00
   endloop
 endfacet
 facet normal  0.000000e+00  0.000000e+00 -1.000000e+00
   outer loop
     vertex  1.450000e+02 -6.047301e+01  0.000000e+00
     vertex  1.448794e+02 -6.209704e+01  0.000000e+00
     vertex  1.448794e+02 -6.052296e+01  0.000000e+00
   endloop
 endfacet
 facet normal -0.000000e+00  0.000000e+00 -1.000000e+00
   outer loop
     vertex  1.443170e+02 -5.979000e+01  0.000000e+00
     vertex  1.431960e+02 -5.990000e+01  0.000000e+00
     vertex  1.431111e+02 -5.969500e+01  0.000000e+00
   endloop
 endfacet
 facet normal  0.000000e+00  0.000000e+00 -1.000000e+00
   outer loop
     vertex  1.443170e+02 -5.979000e+01  0.000000e+00
     vertex  1.442670e+02 -5.991059e+01  0.000000e+00
     vertex  1.431960e+02 -5.990000e+01  0.000000e+00
   endloop
 endfacet
 facet normal -0.000000e+00  0.000000e+00 -1.000000e+00
   outer loop
     vertex  1.443964e+02 -5.968645e+01  0.000000e+00
     vertex  1.431111e+02 -5.969500e+01  0.000000e+00
     vertex  1.429760e+02 -5.951896e+01  0.000000e+00
   endloop
 endfacet
 facet normal  0.000000e+00  0.000000e+00 -1.000000e+00
   outer loop
     vertex  1.443964e+02 -5.968645e+01  0.000000e+00
     vertex  1.443170e+02 -5.979000e+01  0.000000e+00
     vertex  1.431111e+02 -5.969500e+01  0.000000e+00
   endloop
 endfacet
 facet normal  0.000000e+00 -0.000000e+00 -1.000000e+00
   outer loop
     vertex  1.451036e+02 -6.039355e+01  0.000000e+00
     vertex  1.451036e+02 -6.222645e+01  0.000000e+00
     vertex  1.450000e+02 -6.214699e+01  0.000000e+00
   endloop
 endfacet
 facet normal  0.000000e+00  0.000000e+00 -1.000000e+00
   outer loop
     vertex  1.451036e+02 -6.039355e+01  0.000000e+00
     vertex  1.450000e+02 -6.214699e+01  0.000000e+00
     vertex  1.450000e+02 -6.047301e+01  0.000000e+00
   endloop
 endfacet
 facet normal  0.000000e+00  0.000000e+00 -1.000000e+00
   outer loop
     vertex  1.393047e+02 -5.450967e+01  0.000000e+00
     vertex  1.391855e+02 -5.466500e+01  0.000000e+00
     vertex  1.298536e+02 -5.460645e+01  0.000000e+00
   endloop
 endfacet
 facet normal  0.000000e+00  0.000000e+00 -1.000000e+00
   outer loop
     vertex  1.393047e+02 -5.450967e+01  0.000000e+00
     vertex  1.298536e+02 -5.460645e+01  0.000000e+00
     vertex  1.297500e+02 -5.452699e+01  0.000000e+00
   endloop
 endfacet
 facet normal  0.000000e+00  0.000000e+00 -1.000000e+00
   outer loop
     vertex  1.403653e+02 -5.557033e+01  0.000000e+00
     vertex  1.423750e+02 -5.927000e+01  0.000000e+00
     vertex  1.421550e+02 -5.929896e+01  0.000000e+00
   endloop
 endfacet
 facet normal  0.000000e+00 -0.000000e+00 -1.000000e+00
   outer loop
     vertex  1.403653e+02 -5.557033e+01  0.000000e+00
     vertex  1.421550e+02 -5.929896e+01  0.000000e+00
     vertex  1.402100e+02 -5.568952e+01  0.000000e+00
   endloop
 endfacet
 facet normal -0.000000e+00  0.000000e+00 -1.000000e+00
   outer loop
     vertex  1.445000e+02 -5.960699e+01  0.000000e+00
     vertex  1.443964e+02 -5.968645e+01  0.000000e+00
     vertex  1.429760e+02 -5.951896e+01  0.000000e+00
   endloop
 endfacet
 facet normal  0.000000e+00 -0.000000e+00 -1.000000e+00
   outer loop
     vertex  1.451830e+02 -6.029000e+01  0.000000e+00
     vertex  1.451830e+02 -6.233000e+01  0.000000e+00
     vertex  1.451036e+02 -6.222645e+01  0.000000e+00
   endloop
 endfacet
 facet normal  0.000000e+00  0.000000e+00 -1.000000e+00
   outer loop
     vertex  1.451830e+02 -6.029000e+01  0.000000e+00
     vertex  1.452330e+02 -6.245059e+01  0.000000e+00
     vertex  1.451830e+02 -6.233000e+01  0.000000e+00
   endloop
 endfacet
 facet normal  0.000000e+00  0.000000e+00 -1.000000e+00
   outer loop
     vertex  1.451830e+02 -6.029000e+01  0.000000e+00
     vertex  1.451036e+02 -6.222645e+01  0.000000e+00
     vertex  1.451036e+02 -6.039355e+01  0.000000e+00
   endloop
 endfacet
 facet normal  0.000000e+00 -0.000000e+00 -1.000000e+00
   outer loop
     vertex  1.452330e+02 -6.016941e+01  0.000000e+00
     vertex  1.452330e+02 -6.245059e+01  0.000000e+00
     vertex  1.451830e+02 -6.029000e+01  0.000000e+00
   endloop
 endfacet
 facet normal -0.000000e+00  0.000000e+00 -1.000000e+00
   outer loop
     vertex  1.394600e+02 -5.439048e+01  0.000000e+00
     vertex  1.297500e+02 -5.452699e+01  0.000000e+00
     vertex  1.260000e+02 -4.950000e+01  0.000000e+00
   endloop
 endfacet
 facet normal  0.000000e+00  0.000000e+00 -1.000000e+00
   outer loop
     vertex  1.394600e+02 -5.439048e+01  0.000000e+00
     vertex  1.393047e+02 -5.450967e+01  0.000000e+00
     vertex  1.297500e+02 -5.452699e+01  0.000000e+00
   endloop
 endfacet
 facet normal  0.000000e+00  0.000000e+00 -1.000000e+00
   outer loop
     vertex  1.452500e+02 -6.004000e+01  0.000000e+00
     vertex  1.452330e+02 -6.245059e+01  0.000000e+00
     vertex  1.452330e+02 -6.016941e+01  0.000000e+00
   endloop
 endfacet
 facet normal  0.000000e+00 -0.000000e+00 -1.000000e+00
   outer loop
     vertex  1.452500e+02 -6.004000e+01  0.000000e+00
     vertex  1.452500e+02 -6.258000e+01  0.000000e+00
     vertex  1.452330e+02 -6.245059e+01  0.000000e+00
   endloop
 endfacet
 facet normal -0.000000e+00  0.000000e+00 -1.000000e+00
   outer loop
     vertex  1.396409e+02 -5.431556e+01  0.000000e+00
     vertex  1.394600e+02 -5.439048e+01  0.000000e+00
     vertex  1.260000e+02 -4.950000e+01  0.000000e+00
   endloop
 endfacet
 facet normal  0.000000e+00  0.000000e+00 -1.000000e+00
   outer loop
     vertex  1.443964e+02 -5.785355e+01  0.000000e+00
     vertex  1.429760e+02 -5.951896e+01  0.000000e+00
     vertex  1.428000e+02 -5.938388e+01  0.000000e+00
   endloop
 endfacet
 facet normal  0.000000e+00 -0.000000e+00 -1.000000e+00
   outer loop
     vertex  1.445000e+02 -5.793301e+01  0.000000e+00
     vertex  1.445000e+02 -5.960699e+01  0.000000e+00
     vertex  1.429760e+02 -5.951896e+01  0.000000e+00
   endloop
 endfacet
 facet normal -0.000000e+00  0.000000e+00 -1.000000e+00
   outer loop
     vertex  1.445000e+02 -5.793301e+01  0.000000e+00
     vertex  1.429760e+02 -5.951896e+01  0.000000e+00
     vertex  1.443964e+02 -5.785355e+01  0.000000e+00
   endloop
 endfacet
 facet normal  0.000000e+00 -0.000000e+00 -1.000000e+00
   outer loop
     vertex  1.443170e+02 -5.775000e+01  0.000000e+00
     vertex  1.443964e+02 -5.785355e+01  0.000000e+00
     vertex  1.428000e+02 -5.938388e+01  0.000000e+00
   endloop
 endfacet
 facet normal  0.000000e+00  0.000000e+00 -1.000000e+00
   outer loop
     vertex  1.443170e+02 -5.775000e+01  0.000000e+00
     vertex  1.428000e+02 -5.938388e+01  0.000000e+00
     vertex  1.425950e+02 -5.929896e+01  0.000000e+00
   endloop
 endfacet
 facet normal  0.000000e+00 -0.000000e+00 -1.000000e+00
   outer loop
     vertex  1.442670e+02 -5.762941e+01  0.000000e+00
     vertex  1.443170e+02 -5.775000e+01  0.000000e+00
     vertex  1.425950e+02 -5.929896e+01  0.000000e+00
   endloop
 endfacet
 facet normal -0.000000e+00  0.000000e+00 -1.000000e+00
   outer loop
     vertex  1.446206e+02 -5.798296e+01  0.000000e+00
     vertex  1.445000e+02 -5.960699e+01  0.000000e+00
     vertex  1.445000e+02 -5.793301e+01  0.000000e+00
   endloop
 endfacet
 facet normal  0.000000e+00 -0.000000e+00 -1.000000e+00
   outer loop
     vertex  1.446206e+02 -5.798296e+01  0.000000e+00
     vertex  1.446206e+02 -5.955704e+01  0.000000e+00
     vertex  1.445000e+02 -5.960699e+01  0.000000e+00
   endloop
 endfacet
 facet normal -0.000000e+00  0.000000e+00 -1.000000e+00
   outer loop
     vertex  1.447500e+02 -5.800000e+01  0.000000e+00
     vertex  1.446206e+02 -5.955704e+01  0.000000e+00
     vertex  1.446206e+02 -5.798296e+01  0.000000e+00
   endloop
 endfacet
 facet normal  0.000000e+00 -0.000000e+00 -1.000000e+00
   outer loop
     vertex  1.447500e+02 -5.800000e+01  0.000000e+00
     vertex  1.447500e+02 -5.954000e+01  0.000000e+00
     vertex  1.446206e+02 -5.955704e+01  0.000000e+00
   endloop
 endfacet
 facet normal  0.000000e+00  0.000000e+00 -1.000000e+00
   outer loop
     vertex  1.447500e+02 -5.800000e+01  0.000000e+00
     vertex  1.448794e+02 -5.955704e+01  0.000000e+00
     vertex  1.447500e+02 -5.954000e+01  0.000000e+00
   endloop
 endfacet
 facet normal  0.000000e+00  0.000000e+00 -1.000000e+00
   outer loop
     vertex  1.442500e+02 -5.750000e+01  0.000000e+00
     vertex  1.425950e+02 -5.929896e+01  0.000000e+00
     vertex  1.423750e+02 -5.927000e+01  0.000000e+00
   endloop
 endfacet
 facet normal  0.000000e+00 -0.000000e+00 -1.000000e+00
   outer loop
     vertex  1.442500e+02 -5.750000e+01  0.000000e+00
     vertex  1.442670e+02 -5.762941e+01  0.000000e+00
     vertex  1.425950e+02 -5.929896e+01  0.000000e+00
   endloop
 endfacet
 facet normal  0.000000e+00  0.000000e+00 -1.000000e+00
   outer loop
     vertex  1.442670e+02 -5.737059e+01  0.000000e+00
     vertex  1.403653e+02 -5.557033e+01  0.000000e+00
     vertex  1.404845e+02 -5.541500e+01  0.000000e+00
   endloop
 endfacet
 facet normal  0.000000e+00  0.000000e+00 -1.000000e+00
   outer loop
     vertex  1.442670e+02 -5.737059e+01  0.000000e+00
     vertex  1.442500e+02 -5.750000e+01  0.000000e+00
     vertex  1.423750e+02 -5.927000e+01  0.000000e+00
   endloop
 endfacet
 facet normal -0.000000e+00  0.000000e+00 -1.000000e+00
   outer loop
     vertex  1.442670e+02 -5.737059e+01  0.000000e+00
     vertex  1.423750e+02 -5.927000e+01  0.000000e+00
     vertex  1.403653e+02 -5.557033e+01  0.000000e+00
   endloop
 endfacet
 facet normal  0.000000e+00 -0.000000e+00 -1.000000e+00
   outer loop
     vertex  1.448794e+02 -5.798296e+01  0.000000e+00
     vertex  1.448794e+02 -5.955704e+01  0.000000e+00
     vertex  1.447500e+02 -5.800000e+01  0.000000e+00
   endloop
 endfacet
 facet normal -0.000000e+00  0.000000e+00 -1.000000e+00
   outer loop
     vertex  1.443170e+02 -5.725000e+01  0.000000e+00
     vertex  1.442670e+02 -5.737059e+01  0.000000e+00
     vertex  1.404845e+02 -5.541500e+01  0.000000e+00
   endloop
 endfacet
 facet normal  0.000000e+00  0.000000e+00 -1.000000e+00
   outer loop
     vertex  1.450000e+02 -5.793301e+01  0.000000e+00
     vertex  1.448794e+02 -5.955704e+01  0.000000e+00
     vertex  1.448794e+02 -5.798296e+01  0.000000e+00
   endloop
 endfacet
 facet normal  0.000000e+00 -0.000000e+00 -1.000000e+00
   outer loop
     vertex  1.450000e+02 -5.793301e+01  0.000000e+00
     vertex  1.450000e+02 -5.960699e+01  0.000000e+00
     vertex  1.448794e+02 -5.955704e+01  0.000000e+00
   endloop
 endfacet
 facet normal  0.000000e+00  0.000000e+00 -1.000000e+00
   outer loop
     vertex  1.450000e+02 -5.793301e+01  0.000000e+00
     vertex  1.451036e+02 -5.968645e+01  0.000000e+00
     vertex  1.450000e+02 -5.960699e+01  0.000000e+00
   endloop
 endfacet
 facet normal  0.000000e+00 -0.000000e+00 -1.000000e+00
   outer loop
     vertex  1.451036e+02 -5.785355e+01  0.000000e+00
     vertex  1.451036e+02 -5.968645e+01  0.000000e+00
     vertex  1.450000e+02 -5.793301e+01  0.000000e+00
   endloop
 endfacet
 facet normal  0.000000e+00 -0.000000e+00 -1.000000e+00
   outer loop
     vertex  1.451830e+02 -5.775000e+01  0.000000e+00
     vertex  1.451830e+02 -5.979000e+01  0.000000e+00
     vertex  1.451036e+02 -5.968645e+01  0.000000e+00
   endloop
 endfacet
 facet normal  0.000000e+00  0.000000e+00 -1.000000e+00
   outer loop
     vertex  1.451830e+02 -5.775000e+01  0.000000e+00
     vertex  1.451036e+02 -5.968645e+01  0.000000e+00
     vertex  1.451036e+02 -5.785355e+01  0.000000e+00
   endloop
 endfacet
 facet normal  0.000000e+00 -0.000000e+00 -1.000000e+00
   outer loop
     vertex  1.452330e+02 -5.762941e+01  0.000000e+00
     vertex  1.452330e+02 -5.991059e+01  0.000000e+00
     vertex  1.451830e+02 -5.979000e+01  0.000000e+00
   endloop
 endfacet
 facet normal  0.000000e+00  0.000000e+00 -1.000000e+00
   outer loop
     vertex  1.452330e+02 -5.762941e+01  0.000000e+00
     vertex  1.451830e+02 -5.979000e+01  0.000000e+00
     vertex  1.451830e+02 -5.775000e+01  0.000000e+00
   endloop
 endfacet
 facet normal  0.000000e+00 -0.000000e+00 -1.000000e+00
   outer loop
     vertex  1.452500e+02 -5.750000e+01  0.000000e+00
     vertex  1.452500e+02 -6.004000e+01  0.000000e+00
     vertex  1.452330e+02 -5.991059e+01  0.000000e+00
   endloop
 endfacet
 facet normal  0.000000e+00  0.000000e+00 -1.000000e+00
   outer loop
     vertex  1.452500e+02 -5.750000e+01  0.000000e+00
     vertex  1.452330e+02 -5.991059e+01  0.000000e+00
     vertex  1.452330e+02 -5.762941e+01  0.000000e+00
   endloop
 endfacet
 facet normal  0.000000e+00  0.000000e+00 -1.000000e+00
   outer loop
     vertex  1.443964e+02 -5.531355e+01  0.000000e+00
     vertex  1.445000e+02 -5.706699e+01  0.000000e+00
     vertex  1.443964e+02 -5.714645e+01  0.000000e+00
   endloop
 endfacet
 facet normal -0.000000e+00 -0.000000e+00 -1.000000e+00
   outer loop
     vertex  1.445000e+02 -5.539301e+01  0.000000e+00
     vertex  1.445000e+02 -5.706699e+01  0.000000e+00
     vertex  1.443964e+02 -5.531355e+01  0.000000e+00
   endloop
 endfacet
 facet normal  0.000000e+00  0.000000e+00 -1.000000e+00
   outer loop
     vertex  1.443170e+02 -5.521000e+01  0.000000e+00
     vertex  1.404845e+02 -5.541500e+01  0.000000e+00
     vertex  1.405594e+02 -5.523411e+01  0.000000e+00
   endloop
 endfacet
 facet normal  0.000000e+00  0.000000e+00 -1.000000e+00
   outer loop
     vertex  1.443170e+02 -5.521000e+01  0.000000e+00
     vertex  1.443964e+02 -5.531355e+01  0.000000e+00
     vertex  1.443964e+02 -5.714645e+01  0.000000e+00
   endloop
 endfacet
 facet normal  0.000000e+00 -0.000000e+00 -1.000000e+00
   outer loop
     vertex  1.443170e+02 -5.521000e+01  0.000000e+00
     vertex  1.443170e+02 -5.725000e+01  0.000000e+00
     vertex  1.404845e+02 -5.541500e+01  0.000000e+00
   endloop
 endfacet
 facet normal  0.000000e+00  0.000000e+00 -1.000000e+00
   outer loop
     vertex  1.443170e+02 -5.521000e+01  0.000000e+00
     vertex  1.443964e+02 -5.714645e+01  0.000000e+00
     vertex  1.443170e+02 -5.725000e+01  0.000000e+00
   endloop
 endfacet
 facet normal -0.000000e+00  0.000000e+00 -1.000000e+00
   outer loop
     vertex  1.442670e+02 -5.508941e+01  0.000000e+00
     vertex  1.405594e+02 -5.523411e+01  0.000000e+00
     vertex  1.405850e+02 -5.504000e+01  0.000000e+00
   endloop
 endfacet
 facet normal  0.000000e+00 -0.000000e+00 -1.000000e+00
   outer loop
     vertex  1.442670e+02 -5.508941e+01  0.000000e+00
     vertex  1.443170e+02 -5.521000e+01  0.000000e+00
     vertex  1.405594e+02 -5.523411e+01  0.000000e+00
   endloop
 endfacet
 facet normal  0.000000e+00 -0.000000e+00 -1.000000e+00
   outer loop
     vertex  1.446206e+02 -5.544296e+01  0.000000e+00
     vertex  1.446206e+02 -5.701704e+01  0.000000e+00
     vertex  1.445000e+02 -5.706699e+01  0.000000e+00
   endloop
 endfacet
 facet normal -0.000000e+00  0.000000e+00 -1.000000e+00
   outer loop
     vertex  1.446206e+02 -5.544296e+01  0.000000e+00
     vertex  1.445000e+02 -5.706699e+01  0.000000e+00
     vertex  1.445000e+02 -5.539301e+01  0.000000e+00
   endloop
 endfacet
 facet normal -0.000000e+00  0.000000e+00 -1.000000e+00
   outer loop
     vertex  1.447500e+02 -5.546000e+01  0.000000e+00
     vertex  1.446206e+02 -5.701704e+01  0.000000e+00
     vertex  1.446206e+02 -5.544296e+01  0.000000e+00
   endloop
 endfacet
 facet normal  0.000000e+00 -0.000000e+00 -1.000000e+00
   outer loop
     vertex  1.447500e+02 -5.546000e+01  0.000000e+00
     vertex  1.447500e+02 -5.700000e+01  0.000000e+00
     vertex  1.446206e+02 -5.701704e+01  0.000000e+00
   endloop
 endfacet
 facet normal -0.000000e+00  0.000000e+00 -1.000000e+00
   outer loop
     vertex  1.442500e+02 -5.496000e+01  0.000000e+00
     vertex  1.405850e+02 -5.504000e+01  0.000000e+00
     vertex  1.405594e+02 -5.484589e+01  0.000000e+00
   endloop
 endfacet
 facet normal  0.000000e+00 -0.000000e+00 -1.000000e+00
   outer loop
     vertex  1.442500e+02 -5.496000e+01  0.000000e+00
     vertex  1.442670e+02 -5.508941e+01  0.000000e+00
     vertex  1.405850e+02 -5.504000e+01  0.000000e+00
   endloop
 endfacet
 facet normal  0.000000e+00  0.000000e+00 -1.000000e+00
   outer loop
     vertex  1.442670e+02 -5.483059e+01  0.000000e+00
     vertex  1.442500e+02 -5.496000e+01  0.000000e+00
     vertex  1.405594e+02 -5.484589e+01  0.000000e+00
   endloop
 endfacet
 facet normal  0.000000e+00  0.000000e+00 -1.000000e+00
   outer loop
     vertex  1.448794e+02 -5.544296e+01  0.000000e+00
     vertex  1.447500e+02 -5.700000e+01  0.000000e+00
     vertex  1.447500e+02 -5.546000e+01  0.000000e+00
   endloop
 endfacet
 facet normal  0.000000e+00 -0.000000e+00 -1.000000e+00
   outer loop
     vertex  1.448794e+02 -5.544296e+01  0.000000e+00
     vertex  1.448794e+02 -5.701704e+01  0.000000e+00
     vertex  1.447500e+02 -5.700000e+01  0.000000e+00
   endloop
 endfacet
 facet normal -0.000000e+00  0.000000e+00 -1.000000e+00
   outer loop
     vertex  1.443170e+02 -5.471000e+01  0.000000e+00
     vertex  1.405594e+02 -5.484589e+01  0.000000e+00
     vertex  1.404845e+02 -5.466500e+01  0.000000e+00
   endloop
 endfacet
 facet normal  0.000000e+00  0.000000e+00 -1.000000e+00
   outer loop
     vertex  1.443170e+02 -5.471000e+01  0.000000e+00
     vertex  1.442670e+02 -5.483059e+01  0.000000e+00
     vertex  1.405594e+02 -5.484589e+01  0.000000e+00
   endloop
 endfacet
 facet normal  0.000000e+00 -0.000000e+00 -1.000000e+00
   outer loop
     vertex  1.450000e+02 -5.539301e+01  0.000000e+00
     vertex  1.450000e+02 -5.706699e+01  0.000000e+00
     vertex  1.448794e+02 -5.701704e+01  0.000000e+00
   endloop
 endfacet
 facet normal  0.000000e+00  0.000000e+00 -1.000000e+00
   outer loop
     vertex  1.450000e+02 -5.539301e+01  0.000000e+00
     vertex  1.451036e+02 -5.714645e+01  0.000000e+00
     vertex  1.450000e+02 -5.706699e+01  0.000000e+00
   endloop
 endfacet
 facet normal  0.000000e+00  0.000000e+00 -1.000000e+00
   outer loop
     vertex  1.450000e+02 -5.539301e+01  0.000000e+00
     vertex  1.448794e+02 -5.701704e+01  0.000000e+00
     vertex  1.448794e+02 -5.544296e+01  0.000000e+00
   endloop
 endfacet
 facet normal -0.000000e+00  0.000000e+00 -1.000000e+00
   outer loop
     vertex  1.443964e+02 -5.460645e+01  0.000000e+00
     vertex  1.404845e+02 -5.466500e+01  0.000000e+00
     vertex  1.403653e+02 -5.450967e+01  0.000000e+00
   endloop
 endfacet
 facet normal  0.000000e+00  0.000000e+00 -1.000000e+00
   outer loop
     vertex  1.443964e+02 -5.460645e+01  0.000000e+00
     vertex  1.443170e+02 -5.471000e+01  0.000000e+00
     vertex  1.404845e+02 -5.466500e+01  0.000000e+00
   endloop
 endfacet
 facet normal  0.000000e+00 -0.000000e+00 -1.000000e+00
   outer loop
     vertex  1.451036e+02 -5.531355e+01  0.000000e+00
     vertex  1.451036e+02 -5.714645e+01  0.000000e+00
     vertex  1.450000e+02 -5.539301e+01  0.000000e+00
   endloop
 endfacet
 facet normal  0.000000e+00  0.000000e+00 -1.000000e+00
   outer loop
     vertex  1.451830e+02 -5.521000e+01  0.000000e+00
     vertex  1.451036e+02 -5.714645e+01  0.000000e+00
     vertex  1.451036e+02 -5.531355e+01  0.000000e+00
   endloop
 endfacet
 facet normal  0.000000e+00 -0.000000e+00 -1.000000e+00
   outer loop
     vertex  1.451830e+02 -5.521000e+01  0.000000e+00
     vertex  1.451830e+02 -5.725000e+01  0.000000e+00
     vertex  1.451036e+02 -5.714645e+01  0.000000e+00
   endloop
 endfacet
 facet normal  0.000000e+00  0.000000e+00 -1.000000e+00
   outer loop
     vertex  1.445000e+02 -5.452699e+01  0.000000e+00
     vertex  1.403653e+02 -5.450967e+01  0.000000e+00
     vertex  1.402100e+02 -5.439048e+01  0.000000e+00
   endloop
 endfacet
 facet normal -0.000000e+00  0.000000e+00 -1.000000e+00
   outer loop
     vertex  1.445000e+02 -5.452699e+01  0.000000e+00
     vertex  1.443964e+02 -5.460645e+01  0.000000e+00
     vertex  1.403653e+02 -5.450967e+01  0.000000e+00
   endloop
 endfacet
 facet normal -0.000000e+00  0.000000e+00 -1.000000e+00
   outer loop
     vertex  1.446206e+02 -5.447704e+01  0.000000e+00
     vertex  1.445000e+02 -5.452699e+01  0.000000e+00
     vertex  1.402100e+02 -5.439048e+01  0.000000e+00
   endloop
 endfacet
 facet normal  0.000000e+00  0.000000e+00 -1.000000e+00
   outer loop
     vertex  1.452330e+02 -5.508941e+01  0.000000e+00
     vertex  1.451830e+02 -5.725000e+01  0.000000e+00
     vertex  1.451830e+02 -5.521000e+01  0.000000e+00
   endloop
 endfacet
 facet normal  0.000000e+00 -0.000000e+00 -1.000000e+00
   outer loop
     vertex  1.452330e+02 -5.508941e+01  0.000000e+00
     vertex  1.452330e+02 -5.737059e+01  0.000000e+00
     vertex  1.451830e+02 -5.725000e+01  0.000000e+00
   endloop
 endfacet
 facet normal  0.000000e+00  0.000000e+00 -1.000000e+00
   outer loop
     vertex  1.485000e+02 -4.950000e+01  0.000000e+00
     vertex  1.447500e+02 -5.446000e+01  0.000000e+00
     vertex  1.446206e+02 -5.447704e+01  0.000000e+00
   endloop
 endfacet
 facet normal  0.000000e+00  0.000000e+00 -1.000000e+00
   outer loop
     vertex  1.485000e+02 -4.950000e+01  0.000000e+00
     vertex  1.448794e+02 -5.447704e+01  0.000000e+00
     vertex  1.447500e+02 -5.446000e+01  0.000000e+00
   endloop
 endfacet
 facet normal  0.000000e+00  0.000000e+00 -1.000000e+00
   outer loop
     vertex  1.485000e+02 -4.950000e+01  0.000000e+00
     vertex  1.450000e+02 -5.452699e+01  0.000000e+00
     vertex  1.448794e+02 -5.447704e+01  0.000000e+00
   endloop
 endfacet
 facet normal  0.000000e+00  0.000000e+00 -1.000000e+00
   outer loop
     vertex  1.485000e+02 -4.950000e+01  0.000000e+00
     vertex  1.451036e+02 -5.460645e+01  0.000000e+00
     vertex  1.450000e+02 -5.452699e+01  0.000000e+00
   endloop
 endfacet
 facet normal  0.000000e+00  0.000000e+00 -1.000000e+00
   outer loop
     vertex  1.485000e+02 -4.950000e+01  0.000000e+00
     vertex  1.451830e+02 -5.471000e+01  0.000000e+00
     vertex  1.451036e+02 -5.460645e+01  0.000000e+00
   endloop
 endfacet
 facet normal  0.000000e+00  0.000000e+00 -1.000000e+00
   outer loop
     vertex  1.485000e+02 -4.950000e+01  0.000000e+00
     vertex  1.452330e+02 -5.483059e+01  0.000000e+00
     vertex  1.451830e+02 -5.471000e+01  0.000000e+00
   endloop
 endfacet
 facet normal  0.000000e+00  0.000000e+00 -1.000000e+00
   outer loop
     vertex  1.485000e+02 -4.950000e+01  0.000000e+00
     vertex  1.452500e+02 -5.496000e+01  0.000000e+00
     vertex  1.452330e+02 -5.483059e+01  0.000000e+00
   endloop
 endfacet
 facet normal  0.000000e+00  0.000000e+00 -1.000000e+00
   outer loop
     vertex  1.485000e+02 -4.950000e+01  0.000000e+00
     vertex  1.446206e+02 -5.447704e+01  0.000000e+00
     vertex  1.402100e+02 -5.439048e+01  0.000000e+00
   endloop
 endfacet
 facet normal  0.000000e+00  0.000000e+00 -1.000000e+00
   outer loop
     vertex  1.485000e+02 -4.950000e+01  0.000000e+00
     vertex  1.452330e+02 -5.508941e+01  0.000000e+00
     vertex  1.452500e+02 -5.496000e+01  0.000000e+00
   endloop
 endfacet
 facet normal  0.000000e+00  0.000000e+00 -1.000000e+00
   outer loop
     vertex  1.485000e+02 -4.950000e+01  0.000000e+00
     vertex  1.452500e+02 -6.258000e+01  0.000000e+00
     vertex  1.452500e+02 -6.004000e+01  0.000000e+00
   endloop
 endfacet
 facet normal  0.000000e+00  0.000000e+00 -1.000000e+00
   outer loop
     vertex  1.485000e+02 -4.950000e+01  0.000000e+00
     vertex  1.398350e+02 -5.429000e+01  0.000000e+00
     vertex  1.396409e+02 -5.431556e+01  0.000000e+00
   endloop
 endfacet
 facet normal  0.000000e+00  0.000000e+00 -1.000000e+00
   outer loop
     vertex  1.485000e+02 -4.950000e+01  0.000000e+00
     vertex  1.452500e+02 -6.512000e+01  0.000000e+00
     vertex  1.452500e+02 -6.258000e+01  0.000000e+00
   endloop
 endfacet
 facet normal  0.000000e+00  0.000000e+00 -1.000000e+00
   outer loop
     vertex  1.485000e+02 -4.950000e+01  0.000000e+00
     vertex  1.400291e+02 -5.431556e+01  0.000000e+00
     vertex  1.398350e+02 -5.429000e+01  0.000000e+00
   endloop
 endfacet
 facet normal  0.000000e+00  0.000000e+00 -1.000000e+00
   outer loop
     vertex  1.485000e+02 -4.950000e+01  0.000000e+00
     vertex  1.402100e+02 -5.439048e+01  0.000000e+00
     vertex  1.400291e+02 -5.431556e+01  0.000000e+00
   endloop
 endfacet
 facet normal -0.000000e+00  0.000000e+00 -1.000000e+00
   outer loop
     vertex  1.485000e+02 -4.950000e+01  0.000000e+00
     vertex  1.396409e+02 -5.431556e+01  0.000000e+00
     vertex  1.260000e+02 -4.950000e+01  0.000000e+00
   endloop
 endfacet
 facet normal  0.000000e+00  0.000000e+00 -1.000000e+00
   outer loop
     vertex  1.485000e+02 -4.950000e+01  0.000000e+00
     vertex  1.452330e+02 -5.737059e+01  0.000000e+00
     vertex  1.452330e+02 -5.508941e+01  0.000000e+00
   endloop
 endfacet
 facet normal  0.000000e+00  0.000000e+00 -1.000000e+00
   outer loop
     vertex  1.485000e+02 -4.950000e+01  0.000000e+00
     vertex  1.452500e+02 -6.766000e+01  0.000000e+00
     vertex  1.452500e+02 -6.512000e+01  0.000000e+00
   endloop
 endfacet
 facet normal  0.000000e+00  0.000000e+00 -1.000000e+00
   outer loop
     vertex  1.485000e+02 -4.950000e+01  0.000000e+00
     vertex  1.452500e+02 -7.020000e+01  0.000000e+00
     vertex  1.452500e+02 -6.766000e+01  0.000000e+00
   endloop
 endfacet
 facet normal  0.000000e+00  0.000000e+00 -1.000000e+00
   outer loop
     vertex  1.485000e+02 -4.950000e+01  0.000000e+00
     vertex  1.452500e+02 -6.004000e+01  0.000000e+00
     vertex  1.452500e+02 -5.750000e+01  0.000000e+00
   endloop
 endfacet
 facet normal  0.000000e+00  0.000000e+00 -1.000000e+00
   outer loop
     vertex  1.485000e+02 -4.950000e+01  0.000000e+00
     vertex  1.452500e+02 -5.750000e+01  0.000000e+00
     vertex  1.452330e+02 -5.737059e+01  0.000000e+00
   endloop
 endfacet
 facet normal  0.000000e+00  0.000000e+00 -1.000000e+00
   outer loop
     vertex  1.485000e+02 -1.275000e+02  0.000000e+00
     vertex  1.452500e+02 -7.020000e+01  0.000000e+00
     vertex  1.485000e+02 -4.950000e+01  0.000000e+00
   endloop
 endfacet
 facet normal  0.000000e+00  0.000000e+00 -1.000000e+00
   outer loop
     vertex  1.485000e+02 -1.275000e+02  0.000000e+00
     vertex  1.452330e+02 -7.032941e+01  0.000000e+00
     vertex  1.452500e+02 -7.020000e+01  0.000000e+00
   endloop
 endfacet
 facet normal  0.000000e+00  0.000000e+00 -1.000000e+00
   outer loop
     vertex  1.485000e+02 -1.275000e+02  0.000000e+00
     vertex  1.431800e+02 -9.820000e+01  0.000000e+00
     vertex  1.452330e+02 -7.032941e+01  0.000000e+00
   endloop
 endfacet
 facet normal  0.000000e+00  0.000000e+00 -1.000000e+00
   outer loop
     vertex  1.260000e+02 -4.950000e+01  0.000000e+00
     vertex  1.290000e+02 -7.020000e+01  0.000000e+00
     vertex  1.260000e+02 -1.275000e+02  0.000000e+00
   endloop
 endfacet
 facet normal  0.000000e+00 -0.000000e+00 -1.000000e+00
   outer loop
     vertex  1.290000e+02 -7.020000e+01  0.000000e+00
     vertex  1.290170e+02 -7.032941e+01  0.000000e+00
     vertex  1.260000e+02 -1.275000e+02  0.000000e+00
   endloop
 endfacet
 facet normal  0.000000e+00 -0.000000e+00 -1.000000e+00
   outer loop
     vertex  1.290170e+02 -7.032941e+01  0.000000e+00
     vertex  1.313200e+02 -9.820000e+01  0.000000e+00
     vertex  1.260000e+02 -1.275000e+02  0.000000e+00
   endloop
 endfacet
 facet normal  0.000000e+00  0.000000e+00  1.000000e+00
   outer loop
     vertex  1.317450e+02 -1.178561e+02  1.510000e+00
     vertex  1.315690e+02 -1.177210e+02  1.510000e+00
     vertex  1.260000e+02 -1.275000e+02  1.510000e+00
   endloop
 endfacet
 facet normal  0.000000e+00  0.000000e+00  1.000000e+00
   outer loop
     vertex  1.314339e+02 -1.175450e+02  1.510000e+00
     vertex  1.260000e+02 -1.275000e+02  1.510000e+00
     vertex  1.315690e+02 -1.177210e+02  1.510000e+00
   endloop
 endfacet
 facet normal  0.000000e+00  0.000000e+00  1.000000e+00
   outer loop
     vertex  1.319500e+02 -1.179410e+02  1.510000e+00
     vertex  1.317450e+02 -1.178561e+02  1.510000e+00
     vertex  1.260000e+02 -1.275000e+02  1.510000e+00
   endloop
 endfacet
 facet normal  0.000000e+00  0.000000e+00  1.000000e+00
   outer loop
     vertex  1.313490e+02 -1.173400e+02  1.510000e+00
     vertex  1.260000e+02 -1.275000e+02  1.510000e+00
     vertex  1.314339e+02 -1.175450e+02  1.510000e+00
   endloop
 endfacet
 facet normal  0.000000e+00  0.000000e+00  1.000000e+00
   outer loop
     vertex  1.321700e+02 -1.179700e+02  1.510000e+00
     vertex  1.319500e+02 -1.179410e+02  1.510000e+00
     vertex  1.260000e+02 -1.275000e+02  1.510000e+00
   endloop
 endfacet
 facet normal  0.000000e+00  0.000000e+00  1.000000e+00
   outer loop
     vertex  1.313200e+02 -1.171200e+02  1.510000e+00
     vertex  1.260000e+02 -1.275000e+02  1.510000e+00
     vertex  1.313490e+02 -1.173400e+02  1.510000e+00
   endloop
 endfacet
 facet normal  0.000000e+00  0.000000e+00  1.000000e+00
   outer loop
     vertex  1.313490e+02 -1.169000e+02  1.510000e+00
     vertex  1.260000e+02 -1.275000e+02  1.510000e+00
     vertex  1.313200e+02 -1.171200e+02  1.510000e+00
   endloop
 endfacet
 facet normal  0.000000e+00  0.000000e+00  1.000000e+00
   outer loop
     vertex  1.358358e+02 -1.185342e+02  1.510000e+00
     vertex  1.325950e+02 -1.178561e+02  1.510000e+00
     vertex  1.323900e+02 -1.179410e+02  1.510000e+00
   endloop
 endfacet
 facet normal  0.000000e+00  0.000000e+00  1.000000e+00
   outer loop
     vertex  1.362500e+02 -1.188521e+02  1.510000e+00
     vertex  1.323900e+02 -1.179410e+02  1.510000e+00
     vertex  1.321700e+02 -1.179700e+02  1.510000e+00
   endloop
 endfacet
 facet normal  0.000000e+00  0.000000e+00  1.000000e+00
   outer loop
     vertex  1.362500e+02 -1.188521e+02  1.510000e+00
     vertex  1.321700e+02 -1.179700e+02  1.510000e+00
     vertex  1.260000e+02 -1.275000e+02  1.510000e+00
   endloop
 endfacet
 facet normal  0.000000e+00  0.000000e+00  1.000000e+00
   outer loop
     vertex  1.362500e+02 -1.188521e+02  1.510000e+00
     vertex  1.358358e+02 -1.185342e+02  1.510000e+00
     vertex  1.323900e+02 -1.179410e+02  1.510000e+00
   endloop
 endfacet
 facet normal  0.000000e+00  0.000000e+00  1.000000e+00
   outer loop
     vertex  1.355179e+02 -1.181200e+02  1.510000e+00
     vertex  1.329061e+02 -1.175450e+02  1.510000e+00
     vertex  1.327710e+02 -1.177210e+02  1.510000e+00
   endloop
 endfacet
 facet normal  0.000000e+00  0.000000e+00  1.000000e+00
   outer loop
     vertex  1.355179e+02 -1.181200e+02  1.510000e+00
     vertex  1.327710e+02 -1.177210e+02  1.510000e+00
     vertex  1.325950e+02 -1.178561e+02  1.510000e+00
   endloop
 endfacet
 facet normal  0.000000e+00  0.000000e+00  1.000000e+00
   outer loop
     vertex  1.355179e+02 -1.181200e+02  1.510000e+00
     vertex  1.325950e+02 -1.178561e+02  1.510000e+00
     vertex  1.358358e+02 -1.185342e+02  1.510000e+00
   endloop
 endfacet
 facet normal  0.000000e+00  0.000000e+00  1.000000e+00
   outer loop
     vertex  1.367324e+02 -1.190519e+02  1.510000e+00
     vertex  1.362500e+02 -1.188521e+02  1.510000e+00
     vertex  1.260000e+02 -1.275000e+02  1.510000e+00
   endloop
 endfacet
 facet normal  0.000000e+00  0.000000e+00  1.000000e+00
   outer loop
     vertex  1.353181e+02 -1.176376e+02  1.510000e+00
     vertex  1.329910e+02 -1.173400e+02  1.510000e+00
     vertex  1.329061e+02 -1.175450e+02  1.510000e+00
   endloop
 endfacet
 facet normal  0.000000e+00  0.000000e+00  1.000000e+00
   outer loop
     vertex  1.353181e+02 -1.176376e+02  1.510000e+00
     vertex  1.329061e+02 -1.175450e+02  1.510000e+00
     vertex  1.355179e+02 -1.181200e+02  1.510000e+00
   endloop
 endfacet
 facet normal  0.000000e+00  0.000000e+00  1.000000e+00
   outer loop
     vertex  1.329097e+02 -1.151103e+02  1.510000e+00
     vertex  1.321700e+02 -1.162700e+02  1.510000e+00
     vertex  1.323900e+02 -1.162990e+02  1.510000e+00
   endloop
 endfacet
 facet normal  0.000000e+00  0.000000e+00  1.000000e+00
   outer loop
     vertex  1.327905e+02 -1.149550e+02  1.510000e+00
     vertex  1.319500e+02 -1.162990e+02  1.510000e+00
     vertex  1.321700e+02 -1.162700e+02  1.510000e+00
   endloop
 endfacet
 facet normal  0.000000e+00  0.000000e+00  1.000000e+00
   outer loop
     vertex  1.327905e+02 -1.149550e+02  1.510000e+00
     vertex  1.321700e+02 -1.162700e+02  1.510000e+00
     vertex  1.329097e+02 -1.151103e+02  1.510000e+00
   endloop
 endfacet
 facet normal  0.000000e+00  0.000000e+00  1.000000e+00
   outer loop
     vertex  1.330650e+02 -1.152295e+02  1.510000e+00
     vertex  1.323900e+02 -1.162990e+02  1.510000e+00
     vertex  1.325950e+02 -1.163839e+02  1.510000e+00
   endloop
 endfacet
 facet normal  0.000000e+00  0.000000e+00  1.000000e+00
   outer loop
     vertex  1.330650e+02 -1.152295e+02  1.510000e+00
     vertex  1.329097e+02 -1.151103e+02  1.510000e+00
     vertex  1.323900e+02 -1.162990e+02  1.510000e+00
   endloop
 endfacet
 facet normal  0.000000e+00  0.000000e+00  1.000000e+00
   outer loop
     vertex  1.332459e+02 -1.153044e+02  1.510000e+00
     vertex  1.325950e+02 -1.163839e+02  1.510000e+00
     vertex  1.327710e+02 -1.165190e+02  1.510000e+00
   endloop
 endfacet
 facet normal  0.000000e+00  0.000000e+00  1.000000e+00
   outer loop
     vertex  1.332459e+02 -1.153044e+02  1.510000e+00
     vertex  1.330650e+02 -1.152295e+02  1.510000e+00
     vertex  1.325950e+02 -1.163839e+02  1.510000e+00
   endloop
 endfacet
 facet normal  0.000000e+00  0.000000e+00  1.000000e+00
   outer loop
     vertex  1.327156e+02 -1.147741e+02  1.510000e+00
     vertex  1.317450e+02 -1.163839e+02  1.510000e+00
     vertex  1.319500e+02 -1.162990e+02  1.510000e+00
   endloop
 endfacet
 facet normal  0.000000e+00  0.000000e+00  1.000000e+00
   outer loop
     vertex  1.327156e+02 -1.147741e+02  1.510000e+00
     vertex  1.319500e+02 -1.162990e+02  1.510000e+00
     vertex  1.327905e+02 -1.149550e+02  1.510000e+00
   endloop
 endfacet
 facet normal  0.000000e+00  0.000000e+00  1.000000e+00
   outer loop
     vertex  1.334400e+02 -1.153300e+02  1.510000e+00
     vertex  1.327710e+02 -1.165190e+02  1.510000e+00
     vertex  1.329061e+02 -1.166950e+02  1.510000e+00
   endloop
 endfacet
 facet normal  0.000000e+00  0.000000e+00  1.000000e+00
   outer loop
     vertex  1.334400e+02 -1.153300e+02  1.510000e+00
     vertex  1.332459e+02 -1.153044e+02  1.510000e+00
     vertex  1.327710e+02 -1.165190e+02  1.510000e+00
   endloop
 endfacet
 facet normal  0.000000e+00  0.000000e+00  1.000000e+00
   outer loop
     vertex  1.326900e+02 -1.145800e+02  1.510000e+00
     vertex  1.315690e+02 -1.165190e+02  1.510000e+00
     vertex  1.317450e+02 -1.163839e+02  1.510000e+00
   endloop
 endfacet
 facet normal  0.000000e+00  0.000000e+00  1.000000e+00
   outer loop
     vertex  1.326900e+02 -1.145800e+02  1.510000e+00
     vertex  1.317450e+02 -1.163839e+02  1.510000e+00
     vertex  1.327156e+02 -1.147741e+02  1.510000e+00
   endloop
 endfacet
 facet normal  0.000000e+00  0.000000e+00  1.000000e+00
   outer loop
     vertex  1.372500e+02 -1.191200e+02  1.510000e+00
     vertex  1.367324e+02 -1.190519e+02  1.510000e+00
     vertex  1.260000e+02 -1.275000e+02  1.510000e+00
   endloop
 endfacet
 facet normal  0.000000e+00  0.000000e+00  1.000000e+00
   outer loop
     vertex  1.352500e+02 -1.171200e+02  1.510000e+00
     vertex  1.329910e+02 -1.169000e+02  1.510000e+00
     vertex  1.330200e+02 -1.171200e+02  1.510000e+00
   endloop
 endfacet
 facet normal  0.000000e+00  0.000000e+00  1.000000e+00
   outer loop
     vertex  1.352500e+02 -1.171200e+02  1.510000e+00
     vertex  1.330200e+02 -1.171200e+02  1.510000e+00
     vertex  1.329910e+02 -1.173400e+02  1.510000e+00
   endloop
 endfacet
 facet normal  0.000000e+00  0.000000e+00  1.000000e+00
   outer loop
     vertex  1.352500e+02 -1.171200e+02  1.510000e+00
     vertex  1.329910e+02 -1.173400e+02  1.510000e+00
     vertex  1.353181e+02 -1.176376e+02  1.510000e+00
   endloop
 endfacet
 facet normal  0.000000e+00  0.000000e+00  1.000000e+00
   outer loop
     vertex  1.336341e+02 -1.153044e+02  1.510000e+00
     vertex  1.329061e+02 -1.166950e+02  1.510000e+00
     vertex  1.329910e+02 -1.169000e+02  1.510000e+00
   endloop
 endfacet
 facet normal  0.000000e+00  0.000000e+00  1.000000e+00
   outer loop
     vertex  1.336341e+02 -1.153044e+02  1.510000e+00
     vertex  1.334400e+02 -1.153300e+02  1.510000e+00
     vertex  1.329061e+02 -1.166950e+02  1.510000e+00
   endloop
 endfacet
 facet normal  0.000000e+00  0.000000e+00  1.000000e+00
   outer loop
     vertex  1.327156e+02 -1.143859e+02  1.510000e+00
     vertex  1.314339e+02 -1.166950e+02  1.510000e+00
     vertex  1.315690e+02 -1.165190e+02  1.510000e+00
   endloop
 endfacet
 facet normal  0.000000e+00  0.000000e+00  1.000000e+00
   outer loop
     vertex  1.327156e+02 -1.143859e+02  1.510000e+00
     vertex  1.315690e+02 -1.165190e+02  1.510000e+00
     vertex  1.326900e+02 -1.145800e+02  1.510000e+00
   endloop
 endfacet
 facet normal  0.000000e+00  0.000000e+00  1.000000e+00
   outer loop
     vertex  1.327905e+02 -1.142050e+02  1.510000e+00
     vertex  1.314339e+02 -1.166950e+02  1.510000e+00
     vertex  1.327156e+02 -1.143859e+02  1.510000e+00
   endloop
 endfacet
 facet normal  0.000000e+00  0.000000e+00  1.000000e+00
   outer loop
     vertex  1.353181e+02 -1.166024e+02  1.510000e+00
     vertex  1.329910e+02 -1.169000e+02  1.510000e+00
     vertex  1.352500e+02 -1.171200e+02  1.510000e+00
   endloop
 endfacet
 facet normal  0.000000e+00  0.000000e+00  1.000000e+00
   outer loop
     vertex  1.353181e+02 -1.166024e+02  1.510000e+00
     vertex  1.338150e+02 -1.152295e+02  1.510000e+00
     vertex  1.336341e+02 -1.153044e+02  1.510000e+00
   endloop
 endfacet
 facet normal  0.000000e+00  0.000000e+00  1.000000e+00
   outer loop
     vertex  1.353181e+02 -1.166024e+02  1.510000e+00
     vertex  1.336341e+02 -1.153044e+02  1.510000e+00
     vertex  1.329910e+02 -1.169000e+02  1.510000e+00
   endloop
 endfacet
 facet normal  0.000000e+00  0.000000e+00  1.000000e+00
   outer loop
     vertex  1.355179e+02 -1.161200e+02  1.510000e+00
     vertex  1.340895e+02 -1.149550e+02  1.510000e+00
     vertex  1.339703e+02 -1.151103e+02  1.510000e+00
   endloop
 endfacet
 facet normal  0.000000e+00  0.000000e+00  1.000000e+00
   outer loop
     vertex  1.355179e+02 -1.161200e+02  1.510000e+00
     vertex  1.339703e+02 -1.151103e+02  1.510000e+00
     vertex  1.338150e+02 -1.152295e+02  1.510000e+00
   endloop
 endfacet
 facet normal  0.000000e+00  0.000000e+00  1.000000e+00
   outer loop
     vertex  1.355179e+02 -1.161200e+02  1.510000e+00
     vertex  1.338150e+02 -1.152295e+02  1.510000e+00
     vertex  1.353181e+02 -1.166024e+02  1.510000e+00
   endloop
 endfacet
 facet normal  0.000000e+00  0.000000e+00  1.000000e+00
   outer loop
     vertex  1.358358e+02 -1.157058e+02  1.510000e+00
     vertex  1.340895e+02 -1.149550e+02  1.510000e+00
     vertex  1.355179e+02 -1.161200e+02  1.510000e+00
   endloop
 endfacet
 facet normal  0.000000e+00  0.000000e+00  1.000000e+00
   outer loop
     vertex  1.358358e+02 -1.157058e+02  1.510000e+00
     vertex  1.341900e+02 -1.145800e+02  1.510000e+00
     vertex  1.341644e+02 -1.147741e+02  1.510000e+00
   endloop
 endfacet
 facet normal  0.000000e+00  0.000000e+00  1.000000e+00
   outer loop
     vertex  1.358358e+02 -1.157058e+02  1.510000e+00
     vertex  1.341644e+02 -1.147741e+02  1.510000e+00
     vertex  1.340895e+02 -1.149550e+02  1.510000e+00
   endloop
 endfacet
 facet normal  0.000000e+00  0.000000e+00  1.000000e+00
   outer loop
     vertex  1.362500e+02 -1.153879e+02  1.510000e+00
     vertex  1.341900e+02 -1.145800e+02  1.510000e+00
     vertex  1.358358e+02 -1.157058e+02  1.510000e+00
   endloop
 endfacet
 facet normal  0.000000e+00  0.000000e+00  1.000000e+00
   outer loop
     vertex  1.362500e+02 -1.153879e+02  1.510000e+00
     vertex  1.341644e+02 -1.143859e+02  1.510000e+00
     vertex  1.341900e+02 -1.145800e+02  1.510000e+00
   endloop
 endfacet
 facet normal  0.000000e+00  0.000000e+00  1.000000e+00
   outer loop
     vertex  1.485000e+02 -1.275000e+02  1.510000e+00
     vertex  1.382500e+02 -1.188521e+02  1.510000e+00
     vertex  1.377676e+02 -1.190519e+02  1.510000e+00
   endloop
 endfacet
 facet normal  0.000000e+00  0.000000e+00  1.000000e+00
   outer loop
     vertex  1.485000e+02 -1.275000e+02  1.510000e+00
     vertex  1.377676e+02 -1.190519e+02  1.510000e+00
     vertex  1.372500e+02 -1.191200e+02  1.510000e+00
   endloop
 endfacet
 facet normal  0.000000e+00  0.000000e+00  1.000000e+00
   outer loop
     vertex  1.485000e+02 -1.275000e+02  1.510000e+00
     vertex  1.372500e+02 -1.191200e+02  1.510000e+00
     vertex  1.260000e+02 -1.275000e+02  1.510000e+00
   endloop
 endfacet
 facet normal  0.000000e+00  0.000000e+00  1.000000e+00
   outer loop
     vertex  1.367324e+02 -1.151881e+02  1.510000e+00
     vertex  1.341644e+02 -1.143859e+02  1.510000e+00
     vertex  1.362500e+02 -1.153879e+02  1.510000e+00
   endloop
 endfacet
 facet normal  0.000000e+00  0.000000e+00  1.000000e+00
   outer loop
     vertex  1.367324e+02 -1.151881e+02  1.510000e+00
     vertex  1.340895e+02 -1.142050e+02  1.510000e+00
     vertex  1.341644e+02 -1.143859e+02  1.510000e+00
   endloop
 endfacet
 facet normal  0.000000e+00  0.000000e+00  1.000000e+00
   outer loop
     vertex  1.415939e+02 -1.175450e+02  1.510000e+00
     vertex  1.391819e+02 -1.176376e+02  1.510000e+00
     vertex  1.389821e+02 -1.181200e+02  1.510000e+00
   endloop
 endfacet
 facet normal  0.000000e+00  0.000000e+00  1.000000e+00
   outer loop
     vertex  1.415939e+02 -1.175450e+02  1.510000e+00
     vertex  1.389821e+02 -1.181200e+02  1.510000e+00
     vertex  1.417290e+02 -1.177210e+02  1.510000e+00
   endloop
 endfacet
 facet normal  0.000000e+00  0.000000e+00  1.000000e+00
   outer loop
     vertex  1.419050e+02 -1.178561e+02  1.510000e+00
     vertex  1.389821e+02 -1.181200e+02  1.510000e+00
     vertex  1.386642e+02 -1.185342e+02  1.510000e+00
   endloop
 endfacet
 facet normal  0.000000e+00  0.000000e+00  1.000000e+00
   outer loop
     vertex  1.419050e+02 -1.178561e+02  1.510000e+00
     vertex  1.417290e+02 -1.177210e+02  1.510000e+00
     vertex  1.389821e+02 -1.181200e+02  1.510000e+00
   endloop
 endfacet
 facet normal  0.000000e+00  0.000000e+00  1.000000e+00
   outer loop
     vertex  1.415090e+02 -1.173400e+02  1.510000e+00
     vertex  1.392500e+02 -1.171200e+02  1.510000e+00
     vertex  1.391819e+02 -1.176376e+02  1.510000e+00
   endloop
 endfacet
 facet normal  0.000000e+00  0.000000e+00  1.000000e+00
   outer loop
     vertex  1.415090e+02 -1.173400e+02  1.510000e+00
     vertex  1.391819e+02 -1.176376e+02  1.510000e+00
     vertex  1.415939e+02 -1.175450e+02  1.510000e+00
   endloop
 endfacet
 facet normal  0.000000e+00  0.000000e+00  1.000000e+00
   outer loop
     vertex  1.421100e+02 -1.179410e+02  1.510000e+00
     vertex  1.386642e+02 -1.185342e+02  1.510000e+00
     vertex  1.382500e+02 -1.188521e+02  1.510000e+00
   endloop
 endfacet
 facet normal  0.000000e+00  0.000000e+00  1.000000e+00
   outer loop
     vertex  1.421100e+02 -1.179410e+02  1.510000e+00
     vertex  1.419050e+02 -1.178561e+02  1.510000e+00
     vertex  1.386642e+02 -1.185342e+02  1.510000e+00
   endloop
 endfacet
 facet normal  0.000000e+00  0.000000e+00  1.000000e+00
   outer loop
     vertex  1.414800e+02 -1.171200e+02  1.510000e+00
     vertex  1.392500e+02 -1.171200e+02  1.510000e+00
     vertex  1.415090e+02 -1.173400e+02  1.510000e+00
   endloop
 endfacet
 facet normal  0.000000e+00  0.000000e+00  1.000000e+00
   outer loop
     vertex  1.423300e+02 -1.179700e+02  1.510000e+00
     vertex  1.382500e+02 -1.188521e+02  1.510000e+00
     vertex  1.485000e+02 -1.275000e+02  1.510000e+00
   endloop
 endfacet
 facet normal  0.000000e+00  0.000000e+00  1.000000e+00
   outer loop
     vertex  1.423300e+02 -1.179700e+02  1.510000e+00
     vertex  1.421100e+02 -1.179410e+02  1.510000e+00
     vertex  1.382500e+02 -1.188521e+02  1.510000e+00
   endloop
 endfacet
 facet normal  0.000000e+00  0.000000e+00  1.000000e+00
   outer loop
     vertex  1.415090e+02 -1.169000e+02  1.510000e+00
     vertex  1.391819e+02 -1.166024e+02  1.510000e+00
     vertex  1.392500e+02 -1.171200e+02  1.510000e+00
   endloop
 endfacet
 facet normal  0.000000e+00  0.000000e+00  1.000000e+00
   outer loop
     vertex  1.415090e+02 -1.169000e+02  1.510000e+00
     vertex  1.392500e+02 -1.171200e+02  1.510000e+00
     vertex  1.414800e+02 -1.171200e+02  1.510000e+00
   endloop
 endfacet
 facet normal  0.000000e+00  0.000000e+00  1.000000e+00
   outer loop
     vertex  1.425500e+02 -1.179410e+02  1.510000e+00
     vertex  1.423300e+02 -1.179700e+02  1.510000e+00
     vertex  1.485000e+02 -1.275000e+02  1.510000e+00
   endloop
 endfacet
 facet normal  0.000000e+00  0.000000e+00  1.000000e+00
   outer loop
     vertex  1.415939e+02 -1.166950e+02  1.510000e+00
     vertex  1.389821e+02 -1.161200e+02  1.510000e+00
     vertex  1.391819e+02 -1.166024e+02  1.510000e+00
   endloop
 endfacet
 facet normal  0.000000e+00  0.000000e+00  1.000000e+00
   outer loop
     vertex  1.415939e+02 -1.166950e+02  1.510000e+00
     vertex  1.391819e+02 -1.166024e+02  1.510000e+00
     vertex  1.415090e+02 -1.169000e+02  1.510000e+00
   endloop
 endfacet
 facet normal  0.000000e+00  0.000000e+00  1.000000e+00
   outer loop
     vertex  1.427550e+02 -1.178561e+02  1.510000e+00
     vertex  1.425500e+02 -1.179410e+02  1.510000e+00
     vertex  1.485000e+02 -1.275000e+02  1.510000e+00
   endloop
 endfacet
 facet normal  0.000000e+00  0.000000e+00  1.000000e+00
   outer loop
     vertex  1.417290e+02 -1.165190e+02  1.510000e+00
     vertex  1.389821e+02 -1.161200e+02  1.510000e+00
     vertex  1.415939e+02 -1.166950e+02  1.510000e+00
   endloop
 endfacet
 facet normal  0.000000e+00  0.000000e+00  1.000000e+00
   outer loop
     vertex  1.429310e+02 -1.177210e+02  1.510000e+00
     vertex  1.427550e+02 -1.178561e+02  1.510000e+00
     vertex  1.485000e+02 -1.275000e+02  1.510000e+00
   endloop
 endfacet
 facet normal  0.000000e+00  0.000000e+00  1.000000e+00
   outer loop
     vertex  1.419050e+02 -1.163839e+02  1.510000e+00
     vertex  1.389821e+02 -1.161200e+02  1.510000e+00
     vertex  1.417290e+02 -1.165190e+02  1.510000e+00
   endloop
 endfacet
 facet normal  0.000000e+00  0.000000e+00  1.000000e+00
   outer loop
     vertex  1.430661e+02 -1.175450e+02  1.510000e+00
     vertex  1.429310e+02 -1.177210e+02  1.510000e+00
     vertex  1.485000e+02 -1.275000e+02  1.510000e+00
   endloop
 endfacet
 facet normal  0.000000e+00  0.000000e+00  1.000000e+00
   outer loop
     vertex  1.431510e+02 -1.173400e+02  1.510000e+00
     vertex  1.430661e+02 -1.175450e+02  1.510000e+00
     vertex  1.485000e+02 -1.275000e+02  1.510000e+00
   endloop
 endfacet
 facet normal  0.000000e+00  0.000000e+00  1.000000e+00
   outer loop
     vertex  1.431800e+02 -1.171200e+02  1.510000e+00
     vertex  1.431510e+02 -1.173400e+02  1.510000e+00
     vertex  1.485000e+02 -1.275000e+02  1.510000e+00
   endloop
 endfacet
 facet normal  0.000000e+00  0.000000e+00  1.000000e+00
   outer loop
     vertex  1.431510e+02 -1.169000e+02  1.510000e+00
     vertex  1.431800e+02 -1.171200e+02  1.510000e+00
     vertex  1.485000e+02 -1.275000e+02  1.510000e+00
   endloop
 endfacet
 facet normal  0.000000e+00  0.000000e+00  1.000000e+00
   outer loop
     vertex  1.394150e+02 -1.126895e+02  1.510000e+00
     vertex  1.392597e+02 -1.125703e+02  1.510000e+00
     vertex  1.377676e+02 -1.151881e+02  1.510000e+00
   endloop
 endfacet
 facet normal  0.000000e+00  0.000000e+00  1.000000e+00
   outer loop
     vertex  1.394150e+02 -1.126895e+02  1.510000e+00
     vertex  1.377676e+02 -1.151881e+02  1.510000e+00
     vertex  1.382500e+02 -1.153879e+02  1.510000e+00
   endloop
 endfacet
 facet normal  0.000000e+00  0.000000e+00  1.000000e+00
   outer loop
     vertex  1.391405e+02 -1.124150e+02  1.510000e+00
     vertex  1.377676e+02 -1.151881e+02  1.510000e+00
     vertex  1.392597e+02 -1.125703e+02  1.510000e+00
   endloop
 endfacet
 facet normal  0.000000e+00  0.000000e+00  1.000000e+00
   outer loop
     vertex  1.391405e+02 -1.124150e+02  1.510000e+00
     vertex  1.372500e+02 -1.151200e+02  1.510000e+00
     vertex  1.377676e+02 -1.151881e+02  1.510000e+00
   endloop
 endfacet
 facet normal  0.000000e+00  0.000000e+00  1.000000e+00
   outer loop
     vertex  1.395959e+02 -1.127644e+02  1.510000e+00
     vertex  1.394150e+02 -1.126895e+02  1.510000e+00
     vertex  1.382500e+02 -1.153879e+02  1.510000e+00
   endloop
 endfacet
 facet normal  0.000000e+00  0.000000e+00  1.000000e+00
   outer loop
     vertex  1.395959e+02 -1.127644e+02  1.510000e+00
     vertex  1.382500e+02 -1.153879e+02  1.510000e+00
     vertex  1.386642e+02 -1.157058e+02  1.510000e+00
   endloop
 endfacet
 facet normal  0.000000e+00  0.000000e+00  1.000000e+00
   outer loop
     vertex  1.390656e+02 -1.122341e+02  1.510000e+00
     vertex  1.367324e+02 -1.151881e+02  1.510000e+00
     vertex  1.372500e+02 -1.151200e+02  1.510000e+00
   endloop
 endfacet
 facet normal  0.000000e+00  0.000000e+00  1.000000e+00
   outer loop
     vertex  1.390656e+02 -1.122341e+02  1.510000e+00
     vertex  1.372500e+02 -1.151200e+02  1.510000e+00
     vertex  1.391405e+02 -1.124150e+02  1.510000e+00
   endloop
 endfacet
 facet normal  0.000000e+00  0.000000e+00  1.000000e+00
   outer loop
     vertex  1.390400e+02 -1.120400e+02  1.510000e+00
     vertex  1.339703e+02 -1.140497e+02  1.510000e+00
     vertex  1.340895e+02 -1.142050e+02  1.510000e+00
   endloop
 endfacet
 facet normal  0.000000e+00  0.000000e+00  1.000000e+00
   outer loop
     vertex  1.390400e+02 -1.120400e+02  1.510000e+00
     vertex  1.340895e+02 -1.142050e+02  1.510000e+00
     vertex  1.367324e+02 -1.151881e+02  1.510000e+00
   endloop
 endfacet
 facet normal  0.000000e+00  0.000000e+00  1.000000e+00
   outer loop
     vertex  1.390400e+02 -1.120400e+02  1.510000e+00
     vertex  1.367324e+02 -1.151881e+02  1.510000e+00
     vertex  1.390656e+02 -1.122341e+02  1.510000e+00
   endloop
 endfacet
 facet normal  0.000000e+00  0.000000e+00  1.000000e+00
   outer loop
     vertex  1.397900e+02 -1.127900e+02  1.510000e+00
     vertex  1.395959e+02 -1.127644e+02  1.510000e+00
     vertex  1.386642e+02 -1.157058e+02  1.510000e+00
   endloop
 endfacet
 facet normal  0.000000e+00  0.000000e+00  1.000000e+00
   outer loop
     vertex  1.390656e+02 -1.118459e+02  1.510000e+00
     vertex  1.338150e+02 -1.139305e+02  1.510000e+00
     vertex  1.339703e+02 -1.140497e+02  1.510000e+00
   endloop
 endfacet
 facet normal  0.000000e+00  0.000000e+00  1.000000e+00
   outer loop
     vertex  1.390656e+02 -1.118459e+02  1.510000e+00
     vertex  1.339703e+02 -1.140497e+02  1.510000e+00
     vertex  1.390400e+02 -1.120400e+02  1.510000e+00
   endloop
 endfacet
 facet normal  0.000000e+00  0.000000e+00  1.000000e+00
   outer loop
     vertex  1.399841e+02 -1.127644e+02  1.510000e+00
     vertex  1.386642e+02 -1.157058e+02  1.510000e+00
     vertex  1.389821e+02 -1.161200e+02  1.510000e+00
   endloop
 endfacet
 facet normal  0.000000e+00  0.000000e+00  1.000000e+00
   outer loop
     vertex  1.399841e+02 -1.127644e+02  1.510000e+00
     vertex  1.397900e+02 -1.127900e+02  1.510000e+00
     vertex  1.386642e+02 -1.157058e+02  1.510000e+00
   endloop
 endfacet
 facet normal  0.000000e+00  0.000000e+00  1.000000e+00
   outer loop
     vertex  1.399841e+02 -1.127644e+02  1.510000e+00
     vertex  1.389821e+02 -1.161200e+02  1.510000e+00
     vertex  1.419050e+02 -1.163839e+02  1.510000e+00
   endloop
 endfacet
 facet normal  0.000000e+00  0.000000e+00  1.000000e+00
   outer loop
     vertex  1.401650e+02 -1.126895e+02  1.510000e+00
     vertex  1.399841e+02 -1.127644e+02  1.510000e+00
     vertex  1.419050e+02 -1.163839e+02  1.510000e+00
   endloop
 endfacet
 facet normal  0.000000e+00  0.000000e+00  1.000000e+00
   outer loop
     vertex  1.401650e+02 -1.126895e+02  1.510000e+00
     vertex  1.419050e+02 -1.163839e+02  1.510000e+00
     vertex  1.421100e+02 -1.162990e+02  1.510000e+00
   endloop
 endfacet
 facet normal  0.000000e+00  0.000000e+00  1.000000e+00
   outer loop
     vertex  1.391405e+02 -1.116650e+02  1.510000e+00
     vertex  1.338150e+02 -1.139305e+02  1.510000e+00
     vertex  1.390656e+02 -1.118459e+02  1.510000e+00
   endloop
 endfacet
 facet normal  0.000000e+00  0.000000e+00  1.000000e+00
   outer loop
     vertex  1.391405e+02 -1.116650e+02  1.510000e+00
     vertex  1.336341e+02 -1.138556e+02  1.510000e+00
     vertex  1.338150e+02 -1.139305e+02  1.510000e+00
   endloop
 endfacet
 facet normal  0.000000e+00  0.000000e+00  1.000000e+00
   outer loop
     vertex  1.403203e+02 -1.125703e+02  1.510000e+00
     vertex  1.401650e+02 -1.126895e+02  1.510000e+00
     vertex  1.421100e+02 -1.162990e+02  1.510000e+00
   endloop
 endfacet
 facet normal  0.000000e+00  0.000000e+00  1.000000e+00
   outer loop
     vertex  1.403203e+02 -1.125703e+02  1.510000e+00
     vertex  1.421100e+02 -1.162990e+02  1.510000e+00
     vertex  1.423300e+02 -1.162700e+02  1.510000e+00
   endloop
 endfacet
 facet normal  0.000000e+00  0.000000e+00  1.000000e+00
   outer loop
     vertex  1.392597e+02 -1.115097e+02  1.510000e+00
     vertex  1.336341e+02 -1.138556e+02  1.510000e+00
     vertex  1.391405e+02 -1.116650e+02  1.510000e+00
   endloop
 endfacet
 facet normal  0.000000e+00  0.000000e+00  1.000000e+00
   outer loop
     vertex  1.392597e+02 -1.115097e+02  1.510000e+00
     vertex  1.334400e+02 -1.138300e+02  1.510000e+00
     vertex  1.336341e+02 -1.138556e+02  1.510000e+00
   endloop
 endfacet
 facet normal  0.000000e+00  0.000000e+00  1.000000e+00
   outer loop
     vertex  1.404395e+02 -1.124150e+02  1.510000e+00
     vertex  1.403203e+02 -1.125703e+02  1.510000e+00
     vertex  1.423300e+02 -1.162700e+02  1.510000e+00
   endloop
 endfacet
 facet normal  0.000000e+00  0.000000e+00  1.000000e+00
   outer loop
     vertex  1.404395e+02 -1.124150e+02  1.510000e+00
     vertex  1.423300e+02 -1.162700e+02  1.510000e+00
     vertex  1.425500e+02 -1.162990e+02  1.510000e+00
   endloop
 endfacet
 facet normal  0.000000e+00  0.000000e+00  1.000000e+00
   outer loop
     vertex  1.405144e+02 -1.122341e+02  1.510000e+00
     vertex  1.404395e+02 -1.124150e+02  1.510000e+00
     vertex  1.425500e+02 -1.162990e+02  1.510000e+00
   endloop
 endfacet
 facet normal  0.000000e+00  0.000000e+00  1.000000e+00
   outer loop
     vertex  1.405144e+02 -1.122341e+02  1.510000e+00
     vertex  1.425500e+02 -1.162990e+02  1.510000e+00
     vertex  1.427550e+02 -1.163839e+02  1.510000e+00
   endloop
 endfacet
 facet normal  0.000000e+00  0.000000e+00  1.000000e+00
   outer loop
     vertex  1.405400e+02 -1.120400e+02  1.510000e+00
     vertex  1.405144e+02 -1.122341e+02  1.510000e+00
     vertex  1.427550e+02 -1.163839e+02  1.510000e+00
   endloop
 endfacet
 facet normal  0.000000e+00  0.000000e+00  1.000000e+00
   outer loop
     vertex  1.405400e+02 -1.120400e+02  1.510000e+00
     vertex  1.427550e+02 -1.163839e+02  1.510000e+00
     vertex  1.429310e+02 -1.165190e+02  1.510000e+00
   endloop
 endfacet
 facet normal  0.000000e+00  0.000000e+00  1.000000e+00
   outer loop
     vertex  1.405144e+02 -1.118459e+02  1.510000e+00
     vertex  1.405400e+02 -1.120400e+02  1.510000e+00
     vertex  1.429310e+02 -1.165190e+02  1.510000e+00
   endloop
 endfacet
 facet normal  0.000000e+00  0.000000e+00  1.000000e+00
   outer loop
     vertex  1.315690e+02 -9.880104e+01  1.510000e+00
     vertex  1.327905e+02 -1.142050e+02  1.510000e+00
     vertex  1.329097e+02 -1.140497e+02  1.510000e+00
   endloop
 endfacet
 facet normal  0.000000e+00  0.000000e+00  1.000000e+00
   outer loop
     vertex  1.317450e+02 -9.893612e+01  1.510000e+00
     vertex  1.329097e+02 -1.140497e+02  1.510000e+00
     vertex  1.330650e+02 -1.139305e+02  1.510000e+00
   endloop
 endfacet
 facet normal  0.000000e+00  0.000000e+00  1.000000e+00
   outer loop
     vertex  1.317450e+02 -9.893612e+01  1.510000e+00
     vertex  1.315690e+02 -9.880104e+01  1.510000e+00
     vertex  1.329097e+02 -1.140497e+02  1.510000e+00
   endloop
 endfacet
 facet normal  0.000000e+00  0.000000e+00  1.000000e+00
   outer loop
     vertex  1.314339e+02 -9.862500e+01  1.510000e+00
     vertex  1.313490e+02 -1.169000e+02  1.510000e+00
     vertex  1.314339e+02 -1.166950e+02  1.510000e+00
   endloop
 endfacet
 facet normal  0.000000e+00  0.000000e+00  1.000000e+00
   outer loop
     vertex  1.314339e+02 -9.862500e+01  1.510000e+00
     vertex  1.327905e+02 -1.142050e+02  1.510000e+00
     vertex  1.315690e+02 -9.880104e+01  1.510000e+00
   endloop
 endfacet
 facet normal  0.000000e+00  0.000000e+00  1.000000e+00
   outer loop
     vertex  1.314339e+02 -9.862500e+01  1.510000e+00
     vertex  1.314339e+02 -1.166950e+02  1.510000e+00
     vertex  1.327905e+02 -1.142050e+02  1.510000e+00
   endloop
 endfacet
 facet normal  0.000000e+00  0.000000e+00  1.000000e+00
   outer loop
     vertex  1.319500e+02 -9.902104e+01  1.510000e+00
     vertex  1.330650e+02 -1.139305e+02  1.510000e+00
     vertex  1.332459e+02 -1.138556e+02  1.510000e+00
   endloop
 endfacet
 facet normal  0.000000e+00  0.000000e+00  1.000000e+00
   outer loop
     vertex  1.319500e+02 -9.902104e+01  1.510000e+00
     vertex  1.317450e+02 -9.893612e+01  1.510000e+00
     vertex  1.330650e+02 -1.139305e+02  1.510000e+00
   endloop
 endfacet
 facet normal  0.000000e+00  0.000000e+00  1.000000e+00
   outer loop
     vertex  1.313490e+02 -9.842000e+01  1.510000e+00
     vertex  1.313490e+02 -1.169000e+02  1.510000e+00
     vertex  1.314339e+02 -9.862500e+01  1.510000e+00
   endloop
 endfacet
 facet normal  0.000000e+00  0.000000e+00  1.000000e+00
   outer loop
     vertex  1.313490e+02 -9.842000e+01  1.510000e+00
     vertex  1.260000e+02 -1.275000e+02  1.510000e+00
     vertex  1.313490e+02 -1.169000e+02  1.510000e+00
   endloop
 endfacet
 facet normal  0.000000e+00  0.000000e+00  1.000000e+00
   outer loop
     vertex  1.321700e+02 -9.905000e+01  1.510000e+00
     vertex  1.332459e+02 -1.138556e+02  1.510000e+00
     vertex  1.334400e+02 -1.138300e+02  1.510000e+00
   endloop
 endfacet
 facet normal  0.000000e+00  0.000000e+00  1.000000e+00
   outer loop
     vertex  1.321700e+02 -9.905000e+01  1.510000e+00
     vertex  1.319500e+02 -9.902104e+01  1.510000e+00
     vertex  1.332459e+02 -1.138556e+02  1.510000e+00
   endloop
 endfacet
 facet normal  0.000000e+00  0.000000e+00  1.000000e+00
   outer loop
     vertex  1.313200e+02 -9.820000e+01  1.510000e+00
     vertex  1.260000e+02 -1.275000e+02  1.510000e+00
     vertex  1.313490e+02 -9.842000e+01  1.510000e+00
   endloop
 endfacet
 facet normal  0.000000e+00  0.000000e+00  1.000000e+00
   outer loop
     vertex  1.358358e+02 -9.961421e+01  1.510000e+00
     vertex  1.325950e+02 -9.893612e+01  1.510000e+00
     vertex  1.323900e+02 -9.902104e+01  1.510000e+00
   endloop
 endfacet
 facet normal  0.000000e+00  0.000000e+00  1.000000e+00
   outer loop
     vertex  1.362500e+02 -9.993205e+01  1.510000e+00
     vertex  1.358358e+02 -9.961421e+01  1.510000e+00
     vertex  1.323900e+02 -9.902104e+01  1.510000e+00
   endloop
 endfacet
 facet normal  0.000000e+00  0.000000e+00  1.000000e+00
   outer loop
     vertex  1.362500e+02 -9.993205e+01  1.510000e+00
     vertex  1.321700e+02 -9.905000e+01  1.510000e+00
     vertex  1.334400e+02 -1.138300e+02  1.510000e+00
   endloop
 endfacet
 facet normal  0.000000e+00  0.000000e+00  1.000000e+00
   outer loop
     vertex  1.362500e+02 -9.993205e+01  1.510000e+00
     vertex  1.323900e+02 -9.902104e+01  1.510000e+00
     vertex  1.321700e+02 -9.905000e+01  1.510000e+00
   endloop
 endfacet
 facet normal  0.000000e+00  0.000000e+00  1.000000e+00
   outer loop
     vertex  1.355179e+02 -9.920000e+01  1.510000e+00
     vertex  1.325950e+02 -9.893612e+01  1.510000e+00
     vertex  1.358358e+02 -9.961421e+01  1.510000e+00
   endloop
 endfacet
 facet normal  0.000000e+00  0.000000e+00  1.000000e+00
   outer loop
     vertex  1.355179e+02 -9.920000e+01  1.510000e+00
     vertex  1.329061e+02 -9.862500e+01  1.510000e+00
     vertex  1.327710e+02 -9.880104e+01  1.510000e+00
   endloop
 endfacet
 facet normal  0.000000e+00  0.000000e+00  1.000000e+00
   outer loop
     vertex  1.355179e+02 -9.920000e+01  1.510000e+00
     vertex  1.327710e+02 -9.880104e+01  1.510000e+00
     vertex  1.325950e+02 -9.893612e+01  1.510000e+00
   endloop
 endfacet
 facet normal  0.000000e+00  0.000000e+00  1.000000e+00
   outer loop
     vertex  1.367324e+02 -1.001319e+02  1.510000e+00
     vertex  1.392597e+02 -1.115097e+02  1.510000e+00
     vertex  1.394150e+02 -1.113905e+02  1.510000e+00
   endloop
 endfacet
 facet normal  0.000000e+00  0.000000e+00  1.000000e+00
   outer loop
     vertex  1.367324e+02 -1.001319e+02  1.510000e+00
     vertex  1.334400e+02 -1.138300e+02  1.510000e+00
     vertex  1.392597e+02 -1.115097e+02  1.510000e+00
   endloop
 endfacet
 facet normal  0.000000e+00  0.000000e+00  1.000000e+00
   outer loop
     vertex  1.367324e+02 -1.001319e+02  1.510000e+00
     vertex  1.362500e+02 -9.993205e+01  1.510000e+00
     vertex  1.334400e+02 -1.138300e+02  1.510000e+00
   endloop
 endfacet
 facet normal  0.000000e+00  0.000000e+00  1.000000e+00
   outer loop
     vertex  1.353181e+02 -9.871764e+01  1.510000e+00
     vertex  1.329061e+02 -9.862500e+01  1.510000e+00
     vertex  1.355179e+02 -9.920000e+01  1.510000e+00
   endloop
 endfacet
 facet normal  0.000000e+00  0.000000e+00  1.000000e+00
   outer loop
     vertex  1.353181e+02 -9.871764e+01  1.510000e+00
     vertex  1.329910e+02 -9.842000e+01  1.510000e+00
     vertex  1.329061e+02 -9.862500e+01  1.510000e+00
   endloop
 endfacet
 facet normal  0.000000e+00  0.000000e+00  1.000000e+00
   outer loop
     vertex  1.329097e+02 -9.619033e+01  1.510000e+00
     vertex  1.321700e+02 -9.735000e+01  1.510000e+00
     vertex  1.323900e+02 -9.737896e+01  1.510000e+00
   endloop
 endfacet
 facet normal  0.000000e+00  0.000000e+00  1.000000e+00
   outer loop
     vertex  1.327905e+02 -9.603500e+01  1.510000e+00
     vertex  1.321700e+02 -9.735000e+01  1.510000e+00
     vertex  1.329097e+02 -9.619033e+01  1.510000e+00
   endloop
 endfacet
 facet normal  0.000000e+00  0.000000e+00  1.000000e+00
   outer loop
     vertex  1.327905e+02 -9.603500e+01  1.510000e+00
     vertex  1.319500e+02 -9.737896e+01  1.510000e+00
     vertex  1.321700e+02 -9.735000e+01  1.510000e+00
   endloop
 endfacet
 facet normal  0.000000e+00  0.000000e+00  1.000000e+00
   outer loop
     vertex  1.330650e+02 -9.630952e+01  1.510000e+00
     vertex  1.323900e+02 -9.737896e+01  1.510000e+00
     vertex  1.325950e+02 -9.746388e+01  1.510000e+00
   endloop
 endfacet
 facet normal  0.000000e+00  0.000000e+00  1.000000e+00
   outer loop
     vertex  1.330650e+02 -9.630952e+01  1.510000e+00
     vertex  1.329097e+02 -9.619033e+01  1.510000e+00
     vertex  1.323900e+02 -9.737896e+01  1.510000e+00
   endloop
 endfacet
 facet normal  0.000000e+00  0.000000e+00  1.000000e+00
   outer loop
     vertex  1.332459e+02 -9.638444e+01  1.510000e+00
     vertex  1.325950e+02 -9.746388e+01  1.510000e+00
     vertex  1.327710e+02 -9.759896e+01  1.510000e+00
   endloop
 endfacet
 facet normal  0.000000e+00  0.000000e+00  1.000000e+00
   outer loop
     vertex  1.332459e+02 -9.638444e+01  1.510000e+00
     vertex  1.330650e+02 -9.630952e+01  1.510000e+00
     vertex  1.325950e+02 -9.746388e+01  1.510000e+00
   endloop
 endfacet
 facet normal  0.000000e+00  0.000000e+00  1.000000e+00
   outer loop
     vertex  1.327156e+02 -9.585411e+01  1.510000e+00
     vertex  1.319500e+02 -9.737896e+01  1.510000e+00
     vertex  1.327905e+02 -9.603500e+01  1.510000e+00
   endloop
 endfacet
 facet normal  0.000000e+00  0.000000e+00  1.000000e+00
   outer loop
     vertex  1.327156e+02 -9.585411e+01  1.510000e+00
     vertex  1.317450e+02 -9.746388e+01  1.510000e+00
     vertex  1.319500e+02 -9.737896e+01  1.510000e+00
   endloop
 endfacet
 facet normal  0.000000e+00  0.000000e+00  1.000000e+00
   outer loop
     vertex  1.334400e+02 -9.641000e+01  1.510000e+00
     vertex  1.332459e+02 -9.638444e+01  1.510000e+00
     vertex  1.327710e+02 -9.759896e+01  1.510000e+00
   endloop
 endfacet
 facet normal  0.000000e+00  0.000000e+00  1.000000e+00
   outer loop
     vertex  1.334400e+02 -9.641000e+01  1.510000e+00
     vertex  1.327710e+02 -9.759896e+01  1.510000e+00
     vertex  1.329061e+02 -9.777500e+01  1.510000e+00
   endloop
 endfacet
 facet normal  0.000000e+00  0.000000e+00  1.000000e+00
   outer loop
     vertex  1.326900e+02 -9.566000e+01  1.510000e+00
     vertex  1.317450e+02 -9.746388e+01  1.510000e+00
     vertex  1.327156e+02 -9.585411e+01  1.510000e+00
   endloop
 endfacet
 facet normal  0.000000e+00  0.000000e+00  1.000000e+00
   outer loop
     vertex  1.326900e+02 -9.566000e+01  1.510000e+00
     vertex  1.315690e+02 -9.759896e+01  1.510000e+00
     vertex  1.317450e+02 -9.746388e+01  1.510000e+00
   endloop
 endfacet
 facet normal  0.000000e+00  0.000000e+00  1.000000e+00
   outer loop
     vertex  1.352500e+02 -9.820000e+01  1.510000e+00
     vertex  1.329910e+02 -9.842000e+01  1.510000e+00
     vertex  1.353181e+02 -9.871764e+01  1.510000e+00
   endloop
 endfacet
 facet normal  0.000000e+00  0.000000e+00  1.000000e+00
   outer loop
     vertex  1.352500e+02 -9.820000e+01  1.510000e+00
     vertex  1.329910e+02 -9.798000e+01  1.510000e+00
     vertex  1.330200e+02 -9.820000e+01  1.510000e+00
   endloop
 endfacet
 facet normal  0.000000e+00  0.000000e+00  1.000000e+00
   outer loop
     vertex  1.352500e+02 -9.820000e+01  1.510000e+00
     vertex  1.330200e+02 -9.820000e+01  1.510000e+00
     vertex  1.329910e+02 -9.842000e+01  1.510000e+00
   endloop
 endfacet
 facet normal  0.000000e+00  0.000000e+00  1.000000e+00
   outer loop
     vertex  1.372500e+02 -1.002000e+02  1.510000e+00
     vertex  1.394150e+02 -1.113905e+02  1.510000e+00
     vertex  1.395959e+02 -1.113156e+02  1.510000e+00
   endloop
 endfacet
 facet normal  0.000000e+00  0.000000e+00  1.000000e+00
   outer loop
     vertex  1.372500e+02 -1.002000e+02  1.510000e+00
     vertex  1.367324e+02 -1.001319e+02  1.510000e+00
     vertex  1.394150e+02 -1.113905e+02  1.510000e+00
   endloop
 endfacet
 facet normal  0.000000e+00  0.000000e+00  1.000000e+00
   outer loop
     vertex  1.336341e+02 -9.638444e+01  1.510000e+00
     vertex  1.334400e+02 -9.641000e+01  1.510000e+00
     vertex  1.329061e+02 -9.777500e+01  1.510000e+00
   endloop
 endfacet
 facet normal  0.000000e+00  0.000000e+00  1.000000e+00
   outer loop
     vertex  1.336341e+02 -9.638444e+01  1.510000e+00
     vertex  1.329061e+02 -9.777500e+01  1.510000e+00
     vertex  1.329910e+02 -9.798000e+01  1.510000e+00
   endloop
 endfacet
 facet normal  0.000000e+00  0.000000e+00  1.000000e+00
   outer loop
     vertex  1.327156e+02 -9.546589e+01  1.510000e+00
     vertex  1.314339e+02 -9.777500e+01  1.510000e+00
     vertex  1.315690e+02 -9.759896e+01  1.510000e+00
   endloop
 endfacet
 facet normal  0.000000e+00  0.000000e+00  1.000000e+00
   outer loop
     vertex  1.327156e+02 -9.546589e+01  1.510000e+00
     vertex  1.315690e+02 -9.759896e+01  1.510000e+00
     vertex  1.326900e+02 -9.566000e+01  1.510000e+00
   endloop
 endfacet
 facet normal  0.000000e+00  0.000000e+00  1.000000e+00
   outer loop
     vertex  1.327905e+02 -9.528500e+01  1.510000e+00
     vertex  1.314339e+02 -9.777500e+01  1.510000e+00
     vertex  1.327156e+02 -9.546589e+01  1.510000e+00
   endloop
 endfacet
 facet normal  0.000000e+00  0.000000e+00  1.000000e+00
   outer loop
     vertex  1.353181e+02 -9.768236e+01  1.510000e+00
     vertex  1.329910e+02 -9.798000e+01  1.510000e+00
     vertex  1.352500e+02 -9.820000e+01  1.510000e+00
   endloop
 endfacet
 facet normal  0.000000e+00  0.000000e+00  1.000000e+00
   outer loop
     vertex  1.353181e+02 -9.768236e+01  1.510000e+00
     vertex  1.336341e+02 -9.638444e+01  1.510000e+00
     vertex  1.329910e+02 -9.798000e+01  1.510000e+00
   endloop
 endfacet
 facet normal  0.000000e+00  0.000000e+00  1.000000e+00
   outer loop
     vertex  1.353181e+02 -9.768236e+01  1.510000e+00
     vertex  1.338150e+02 -9.630952e+01  1.510000e+00
     vertex  1.336341e+02 -9.638444e+01  1.510000e+00
   endloop
 endfacet
 facet normal  0.000000e+00  0.000000e+00  1.000000e+00
   outer loop
     vertex  1.377676e+02 -1.001319e+02  1.510000e+00
     vertex  1.372500e+02 -1.002000e+02  1.510000e+00
     vertex  1.395959e+02 -1.113156e+02  1.510000e+00
   endloop
 endfacet
 facet normal  0.000000e+00  0.000000e+00  1.000000e+00
   outer loop
     vertex  1.377676e+02 -1.001319e+02  1.510000e+00
     vertex  1.395959e+02 -1.113156e+02  1.510000e+00
     vertex  1.397900e+02 -1.112900e+02  1.510000e+00
   endloop
 endfacet
 facet normal  0.000000e+00  0.000000e+00  1.000000e+00
   outer loop
     vertex  1.382500e+02 -9.993205e+01  1.510000e+00
     vertex  1.377676e+02 -1.001319e+02  1.510000e+00
     vertex  1.397900e+02 -1.112900e+02  1.510000e+00
   endloop
 endfacet
 facet normal  0.000000e+00  0.000000e+00  1.000000e+00
   outer loop
     vertex  1.382500e+02 -9.993205e+01  1.510000e+00
     vertex  1.397900e+02 -1.112900e+02  1.510000e+00
     vertex  1.399841e+02 -1.113156e+02  1.510000e+00
   endloop
 endfacet
 facet normal  0.000000e+00  0.000000e+00  1.000000e+00
   outer loop
     vertex  1.355179e+02 -9.720000e+01  1.510000e+00
     vertex  1.338150e+02 -9.630952e+01  1.510000e+00
     vertex  1.353181e+02 -9.768236e+01  1.510000e+00
   endloop
 endfacet
 facet normal  0.000000e+00  0.000000e+00  1.000000e+00
   outer loop
     vertex  1.355179e+02 -9.720000e+01  1.510000e+00
     vertex  1.340895e+02 -9.603500e+01  1.510000e+00
     vertex  1.339703e+02 -9.619033e+01  1.510000e+00
   endloop
 endfacet
 facet normal  0.000000e+00  0.000000e+00  1.000000e+00
   outer loop
     vertex  1.355179e+02 -9.720000e+01  1.510000e+00
     vertex  1.339703e+02 -9.619033e+01  1.510000e+00
     vertex  1.338150e+02 -9.630952e+01  1.510000e+00
   endloop
 endfacet
 facet normal  0.000000e+00  0.000000e+00  1.000000e+00
   outer loop
     vertex  1.358358e+02 -9.678579e+01  1.510000e+00
     vertex  1.340895e+02 -9.603500e+01  1.510000e+00
     vertex  1.355179e+02 -9.720000e+01  1.510000e+00
   endloop
 endfacet
 facet normal  0.000000e+00  0.000000e+00  1.000000e+00
   outer loop
     vertex  1.358358e+02 -9.678579e+01  1.510000e+00
     vertex  1.341900e+02 -9.566000e+01  1.510000e+00
     vertex  1.341644e+02 -9.585411e+01  1.510000e+00
   endloop
 endfacet
 facet normal  0.000000e+00  0.000000e+00  1.000000e+00
   outer loop
     vertex  1.358358e+02 -9.678579e+01  1.510000e+00
     vertex  1.341644e+02 -9.585411e+01  1.510000e+00
     vertex  1.340895e+02 -9.603500e+01  1.510000e+00
   endloop
 endfacet
 facet normal  0.000000e+00  0.000000e+00  1.000000e+00
   outer loop
     vertex  1.362500e+02 -9.646795e+01  1.510000e+00
     vertex  1.341900e+02 -9.566000e+01  1.510000e+00
     vertex  1.358358e+02 -9.678579e+01  1.510000e+00
   endloop
 endfacet
 facet normal  0.000000e+00  0.000000e+00  1.000000e+00
   outer loop
     vertex  1.362500e+02 -9.646795e+01  1.510000e+00
     vertex  1.341644e+02 -9.546589e+01  1.510000e+00
     vertex  1.341900e+02 -9.566000e+01  1.510000e+00
   endloop
 endfacet
 facet normal  0.000000e+00  0.000000e+00  1.000000e+00
   outer loop
     vertex  1.367324e+02 -9.626815e+01  1.510000e+00
     vertex  1.341644e+02 -9.546589e+01  1.510000e+00
     vertex  1.362500e+02 -9.646795e+01  1.510000e+00
   endloop
 endfacet
 facet normal  0.000000e+00  0.000000e+00  1.000000e+00
   outer loop
     vertex  1.367324e+02 -9.626815e+01  1.510000e+00
     vertex  1.340895e+02 -9.528500e+01  1.510000e+00
     vertex  1.341644e+02 -9.546589e+01  1.510000e+00
   endloop
 endfacet
 facet normal  0.000000e+00  0.000000e+00  1.000000e+00
   outer loop
     vertex  1.415939e+02 -9.862500e+01  1.510000e+00
     vertex  1.389821e+02 -9.920000e+01  1.510000e+00
     vertex  1.417290e+02 -9.880104e+01  1.510000e+00
   endloop
 endfacet
 facet normal  0.000000e+00  0.000000e+00  1.000000e+00
   outer loop
     vertex  1.415939e+02 -9.862500e+01  1.510000e+00
     vertex  1.391819e+02 -9.871764e+01  1.510000e+00
     vertex  1.389821e+02 -9.920000e+01  1.510000e+00
   endloop
 endfacet
 facet normal  0.000000e+00  0.000000e+00  1.000000e+00
   outer loop
     vertex  1.419050e+02 -9.893612e+01  1.510000e+00
     vertex  1.417290e+02 -9.880104e+01  1.510000e+00
     vertex  1.389821e+02 -9.920000e+01  1.510000e+00
   endloop
 endfacet
 facet normal  0.000000e+00  0.000000e+00  1.000000e+00
   outer loop
     vertex  1.419050e+02 -9.893612e+01  1.510000e+00
     vertex  1.389821e+02 -9.920000e+01  1.510000e+00
     vertex  1.386642e+02 -9.961421e+01  1.510000e+00
   endloop
 endfacet
 facet normal  0.000000e+00  0.000000e+00  1.000000e+00
   outer loop
     vertex  1.415090e+02 -9.842000e+01  1.510000e+00
     vertex  1.391819e+02 -9.871764e+01  1.510000e+00
     vertex  1.415939e+02 -9.862500e+01  1.510000e+00
   endloop
 endfacet
 facet normal  0.000000e+00  0.000000e+00  1.000000e+00
   outer loop
     vertex  1.415090e+02 -9.842000e+01  1.510000e+00
     vertex  1.392500e+02 -9.820000e+01  1.510000e+00
     vertex  1.391819e+02 -9.871764e+01  1.510000e+00
   endloop
 endfacet
 facet normal  0.000000e+00  0.000000e+00  1.000000e+00
   outer loop
     vertex  1.421100e+02 -9.902104e+01  1.510000e+00
     vertex  1.419050e+02 -9.893612e+01  1.510000e+00
     vertex  1.386642e+02 -9.961421e+01  1.510000e+00
   endloop
 endfacet
 facet normal  0.000000e+00  0.000000e+00  1.000000e+00
   outer loop
     vertex  1.421100e+02 -9.902104e+01  1.510000e+00
     vertex  1.386642e+02 -9.961421e+01  1.510000e+00
     vertex  1.382500e+02 -9.993205e+01  1.510000e+00
   endloop
 endfacet
 facet normal  0.000000e+00  0.000000e+00  1.000000e+00
   outer loop
     vertex  1.414800e+02 -9.820000e+01  1.510000e+00
     vertex  1.392500e+02 -9.820000e+01  1.510000e+00
     vertex  1.415090e+02 -9.842000e+01  1.510000e+00
   endloop
 endfacet
 facet normal  0.000000e+00  0.000000e+00  1.000000e+00
   outer loop
     vertex  1.423300e+02 -9.905000e+01  1.510000e+00
     vertex  1.382500e+02 -9.993205e+01  1.510000e+00
     vertex  1.399841e+02 -1.113156e+02  1.510000e+00
   endloop
 endfacet
 facet normal  0.000000e+00  0.000000e+00  1.000000e+00
   outer loop
     vertex  1.423300e+02 -9.905000e+01  1.510000e+00
     vertex  1.399841e+02 -1.113156e+02  1.510000e+00
     vertex  1.401650e+02 -1.113905e+02  1.510000e+00
   endloop
 endfacet
 facet normal  0.000000e+00  0.000000e+00  1.000000e+00
   outer loop
     vertex  1.423300e+02 -9.905000e+01  1.510000e+00
     vertex  1.421100e+02 -9.902104e+01  1.510000e+00
     vertex  1.382500e+02 -9.993205e+01  1.510000e+00
   endloop
 endfacet
 facet normal  0.000000e+00  0.000000e+00  1.000000e+00
   outer loop
     vertex  1.415090e+02 -9.798000e+01  1.510000e+00
     vertex  1.392500e+02 -9.820000e+01  1.510000e+00
     vertex  1.414800e+02 -9.820000e+01  1.510000e+00
   endloop
 endfacet
 facet normal  0.000000e+00  0.000000e+00  1.000000e+00
   outer loop
     vertex  1.415090e+02 -9.798000e+01  1.510000e+00
     vertex  1.391819e+02 -9.768236e+01  1.510000e+00
     vertex  1.392500e+02 -9.820000e+01  1.510000e+00
   endloop
 endfacet
 facet normal  0.000000e+00  0.000000e+00  1.000000e+00
   outer loop
     vertex  1.425500e+02 -9.902104e+01  1.510000e+00
     vertex  1.401650e+02 -1.113905e+02  1.510000e+00
     vertex  1.403203e+02 -1.115097e+02  1.510000e+00
   endloop
 endfacet
 facet normal  0.000000e+00  0.000000e+00  1.000000e+00
   outer loop
     vertex  1.425500e+02 -9.902104e+01  1.510000e+00
     vertex  1.423300e+02 -9.905000e+01  1.510000e+00
     vertex  1.401650e+02 -1.113905e+02  1.510000e+00
   endloop
 endfacet
 facet normal  0.000000e+00  0.000000e+00  1.000000e+00
   outer loop
     vertex  1.415939e+02 -9.777500e+01  1.510000e+00
     vertex  1.391819e+02 -9.768236e+01  1.510000e+00
     vertex  1.415090e+02 -9.798000e+01  1.510000e+00
   endloop
 endfacet
 facet normal  0.000000e+00  0.000000e+00  1.000000e+00
   outer loop
     vertex  1.415939e+02 -9.777500e+01  1.510000e+00
     vertex  1.389821e+02 -9.720000e+01  1.510000e+00
     vertex  1.391819e+02 -9.768236e+01  1.510000e+00
   endloop
 endfacet
 facet normal  0.000000e+00  0.000000e+00  1.000000e+00
   outer loop
     vertex  1.427550e+02 -9.893612e+01  1.510000e+00
     vertex  1.403203e+02 -1.115097e+02  1.510000e+00
     vertex  1.404395e+02 -1.116650e+02  1.510000e+00
   endloop
 endfacet
 facet normal  0.000000e+00  0.000000e+00  1.000000e+00
   outer loop
     vertex  1.427550e+02 -9.893612e+01  1.510000e+00
     vertex  1.425500e+02 -9.902104e+01  1.510000e+00
     vertex  1.403203e+02 -1.115097e+02  1.510000e+00
   endloop
 endfacet
 facet normal  0.000000e+00  0.000000e+00  1.000000e+00
   outer loop
     vertex  1.417290e+02 -9.759896e+01  1.510000e+00
     vertex  1.389821e+02 -9.720000e+01  1.510000e+00
     vertex  1.415939e+02 -9.777500e+01  1.510000e+00
   endloop
 endfacet
 facet normal  0.000000e+00  0.000000e+00  1.000000e+00
   outer loop
     vertex  1.429310e+02 -9.880104e+01  1.510000e+00
     vertex  1.404395e+02 -1.116650e+02  1.510000e+00
     vertex  1.405144e+02 -1.118459e+02  1.510000e+00
   endloop
 endfacet
 facet normal  0.000000e+00  0.000000e+00  1.000000e+00
   outer loop
     vertex  1.429310e+02 -9.880104e+01  1.510000e+00
     vertex  1.405144e+02 -1.118459e+02  1.510000e+00
     vertex  1.429310e+02 -1.165190e+02  1.510000e+00
   endloop
 endfacet
 facet normal  0.000000e+00  0.000000e+00  1.000000e+00
   outer loop
     vertex  1.429310e+02 -9.880104e+01  1.510000e+00
     vertex  1.427550e+02 -9.893612e+01  1.510000e+00
     vertex  1.404395e+02 -1.116650e+02  1.510000e+00
   endloop
 endfacet
 facet normal  0.000000e+00  0.000000e+00  1.000000e+00
   outer loop
     vertex  1.419050e+02 -9.746388e+01  1.510000e+00
     vertex  1.389821e+02 -9.720000e+01  1.510000e+00
     vertex  1.417290e+02 -9.759896e+01  1.510000e+00
   endloop
 endfacet
 facet normal  0.000000e+00  0.000000e+00  1.000000e+00
   outer loop
     vertex  1.430661e+02 -9.862500e+01  1.510000e+00
     vertex  1.429310e+02 -1.165190e+02  1.510000e+00
     vertex  1.430661e+02 -1.166950e+02  1.510000e+00
   endloop
 endfacet
 facet normal  0.000000e+00  0.000000e+00  1.000000e+00
   outer loop
     vertex  1.430661e+02 -9.862500e+01  1.510000e+00
     vertex  1.430661e+02 -1.166950e+02  1.510000e+00
     vertex  1.431510e+02 -1.169000e+02  1.510000e+00
   endloop
 endfacet
 facet normal  0.000000e+00  0.000000e+00  1.000000e+00
   outer loop
     vertex  1.430661e+02 -9.862500e+01  1.510000e+00
     vertex  1.429310e+02 -9.880104e+01  1.510000e+00
     vertex  1.429310e+02 -1.165190e+02  1.510000e+00
   endloop
 endfacet
 facet normal  0.000000e+00  0.000000e+00  1.000000e+00
   outer loop
     vertex  1.431510e+02 -9.842000e+01  1.510000e+00
     vertex  1.430661e+02 -9.862500e+01  1.510000e+00
     vertex  1.431510e+02 -1.169000e+02  1.510000e+00
   endloop
 endfacet
 facet normal  0.000000e+00  0.000000e+00  1.000000e+00
   outer loop
     vertex  1.431510e+02 -9.842000e+01  1.510000e+00
     vertex  1.431510e+02 -1.169000e+02  1.510000e+00
     vertex  1.485000e+02 -1.275000e+02  1.510000e+00
   endloop
 endfacet
 facet normal  0.000000e+00  0.000000e+00  1.000000e+00
   outer loop
     vertex  1.431800e+02 -9.820000e+01  1.510000e+00
     vertex  1.431510e+02 -9.842000e+01  1.510000e+00
     vertex  1.485000e+02 -1.275000e+02  1.510000e+00
   endloop
 endfacet
 facet normal  0.000000e+00  0.000000e+00  1.000000e+00
   outer loop
     vertex  1.394150e+02 -9.376952e+01  1.510000e+00
     vertex  1.377676e+02 -9.626815e+01  1.510000e+00
     vertex  1.382500e+02 -9.646795e+01  1.510000e+00
   endloop
 endfacet
 facet normal  0.000000e+00  0.000000e+00  1.000000e+00
   outer loop
     vertex  1.394150e+02 -9.376952e+01  1.510000e+00
     vertex  1.392597e+02 -9.365033e+01  1.510000e+00
     vertex  1.377676e+02 -9.626815e+01  1.510000e+00
   endloop
 endfacet
 facet normal  0.000000e+00  0.000000e+00  1.000000e+00
   outer loop
     vertex  1.391405e+02 -9.349500e+01  1.510000e+00
     vertex  1.372500e+02 -9.620000e+01  1.510000e+00
     vertex  1.377676e+02 -9.626815e+01  1.510000e+00
   endloop
 endfacet
 facet normal  0.000000e+00  0.000000e+00  1.000000e+00
   outer loop
     vertex  1.391405e+02 -9.349500e+01  1.510000e+00
     vertex  1.377676e+02 -9.626815e+01  1.510000e+00
     vertex  1.392597e+02 -9.365033e+01  1.510000e+00
   endloop
 endfacet
 facet normal  0.000000e+00  0.000000e+00  1.000000e+00
   outer loop
     vertex  1.395959e+02 -9.384444e+01  1.510000e+00
     vertex  1.394150e+02 -9.376952e+01  1.510000e+00
     vertex  1.382500e+02 -9.646795e+01  1.510000e+00
   endloop
 endfacet
 facet normal  0.000000e+00  0.000000e+00  1.000000e+00
   outer loop
     vertex  1.395959e+02 -9.384444e+01  1.510000e+00
     vertex  1.382500e+02 -9.646795e+01  1.510000e+00
     vertex  1.386642e+02 -9.678579e+01  1.510000e+00
   endloop
 endfacet
 facet normal  0.000000e+00  0.000000e+00  1.000000e+00
   outer loop
     vertex  1.390656e+02 -9.331411e+01  1.510000e+00
     vertex  1.372500e+02 -9.620000e+01  1.510000e+00
     vertex  1.391405e+02 -9.349500e+01  1.510000e+00
   endloop
 endfacet
 facet normal  0.000000e+00  0.000000e+00  1.000000e+00
   outer loop
     vertex  1.390656e+02 -9.331411e+01  1.510000e+00
     vertex  1.367324e+02 -9.626815e+01  1.510000e+00
     vertex  1.372500e+02 -9.620000e+01  1.510000e+00
   endloop
 endfacet
 facet normal  0.000000e+00  0.000000e+00  1.000000e+00
   outer loop
     vertex  1.397900e+02 -9.387000e+01  1.510000e+00
     vertex  1.395959e+02 -9.384444e+01  1.510000e+00
     vertex  1.386642e+02 -9.678579e+01  1.510000e+00
   endloop
 endfacet
 facet normal  0.000000e+00  0.000000e+00  1.000000e+00
   outer loop
     vertex  1.390400e+02 -9.312000e+01  1.510000e+00
     vertex  1.340895e+02 -9.528500e+01  1.510000e+00
     vertex  1.367324e+02 -9.626815e+01  1.510000e+00
   endloop
 endfacet
 facet normal  0.000000e+00  0.000000e+00  1.000000e+00
   outer loop
     vertex  1.390400e+02 -9.312000e+01  1.510000e+00
     vertex  1.339703e+02 -9.512967e+01  1.510000e+00
     vertex  1.340895e+02 -9.528500e+01  1.510000e+00
   endloop
 endfacet
 facet normal  0.000000e+00  0.000000e+00  1.000000e+00
   outer loop
     vertex  1.390400e+02 -9.312000e+01  1.510000e+00
     vertex  1.367324e+02 -9.626815e+01  1.510000e+00
     vertex  1.390656e+02 -9.331411e+01  1.510000e+00
   endloop
 endfacet
 facet normal  0.000000e+00  0.000000e+00  1.000000e+00
   outer loop
     vertex  1.390656e+02 -9.292589e+01  1.510000e+00
     vertex  1.339703e+02 -9.512967e+01  1.510000e+00
     vertex  1.390400e+02 -9.312000e+01  1.510000e+00
   endloop
 endfacet
 facet normal  0.000000e+00  0.000000e+00  1.000000e+00
   outer loop
     vertex  1.390656e+02 -9.292589e+01  1.510000e+00
     vertex  1.338150e+02 -9.501048e+01  1.510000e+00
     vertex  1.339703e+02 -9.512967e+01  1.510000e+00
   endloop
 endfacet
 facet normal  0.000000e+00  0.000000e+00  1.000000e+00
   outer loop
     vertex  1.399841e+02 -9.384444e+01  1.510000e+00
     vertex  1.389821e+02 -9.720000e+01  1.510000e+00
     vertex  1.419050e+02 -9.746388e+01  1.510000e+00
   endloop
 endfacet
 facet normal  0.000000e+00  0.000000e+00  1.000000e+00
   outer loop
     vertex  1.399841e+02 -9.384444e+01  1.510000e+00
     vertex  1.397900e+02 -9.387000e+01  1.510000e+00
     vertex  1.386642e+02 -9.678579e+01  1.510000e+00
   endloop
 endfacet
 facet normal  0.000000e+00  0.000000e+00  1.000000e+00
   outer loop
     vertex  1.399841e+02 -9.384444e+01  1.510000e+00
     vertex  1.386642e+02 -9.678579e+01  1.510000e+00
     vertex  1.389821e+02 -9.720000e+01  1.510000e+00
   endloop
 endfacet
 facet normal  0.000000e+00  0.000000e+00  1.000000e+00
   outer loop
     vertex  1.401650e+02 -9.376952e+01  1.510000e+00
     vertex  1.419050e+02 -9.746388e+01  1.510000e+00
     vertex  1.421100e+02 -9.737896e+01  1.510000e+00
   endloop
 endfacet
 facet normal  0.000000e+00  0.000000e+00  1.000000e+00
   outer loop
     vertex  1.401650e+02 -9.376952e+01  1.510000e+00
     vertex  1.399841e+02 -9.384444e+01  1.510000e+00
     vertex  1.419050e+02 -9.746388e+01  1.510000e+00
   endloop
 endfacet
 facet normal  0.000000e+00  0.000000e+00  1.000000e+00
   outer loop
     vertex  1.391405e+02 -9.274500e+01  1.510000e+00
     vertex  1.338150e+02 -9.501048e+01  1.510000e+00
     vertex  1.390656e+02 -9.292589e+01  1.510000e+00
   endloop
 endfacet
 facet normal  0.000000e+00  0.000000e+00  1.000000e+00
   outer loop
     vertex  1.391405e+02 -9.274500e+01  1.510000e+00
     vertex  1.336341e+02 -9.493556e+01  1.510000e+00
     vertex  1.338150e+02 -9.501048e+01  1.510000e+00
   endloop
 endfacet
 facet normal  0.000000e+00  0.000000e+00  1.000000e+00
   outer loop
     vertex  1.392597e+02 -9.258967e+01  1.510000e+00
     vertex  1.336341e+02 -9.493556e+01  1.510000e+00
     vertex  1.391405e+02 -9.274500e+01  1.510000e+00
   endloop
 endfacet
 facet normal  0.000000e+00  0.000000e+00  1.000000e+00
   outer loop
     vertex  1.392597e+02 -9.258967e+01  1.510000e+00
     vertex  1.334400e+02 -9.491000e+01  1.510000e+00
     vertex  1.336341e+02 -9.493556e+01  1.510000e+00
   endloop
 endfacet
 facet normal  0.000000e+00  0.000000e+00  1.000000e+00
   outer loop
     vertex  1.403203e+02 -9.365033e+01  1.510000e+00
     vertex  1.421100e+02 -9.737896e+01  1.510000e+00
     vertex  1.423300e+02 -9.735000e+01  1.510000e+00
   endloop
 endfacet
 facet normal  0.000000e+00  0.000000e+00  1.000000e+00
   outer loop
     vertex  1.403203e+02 -9.365033e+01  1.510000e+00
     vertex  1.401650e+02 -9.376952e+01  1.510000e+00
     vertex  1.421100e+02 -9.737896e+01  1.510000e+00
   endloop
 endfacet
 facet normal  0.000000e+00  0.000000e+00  1.000000e+00
   outer loop
     vertex  1.404395e+02 -9.349500e+01  1.510000e+00
     vertex  1.423300e+02 -9.735000e+01  1.510000e+00
     vertex  1.425500e+02 -9.737896e+01  1.510000e+00
   endloop
 endfacet
 facet normal  0.000000e+00  0.000000e+00  1.000000e+00
   outer loop
     vertex  1.404395e+02 -9.349500e+01  1.510000e+00
     vertex  1.403203e+02 -9.365033e+01  1.510000e+00
     vertex  1.423300e+02 -9.735000e+01  1.510000e+00
   endloop
 endfacet
 facet normal  0.000000e+00  0.000000e+00  1.000000e+00
   outer loop
     vertex  1.405144e+02 -9.331411e+01  1.510000e+00
     vertex  1.425500e+02 -9.737896e+01  1.510000e+00
     vertex  1.427550e+02 -9.746388e+01  1.510000e+00
   endloop
 endfacet
 facet normal  0.000000e+00  0.000000e+00  1.000000e+00
   outer loop
     vertex  1.405144e+02 -9.331411e+01  1.510000e+00
     vertex  1.404395e+02 -9.349500e+01  1.510000e+00
     vertex  1.425500e+02 -9.737896e+01  1.510000e+00
   endloop
 endfacet
 facet normal  0.000000e+00  0.000000e+00  1.000000e+00
   outer loop
     vertex  1.405400e+02 -9.312000e+01  1.510000e+00
     vertex  1.427550e+02 -9.746388e+01  1.510000e+00
     vertex  1.429310e+02 -9.759896e+01  1.510000e+00
   endloop
 endfacet
 facet normal  0.000000e+00  0.000000e+00  1.000000e+00
   outer loop
     vertex  1.405400e+02 -9.312000e+01  1.510000e+00
     vertex  1.405144e+02 -9.331411e+01  1.510000e+00
     vertex  1.427550e+02 -9.746388e+01  1.510000e+00
   endloop
 endfacet
 facet normal  0.000000e+00  0.000000e+00  1.000000e+00
   outer loop
     vertex  1.405144e+02 -9.292589e+01  1.510000e+00
     vertex  1.405400e+02 -9.312000e+01  1.510000e+00
     vertex  1.429310e+02 -9.759896e+01  1.510000e+00
   endloop
 endfacet
 facet normal  0.000000e+00  0.000000e+00  1.000000e+00
   outer loop
     vertex  1.316140e+02 -7.985604e+01  1.510000e+00
     vertex  1.327905e+02 -9.528500e+01  1.510000e+00
     vertex  1.329097e+02 -9.512967e+01  1.510000e+00
   endloop
 endfacet
 facet normal  0.000000e+00  0.000000e+00  1.000000e+00
   outer loop
     vertex  1.317900e+02 -7.999112e+01  1.510000e+00
     vertex  1.329097e+02 -9.512967e+01  1.510000e+00
     vertex  1.330650e+02 -9.501048e+01  1.510000e+00
   endloop
 endfacet
 facet normal  0.000000e+00  0.000000e+00  1.000000e+00
   outer loop
     vertex  1.317900e+02 -7.999112e+01  1.510000e+00
     vertex  1.316140e+02 -7.985604e+01  1.510000e+00
     vertex  1.329097e+02 -9.512967e+01  1.510000e+00
   endloop
 endfacet
 facet normal  0.000000e+00  0.000000e+00  1.000000e+00
   outer loop
     vertex  1.314789e+02 -7.968000e+01  1.510000e+00
     vertex  1.314339e+02 -9.777500e+01  1.510000e+00
     vertex  1.327905e+02 -9.528500e+01  1.510000e+00
   endloop
 endfacet
 facet normal  0.000000e+00  0.000000e+00  1.000000e+00
   outer loop
     vertex  1.314789e+02 -7.968000e+01  1.510000e+00
     vertex  1.327905e+02 -9.528500e+01  1.510000e+00
     vertex  1.316140e+02 -7.985604e+01  1.510000e+00
   endloop
 endfacet
 facet normal  0.000000e+00  0.000000e+00  1.000000e+00
   outer loop
     vertex  1.319950e+02 -8.007604e+01  1.510000e+00
     vertex  1.330650e+02 -9.501048e+01  1.510000e+00
     vertex  1.332459e+02 -9.493556e+01  1.510000e+00
   endloop
 endfacet
 facet normal  0.000000e+00  0.000000e+00  1.000000e+00
   outer loop
     vertex  1.319950e+02 -8.007604e+01  1.510000e+00
     vertex  1.317900e+02 -7.999112e+01  1.510000e+00
     vertex  1.330650e+02 -9.501048e+01  1.510000e+00
   endloop
 endfacet
 facet normal  0.000000e+00  0.000000e+00  1.000000e+00
   outer loop
     vertex  1.313940e+02 -7.947500e+01  1.510000e+00
     vertex  1.313490e+02 -9.798000e+01  1.510000e+00
     vertex  1.314339e+02 -9.777500e+01  1.510000e+00
   endloop
 endfacet
 facet normal  0.000000e+00  0.000000e+00  1.000000e+00
   outer loop
     vertex  1.313940e+02 -7.947500e+01  1.510000e+00
     vertex  1.314339e+02 -9.777500e+01  1.510000e+00
     vertex  1.314789e+02 -7.968000e+01  1.510000e+00
   endloop
 endfacet
 facet normal  0.000000e+00  0.000000e+00  1.000000e+00
   outer loop
     vertex  1.322150e+02 -8.010500e+01  1.510000e+00
     vertex  1.332459e+02 -9.493556e+01  1.510000e+00
     vertex  1.334400e+02 -9.491000e+01  1.510000e+00
   endloop
 endfacet
 facet normal  0.000000e+00  0.000000e+00  1.000000e+00
   outer loop
     vertex  1.322150e+02 -8.010500e+01  1.510000e+00
     vertex  1.319950e+02 -8.007604e+01  1.510000e+00
     vertex  1.332459e+02 -9.493556e+01  1.510000e+00
   endloop
 endfacet
 facet normal  0.000000e+00  0.000000e+00  1.000000e+00
   outer loop
     vertex  1.358808e+02 -8.066921e+01  1.510000e+00
     vertex  1.326400e+02 -7.999112e+01  1.510000e+00
     vertex  1.324350e+02 -8.007604e+01  1.510000e+00
   endloop
 endfacet
 facet normal  0.000000e+00  0.000000e+00  1.000000e+00
   outer loop
     vertex  1.362950e+02 -8.098705e+01  1.510000e+00
     vertex  1.322150e+02 -8.010500e+01  1.510000e+00
     vertex  1.334400e+02 -9.491000e+01  1.510000e+00
   endloop
 endfacet
 facet normal  0.000000e+00  0.000000e+00  1.000000e+00
   outer loop
     vertex  1.362950e+02 -8.098705e+01  1.510000e+00
     vertex  1.358808e+02 -8.066921e+01  1.510000e+00
     vertex  1.324350e+02 -8.007604e+01  1.510000e+00
   endloop
 endfacet
 facet normal  0.000000e+00  0.000000e+00  1.000000e+00
   outer loop
     vertex  1.362950e+02 -8.098705e+01  1.510000e+00
     vertex  1.324350e+02 -8.007604e+01  1.510000e+00
     vertex  1.322150e+02 -8.010500e+01  1.510000e+00
   endloop
 endfacet
 facet normal  0.000000e+00  0.000000e+00  1.000000e+00
   outer loop
     vertex  1.355629e+02 -8.025500e+01  1.510000e+00
     vertex  1.326400e+02 -7.999112e+01  1.510000e+00
     vertex  1.358808e+02 -8.066921e+01  1.510000e+00
   endloop
 endfacet
 facet normal  0.000000e+00  0.000000e+00  1.000000e+00
   outer loop
     vertex  1.355629e+02 -8.025500e+01  1.510000e+00
     vertex  1.329511e+02 -7.968000e+01  1.510000e+00
     vertex  1.328160e+02 -7.985604e+01  1.510000e+00
   endloop
 endfacet
 facet normal  0.000000e+00  0.000000e+00  1.000000e+00
   outer loop
     vertex  1.355629e+02 -8.025500e+01  1.510000e+00
     vertex  1.328160e+02 -7.985604e+01  1.510000e+00
     vertex  1.326400e+02 -7.999112e+01  1.510000e+00
   endloop
 endfacet
 facet normal  0.000000e+00  0.000000e+00  1.000000e+00
   outer loop
     vertex  1.367774e+02 -8.118685e+01  1.510000e+00
     vertex  1.392597e+02 -9.258967e+01  1.510000e+00
     vertex  1.394150e+02 -9.247048e+01  1.510000e+00
   endloop
 endfacet
 facet normal  0.000000e+00  0.000000e+00  1.000000e+00
   outer loop
     vertex  1.367774e+02 -8.118685e+01  1.510000e+00
     vertex  1.362950e+02 -8.098705e+01  1.510000e+00
     vertex  1.334400e+02 -9.491000e+01  1.510000e+00
   endloop
 endfacet
 facet normal  0.000000e+00  0.000000e+00  1.000000e+00
   outer loop
     vertex  1.367774e+02 -8.118685e+01  1.510000e+00
     vertex  1.334400e+02 -9.491000e+01  1.510000e+00
     vertex  1.392597e+02 -9.258967e+01  1.510000e+00
   endloop
 endfacet
 facet normal  0.000000e+00  0.000000e+00  1.000000e+00
   outer loop
     vertex  1.353631e+02 -7.977264e+01  1.510000e+00
     vertex  1.329511e+02 -7.968000e+01  1.510000e+00
     vertex  1.355629e+02 -8.025500e+01  1.510000e+00
   endloop
 endfacet
 facet normal  0.000000e+00  0.000000e+00  1.000000e+00
   outer loop
     vertex  1.353631e+02 -7.977264e+01  1.510000e+00
     vertex  1.330360e+02 -7.947500e+01  1.510000e+00
     vertex  1.329511e+02 -7.968000e+01  1.510000e+00
   endloop
 endfacet
 facet normal  0.000000e+00  0.000000e+00  1.000000e+00
   outer loop
     vertex  1.329547e+02 -7.724533e+01  1.510000e+00
     vertex  1.322150e+02 -7.840500e+01  1.510000e+00
     vertex  1.324350e+02 -7.843396e+01  1.510000e+00
   endloop
 endfacet
 facet normal  0.000000e+00  0.000000e+00  1.000000e+00
   outer loop
     vertex  1.328355e+02 -7.709000e+01  1.510000e+00
     vertex  1.322150e+02 -7.840500e+01  1.510000e+00
     vertex  1.329547e+02 -7.724533e+01  1.510000e+00
   endloop
 endfacet
 facet normal  0.000000e+00  0.000000e+00  1.000000e+00
   outer loop
     vertex  1.328355e+02 -7.709000e+01  1.510000e+00
     vertex  1.319950e+02 -7.843396e+01  1.510000e+00
     vertex  1.322150e+02 -7.840500e+01  1.510000e+00
   endloop
 endfacet
 facet normal  0.000000e+00  0.000000e+00  1.000000e+00
   outer loop
     vertex  1.331100e+02 -7.736452e+01  1.510000e+00
     vertex  1.329547e+02 -7.724533e+01  1.510000e+00
     vertex  1.324350e+02 -7.843396e+01  1.510000e+00
   endloop
 endfacet
 facet normal  0.000000e+00  0.000000e+00  1.000000e+00
   outer loop
     vertex  1.331100e+02 -7.736452e+01  1.510000e+00
     vertex  1.324350e+02 -7.843396e+01  1.510000e+00
     vertex  1.326400e+02 -7.851888e+01  1.510000e+00
   endloop
 endfacet
 facet normal  0.000000e+00  0.000000e+00  1.000000e+00
   outer loop
     vertex  1.332909e+02 -7.743944e+01  1.510000e+00
     vertex  1.331100e+02 -7.736452e+01  1.510000e+00
     vertex  1.326400e+02 -7.851888e+01  1.510000e+00
   endloop
 endfacet
 facet normal  0.000000e+00  0.000000e+00  1.000000e+00
   outer loop
     vertex  1.332909e+02 -7.743944e+01  1.510000e+00
     vertex  1.326400e+02 -7.851888e+01  1.510000e+00
     vertex  1.328160e+02 -7.865396e+01  1.510000e+00
   endloop
 endfacet
 facet normal  0.000000e+00  0.000000e+00  1.000000e+00
   outer loop
     vertex  1.327606e+02 -7.690911e+01  1.510000e+00
     vertex  1.317900e+02 -7.851888e+01  1.510000e+00
     vertex  1.319950e+02 -7.843396e+01  1.510000e+00
   endloop
 endfacet
 facet normal  0.000000e+00  0.000000e+00  1.000000e+00
   outer loop
     vertex  1.327606e+02 -7.690911e+01  1.510000e+00
     vertex  1.319950e+02 -7.843396e+01  1.510000e+00
     vertex  1.328355e+02 -7.709000e+01  1.510000e+00
   endloop
 endfacet
 facet normal  0.000000e+00  0.000000e+00  1.000000e+00
   outer loop
     vertex  1.327350e+02 -7.671500e+01  1.510000e+00
     vertex  1.316140e+02 -7.865396e+01  1.510000e+00
     vertex  1.317900e+02 -7.851888e+01  1.510000e+00
   endloop
 endfacet
 facet normal  0.000000e+00  0.000000e+00  1.000000e+00
   outer loop
     vertex  1.327350e+02 -7.671500e+01  1.510000e+00
     vertex  1.317900e+02 -7.851888e+01  1.510000e+00
     vertex  1.327606e+02 -7.690911e+01  1.510000e+00
   endloop
 endfacet
 facet normal  0.000000e+00  0.000000e+00  1.000000e+00
   outer loop
     vertex  1.334850e+02 -7.746500e+01  1.510000e+00
     vertex  1.332909e+02 -7.743944e+01  1.510000e+00
     vertex  1.328160e+02 -7.865396e+01  1.510000e+00
   endloop
 endfacet
 facet normal  0.000000e+00  0.000000e+00  1.000000e+00
   outer loop
     vertex  1.334850e+02 -7.746500e+01  1.510000e+00
     vertex  1.328160e+02 -7.865396e+01  1.510000e+00
     vertex  1.329511e+02 -7.883000e+01  1.510000e+00
   endloop
 endfacet
 facet normal  0.000000e+00  0.000000e+00  1.000000e+00
   outer loop
     vertex  1.352950e+02 -7.925500e+01  1.510000e+00
     vertex  1.330360e+02 -7.947500e+01  1.510000e+00
     vertex  1.353631e+02 -7.977264e+01  1.510000e+00
   endloop
 endfacet
 facet normal  0.000000e+00  0.000000e+00  1.000000e+00
   outer loop
     vertex  1.352950e+02 -7.925500e+01  1.510000e+00
     vertex  1.330360e+02 -7.903500e+01  1.510000e+00
     vertex  1.330650e+02 -7.925500e+01  1.510000e+00
   endloop
 endfacet
 facet normal  0.000000e+00  0.000000e+00  1.000000e+00
   outer loop
     vertex  1.352950e+02 -7.925500e+01  1.510000e+00
     vertex  1.330650e+02 -7.925500e+01  1.510000e+00
     vertex  1.330360e+02 -7.947500e+01  1.510000e+00
   endloop
 endfacet
 facet normal  0.000000e+00  0.000000e+00  1.000000e+00
   outer loop
     vertex  1.372950e+02 -8.125500e+01  1.510000e+00
     vertex  1.394150e+02 -9.247048e+01  1.510000e+00
     vertex  1.395959e+02 -9.239556e+01  1.510000e+00
   endloop
 endfacet
 facet normal  0.000000e+00  0.000000e+00  1.000000e+00
   outer loop
     vertex  1.372950e+02 -8.125500e+01  1.510000e+00
     vertex  1.367774e+02 -8.118685e+01  1.510000e+00
     vertex  1.394150e+02 -9.247048e+01  1.510000e+00
   endloop
 endfacet
 facet normal  0.000000e+00  0.000000e+00  1.000000e+00
   outer loop
     vertex  1.327606e+02 -7.652089e+01  1.510000e+00
     vertex  1.316140e+02 -7.865396e+01  1.510000e+00
     vertex  1.327350e+02 -7.671500e+01  1.510000e+00
   endloop
 endfacet
 facet normal  0.000000e+00  0.000000e+00  1.000000e+00
   outer loop
     vertex  1.336791e+02 -7.743944e+01  1.510000e+00
     vertex  1.329511e+02 -7.883000e+01  1.510000e+00
     vertex  1.330360e+02 -7.903500e+01  1.510000e+00
   endloop
 endfacet
 facet normal  0.000000e+00  0.000000e+00  1.000000e+00
   outer loop
     vertex  1.336791e+02 -7.743944e+01  1.510000e+00
     vertex  1.334850e+02 -7.746500e+01  1.510000e+00
     vertex  1.329511e+02 -7.883000e+01  1.510000e+00
   endloop
 endfacet
 facet normal  0.000000e+00  0.000000e+00  1.000000e+00
   outer loop
     vertex  1.353631e+02 -7.873736e+01  1.510000e+00
     vertex  1.330360e+02 -7.903500e+01  1.510000e+00
     vertex  1.352950e+02 -7.925500e+01  1.510000e+00
   endloop
 endfacet
 facet normal  0.000000e+00  0.000000e+00  1.000000e+00
   outer loop
     vertex  1.353631e+02 -7.873736e+01  1.510000e+00
     vertex  1.336791e+02 -7.743944e+01  1.510000e+00
     vertex  1.330360e+02 -7.903500e+01  1.510000e+00
   endloop
 endfacet
 facet normal  0.000000e+00  0.000000e+00  1.000000e+00
   outer loop
     vertex  1.353631e+02 -7.873736e+01  1.510000e+00
     vertex  1.338600e+02 -7.736452e+01  1.510000e+00
     vertex  1.336791e+02 -7.743944e+01  1.510000e+00
   endloop
 endfacet
 facet normal  0.000000e+00  0.000000e+00  1.000000e+00
   outer loop
     vertex  1.378126e+02 -8.118685e+01  1.510000e+00
     vertex  1.395959e+02 -9.239556e+01  1.510000e+00
     vertex  1.397900e+02 -9.237000e+01  1.510000e+00
   endloop
 endfacet
 facet normal  0.000000e+00  0.000000e+00  1.000000e+00
   outer loop
     vertex  1.378126e+02 -8.118685e+01  1.510000e+00
     vertex  1.372950e+02 -8.125500e+01  1.510000e+00
     vertex  1.395959e+02 -9.239556e+01  1.510000e+00
   endloop
 endfacet
 facet normal  0.000000e+00  0.000000e+00  1.000000e+00
   outer loop
     vertex  1.382950e+02 -8.098705e+01  1.510000e+00
     vertex  1.397900e+02 -9.237000e+01  1.510000e+00
     vertex  1.399841e+02 -9.239556e+01  1.510000e+00
   endloop
 endfacet
 facet normal  0.000000e+00  0.000000e+00  1.000000e+00
   outer loop
     vertex  1.382950e+02 -8.098705e+01  1.510000e+00
     vertex  1.378126e+02 -8.118685e+01  1.510000e+00
     vertex  1.397900e+02 -9.237000e+01  1.510000e+00
   endloop
 endfacet
 facet normal  0.000000e+00  0.000000e+00  1.000000e+00
   outer loop
     vertex  1.355629e+02 -7.825500e+01  1.510000e+00
     vertex  1.338600e+02 -7.736452e+01  1.510000e+00
     vertex  1.353631e+02 -7.873736e+01  1.510000e+00
   endloop
 endfacet
 facet normal  0.000000e+00  0.000000e+00  1.000000e+00
   outer loop
     vertex  1.355629e+02 -7.825500e+01  1.510000e+00
     vertex  1.341345e+02 -7.709000e+01  1.510000e+00
     vertex  1.340153e+02 -7.724533e+01  1.510000e+00
   endloop
 endfacet
 facet normal  0.000000e+00  0.000000e+00  1.000000e+00
   outer loop
     vertex  1.355629e+02 -7.825500e+01  1.510000e+00
     vertex  1.340153e+02 -7.724533e+01  1.510000e+00
     vertex  1.338600e+02 -7.736452e+01  1.510000e+00
   endloop
 endfacet
 facet normal  0.000000e+00  0.000000e+00  1.000000e+00
   outer loop
     vertex  1.358808e+02 -7.784079e+01  1.510000e+00
     vertex  1.342350e+02 -7.671500e+01  1.510000e+00
     vertex  1.342094e+02 -7.690911e+01  1.510000e+00
   endloop
 endfacet
 facet normal  0.000000e+00  0.000000e+00  1.000000e+00
   outer loop
     vertex  1.358808e+02 -7.784079e+01  1.510000e+00
     vertex  1.342094e+02 -7.690911e+01  1.510000e+00
     vertex  1.341345e+02 -7.709000e+01  1.510000e+00
   endloop
 endfacet
 facet normal  0.000000e+00  0.000000e+00  1.000000e+00
   outer loop
     vertex  1.358808e+02 -7.784079e+01  1.510000e+00
     vertex  1.341345e+02 -7.709000e+01  1.510000e+00
     vertex  1.355629e+02 -7.825500e+01  1.510000e+00
   endloop
 endfacet
 facet normal  0.000000e+00  0.000000e+00  1.000000e+00
   outer loop
     vertex  1.292500e+02 -7.063301e+01  1.510000e+00
     vertex  1.313940e+02 -7.903500e+01  1.510000e+00
     vertex  1.314789e+02 -7.883000e+01  1.510000e+00
   endloop
 endfacet
 facet normal  0.000000e+00  0.000000e+00  1.000000e+00
   outer loop
     vertex  1.292500e+02 -7.063301e+01  1.510000e+00
     vertex  1.291464e+02 -7.055355e+01  1.510000e+00
     vertex  1.313940e+02 -7.903500e+01  1.510000e+00
   endloop
 endfacet
 facet normal  0.000000e+00  0.000000e+00  1.000000e+00
   outer loop
     vertex  1.290670e+02 -7.045000e+01  1.510000e+00
     vertex  1.313650e+02 -7.925500e+01  1.510000e+00
     vertex  1.313940e+02 -7.903500e+01  1.510000e+00
   endloop
 endfacet
 facet normal  0.000000e+00  0.000000e+00  1.000000e+00
   outer loop
     vertex  1.290670e+02 -7.045000e+01  1.510000e+00
     vertex  1.313940e+02 -7.903500e+01  1.510000e+00
     vertex  1.291464e+02 -7.055355e+01  1.510000e+00
   endloop
 endfacet
 facet normal  0.000000e+00  0.000000e+00  1.000000e+00
   outer loop
     vertex  1.293706e+02 -7.068296e+01  1.510000e+00
     vertex  1.292500e+02 -7.063301e+01  1.510000e+00
     vertex  1.314789e+02 -7.883000e+01  1.510000e+00
   endloop
 endfacet
 facet normal  0.000000e+00  0.000000e+00  1.000000e+00
   outer loop
     vertex  1.293706e+02 -7.068296e+01  1.510000e+00
     vertex  1.314789e+02 -7.883000e+01  1.510000e+00
     vertex  1.316140e+02 -7.865396e+01  1.510000e+00
   endloop
 endfacet
 facet normal  0.000000e+00  0.000000e+00  1.000000e+00
   outer loop
     vertex  1.293706e+02 -7.068296e+01  1.510000e+00
     vertex  1.316140e+02 -7.865396e+01  1.510000e+00
     vertex  1.327606e+02 -7.652089e+01  1.510000e+00
   endloop
 endfacet
 facet normal  0.000000e+00  0.000000e+00  1.000000e+00
   outer loop
     vertex  1.290170e+02 -7.032941e+01  1.510000e+00
     vertex  1.313490e+02 -9.798000e+01  1.510000e+00
     vertex  1.313940e+02 -7.947500e+01  1.510000e+00
   endloop
 endfacet
 facet normal  0.000000e+00  0.000000e+00  1.000000e+00
   outer loop
     vertex  1.290170e+02 -7.032941e+01  1.510000e+00
     vertex  1.313940e+02 -7.947500e+01  1.510000e+00
     vertex  1.313650e+02 -7.925500e+01  1.510000e+00
   endloop
 endfacet
 facet normal  0.000000e+00  0.000000e+00  1.000000e+00
   outer loop
     vertex  1.290170e+02 -7.032941e+01  1.510000e+00
     vertex  1.313200e+02 -9.820000e+01  1.510000e+00
     vertex  1.313490e+02 -9.798000e+01  1.510000e+00
   endloop
 endfacet
 facet normal  0.000000e+00  0.000000e+00  1.000000e+00
   outer loop
     vertex  1.290170e+02 -7.032941e+01  1.510000e+00
     vertex  1.313650e+02 -7.925500e+01  1.510000e+00
     vertex  1.290670e+02 -7.045000e+01  1.510000e+00
   endloop
 endfacet
 facet normal  0.000000e+00  0.000000e+00  1.000000e+00
   outer loop
     vertex  1.362950e+02 -7.752295e+01  1.510000e+00
     vertex  1.342350e+02 -7.671500e+01  1.510000e+00
     vertex  1.358808e+02 -7.784079e+01  1.510000e+00
   endloop
 endfacet
 facet normal  0.000000e+00  0.000000e+00  1.000000e+00
   outer loop
     vertex  1.362950e+02 -7.752295e+01  1.510000e+00
     vertex  1.342094e+02 -7.652089e+01  1.510000e+00
     vertex  1.342350e+02 -7.671500e+01  1.510000e+00
   endloop
 endfacet
 facet normal  0.000000e+00  0.000000e+00  1.000000e+00
   outer loop
     vertex  1.295000e+02 -7.070000e+01  1.510000e+00
     vertex  1.327606e+02 -7.652089e+01  1.510000e+00
     vertex  1.328355e+02 -7.634000e+01  1.510000e+00
   endloop
 endfacet
 facet normal  0.000000e+00  0.000000e+00  1.000000e+00
   outer loop
     vertex  1.295000e+02 -7.070000e+01  1.510000e+00
     vertex  1.293706e+02 -7.068296e+01  1.510000e+00
     vertex  1.327606e+02 -7.652089e+01  1.510000e+00
   endloop
 endfacet
 facet normal  0.000000e+00  0.000000e+00  1.000000e+00
   outer loop
     vertex  1.296294e+02 -7.068296e+01  1.510000e+00
     vertex  1.295000e+02 -7.070000e+01  1.510000e+00
     vertex  1.328355e+02 -7.634000e+01  1.510000e+00
   endloop
 endfacet
 facet normal  0.000000e+00  0.000000e+00  1.000000e+00
   outer loop
     vertex  1.296294e+02 -7.068296e+01  1.510000e+00
     vertex  1.328355e+02 -7.634000e+01  1.510000e+00
     vertex  1.329547e+02 -7.618467e+01  1.510000e+00
   endloop
 endfacet
 facet normal  0.000000e+00  0.000000e+00  1.000000e+00
   outer loop
     vertex  1.297500e+02 -7.063301e+01  1.510000e+00
     vertex  1.329547e+02 -7.618467e+01  1.510000e+00
     vertex  1.331100e+02 -7.606548e+01  1.510000e+00
   endloop
 endfacet
 facet normal  0.000000e+00  0.000000e+00  1.000000e+00
   outer loop
     vertex  1.297500e+02 -7.063301e+01  1.510000e+00
     vertex  1.296294e+02 -7.068296e+01  1.510000e+00
     vertex  1.329547e+02 -7.618467e+01  1.510000e+00
   endloop
 endfacet
 facet normal  0.000000e+00  0.000000e+00  1.000000e+00
   outer loop
     vertex  1.298536e+02 -7.055355e+01  1.510000e+00
     vertex  1.297500e+02 -7.063301e+01  1.510000e+00
     vertex  1.331100e+02 -7.606548e+01  1.510000e+00
   endloop
 endfacet
 facet normal  0.000000e+00  0.000000e+00  1.000000e+00
   outer loop
     vertex  1.298536e+02 -7.055355e+01  1.510000e+00
     vertex  1.331100e+02 -7.606548e+01  1.510000e+00
     vertex  1.332909e+02 -7.599056e+01  1.510000e+00
   endloop
 endfacet
 facet normal  0.000000e+00  0.000000e+00  1.000000e+00
   outer loop
     vertex  1.367774e+02 -7.732315e+01  1.510000e+00
     vertex  1.342094e+02 -7.652089e+01  1.510000e+00
     vertex  1.362950e+02 -7.752295e+01  1.510000e+00
   endloop
 endfacet
 facet normal  0.000000e+00  0.000000e+00  1.000000e+00
   outer loop
     vertex  1.367774e+02 -7.732315e+01  1.510000e+00
     vertex  1.341345e+02 -7.634000e+01  1.510000e+00
     vertex  1.342094e+02 -7.652089e+01  1.510000e+00
   endloop
 endfacet
 facet normal  0.000000e+00  0.000000e+00  1.000000e+00
   outer loop
     vertex  1.299330e+02 -7.045000e+01  1.510000e+00
     vertex  1.298536e+02 -7.055355e+01  1.510000e+00
     vertex  1.332909e+02 -7.599056e+01  1.510000e+00
   endloop
 endfacet
 facet normal  0.000000e+00  0.000000e+00  1.000000e+00
   outer loop
     vertex  1.299330e+02 -7.045000e+01  1.510000e+00
     vertex  1.332909e+02 -7.599056e+01  1.510000e+00
     vertex  1.334850e+02 -7.596500e+01  1.510000e+00
   endloop
 endfacet
 facet normal  0.000000e+00  0.000000e+00  1.000000e+00
   outer loop
     vertex  1.299830e+02 -7.032941e+01  1.510000e+00
     vertex  1.299330e+02 -7.045000e+01  1.510000e+00
     vertex  1.334850e+02 -7.596500e+01  1.510000e+00
   endloop
 endfacet
 facet normal  0.000000e+00  0.000000e+00  1.000000e+00
   outer loop
     vertex  1.299830e+02 -7.032941e+01  1.510000e+00
     vertex  1.334850e+02 -7.596500e+01  1.510000e+00
     vertex  1.336791e+02 -7.599056e+01  1.510000e+00
   endloop
 endfacet
 facet normal  0.000000e+00  0.000000e+00  1.000000e+00
   outer loop
     vertex  1.292500e+02 -6.809301e+01  1.510000e+00
     vertex  1.292500e+02 -6.976699e+01  1.510000e+00
     vertex  1.293706e+02 -6.971704e+01  1.510000e+00
   endloop
 endfacet
 facet normal  0.000000e+00  0.000000e+00  1.000000e+00
   outer loop
     vertex  1.292500e+02 -6.809301e+01  1.510000e+00
     vertex  1.291464e+02 -6.801355e+01  1.510000e+00
     vertex  1.291464e+02 -6.984645e+01  1.510000e+00
   endloop
 endfacet
 facet normal  0.000000e+00  0.000000e+00  1.000000e+00
   outer loop
     vertex  1.292500e+02 -6.809301e+01  1.510000e+00
     vertex  1.291464e+02 -6.984645e+01  1.510000e+00
     vertex  1.292500e+02 -6.976699e+01  1.510000e+00
   endloop
 endfacet
 facet normal  0.000000e+00  0.000000e+00  1.000000e+00
   outer loop
     vertex  1.290670e+02 -6.791000e+01  1.510000e+00
     vertex  1.291464e+02 -6.984645e+01  1.510000e+00
     vertex  1.291464e+02 -6.801355e+01  1.510000e+00
   endloop
 endfacet
 facet normal  0.000000e+00  0.000000e+00  1.000000e+00
   outer loop
     vertex  1.290670e+02 -6.791000e+01  1.510000e+00
     vertex  1.290670e+02 -6.995000e+01  1.510000e+00
     vertex  1.291464e+02 -6.984645e+01  1.510000e+00
   endloop
 endfacet
 facet normal  0.000000e+00  0.000000e+00  1.000000e+00
   outer loop
     vertex  1.290170e+02 -6.778941e+01  1.510000e+00
     vertex  1.290670e+02 -6.995000e+01  1.510000e+00
     vertex  1.290670e+02 -6.791000e+01  1.510000e+00
   endloop
 endfacet
 facet normal  0.000000e+00  0.000000e+00  1.000000e+00
   outer loop
     vertex  1.290170e+02 -6.778941e+01  1.510000e+00
     vertex  1.290000e+02 -7.020000e+01  1.510000e+00
     vertex  1.290170e+02 -7.007059e+01  1.510000e+00
   endloop
 endfacet
 facet normal  0.000000e+00  0.000000e+00  1.000000e+00
   outer loop
     vertex  1.290170e+02 -6.778941e+01  1.510000e+00
     vertex  1.290170e+02 -7.007059e+01  1.510000e+00
     vertex  1.290670e+02 -6.995000e+01  1.510000e+00
   endloop
 endfacet
 facet normal  0.000000e+00  0.000000e+00  1.000000e+00
   outer loop
     vertex  1.293706e+02 -6.814296e+01  1.510000e+00
     vertex  1.292500e+02 -6.809301e+01  1.510000e+00
     vertex  1.293706e+02 -6.971704e+01  1.510000e+00
   endloop
 endfacet
 facet normal  0.000000e+00  0.000000e+00  1.000000e+00
   outer loop
     vertex  1.290000e+02 -6.766000e+01  1.510000e+00
     vertex  1.290000e+02 -7.020000e+01  1.510000e+00
     vertex  1.290170e+02 -6.778941e+01  1.510000e+00
   endloop
 endfacet
 facet normal  0.000000e+00  0.000000e+00  1.000000e+00
   outer loop
     vertex  1.295000e+02 -6.816000e+01  1.510000e+00
     vertex  1.293706e+02 -6.971704e+01  1.510000e+00
     vertex  1.295000e+02 -6.970000e+01  1.510000e+00
   endloop
 endfacet
 facet normal  0.000000e+00  0.000000e+00  1.000000e+00
   outer loop
     vertex  1.295000e+02 -6.816000e+01  1.510000e+00
     vertex  1.295000e+02 -6.970000e+01  1.510000e+00
     vertex  1.296294e+02 -6.971704e+01  1.510000e+00
   endloop
 endfacet
 facet normal  0.000000e+00  0.000000e+00  1.000000e+00
   outer loop
     vertex  1.295000e+02 -6.816000e+01  1.510000e+00
     vertex  1.293706e+02 -6.814296e+01  1.510000e+00
     vertex  1.293706e+02 -6.971704e+01  1.510000e+00
   endloop
 endfacet
 facet normal  0.000000e+00  0.000000e+00  1.000000e+00
   outer loop
     vertex  1.296294e+02 -6.814296e+01  1.510000e+00
     vertex  1.295000e+02 -6.816000e+01  1.510000e+00
     vertex  1.296294e+02 -6.971704e+01  1.510000e+00
   endloop
 endfacet
 facet normal  0.000000e+00  0.000000e+00  1.000000e+00
   outer loop
     vertex  1.297500e+02 -6.809301e+01  1.510000e+00
     vertex  1.296294e+02 -6.814296e+01  1.510000e+00
     vertex  1.296294e+02 -6.971704e+01  1.510000e+00
   endloop
 endfacet
 facet normal  0.000000e+00  0.000000e+00  1.000000e+00
   outer loop
     vertex  1.297500e+02 -6.809301e+01  1.510000e+00
     vertex  1.296294e+02 -6.971704e+01  1.510000e+00
     vertex  1.297500e+02 -6.976699e+01  1.510000e+00
   endloop
 endfacet
 facet normal  0.000000e+00  0.000000e+00  1.000000e+00
   outer loop
     vertex  1.297500e+02 -6.809301e+01  1.510000e+00
     vertex  1.297500e+02 -6.976699e+01  1.510000e+00
     vertex  1.298536e+02 -6.984645e+01  1.510000e+00
   endloop
 endfacet
 facet normal  0.000000e+00  0.000000e+00  1.000000e+00
   outer loop
     vertex  1.298536e+02 -6.801355e+01  1.510000e+00
     vertex  1.297500e+02 -6.809301e+01  1.510000e+00
     vertex  1.298536e+02 -6.984645e+01  1.510000e+00
   endloop
 endfacet
 facet normal  0.000000e+00  0.000000e+00  1.000000e+00
   outer loop
     vertex  1.416389e+02 -7.968000e+01  1.510000e+00
     vertex  1.392269e+02 -7.977264e+01  1.510000e+00
     vertex  1.390271e+02 -8.025500e+01  1.510000e+00
   endloop
 endfacet
 facet normal  0.000000e+00  0.000000e+00  1.000000e+00
   outer loop
     vertex  1.416389e+02 -7.968000e+01  1.510000e+00
     vertex  1.390271e+02 -8.025500e+01  1.510000e+00
     vertex  1.417740e+02 -7.985604e+01  1.510000e+00
   endloop
 endfacet
 facet normal  0.000000e+00  0.000000e+00  1.000000e+00
   outer loop
     vertex  1.419500e+02 -7.999112e+01  1.510000e+00
     vertex  1.390271e+02 -8.025500e+01  1.510000e+00
     vertex  1.387092e+02 -8.066921e+01  1.510000e+00
   endloop
 endfacet
 facet normal  0.000000e+00  0.000000e+00  1.000000e+00
   outer loop
     vertex  1.419500e+02 -7.999112e+01  1.510000e+00
     vertex  1.417740e+02 -7.985604e+01  1.510000e+00
     vertex  1.390271e+02 -8.025500e+01  1.510000e+00
   endloop
 endfacet
 facet normal  0.000000e+00  0.000000e+00  1.000000e+00
   outer loop
     vertex  1.299330e+02 -6.791000e+01  1.510000e+00
     vertex  1.298536e+02 -6.984645e+01  1.510000e+00
     vertex  1.299330e+02 -6.995000e+01  1.510000e+00
   endloop
 endfacet
 facet normal  0.000000e+00  0.000000e+00  1.000000e+00
   outer loop
     vertex  1.299330e+02 -6.791000e+01  1.510000e+00
     vertex  1.298536e+02 -6.801355e+01  1.510000e+00
     vertex  1.298536e+02 -6.984645e+01  1.510000e+00
   endloop
 endfacet
 facet normal  0.000000e+00  0.000000e+00  1.000000e+00
   outer loop
     vertex  1.299330e+02 -6.791000e+01  1.510000e+00
     vertex  1.299330e+02 -6.995000e+01  1.510000e+00
     vertex  1.299830e+02 -7.007059e+01  1.510000e+00
   endloop
 endfacet
 facet normal  0.000000e+00  0.000000e+00  1.000000e+00
   outer loop
     vertex  1.421550e+02 -8.007604e+01  1.510000e+00
     vertex  1.419500e+02 -7.999112e+01  1.510000e+00
     vertex  1.387092e+02 -8.066921e+01  1.510000e+00
   endloop
 endfacet
 facet normal  0.000000e+00  0.000000e+00  1.000000e+00
   outer loop
     vertex  1.421550e+02 -8.007604e+01  1.510000e+00
     vertex  1.387092e+02 -8.066921e+01  1.510000e+00
     vertex  1.382950e+02 -8.098705e+01  1.510000e+00
   endloop
 endfacet
 facet normal  0.000000e+00  0.000000e+00  1.000000e+00
   outer loop
     vertex  1.415540e+02 -7.947500e+01  1.510000e+00
     vertex  1.392950e+02 -7.925500e+01  1.510000e+00
     vertex  1.392269e+02 -7.977264e+01  1.510000e+00
   endloop
 endfacet
 facet normal  0.000000e+00  0.000000e+00  1.000000e+00
   outer loop
     vertex  1.415540e+02 -7.947500e+01  1.510000e+00
     vertex  1.392269e+02 -7.977264e+01  1.510000e+00
     vertex  1.416389e+02 -7.968000e+01  1.510000e+00
   endloop
 endfacet
 facet normal  0.000000e+00  0.000000e+00  1.000000e+00
   outer loop
     vertex  1.299830e+02 -6.778941e+01  1.510000e+00
     vertex  1.299330e+02 -6.791000e+01  1.510000e+00
     vertex  1.299830e+02 -7.007059e+01  1.510000e+00
   endloop
 endfacet
 facet normal  0.000000e+00  0.000000e+00  1.000000e+00
   outer loop
     vertex  1.423750e+02 -8.010500e+01  1.510000e+00
     vertex  1.399841e+02 -9.239556e+01  1.510000e+00
     vertex  1.401650e+02 -9.247048e+01  1.510000e+00
   endloop
 endfacet
 facet normal  0.000000e+00  0.000000e+00  1.000000e+00
   outer loop
     vertex  1.423750e+02 -8.010500e+01  1.510000e+00
     vertex  1.421550e+02 -8.007604e+01  1.510000e+00
     vertex  1.382950e+02 -8.098705e+01  1.510000e+00
   endloop
 endfacet
 facet normal  0.000000e+00  0.000000e+00  1.000000e+00
   outer loop
     vertex  1.423750e+02 -8.010500e+01  1.510000e+00
     vertex  1.382950e+02 -8.098705e+01  1.510000e+00
     vertex  1.399841e+02 -9.239556e+01  1.510000e+00
   endloop
 endfacet
 facet normal  0.000000e+00  0.000000e+00  1.000000e+00
   outer loop
     vertex  1.415250e+02 -7.925500e+01  1.510000e+00
     vertex  1.392950e+02 -7.925500e+01  1.510000e+00
     vertex  1.415540e+02 -7.947500e+01  1.510000e+00
   endloop
 endfacet
 facet normal  0.000000e+00  0.000000e+00  1.000000e+00
   outer loop
     vertex  1.425950e+02 -8.007604e+01  1.510000e+00
     vertex  1.401650e+02 -9.247048e+01  1.510000e+00
     vertex  1.403203e+02 -9.258967e+01  1.510000e+00
   endloop
 endfacet
 facet normal  0.000000e+00  0.000000e+00  1.000000e+00
   outer loop
     vertex  1.425950e+02 -8.007604e+01  1.510000e+00
     vertex  1.423750e+02 -8.010500e+01  1.510000e+00
     vertex  1.401650e+02 -9.247048e+01  1.510000e+00
   endloop
 endfacet
 facet normal  0.000000e+00  0.000000e+00  1.000000e+00
   outer loop
     vertex  1.415540e+02 -7.903500e+01  1.510000e+00
     vertex  1.392269e+02 -7.873736e+01  1.510000e+00
     vertex  1.392950e+02 -7.925500e+01  1.510000e+00
   endloop
 endfacet
 facet normal  0.000000e+00  0.000000e+00  1.000000e+00
   outer loop
     vertex  1.415540e+02 -7.903500e+01  1.510000e+00
     vertex  1.392950e+02 -7.925500e+01  1.510000e+00
     vertex  1.415250e+02 -7.925500e+01  1.510000e+00
   endloop
 endfacet
 facet normal  0.000000e+00  0.000000e+00  1.000000e+00
   outer loop
     vertex  1.416389e+02 -7.883000e+01  1.510000e+00
     vertex  1.390271e+02 -7.825500e+01  1.510000e+00
     vertex  1.392269e+02 -7.873736e+01  1.510000e+00
   endloop
 endfacet
 facet normal  0.000000e+00  0.000000e+00  1.000000e+00
   outer loop
     vertex  1.416389e+02 -7.883000e+01  1.510000e+00
     vertex  1.392269e+02 -7.873736e+01  1.510000e+00
     vertex  1.415540e+02 -7.903500e+01  1.510000e+00
   endloop
 endfacet
 facet normal  0.000000e+00  0.000000e+00  1.000000e+00
   outer loop
     vertex  1.428000e+02 -7.999112e+01  1.510000e+00
     vertex  1.403203e+02 -9.258967e+01  1.510000e+00
     vertex  1.404395e+02 -9.274500e+01  1.510000e+00
   endloop
 endfacet
 facet normal  0.000000e+00  0.000000e+00  1.000000e+00
   outer loop
     vertex  1.428000e+02 -7.999112e+01  1.510000e+00
     vertex  1.425950e+02 -8.007604e+01  1.510000e+00
     vertex  1.403203e+02 -9.258967e+01  1.510000e+00
   endloop
 endfacet
 facet normal  0.000000e+00  0.000000e+00  1.000000e+00
   outer loop
     vertex  1.417740e+02 -7.865396e+01  1.510000e+00
     vertex  1.390271e+02 -7.825500e+01  1.510000e+00
     vertex  1.416389e+02 -7.883000e+01  1.510000e+00
   endloop
 endfacet
 facet normal  0.000000e+00  0.000000e+00  1.000000e+00
   outer loop
     vertex  1.429760e+02 -7.985604e+01  1.510000e+00
     vertex  1.404395e+02 -9.274500e+01  1.510000e+00
     vertex  1.405144e+02 -9.292589e+01  1.510000e+00
   endloop
 endfacet
 facet normal  0.000000e+00  0.000000e+00  1.000000e+00
   outer loop
     vertex  1.429760e+02 -7.985604e+01  1.510000e+00
     vertex  1.428000e+02 -7.999112e+01  1.510000e+00
     vertex  1.404395e+02 -9.274500e+01  1.510000e+00
   endloop
 endfacet
 facet normal  0.000000e+00  0.000000e+00  1.000000e+00
   outer loop
     vertex  1.429760e+02 -7.985604e+01  1.510000e+00
     vertex  1.429310e+02 -9.759896e+01  1.510000e+00
     vertex  1.430661e+02 -9.777500e+01  1.510000e+00
   endloop
 endfacet
 facet normal  0.000000e+00  0.000000e+00  1.000000e+00
   outer loop
     vertex  1.429760e+02 -7.985604e+01  1.510000e+00
     vertex  1.405144e+02 -9.292589e+01  1.510000e+00
     vertex  1.429310e+02 -9.759896e+01  1.510000e+00
   endloop
 endfacet
 facet normal  0.000000e+00  0.000000e+00  1.000000e+00
   outer loop
     vertex  1.419500e+02 -7.851888e+01  1.510000e+00
     vertex  1.390271e+02 -7.825500e+01  1.510000e+00
     vertex  1.417740e+02 -7.865396e+01  1.510000e+00
   endloop
 endfacet
 facet normal  0.000000e+00  0.000000e+00  1.000000e+00
   outer loop
     vertex  1.431111e+02 -7.968000e+01  1.510000e+00
     vertex  1.429760e+02 -7.985604e+01  1.510000e+00
     vertex  1.430661e+02 -9.777500e+01  1.510000e+00
   endloop
 endfacet
 facet normal  0.000000e+00  0.000000e+00  1.000000e+00
   outer loop
     vertex  1.431111e+02 -7.968000e+01  1.510000e+00
     vertex  1.430661e+02 -9.777500e+01  1.510000e+00
     vertex  1.431510e+02 -9.798000e+01  1.510000e+00
   endloop
 endfacet
 facet normal  0.000000e+00  0.000000e+00  1.000000e+00
   outer loop
     vertex  1.292500e+02 -6.555301e+01  1.510000e+00
     vertex  1.291464e+02 -6.730645e+01  1.510000e+00
     vertex  1.292500e+02 -6.722699e+01  1.510000e+00
   endloop
 endfacet
 facet normal  0.000000e+00  0.000000e+00  1.000000e+00
   outer loop
     vertex  1.292500e+02 -6.555301e+01  1.510000e+00
     vertex  1.291464e+02 -6.547355e+01  1.510000e+00
     vertex  1.291464e+02 -6.730645e+01  1.510000e+00
   endloop
 endfacet
 facet normal  0.000000e+00  0.000000e+00  1.000000e+00
   outer loop
     vertex  1.290670e+02 -6.537000e+01  1.510000e+00
     vertex  1.290670e+02 -6.741000e+01  1.510000e+00
     vertex  1.291464e+02 -6.730645e+01  1.510000e+00
   endloop
 endfacet
 facet normal  0.000000e+00  0.000000e+00  1.000000e+00
   outer loop
     vertex  1.290670e+02 -6.537000e+01  1.510000e+00
     vertex  1.291464e+02 -6.730645e+01  1.510000e+00
     vertex  1.291464e+02 -6.547355e+01  1.510000e+00
   endloop
 endfacet
 facet normal  0.000000e+00  0.000000e+00  1.000000e+00
   outer loop
     vertex  1.431960e+02 -7.947500e+01  1.510000e+00
     vertex  1.431111e+02 -7.968000e+01  1.510000e+00
     vertex  1.431510e+02 -9.798000e+01  1.510000e+00
   endloop
 endfacet
 facet normal  0.000000e+00  0.000000e+00  1.000000e+00
   outer loop
     vertex  1.290170e+02 -6.524941e+01  1.510000e+00
     vertex  1.290000e+02 -6.766000e+01  1.510000e+00
     vertex  1.290170e+02 -6.753059e+01  1.510000e+00
   endloop
 endfacet
 facet normal  0.000000e+00  0.000000e+00  1.000000e+00
   outer loop
     vertex  1.290170e+02 -6.524941e+01  1.510000e+00
     vertex  1.290170e+02 -6.753059e+01  1.510000e+00
     vertex  1.290670e+02 -6.741000e+01  1.510000e+00
   endloop
 endfacet
 facet normal  0.000000e+00  0.000000e+00  1.000000e+00
   outer loop
     vertex  1.290170e+02 -6.524941e+01  1.510000e+00
     vertex  1.290670e+02 -6.741000e+01  1.510000e+00
     vertex  1.290670e+02 -6.537000e+01  1.510000e+00
   endloop
 endfacet
 facet normal  0.000000e+00  0.000000e+00  1.000000e+00
   outer loop
     vertex  1.293706e+02 -6.560296e+01  1.510000e+00
     vertex  1.292500e+02 -6.722699e+01  1.510000e+00
     vertex  1.293706e+02 -6.717704e+01  1.510000e+00
   endloop
 endfacet
 facet normal  0.000000e+00  0.000000e+00  1.000000e+00
   outer loop
     vertex  1.293706e+02 -6.560296e+01  1.510000e+00
     vertex  1.293706e+02 -6.717704e+01  1.510000e+00
     vertex  1.295000e+02 -6.716000e+01  1.510000e+00
   endloop
 endfacet
 facet normal  0.000000e+00  0.000000e+00  1.000000e+00
   outer loop
     vertex  1.293706e+02 -6.560296e+01  1.510000e+00
     vertex  1.292500e+02 -6.555301e+01  1.510000e+00
     vertex  1.292500e+02 -6.722699e+01  1.510000e+00
   endloop
 endfacet
 facet normal  0.000000e+00  0.000000e+00  1.000000e+00
   outer loop
     vertex  1.295000e+02 -6.562000e+01  1.510000e+00
     vertex  1.295000e+02 -6.716000e+01  1.510000e+00
     vertex  1.296294e+02 -6.717704e+01  1.510000e+00
   endloop
 endfacet
 facet normal  0.000000e+00  0.000000e+00  1.000000e+00
   outer loop
     vertex  1.295000e+02 -6.562000e+01  1.510000e+00
     vertex  1.293706e+02 -6.560296e+01  1.510000e+00
     vertex  1.295000e+02 -6.716000e+01  1.510000e+00
   endloop
 endfacet
 facet normal  0.000000e+00  0.000000e+00  1.000000e+00
   outer loop
     vertex  1.290000e+02 -6.512000e+01  1.510000e+00
     vertex  1.290000e+02 -6.766000e+01  1.510000e+00
     vertex  1.290170e+02 -6.524941e+01  1.510000e+00
   endloop
 endfacet
 facet normal  0.000000e+00  0.000000e+00  1.000000e+00
   outer loop
     vertex  1.296294e+02 -6.560296e+01  1.510000e+00
     vertex  1.296294e+02 -6.717704e+01  1.510000e+00
     vertex  1.297500e+02 -6.722699e+01  1.510000e+00
   endloop
 endfacet
 facet normal  0.000000e+00  0.000000e+00  1.000000e+00
   outer loop
     vertex  1.296294e+02 -6.560296e+01  1.510000e+00
     vertex  1.295000e+02 -6.562000e+01  1.510000e+00
     vertex  1.296294e+02 -6.717704e+01  1.510000e+00
   endloop
 endfacet
 facet normal  0.000000e+00  0.000000e+00  1.000000e+00
   outer loop
     vertex  1.297500e+02 -6.555301e+01  1.510000e+00
     vertex  1.297500e+02 -6.722699e+01  1.510000e+00
     vertex  1.298536e+02 -6.730645e+01  1.510000e+00
   endloop
 endfacet
 facet normal  0.000000e+00  0.000000e+00  1.000000e+00
   outer loop
     vertex  1.297500e+02 -6.555301e+01  1.510000e+00
     vertex  1.296294e+02 -6.560296e+01  1.510000e+00
     vertex  1.297500e+02 -6.722699e+01  1.510000e+00
   endloop
 endfacet
 facet normal  0.000000e+00  0.000000e+00  1.000000e+00
   outer loop
     vertex  1.298536e+02 -6.547355e+01  1.510000e+00
     vertex  1.297500e+02 -6.555301e+01  1.510000e+00
     vertex  1.298536e+02 -6.730645e+01  1.510000e+00
   endloop
 endfacet
 facet normal  0.000000e+00  0.000000e+00  1.000000e+00
   outer loop
     vertex  1.299330e+02 -6.537000e+01  1.510000e+00
     vertex  1.298536e+02 -6.547355e+01  1.510000e+00
     vertex  1.298536e+02 -6.730645e+01  1.510000e+00
   endloop
 endfacet
 facet normal  0.000000e+00  0.000000e+00  1.000000e+00
   outer loop
     vertex  1.299330e+02 -6.537000e+01  1.510000e+00
     vertex  1.298536e+02 -6.730645e+01  1.510000e+00
     vertex  1.299330e+02 -6.741000e+01  1.510000e+00
   endloop
 endfacet
 facet normal  0.000000e+00  0.000000e+00  1.000000e+00
   outer loop
     vertex  1.394600e+02 -7.482452e+01  1.510000e+00
     vertex  1.378126e+02 -7.732315e+01  1.510000e+00
     vertex  1.382950e+02 -7.752295e+01  1.510000e+00
   endloop
 endfacet
 facet normal  0.000000e+00  0.000000e+00  1.000000e+00
   outer loop
     vertex  1.394600e+02 -7.482452e+01  1.510000e+00
     vertex  1.393047e+02 -7.470533e+01  1.510000e+00
     vertex  1.378126e+02 -7.732315e+01  1.510000e+00
   endloop
 endfacet
 facet normal  0.000000e+00  0.000000e+00  1.000000e+00
   outer loop
     vertex  1.391855e+02 -7.455000e+01  1.510000e+00
     vertex  1.372950e+02 -7.725500e+01  1.510000e+00
     vertex  1.378126e+02 -7.732315e+01  1.510000e+00
   endloop
 endfacet
 facet normal  0.000000e+00  0.000000e+00  1.000000e+00
   outer loop
     vertex  1.391855e+02 -7.455000e+01  1.510000e+00
     vertex  1.378126e+02 -7.732315e+01  1.510000e+00
     vertex  1.393047e+02 -7.470533e+01  1.510000e+00
   endloop
 endfacet
 facet normal  0.000000e+00  0.000000e+00  1.000000e+00
   outer loop
     vertex  1.299830e+02 -6.524941e+01  1.510000e+00
     vertex  1.299330e+02 -6.741000e+01  1.510000e+00
     vertex  1.299830e+02 -6.753059e+01  1.510000e+00
   endloop
 endfacet
 facet normal  0.000000e+00  0.000000e+00  1.000000e+00
   outer loop
     vertex  1.299830e+02 -6.524941e+01  1.510000e+00
     vertex  1.299330e+02 -6.537000e+01  1.510000e+00
     vertex  1.299330e+02 -6.741000e+01  1.510000e+00
   endloop
 endfacet
 facet normal  0.000000e+00  0.000000e+00  1.000000e+00
   outer loop
     vertex  1.396409e+02 -7.489944e+01  1.510000e+00
     vertex  1.382950e+02 -7.752295e+01  1.510000e+00
     vertex  1.387092e+02 -7.784079e+01  1.510000e+00
   endloop
 endfacet
 facet normal  0.000000e+00  0.000000e+00  1.000000e+00
   outer loop
     vertex  1.396409e+02 -7.489944e+01  1.510000e+00
     vertex  1.394600e+02 -7.482452e+01  1.510000e+00
     vertex  1.382950e+02 -7.752295e+01  1.510000e+00
   endloop
 endfacet
 facet normal  0.000000e+00  0.000000e+00  1.000000e+00
   outer loop
     vertex  1.391106e+02 -7.436911e+01  1.510000e+00
     vertex  1.372950e+02 -7.725500e+01  1.510000e+00
     vertex  1.391855e+02 -7.455000e+01  1.510000e+00
   endloop
 endfacet
 facet normal  0.000000e+00  0.000000e+00  1.000000e+00
   outer loop
     vertex  1.391106e+02 -7.436911e+01  1.510000e+00
     vertex  1.367774e+02 -7.732315e+01  1.510000e+00
     vertex  1.372950e+02 -7.725500e+01  1.510000e+00
   endloop
 endfacet
 facet normal  0.000000e+00  0.000000e+00  1.000000e+00
   outer loop
     vertex  1.398350e+02 -7.492500e+01  1.510000e+00
     vertex  1.396409e+02 -7.489944e+01  1.510000e+00
     vertex  1.387092e+02 -7.784079e+01  1.510000e+00
   endloop
 endfacet
 facet normal  0.000000e+00  0.000000e+00  1.000000e+00
   outer loop
     vertex  1.390850e+02 -7.417500e+01  1.510000e+00
     vertex  1.367774e+02 -7.732315e+01  1.510000e+00
     vertex  1.391106e+02 -7.436911e+01  1.510000e+00
   endloop
 endfacet
 facet normal  0.000000e+00  0.000000e+00  1.000000e+00
   outer loop
     vertex  1.390850e+02 -7.417500e+01  1.510000e+00
     vertex  1.341345e+02 -7.634000e+01  1.510000e+00
     vertex  1.367774e+02 -7.732315e+01  1.510000e+00
   endloop
 endfacet
 facet normal  0.000000e+00  0.000000e+00  1.000000e+00
   outer loop
     vertex  1.390850e+02 -7.417500e+01  1.510000e+00
     vertex  1.340153e+02 -7.618467e+01  1.510000e+00
     vertex  1.341345e+02 -7.634000e+01  1.510000e+00
   endloop
 endfacet
 facet normal  0.000000e+00  0.000000e+00  1.000000e+00
   outer loop
     vertex  1.391106e+02 -7.398089e+01  1.510000e+00
     vertex  1.340153e+02 -7.618467e+01  1.510000e+00
     vertex  1.390850e+02 -7.417500e+01  1.510000e+00
   endloop
 endfacet
 facet normal  0.000000e+00  0.000000e+00  1.000000e+00
   outer loop
     vertex  1.391106e+02 -7.398089e+01  1.510000e+00
     vertex  1.338600e+02 -7.606548e+01  1.510000e+00
     vertex  1.340153e+02 -7.618467e+01  1.510000e+00
   endloop
 endfacet
 facet normal  0.000000e+00  0.000000e+00  1.000000e+00
   outer loop
     vertex  1.400291e+02 -7.489944e+01  1.510000e+00
     vertex  1.390271e+02 -7.825500e+01  1.510000e+00
     vertex  1.419500e+02 -7.851888e+01  1.510000e+00
   endloop
 endfacet
 facet normal  0.000000e+00  0.000000e+00  1.000000e+00
   outer loop
     vertex  1.400291e+02 -7.489944e+01  1.510000e+00
     vertex  1.387092e+02 -7.784079e+01  1.510000e+00
     vertex  1.390271e+02 -7.825500e+01  1.510000e+00
   endloop
 endfacet
 facet normal  0.000000e+00  0.000000e+00  1.000000e+00
   outer loop
     vertex  1.400291e+02 -7.489944e+01  1.510000e+00
     vertex  1.398350e+02 -7.492500e+01  1.510000e+00
     vertex  1.387092e+02 -7.784079e+01  1.510000e+00
   endloop
 endfacet
 facet normal  0.000000e+00  0.000000e+00  1.000000e+00
   outer loop
     vertex  1.391855e+02 -7.380000e+01  1.510000e+00
     vertex  1.300000e+02 -7.020000e+01  1.510000e+00
     vertex  1.299830e+02 -7.032941e+01  1.510000e+00
   endloop
 endfacet
 facet normal  0.000000e+00  0.000000e+00  1.000000e+00
   outer loop
     vertex  1.391855e+02 -7.380000e+01  1.510000e+00
     vertex  1.338600e+02 -7.606548e+01  1.510000e+00
     vertex  1.391106e+02 -7.398089e+01  1.510000e+00
   endloop
 endfacet
 facet normal  0.000000e+00  0.000000e+00  1.000000e+00
   outer loop
     vertex  1.391855e+02 -7.380000e+01  1.510000e+00
     vertex  1.299830e+02 -7.032941e+01  1.510000e+00
     vertex  1.336791e+02 -7.599056e+01  1.510000e+00
   endloop
 endfacet
 facet normal  0.000000e+00  0.000000e+00  1.000000e+00
   outer loop
     vertex  1.391855e+02 -7.380000e+01  1.510000e+00
     vertex  1.336791e+02 -7.599056e+01  1.510000e+00
     vertex  1.338600e+02 -7.606548e+01  1.510000e+00
   endloop
 endfacet
 facet normal  0.000000e+00  0.000000e+00  1.000000e+00
   outer loop
     vertex  1.402100e+02 -7.482452e+01  1.510000e+00
     vertex  1.400291e+02 -7.489944e+01  1.510000e+00
     vertex  1.419500e+02 -7.851888e+01  1.510000e+00
   endloop
 endfacet
 facet normal  0.000000e+00  0.000000e+00  1.000000e+00
   outer loop
     vertex  1.402100e+02 -7.482452e+01  1.510000e+00
     vertex  1.419500e+02 -7.851888e+01  1.510000e+00
     vertex  1.421550e+02 -7.843396e+01  1.510000e+00
   endloop
 endfacet
 facet normal  0.000000e+00  0.000000e+00  1.000000e+00
   outer loop
     vertex  1.393047e+02 -7.364467e+01  1.510000e+00
     vertex  1.299830e+02 -7.007059e+01  1.510000e+00
     vertex  1.300000e+02 -7.020000e+01  1.510000e+00
   endloop
 endfacet
 facet normal  0.000000e+00  0.000000e+00  1.000000e+00
   outer loop
     vertex  1.393047e+02 -7.364467e+01  1.510000e+00
     vertex  1.300000e+02 -7.020000e+01  1.510000e+00
     vertex  1.391855e+02 -7.380000e+01  1.510000e+00
   endloop
 endfacet
 facet normal  0.000000e+00  0.000000e+00  1.000000e+00
   outer loop
     vertex  1.393047e+02 -7.364467e+01  1.510000e+00
     vertex  1.299830e+02 -6.778941e+01  1.510000e+00
     vertex  1.299830e+02 -7.007059e+01  1.510000e+00
   endloop
 endfacet
 facet normal  0.000000e+00  0.000000e+00  1.000000e+00
   outer loop
     vertex  1.403653e+02 -7.470533e+01  1.510000e+00
     vertex  1.421550e+02 -7.843396e+01  1.510000e+00
     vertex  1.423750e+02 -7.840500e+01  1.510000e+00
   endloop
 endfacet
 facet normal  0.000000e+00  0.000000e+00  1.000000e+00
   outer loop
     vertex  1.403653e+02 -7.470533e+01  1.510000e+00
     vertex  1.402100e+02 -7.482452e+01  1.510000e+00
     vertex  1.421550e+02 -7.843396e+01  1.510000e+00
   endloop
 endfacet
 facet normal  0.000000e+00  0.000000e+00  1.000000e+00
   outer loop
     vertex  1.394600e+02 -7.352548e+01  1.510000e+00
     vertex  1.300000e+02 -6.766000e+01  1.510000e+00
     vertex  1.299830e+02 -6.778941e+01  1.510000e+00
   endloop
 endfacet
 facet normal  0.000000e+00  0.000000e+00  1.000000e+00
   outer loop
     vertex  1.394600e+02 -7.352548e+01  1.510000e+00
     vertex  1.299830e+02 -6.778941e+01  1.510000e+00
     vertex  1.393047e+02 -7.364467e+01  1.510000e+00
   endloop
 endfacet
 facet normal  0.000000e+00  0.000000e+00  1.000000e+00
   outer loop
     vertex  1.404845e+02 -7.455000e+01  1.510000e+00
     vertex  1.403653e+02 -7.470533e+01  1.510000e+00
     vertex  1.423750e+02 -7.840500e+01  1.510000e+00
   endloop
 endfacet
 facet normal  0.000000e+00  0.000000e+00  1.000000e+00
   outer loop
     vertex  1.404845e+02 -7.455000e+01  1.510000e+00
     vertex  1.423750e+02 -7.840500e+01  1.510000e+00
     vertex  1.425950e+02 -7.843396e+01  1.510000e+00
   endloop
 endfacet
 facet normal  0.000000e+00  0.000000e+00  1.000000e+00
   outer loop
     vertex  1.405594e+02 -7.436911e+01  1.510000e+00
     vertex  1.404845e+02 -7.455000e+01  1.510000e+00
     vertex  1.425950e+02 -7.843396e+01  1.510000e+00
   endloop
 endfacet
 facet normal  0.000000e+00  0.000000e+00  1.000000e+00
   outer loop
     vertex  1.405594e+02 -7.436911e+01  1.510000e+00
     vertex  1.425950e+02 -7.843396e+01  1.510000e+00
     vertex  1.428000e+02 -7.851888e+01  1.510000e+00
   endloop
 endfacet
 facet normal  0.000000e+00  0.000000e+00  1.000000e+00
   outer loop
     vertex  1.292500e+02 -6.301301e+01  1.510000e+00
     vertex  1.291464e+02 -6.293355e+01  1.510000e+00
     vertex  1.291464e+02 -6.476645e+01  1.510000e+00
   endloop
 endfacet
 facet normal  0.000000e+00  0.000000e+00  1.000000e+00
   outer loop
     vertex  1.292500e+02 -6.301301e+01  1.510000e+00
     vertex  1.291464e+02 -6.476645e+01  1.510000e+00
     vertex  1.292500e+02 -6.468699e+01  1.510000e+00
   endloop
 endfacet
 facet normal  0.000000e+00  0.000000e+00  1.000000e+00
   outer loop
     vertex  1.292500e+02 -6.301301e+01  1.510000e+00
     vertex  1.292500e+02 -6.468699e+01  1.510000e+00
     vertex  1.293706e+02 -6.463704e+01  1.510000e+00
   endloop
 endfacet
 facet normal  0.000000e+00  0.000000e+00  1.000000e+00
   outer loop
     vertex  1.290670e+02 -6.283000e+01  1.510000e+00
     vertex  1.291464e+02 -6.476645e+01  1.510000e+00
     vertex  1.291464e+02 -6.293355e+01  1.510000e+00
   endloop
 endfacet
 facet normal  0.000000e+00  0.000000e+00  1.000000e+00
   outer loop
     vertex  1.290670e+02 -6.283000e+01  1.510000e+00
     vertex  1.290670e+02 -6.487000e+01  1.510000e+00
     vertex  1.291464e+02 -6.476645e+01  1.510000e+00
   endloop
 endfacet
 facet normal  0.000000e+00  0.000000e+00  1.000000e+00
   outer loop
     vertex  1.293706e+02 -6.306296e+01  1.510000e+00
     vertex  1.293706e+02 -6.463704e+01  1.510000e+00
     vertex  1.295000e+02 -6.462000e+01  1.510000e+00
   endloop
 endfacet
 facet normal  0.000000e+00  0.000000e+00  1.000000e+00
   outer loop
     vertex  1.293706e+02 -6.306296e+01  1.510000e+00
     vertex  1.292500e+02 -6.301301e+01  1.510000e+00
     vertex  1.293706e+02 -6.463704e+01  1.510000e+00
   endloop
 endfacet
 facet normal  0.000000e+00  0.000000e+00  1.000000e+00
   outer loop
     vertex  1.290170e+02 -6.270941e+01  1.510000e+00
     vertex  1.290000e+02 -6.512000e+01  1.510000e+00
     vertex  1.290170e+02 -6.499059e+01  1.510000e+00
   endloop
 endfacet
 facet normal  0.000000e+00  0.000000e+00  1.000000e+00
   outer loop
     vertex  1.290170e+02 -6.270941e+01  1.510000e+00
     vertex  1.290170e+02 -6.499059e+01  1.510000e+00
     vertex  1.290670e+02 -6.487000e+01  1.510000e+00
   endloop
 endfacet
 facet normal  0.000000e+00  0.000000e+00  1.000000e+00
   outer loop
     vertex  1.290170e+02 -6.270941e+01  1.510000e+00
     vertex  1.290670e+02 -6.487000e+01  1.510000e+00
     vertex  1.290670e+02 -6.283000e+01  1.510000e+00
   endloop
 endfacet
 facet normal  0.000000e+00  0.000000e+00  1.000000e+00
   outer loop
     vertex  1.295000e+02 -6.308000e+01  1.510000e+00
     vertex  1.293706e+02 -6.306296e+01  1.510000e+00
     vertex  1.295000e+02 -6.462000e+01  1.510000e+00
   endloop
 endfacet
 facet normal  0.000000e+00  0.000000e+00  1.000000e+00
   outer loop
     vertex  1.290000e+02 -6.258000e+01  1.510000e+00
     vertex  1.290000e+02 -6.512000e+01  1.510000e+00
     vertex  1.290170e+02 -6.270941e+01  1.510000e+00
   endloop
 endfacet
 facet normal  0.000000e+00  0.000000e+00  1.000000e+00
   outer loop
     vertex  1.296294e+02 -6.306296e+01  1.510000e+00
     vertex  1.295000e+02 -6.462000e+01  1.510000e+00
     vertex  1.296294e+02 -6.463704e+01  1.510000e+00
   endloop
 endfacet
 facet normal  0.000000e+00  0.000000e+00  1.000000e+00
   outer loop
     vertex  1.296294e+02 -6.306296e+01  1.510000e+00
     vertex  1.295000e+02 -6.308000e+01  1.510000e+00
     vertex  1.295000e+02 -6.462000e+01  1.510000e+00
   endloop
 endfacet
 facet normal  0.000000e+00  0.000000e+00  1.000000e+00
   outer loop
     vertex  1.297500e+02 -6.301301e+01  1.510000e+00
     vertex  1.296294e+02 -6.306296e+01  1.510000e+00
     vertex  1.296294e+02 -6.463704e+01  1.510000e+00
   endloop
 endfacet
 facet normal  0.000000e+00  0.000000e+00  1.000000e+00
   outer loop
     vertex  1.297500e+02 -6.301301e+01  1.510000e+00
     vertex  1.296294e+02 -6.463704e+01  1.510000e+00
     vertex  1.297500e+02 -6.468699e+01  1.510000e+00
   endloop
 endfacet
 facet normal  0.000000e+00  0.000000e+00  1.000000e+00
   outer loop
     vertex  1.297500e+02 -6.301301e+01  1.510000e+00
     vertex  1.297500e+02 -6.468699e+01  1.510000e+00
     vertex  1.298536e+02 -6.476645e+01  1.510000e+00
   endloop
 endfacet
 facet normal  0.000000e+00  0.000000e+00  1.000000e+00
   outer loop
     vertex  1.298536e+02 -6.293355e+01  1.510000e+00
     vertex  1.297500e+02 -6.301301e+01  1.510000e+00
     vertex  1.298536e+02 -6.476645e+01  1.510000e+00
   endloop
 endfacet
 facet normal  0.000000e+00  0.000000e+00  1.000000e+00
   outer loop
     vertex  1.299330e+02 -6.283000e+01  1.510000e+00
     vertex  1.298536e+02 -6.293355e+01  1.510000e+00
     vertex  1.298536e+02 -6.476645e+01  1.510000e+00
   endloop
 endfacet
 facet normal  0.000000e+00  0.000000e+00  1.000000e+00
   outer loop
     vertex  1.299330e+02 -6.283000e+01  1.510000e+00
     vertex  1.298536e+02 -6.476645e+01  1.510000e+00
     vertex  1.299330e+02 -6.487000e+01  1.510000e+00
   endloop
 endfacet
 facet normal  0.000000e+00  0.000000e+00  1.000000e+00
   outer loop
     vertex  1.299830e+02 -6.270941e+01  1.510000e+00
     vertex  1.299330e+02 -6.487000e+01  1.510000e+00
     vertex  1.299830e+02 -6.499059e+01  1.510000e+00
   endloop
 endfacet
 facet normal  0.000000e+00  0.000000e+00  1.000000e+00
   outer loop
     vertex  1.299830e+02 -6.270941e+01  1.510000e+00
     vertex  1.299330e+02 -6.283000e+01  1.510000e+00
     vertex  1.299330e+02 -6.487000e+01  1.510000e+00
   endloop
 endfacet
 facet normal  0.000000e+00  0.000000e+00  1.000000e+00
   outer loop
     vertex  1.292500e+02 -6.047301e+01  1.510000e+00
     vertex  1.291464e+02 -6.039355e+01  1.510000e+00
     vertex  1.291464e+02 -6.222645e+01  1.510000e+00
   endloop
 endfacet
 facet normal  0.000000e+00  0.000000e+00  1.000000e+00
   outer loop
     vertex  1.292500e+02 -6.047301e+01  1.510000e+00
     vertex  1.291464e+02 -6.222645e+01  1.510000e+00
     vertex  1.292500e+02 -6.214699e+01  1.510000e+00
   endloop
 endfacet
 facet normal  0.000000e+00  0.000000e+00  1.000000e+00
   outer loop
     vertex  1.290670e+02 -6.029000e+01  1.510000e+00
     vertex  1.291464e+02 -6.222645e+01  1.510000e+00
     vertex  1.291464e+02 -6.039355e+01  1.510000e+00
   endloop
 endfacet
 facet normal  0.000000e+00  0.000000e+00  1.000000e+00
   outer loop
     vertex  1.290670e+02 -6.029000e+01  1.510000e+00
     vertex  1.290670e+02 -6.233000e+01  1.510000e+00
     vertex  1.291464e+02 -6.222645e+01  1.510000e+00
   endloop
 endfacet
 facet normal  0.000000e+00  0.000000e+00  1.000000e+00
   outer loop
     vertex  1.293706e+02 -6.052296e+01  1.510000e+00
     vertex  1.292500e+02 -6.047301e+01  1.510000e+00
     vertex  1.292500e+02 -6.214699e+01  1.510000e+00
   endloop
 endfacet
 facet normal  0.000000e+00  0.000000e+00  1.000000e+00
   outer loop
     vertex  1.293706e+02 -6.052296e+01  1.510000e+00
     vertex  1.292500e+02 -6.214699e+01  1.510000e+00
     vertex  1.293706e+02 -6.209704e+01  1.510000e+00
   endloop
 endfacet
 facet normal  0.000000e+00  0.000000e+00  1.000000e+00
   outer loop
     vertex  1.290170e+02 -6.016941e+01  1.510000e+00
     vertex  1.290670e+02 -6.233000e+01  1.510000e+00
     vertex  1.290670e+02 -6.029000e+01  1.510000e+00
   endloop
 endfacet
 facet normal  0.000000e+00  0.000000e+00  1.000000e+00
   outer loop
     vertex  1.290170e+02 -6.016941e+01  1.510000e+00
     vertex  1.290170e+02 -6.245059e+01  1.510000e+00
     vertex  1.290670e+02 -6.233000e+01  1.510000e+00
   endloop
 endfacet
 facet normal  0.000000e+00  0.000000e+00  1.000000e+00
   outer loop
     vertex  1.295000e+02 -6.054000e+01  1.510000e+00
     vertex  1.293706e+02 -6.052296e+01  1.510000e+00
     vertex  1.293706e+02 -6.209704e+01  1.510000e+00
   endloop
 endfacet
 facet normal  0.000000e+00  0.000000e+00  1.000000e+00
   outer loop
     vertex  1.295000e+02 -6.054000e+01  1.510000e+00
     vertex  1.293706e+02 -6.209704e+01  1.510000e+00
     vertex  1.295000e+02 -6.208000e+01  1.510000e+00
   endloop
 endfacet
 facet normal  0.000000e+00  0.000000e+00  1.000000e+00
   outer loop
     vertex  1.295000e+02 -6.054000e+01  1.510000e+00
     vertex  1.295000e+02 -6.208000e+01  1.510000e+00
     vertex  1.296294e+02 -6.209704e+01  1.510000e+00
   endloop
 endfacet
 facet normal  0.000000e+00  0.000000e+00  1.000000e+00
   outer loop
     vertex  1.290000e+02 -6.004000e+01  1.510000e+00
     vertex  1.290170e+02 -6.245059e+01  1.510000e+00
     vertex  1.290170e+02 -6.016941e+01  1.510000e+00
   endloop
 endfacet
 facet normal  0.000000e+00  0.000000e+00  1.000000e+00
   outer loop
     vertex  1.290000e+02 -6.004000e+01  1.510000e+00
     vertex  1.290000e+02 -6.258000e+01  1.510000e+00
     vertex  1.290170e+02 -6.245059e+01  1.510000e+00
   endloop
 endfacet
 facet normal  0.000000e+00  0.000000e+00  1.000000e+00
   outer loop
     vertex  1.296294e+02 -6.052296e+01  1.510000e+00
     vertex  1.295000e+02 -6.054000e+01  1.510000e+00
     vertex  1.296294e+02 -6.209704e+01  1.510000e+00
   endloop
 endfacet
 facet normal  0.000000e+00  0.000000e+00  1.000000e+00
   outer loop
     vertex  1.297500e+02 -6.047301e+01  1.510000e+00
     vertex  1.296294e+02 -6.052296e+01  1.510000e+00
     vertex  1.296294e+02 -6.209704e+01  1.510000e+00
   endloop
 endfacet
 facet normal  0.000000e+00  0.000000e+00  1.000000e+00
   outer loop
     vertex  1.297500e+02 -6.047301e+01  1.510000e+00
     vertex  1.296294e+02 -6.209704e+01  1.510000e+00
     vertex  1.297500e+02 -6.214699e+01  1.510000e+00
   endloop
 endfacet
 facet normal  0.000000e+00  0.000000e+00  1.000000e+00
   outer loop
     vertex  1.298536e+02 -6.039355e+01  1.510000e+00
     vertex  1.297500e+02 -6.047301e+01  1.510000e+00
     vertex  1.297500e+02 -6.214699e+01  1.510000e+00
   endloop
 endfacet
 facet normal  0.000000e+00  0.000000e+00  1.000000e+00
   outer loop
     vertex  1.298536e+02 -6.039355e+01  1.510000e+00
     vertex  1.297500e+02 -6.214699e+01  1.510000e+00
     vertex  1.298536e+02 -6.222645e+01  1.510000e+00
   endloop
 endfacet
 facet normal  0.000000e+00  0.000000e+00  1.000000e+00
   outer loop
     vertex  1.316140e+02 -6.072104e+01  1.510000e+00
     vertex  1.298536e+02 -6.222645e+01  1.510000e+00
     vertex  1.299330e+02 -6.233000e+01  1.510000e+00
   endloop
 endfacet
 facet normal  0.000000e+00  0.000000e+00  1.000000e+00
   outer loop
     vertex  1.317900e+02 -6.085612e+01  1.510000e+00
     vertex  1.316140e+02 -6.072104e+01  1.510000e+00
     vertex  1.299330e+02 -6.233000e+01  1.510000e+00
   endloop
 endfacet
 facet normal  0.000000e+00  0.000000e+00  1.000000e+00
   outer loop
     vertex  1.317900e+02 -6.085612e+01  1.510000e+00
     vertex  1.299330e+02 -6.233000e+01  1.510000e+00
     vertex  1.299830e+02 -6.245059e+01  1.510000e+00
   endloop
 endfacet
 facet normal  0.000000e+00  0.000000e+00  1.000000e+00
   outer loop
     vertex  1.314789e+02 -6.054500e+01  1.510000e+00
     vertex  1.299330e+02 -6.029000e+01  1.510000e+00
     vertex  1.298536e+02 -6.039355e+01  1.510000e+00
   endloop
 endfacet
 facet normal  0.000000e+00  0.000000e+00  1.000000e+00
   outer loop
     vertex  1.314789e+02 -6.054500e+01  1.510000e+00
     vertex  1.298536e+02 -6.039355e+01  1.510000e+00
     vertex  1.298536e+02 -6.222645e+01  1.510000e+00
   endloop
 endfacet
 facet normal  0.000000e+00  0.000000e+00  1.000000e+00
   outer loop
     vertex  1.314789e+02 -6.054500e+01  1.510000e+00
     vertex  1.298536e+02 -6.222645e+01  1.510000e+00
     vertex  1.316140e+02 -6.072104e+01  1.510000e+00
   endloop
 endfacet
 facet normal  0.000000e+00  0.000000e+00  1.000000e+00
   outer loop
     vertex  1.319950e+02 -6.094104e+01  1.510000e+00
     vertex  1.317900e+02 -6.085612e+01  1.510000e+00
     vertex  1.299830e+02 -6.245059e+01  1.510000e+00
   endloop
 endfacet
 facet normal  0.000000e+00  0.000000e+00  1.000000e+00
   outer loop
     vertex  1.319950e+02 -6.094104e+01  1.510000e+00
     vertex  1.299830e+02 -6.245059e+01  1.510000e+00
     vertex  1.300000e+02 -6.258000e+01  1.510000e+00
   endloop
 endfacet
 facet normal  0.000000e+00  0.000000e+00  1.000000e+00
   outer loop
     vertex  1.313940e+02 -6.034000e+01  1.510000e+00
     vertex  1.299830e+02 -6.016941e+01  1.510000e+00
     vertex  1.299330e+02 -6.029000e+01  1.510000e+00
   endloop
 endfacet
 facet normal  0.000000e+00  0.000000e+00  1.000000e+00
   outer loop
     vertex  1.313940e+02 -6.034000e+01  1.510000e+00
     vertex  1.299330e+02 -6.029000e+01  1.510000e+00
     vertex  1.314789e+02 -6.054500e+01  1.510000e+00
   endloop
 endfacet
 facet normal  0.000000e+00  0.000000e+00  1.000000e+00
   outer loop
     vertex  1.313650e+02 -6.012000e+01  1.510000e+00
     vertex  1.300000e+02 -6.004000e+01  1.510000e+00
     vertex  1.299830e+02 -6.016941e+01  1.510000e+00
   endloop
 endfacet
 facet normal  0.000000e+00  0.000000e+00  1.000000e+00
   outer loop
     vertex  1.313650e+02 -6.012000e+01  1.510000e+00
     vertex  1.299830e+02 -6.016941e+01  1.510000e+00
     vertex  1.313940e+02 -6.034000e+01  1.510000e+00
   endloop
 endfacet
 facet normal  0.000000e+00  0.000000e+00  1.000000e+00
   outer loop
     vertex  1.322150e+02 -6.097000e+01  1.510000e+00
     vertex  1.299830e+02 -6.270941e+01  1.510000e+00
     vertex  1.299830e+02 -6.499059e+01  1.510000e+00
   endloop
 endfacet
 facet normal  0.000000e+00  0.000000e+00  1.000000e+00
   outer loop
     vertex  1.322150e+02 -6.097000e+01  1.510000e+00
     vertex  1.300000e+02 -6.258000e+01  1.510000e+00
     vertex  1.299830e+02 -6.270941e+01  1.510000e+00
   endloop
 endfacet
 facet normal  0.000000e+00  0.000000e+00  1.000000e+00
   outer loop
     vertex  1.322150e+02 -6.097000e+01  1.510000e+00
     vertex  1.319950e+02 -6.094104e+01  1.510000e+00
     vertex  1.300000e+02 -6.258000e+01  1.510000e+00
   endloop
 endfacet
 facet normal  0.000000e+00  0.000000e+00  1.000000e+00
   outer loop
     vertex  1.292500e+02 -5.793301e+01  1.510000e+00
     vertex  1.291464e+02 -5.785355e+01  1.510000e+00
     vertex  1.291464e+02 -5.968645e+01  1.510000e+00
   endloop
 endfacet
 facet normal  0.000000e+00  0.000000e+00  1.000000e+00
   outer loop
     vertex  1.292500e+02 -5.793301e+01  1.510000e+00
     vertex  1.291464e+02 -5.968645e+01  1.510000e+00
     vertex  1.292500e+02 -5.960699e+01  1.510000e+00
   endloop
 endfacet
 facet normal  0.000000e+00  0.000000e+00  1.000000e+00
   outer loop
     vertex  1.292500e+02 -5.793301e+01  1.510000e+00
     vertex  1.292500e+02 -5.960699e+01  1.510000e+00
     vertex  1.293706e+02 -5.955704e+01  1.510000e+00
   endloop
 endfacet
 facet normal  0.000000e+00  0.000000e+00  1.000000e+00
   outer loop
     vertex  1.290670e+02 -5.775000e+01  1.510000e+00
     vertex  1.291464e+02 -5.968645e+01  1.510000e+00
     vertex  1.291464e+02 -5.785355e+01  1.510000e+00
   endloop
 endfacet
 facet normal  0.000000e+00  0.000000e+00  1.000000e+00
   outer loop
     vertex  1.290670e+02 -5.775000e+01  1.510000e+00
     vertex  1.290670e+02 -5.979000e+01  1.510000e+00
     vertex  1.291464e+02 -5.968645e+01  1.510000e+00
   endloop
 endfacet
 facet normal  0.000000e+00  0.000000e+00  1.000000e+00
   outer loop
     vertex  1.290170e+02 -5.762941e+01  1.510000e+00
     vertex  1.290670e+02 -5.979000e+01  1.510000e+00
     vertex  1.290670e+02 -5.775000e+01  1.510000e+00
   endloop
 endfacet
 facet normal  0.000000e+00  0.000000e+00  1.000000e+00
   outer loop
     vertex  1.290170e+02 -5.762941e+01  1.510000e+00
     vertex  1.290170e+02 -5.991059e+01  1.510000e+00
     vertex  1.290670e+02 -5.979000e+01  1.510000e+00
   endloop
 endfacet
 facet normal  0.000000e+00  0.000000e+00  1.000000e+00
   outer loop
     vertex  1.293706e+02 -5.798296e+01  1.510000e+00
     vertex  1.292500e+02 -5.793301e+01  1.510000e+00
     vertex  1.293706e+02 -5.955704e+01  1.510000e+00
   endloop
 endfacet
 facet normal  0.000000e+00  0.000000e+00  1.000000e+00
   outer loop
     vertex  1.313940e+02 -5.990000e+01  1.510000e+00
     vertex  1.299330e+02 -5.979000e+01  1.510000e+00
     vertex  1.299830e+02 -5.991059e+01  1.510000e+00
   endloop
 endfacet
 facet normal  0.000000e+00  0.000000e+00  1.000000e+00
   outer loop
     vertex  1.313940e+02 -5.990000e+01  1.510000e+00
     vertex  1.299830e+02 -5.991059e+01  1.510000e+00
     vertex  1.300000e+02 -6.004000e+01  1.510000e+00
   endloop
 endfacet
 facet normal  0.000000e+00  0.000000e+00  1.000000e+00
   outer loop
     vertex  1.313940e+02 -5.990000e+01  1.510000e+00
     vertex  1.300000e+02 -6.004000e+01  1.510000e+00
     vertex  1.313650e+02 -6.012000e+01  1.510000e+00
   endloop
 endfacet
 facet normal  0.000000e+00  0.000000e+00  1.000000e+00
   outer loop
     vertex  1.324350e+02 -6.094104e+01  1.510000e+00
     vertex  1.322150e+02 -6.097000e+01  1.510000e+00
     vertex  1.299830e+02 -6.499059e+01  1.510000e+00
   endloop
 endfacet
 facet normal  0.000000e+00  0.000000e+00  1.000000e+00
   outer loop
     vertex  1.295000e+02 -5.800000e+01  1.510000e+00
     vertex  1.293706e+02 -5.798296e+01  1.510000e+00
     vertex  1.293706e+02 -5.955704e+01  1.510000e+00
   endloop
 endfacet
 facet normal  0.000000e+00  0.000000e+00  1.000000e+00
   outer loop
     vertex  1.295000e+02 -5.800000e+01  1.510000e+00
     vertex  1.293706e+02 -5.955704e+01  1.510000e+00
     vertex  1.295000e+02 -5.954000e+01  1.510000e+00
   endloop
 endfacet
 facet normal  0.000000e+00  0.000000e+00  1.000000e+00
   outer loop
     vertex  1.290000e+02 -5.750000e+01  1.510000e+00
     vertex  1.290000e+02 -6.004000e+01  1.510000e+00
     vertex  1.290170e+02 -5.991059e+01  1.510000e+00
   endloop
 endfacet
 facet normal  0.000000e+00  0.000000e+00  1.000000e+00
   outer loop
     vertex  1.290000e+02 -5.750000e+01  1.510000e+00
     vertex  1.290170e+02 -5.991059e+01  1.510000e+00
     vertex  1.290170e+02 -5.762941e+01  1.510000e+00
   endloop
 endfacet
 facet normal  0.000000e+00  0.000000e+00  1.000000e+00
   outer loop
     vertex  1.296294e+02 -5.798296e+01  1.510000e+00
     vertex  1.295000e+02 -5.800000e+01  1.510000e+00
     vertex  1.295000e+02 -5.954000e+01  1.510000e+00
   endloop
 endfacet
 facet normal  0.000000e+00  0.000000e+00  1.000000e+00
   outer loop
     vertex  1.296294e+02 -5.798296e+01  1.510000e+00
     vertex  1.295000e+02 -5.954000e+01  1.510000e+00
     vertex  1.296294e+02 -5.955704e+01  1.510000e+00
   endloop
 endfacet
 facet normal  0.000000e+00  0.000000e+00  1.000000e+00
   outer loop
     vertex  1.314789e+02 -5.969500e+01  1.510000e+00
     vertex  1.298536e+02 -5.968645e+01  1.510000e+00
     vertex  1.299330e+02 -5.979000e+01  1.510000e+00
   endloop
 endfacet
 facet normal  0.000000e+00  0.000000e+00  1.000000e+00
   outer loop
     vertex  1.314789e+02 -5.969500e+01  1.510000e+00
     vertex  1.299330e+02 -5.979000e+01  1.510000e+00
     vertex  1.313940e+02 -5.990000e+01  1.510000e+00
   endloop
 endfacet
 facet normal  0.000000e+00  0.000000e+00  1.000000e+00
   outer loop
     vertex  1.297500e+02 -5.793301e+01  1.510000e+00
     vertex  1.296294e+02 -5.798296e+01  1.510000e+00
     vertex  1.296294e+02 -5.955704e+01  1.510000e+00
   endloop
 endfacet
 facet normal  0.000000e+00  0.000000e+00  1.000000e+00
   outer loop
     vertex  1.297500e+02 -5.793301e+01  1.510000e+00
     vertex  1.296294e+02 -5.955704e+01  1.510000e+00
     vertex  1.297500e+02 -5.960699e+01  1.510000e+00
   endloop
 endfacet
 facet normal  0.000000e+00  0.000000e+00  1.000000e+00
   outer loop
     vertex  1.297500e+02 -5.793301e+01  1.510000e+00
     vertex  1.297500e+02 -5.960699e+01  1.510000e+00
     vertex  1.298536e+02 -5.968645e+01  1.510000e+00
   endloop
 endfacet
 facet normal  0.000000e+00  0.000000e+00  1.000000e+00
   outer loop
     vertex  1.298536e+02 -5.785355e+01  1.510000e+00
     vertex  1.297500e+02 -5.793301e+01  1.510000e+00
     vertex  1.298536e+02 -5.968645e+01  1.510000e+00
   endloop
 endfacet
 facet normal  0.000000e+00  0.000000e+00  1.000000e+00
   outer loop
     vertex  1.316140e+02 -5.951896e+01  1.510000e+00
     vertex  1.298536e+02 -5.785355e+01  1.510000e+00
     vertex  1.298536e+02 -5.968645e+01  1.510000e+00
   endloop
 endfacet
 facet normal  0.000000e+00  0.000000e+00  1.000000e+00
   outer loop
     vertex  1.316140e+02 -5.951896e+01  1.510000e+00
     vertex  1.298536e+02 -5.968645e+01  1.510000e+00
     vertex  1.314789e+02 -5.969500e+01  1.510000e+00
   endloop
 endfacet
 facet normal  0.000000e+00  0.000000e+00  1.000000e+00
   outer loop
     vertex  1.299330e+02 -5.775000e+01  1.510000e+00
     vertex  1.298536e+02 -5.785355e+01  1.510000e+00
     vertex  1.316140e+02 -5.951896e+01  1.510000e+00
   endloop
 endfacet
 facet normal  0.000000e+00  0.000000e+00  1.000000e+00
   outer loop
     vertex  1.317900e+02 -5.938388e+01  1.510000e+00
     vertex  1.299330e+02 -5.775000e+01  1.510000e+00
     vertex  1.316140e+02 -5.951896e+01  1.510000e+00
   endloop
 endfacet
 facet normal  0.000000e+00  0.000000e+00  1.000000e+00
   outer loop
     vertex  1.317900e+02 -5.938388e+01  1.510000e+00
     vertex  1.299830e+02 -5.762941e+01  1.510000e+00
     vertex  1.299330e+02 -5.775000e+01  1.510000e+00
   endloop
 endfacet
 facet normal  0.000000e+00  0.000000e+00  1.000000e+00
   outer loop
     vertex  1.319950e+02 -5.929896e+01  1.510000e+00
     vertex  1.299830e+02 -5.762941e+01  1.510000e+00
     vertex  1.317900e+02 -5.938388e+01  1.510000e+00
   endloop
 endfacet
 facet normal  0.000000e+00  0.000000e+00  1.000000e+00
   outer loop
     vertex  1.291464e+02 -5.531355e+01  1.510000e+00
     vertex  1.291464e+02 -5.714645e+01  1.510000e+00
     vertex  1.292500e+02 -5.706699e+01  1.510000e+00
   endloop
 endfacet
 facet normal  0.000000e+00  0.000000e+00  1.000000e+00
   outer loop
     vertex  1.443964e+02 -7.055355e+01  1.510000e+00
     vertex  1.403653e+02 -7.364467e+01  1.510000e+00
     vertex  1.404845e+02 -7.380000e+01  1.510000e+00
   endloop
 endfacet
 facet normal  0.000000e+00  0.000000e+00  1.000000e+00
   outer loop
     vertex  1.292500e+02 -5.539301e+01  1.510000e+00
     vertex  1.291464e+02 -5.531355e+01  1.510000e+00
     vertex  1.292500e+02 -5.706699e+01  1.510000e+00
   endloop
 endfacet
 facet normal  0.000000e+00  0.000000e+00  1.000000e+00
   outer loop
     vertex  1.290670e+02 -5.521000e+01  1.510000e+00
     vertex  1.290670e+02 -5.725000e+01  1.510000e+00
     vertex  1.291464e+02 -5.714645e+01  1.510000e+00
   endloop
 endfacet
 facet normal  0.000000e+00  0.000000e+00  1.000000e+00
   outer loop
     vertex  1.290670e+02 -5.521000e+01  1.510000e+00
     vertex  1.291464e+02 -5.714645e+01  1.510000e+00
     vertex  1.291464e+02 -5.531355e+01  1.510000e+00
   endloop
 endfacet
 facet normal  0.000000e+00  0.000000e+00  1.000000e+00
   outer loop
     vertex  1.445000e+02 -7.063301e+01  1.510000e+00
     vertex  1.404845e+02 -7.380000e+01  1.510000e+00
     vertex  1.405594e+02 -7.398089e+01  1.510000e+00
   endloop
 endfacet
 facet normal  0.000000e+00  0.000000e+00  1.000000e+00
   outer loop
     vertex  1.445000e+02 -7.063301e+01  1.510000e+00
     vertex  1.443964e+02 -7.055355e+01  1.510000e+00
     vertex  1.404845e+02 -7.380000e+01  1.510000e+00
   endloop
 endfacet
 facet normal  0.000000e+00  0.000000e+00  1.000000e+00
   outer loop
     vertex  1.443170e+02 -7.045000e+01  1.510000e+00
     vertex  1.402100e+02 -7.352548e+01  1.510000e+00
     vertex  1.403653e+02 -7.364467e+01  1.510000e+00
   endloop
 endfacet
 facet normal  0.000000e+00  0.000000e+00  1.000000e+00
   outer loop
     vertex  1.443170e+02 -7.045000e+01  1.510000e+00
     vertex  1.403653e+02 -7.364467e+01  1.510000e+00
     vertex  1.443964e+02 -7.055355e+01  1.510000e+00
   endloop
 endfacet
 facet normal  0.000000e+00  0.000000e+00  1.000000e+00
   outer loop
     vertex  1.290170e+02 -5.508941e+01  1.510000e+00
     vertex  1.290170e+02 -5.737059e+01  1.510000e+00
     vertex  1.290670e+02 -5.725000e+01  1.510000e+00
   endloop
 endfacet
 facet normal  0.000000e+00  0.000000e+00  1.000000e+00
   outer loop
     vertex  1.290170e+02 -5.508941e+01  1.510000e+00
     vertex  1.290670e+02 -5.725000e+01  1.510000e+00
     vertex  1.290670e+02 -5.521000e+01  1.510000e+00
   endloop
 endfacet
 facet normal  0.000000e+00  0.000000e+00  1.000000e+00
   outer loop
     vertex  1.293706e+02 -5.544296e+01  1.510000e+00
     vertex  1.292500e+02 -5.706699e+01  1.510000e+00
     vertex  1.293706e+02 -5.701704e+01  1.510000e+00
   endloop
 endfacet
 facet normal  0.000000e+00  0.000000e+00  1.000000e+00
   outer loop
     vertex  1.293706e+02 -5.544296e+01  1.510000e+00
     vertex  1.292500e+02 -5.539301e+01  1.510000e+00
     vertex  1.292500e+02 -5.706699e+01  1.510000e+00
   endloop
 endfacet
 facet normal  0.000000e+00  0.000000e+00  1.000000e+00
   outer loop
     vertex  1.446206e+02 -7.068296e+01  1.510000e+00
     vertex  1.405594e+02 -7.398089e+01  1.510000e+00
     vertex  1.405850e+02 -7.417500e+01  1.510000e+00
   endloop
 endfacet
 facet normal  0.000000e+00  0.000000e+00  1.000000e+00
   outer loop
     vertex  1.446206e+02 -7.068296e+01  1.510000e+00
     vertex  1.445000e+02 -7.063301e+01  1.510000e+00
     vertex  1.405594e+02 -7.398089e+01  1.510000e+00
   endloop
 endfacet
 facet normal  0.000000e+00  0.000000e+00  1.000000e+00
   outer loop
     vertex  1.442670e+02 -7.032941e+01  1.510000e+00
     vertex  1.400291e+02 -7.345056e+01  1.510000e+00
     vertex  1.402100e+02 -7.352548e+01  1.510000e+00
   endloop
 endfacet
 facet normal  0.000000e+00  0.000000e+00  1.000000e+00
   outer loop
     vertex  1.442670e+02 -7.032941e+01  1.510000e+00
     vertex  1.402100e+02 -7.352548e+01  1.510000e+00
     vertex  1.443170e+02 -7.045000e+01  1.510000e+00
   endloop
 endfacet
 facet normal  0.000000e+00  0.000000e+00  1.000000e+00
   outer loop
     vertex  1.295000e+02 -5.546000e+01  1.510000e+00
     vertex  1.293706e+02 -5.701704e+01  1.510000e+00
     vertex  1.295000e+02 -5.700000e+01  1.510000e+00
   endloop
 endfacet
 facet normal  0.000000e+00  0.000000e+00  1.000000e+00
   outer loop
     vertex  1.295000e+02 -5.546000e+01  1.510000e+00
     vertex  1.295000e+02 -5.700000e+01  1.510000e+00
     vertex  1.296294e+02 -5.701704e+01  1.510000e+00
   endloop
 endfacet
 facet normal  0.000000e+00  0.000000e+00  1.000000e+00
   outer loop
     vertex  1.295000e+02 -5.546000e+01  1.510000e+00
     vertex  1.293706e+02 -5.544296e+01  1.510000e+00
     vertex  1.293706e+02 -5.701704e+01  1.510000e+00
   endloop
 endfacet
 facet normal  0.000000e+00  0.000000e+00  1.000000e+00
   outer loop
     vertex  1.447500e+02 -7.070000e+01  1.510000e+00
     vertex  1.405850e+02 -7.417500e+01  1.510000e+00
     vertex  1.405594e+02 -7.436911e+01  1.510000e+00
   endloop
 endfacet
 facet normal  0.000000e+00  0.000000e+00  1.000000e+00
   outer loop
     vertex  1.447500e+02 -7.070000e+01  1.510000e+00
     vertex  1.405594e+02 -7.436911e+01  1.510000e+00
     vertex  1.428000e+02 -7.851888e+01  1.510000e+00
   endloop
 endfacet
 facet normal  0.000000e+00  0.000000e+00  1.000000e+00
   outer loop
     vertex  1.447500e+02 -7.070000e+01  1.510000e+00
     vertex  1.446206e+02 -7.068296e+01  1.510000e+00
     vertex  1.405850e+02 -7.417500e+01  1.510000e+00
   endloop
 endfacet
 facet normal  0.000000e+00  0.000000e+00  1.000000e+00
   outer loop
     vertex  1.442500e+02 -7.020000e+01  1.510000e+00
     vertex  1.400291e+02 -7.345056e+01  1.510000e+00
     vertex  1.442670e+02 -7.032941e+01  1.510000e+00
   endloop
 endfacet
 facet normal  0.000000e+00  0.000000e+00  1.000000e+00
   outer loop
     vertex  1.296294e+02 -5.544296e+01  1.510000e+00
     vertex  1.295000e+02 -5.546000e+01  1.510000e+00
     vertex  1.296294e+02 -5.701704e+01  1.510000e+00
   endloop
 endfacet
 facet normal  0.000000e+00  0.000000e+00  1.000000e+00
   outer loop
     vertex  1.442670e+02 -7.007059e+01  1.510000e+00
     vertex  1.398350e+02 -7.342500e+01  1.510000e+00
     vertex  1.400291e+02 -7.345056e+01  1.510000e+00
   endloop
 endfacet
 facet normal  0.000000e+00  0.000000e+00  1.000000e+00
   outer loop
     vertex  1.442670e+02 -7.007059e+01  1.510000e+00
     vertex  1.400291e+02 -7.345056e+01  1.510000e+00
     vertex  1.442500e+02 -7.020000e+01  1.510000e+00
   endloop
 endfacet
 facet normal  0.000000e+00  0.000000e+00  1.000000e+00
   outer loop
     vertex  1.448794e+02 -7.068296e+01  1.510000e+00
     vertex  1.428000e+02 -7.851888e+01  1.510000e+00
     vertex  1.429760e+02 -7.865396e+01  1.510000e+00
   endloop
 endfacet
 facet normal  0.000000e+00  0.000000e+00  1.000000e+00
   outer loop
     vertex  1.448794e+02 -7.068296e+01  1.510000e+00
     vertex  1.447500e+02 -7.070000e+01  1.510000e+00
     vertex  1.428000e+02 -7.851888e+01  1.510000e+00
   endloop
 endfacet
 facet normal  0.000000e+00  0.000000e+00  1.000000e+00
   outer loop
     vertex  1.358808e+02 -6.153421e+01  1.510000e+00
     vertex  1.299830e+02 -6.499059e+01  1.510000e+00
     vertex  1.300000e+02 -6.512000e+01  1.510000e+00
   endloop
 endfacet
 facet normal  0.000000e+00  0.000000e+00  1.000000e+00
   outer loop
     vertex  1.358808e+02 -6.153421e+01  1.510000e+00
     vertex  1.326400e+02 -6.085612e+01  1.510000e+00
     vertex  1.324350e+02 -6.094104e+01  1.510000e+00
   endloop
 endfacet
 facet normal  0.000000e+00  0.000000e+00  1.000000e+00
   outer loop
     vertex  1.358808e+02 -6.153421e+01  1.510000e+00
     vertex  1.324350e+02 -6.094104e+01  1.510000e+00
     vertex  1.299830e+02 -6.499059e+01  1.510000e+00
   endloop
 endfacet
 facet normal  0.000000e+00  0.000000e+00  1.000000e+00
   outer loop
     vertex  1.297500e+02 -5.539301e+01  1.510000e+00
     vertex  1.296294e+02 -5.701704e+01  1.510000e+00
     vertex  1.297500e+02 -5.706699e+01  1.510000e+00
   endloop
 endfacet
 facet normal  0.000000e+00  0.000000e+00  1.000000e+00
   outer loop
     vertex  1.297500e+02 -5.539301e+01  1.510000e+00
     vertex  1.296294e+02 -5.544296e+01  1.510000e+00
     vertex  1.296294e+02 -5.701704e+01  1.510000e+00
   endloop
 endfacet
 facet normal  0.000000e+00  0.000000e+00  1.000000e+00
   outer loop
     vertex  1.450000e+02 -7.063301e+01  1.510000e+00
     vertex  1.448794e+02 -7.068296e+01  1.510000e+00
     vertex  1.429760e+02 -7.865396e+01  1.510000e+00
   endloop
 endfacet
 facet normal  0.000000e+00  0.000000e+00  1.000000e+00
   outer loop
     vertex  1.450000e+02 -7.063301e+01  1.510000e+00
     vertex  1.429760e+02 -7.865396e+01  1.510000e+00
     vertex  1.431111e+02 -7.883000e+01  1.510000e+00
   endloop
 endfacet
 facet normal  0.000000e+00  0.000000e+00  1.000000e+00
   outer loop
     vertex  1.362950e+02 -6.185205e+01  1.510000e+00
     vertex  1.358808e+02 -6.153421e+01  1.510000e+00
     vertex  1.300000e+02 -6.512000e+01  1.510000e+00
   endloop
 endfacet
 facet normal  0.000000e+00  0.000000e+00  1.000000e+00
   outer loop
     vertex  1.362950e+02 -6.185205e+01  1.510000e+00
     vertex  1.299830e+02 -6.524941e+01  1.510000e+00
     vertex  1.299830e+02 -6.753059e+01  1.510000e+00
   endloop
 endfacet
 facet normal  0.000000e+00  0.000000e+00  1.000000e+00
   outer loop
     vertex  1.362950e+02 -6.185205e+01  1.510000e+00
     vertex  1.300000e+02 -6.512000e+01  1.510000e+00
     vertex  1.299830e+02 -6.524941e+01  1.510000e+00
   endloop
 endfacet
 facet normal  0.000000e+00  0.000000e+00  1.000000e+00
   outer loop
     vertex  1.355629e+02 -6.112000e+01  1.510000e+00
     vertex  1.326400e+02 -6.085612e+01  1.510000e+00
     vertex  1.358808e+02 -6.153421e+01  1.510000e+00
   endloop
 endfacet
 facet normal  0.000000e+00  0.000000e+00  1.000000e+00
   outer loop
     vertex  1.355629e+02 -6.112000e+01  1.510000e+00
     vertex  1.329511e+02 -6.054500e+01  1.510000e+00
     vertex  1.328160e+02 -6.072104e+01  1.510000e+00
   endloop
 endfacet
 facet normal  0.000000e+00  0.000000e+00  1.000000e+00
   outer loop
     vertex  1.355629e+02 -6.112000e+01  1.510000e+00
     vertex  1.328160e+02 -6.072104e+01  1.510000e+00
     vertex  1.326400e+02 -6.085612e+01  1.510000e+00
   endloop
 endfacet
 facet normal  0.000000e+00  0.000000e+00  1.000000e+00
   outer loop
     vertex  1.298536e+02 -5.531355e+01  1.510000e+00
     vertex  1.297500e+02 -5.706699e+01  1.510000e+00
     vertex  1.298536e+02 -5.714645e+01  1.510000e+00
   endloop
 endfacet
 facet normal  0.000000e+00  0.000000e+00  1.000000e+00
   outer loop
     vertex  1.298536e+02 -5.531355e+01  1.510000e+00
     vertex  1.297500e+02 -5.539301e+01  1.510000e+00
     vertex  1.297500e+02 -5.706699e+01  1.510000e+00
   endloop
 endfacet
 facet normal  0.000000e+00  0.000000e+00  1.000000e+00
   outer loop
     vertex  1.451036e+02 -7.055355e+01  1.510000e+00
     vertex  1.450000e+02 -7.063301e+01  1.510000e+00
     vertex  1.431111e+02 -7.883000e+01  1.510000e+00
   endloop
 endfacet
 facet normal  0.000000e+00  0.000000e+00  1.000000e+00
   outer loop
     vertex  1.451036e+02 -7.055355e+01  1.510000e+00
     vertex  1.431111e+02 -7.883000e+01  1.510000e+00
     vertex  1.431960e+02 -7.903500e+01  1.510000e+00
   endloop
 endfacet
 facet normal  0.000000e+00  0.000000e+00  1.000000e+00
   outer loop
     vertex  1.299330e+02 -5.521000e+01  1.510000e+00
     vertex  1.298536e+02 -5.714645e+01  1.510000e+00
     vertex  1.299330e+02 -5.725000e+01  1.510000e+00
   endloop
 endfacet
 facet normal  0.000000e+00  0.000000e+00  1.000000e+00
   outer loop
     vertex  1.299330e+02 -5.521000e+01  1.510000e+00
     vertex  1.298536e+02 -5.531355e+01  1.510000e+00
     vertex  1.298536e+02 -5.714645e+01  1.510000e+00
   endloop
 endfacet
 facet normal  0.000000e+00  0.000000e+00  1.000000e+00
   outer loop
     vertex  1.367774e+02 -6.205185e+01  1.510000e+00
     vertex  1.300000e+02 -6.766000e+01  1.510000e+00
     vertex  1.394600e+02 -7.352548e+01  1.510000e+00
   endloop
 endfacet
 facet normal  0.000000e+00  0.000000e+00  1.000000e+00
   outer loop
     vertex  1.367774e+02 -6.205185e+01  1.510000e+00
     vertex  1.299830e+02 -6.753059e+01  1.510000e+00
     vertex  1.300000e+02 -6.766000e+01  1.510000e+00
   endloop
 endfacet
 facet normal  0.000000e+00  0.000000e+00  1.000000e+00
   outer loop
     vertex  1.367774e+02 -6.205185e+01  1.510000e+00
     vertex  1.362950e+02 -6.185205e+01  1.510000e+00
     vertex  1.299830e+02 -6.753059e+01  1.510000e+00
   endloop
 endfacet
 facet normal  0.000000e+00  0.000000e+00  1.000000e+00
   outer loop
     vertex  1.353631e+02 -6.063764e+01  1.510000e+00
     vertex  1.329511e+02 -6.054500e+01  1.510000e+00
     vertex  1.355629e+02 -6.112000e+01  1.510000e+00
   endloop
 endfacet
 facet normal  0.000000e+00  0.000000e+00  1.000000e+00
   outer loop
     vertex  1.353631e+02 -6.063764e+01  1.510000e+00
     vertex  1.330360e+02 -6.034000e+01  1.510000e+00
     vertex  1.329511e+02 -6.054500e+01  1.510000e+00
   endloop
 endfacet
 facet normal  0.000000e+00  0.000000e+00  1.000000e+00
   outer loop
     vertex  1.451830e+02 -7.045000e+01  1.510000e+00
     vertex  1.451036e+02 -7.055355e+01  1.510000e+00
     vertex  1.431960e+02 -7.903500e+01  1.510000e+00
   endloop
 endfacet
 facet normal  0.000000e+00  0.000000e+00  1.000000e+00
   outer loop
     vertex  1.451830e+02 -7.045000e+01  1.510000e+00
     vertex  1.431960e+02 -7.903500e+01  1.510000e+00
     vertex  1.432250e+02 -7.925500e+01  1.510000e+00
   endloop
 endfacet
 facet normal  0.000000e+00  0.000000e+00  1.000000e+00
   outer loop
     vertex  1.329547e+02 -5.811033e+01  1.510000e+00
     vertex  1.322150e+02 -5.927000e+01  1.510000e+00
     vertex  1.324350e+02 -5.929896e+01  1.510000e+00
   endloop
 endfacet
 facet normal  0.000000e+00  0.000000e+00  1.000000e+00
   outer loop
     vertex  1.328355e+02 -5.795500e+01  1.510000e+00
     vertex  1.322150e+02 -5.927000e+01  1.510000e+00
     vertex  1.329547e+02 -5.811033e+01  1.510000e+00
   endloop
 endfacet
 facet normal  0.000000e+00  0.000000e+00  1.000000e+00
   outer loop
     vertex  1.328355e+02 -5.795500e+01  1.510000e+00
     vertex  1.319950e+02 -5.929896e+01  1.510000e+00
     vertex  1.322150e+02 -5.927000e+01  1.510000e+00
   endloop
 endfacet
 facet normal  0.000000e+00  0.000000e+00  1.000000e+00
   outer loop
     vertex  1.331100e+02 -5.822952e+01  1.510000e+00
     vertex  1.329547e+02 -5.811033e+01  1.510000e+00
     vertex  1.324350e+02 -5.929896e+01  1.510000e+00
   endloop
 endfacet
 facet normal  0.000000e+00  0.000000e+00  1.000000e+00
   outer loop
     vertex  1.331100e+02 -5.822952e+01  1.510000e+00
     vertex  1.324350e+02 -5.929896e+01  1.510000e+00
     vertex  1.326400e+02 -5.938388e+01  1.510000e+00
   endloop
 endfacet
 facet normal  0.000000e+00  0.000000e+00  1.000000e+00
   outer loop
     vertex  1.452330e+02 -7.032941e+01  1.510000e+00
     vertex  1.451830e+02 -7.045000e+01  1.510000e+00
     vertex  1.432250e+02 -7.925500e+01  1.510000e+00
   endloop
 endfacet
 facet normal  0.000000e+00  0.000000e+00  1.000000e+00
   outer loop
     vertex  1.452330e+02 -7.032941e+01  1.510000e+00
     vertex  1.431510e+02 -9.798000e+01  1.510000e+00
     vertex  1.431800e+02 -9.820000e+01  1.510000e+00
   endloop
 endfacet
 facet normal  0.000000e+00  0.000000e+00  1.000000e+00
   outer loop
     vertex  1.452330e+02 -7.032941e+01  1.510000e+00
     vertex  1.431960e+02 -7.947500e+01  1.510000e+00
     vertex  1.431510e+02 -9.798000e+01  1.510000e+00
   endloop
 endfacet
 facet normal  0.000000e+00  0.000000e+00  1.000000e+00
   outer loop
     vertex  1.452330e+02 -7.032941e+01  1.510000e+00
     vertex  1.432250e+02 -7.925500e+01  1.510000e+00
     vertex  1.431960e+02 -7.947500e+01  1.510000e+00
   endloop
 endfacet
 facet normal  0.000000e+00  0.000000e+00  1.000000e+00
   outer loop
     vertex  1.332909e+02 -5.830444e+01  1.510000e+00
     vertex  1.331100e+02 -5.822952e+01  1.510000e+00
     vertex  1.326400e+02 -5.938388e+01  1.510000e+00
   endloop
 endfacet
 facet normal  0.000000e+00  0.000000e+00  1.000000e+00
   outer loop
     vertex  1.332909e+02 -5.830444e+01  1.510000e+00
     vertex  1.326400e+02 -5.938388e+01  1.510000e+00
     vertex  1.328160e+02 -5.951896e+01  1.510000e+00
   endloop
 endfacet
 facet normal  0.000000e+00  0.000000e+00  1.000000e+00
   outer loop
     vertex  1.327606e+02 -5.777411e+01  1.510000e+00
     vertex  1.319950e+02 -5.929896e+01  1.510000e+00
     vertex  1.328355e+02 -5.795500e+01  1.510000e+00
   endloop
 endfacet
 facet normal  0.000000e+00  0.000000e+00  1.000000e+00
   outer loop
     vertex  1.327606e+02 -5.777411e+01  1.510000e+00
     vertex  1.299830e+02 -5.762941e+01  1.510000e+00
     vertex  1.319950e+02 -5.929896e+01  1.510000e+00
   endloop
 endfacet
 facet normal  0.000000e+00  0.000000e+00  1.000000e+00
   outer loop
     vertex  1.334850e+02 -5.833000e+01  1.510000e+00
     vertex  1.332909e+02 -5.830444e+01  1.510000e+00
     vertex  1.328160e+02 -5.951896e+01  1.510000e+00
   endloop
 endfacet
 facet normal  0.000000e+00  0.000000e+00  1.000000e+00
   outer loop
     vertex  1.334850e+02 -5.833000e+01  1.510000e+00
     vertex  1.328160e+02 -5.951896e+01  1.510000e+00
     vertex  1.329511e+02 -5.969500e+01  1.510000e+00
   endloop
 endfacet
 facet normal  0.000000e+00  0.000000e+00  1.000000e+00
   outer loop
     vertex  1.327350e+02 -5.758000e+01  1.510000e+00
     vertex  1.300000e+02 -5.750000e+01  1.510000e+00
     vertex  1.299830e+02 -5.762941e+01  1.510000e+00
   endloop
 endfacet
 facet normal  0.000000e+00  0.000000e+00  1.000000e+00
   outer loop
     vertex  1.327350e+02 -5.758000e+01  1.510000e+00
     vertex  1.299830e+02 -5.762941e+01  1.510000e+00
     vertex  1.327606e+02 -5.777411e+01  1.510000e+00
   endloop
 endfacet
 facet normal  0.000000e+00  0.000000e+00  1.000000e+00
   outer loop
     vertex  1.372950e+02 -6.212000e+01  1.510000e+00
     vertex  1.394600e+02 -7.352548e+01  1.510000e+00
     vertex  1.396409e+02 -7.345056e+01  1.510000e+00
   endloop
 endfacet
 facet normal  0.000000e+00  0.000000e+00  1.000000e+00
   outer loop
     vertex  1.372950e+02 -6.212000e+01  1.510000e+00
     vertex  1.367774e+02 -6.205185e+01  1.510000e+00
     vertex  1.394600e+02 -7.352548e+01  1.510000e+00
   endloop
 endfacet
 facet normal  0.000000e+00  0.000000e+00  1.000000e+00
   outer loop
     vertex  1.352950e+02 -6.012000e+01  1.510000e+00
     vertex  1.330360e+02 -6.034000e+01  1.510000e+00
     vertex  1.353631e+02 -6.063764e+01  1.510000e+00
   endloop
 endfacet
 facet normal  0.000000e+00  0.000000e+00  1.000000e+00
   outer loop
     vertex  1.352950e+02 -6.012000e+01  1.510000e+00
     vertex  1.330360e+02 -5.990000e+01  1.510000e+00
     vertex  1.330650e+02 -6.012000e+01  1.510000e+00
   endloop
 endfacet
 facet normal  0.000000e+00  0.000000e+00  1.000000e+00
   outer loop
     vertex  1.352950e+02 -6.012000e+01  1.510000e+00
     vertex  1.330650e+02 -6.012000e+01  1.510000e+00
     vertex  1.330360e+02 -6.034000e+01  1.510000e+00
   endloop
 endfacet
 facet normal  0.000000e+00  0.000000e+00  1.000000e+00
   outer loop
     vertex  1.327606e+02 -5.738589e+01  1.510000e+00
     vertex  1.299330e+02 -5.725000e+01  1.510000e+00
     vertex  1.299830e+02 -5.737059e+01  1.510000e+00
   endloop
 endfacet
 facet normal  0.000000e+00  0.000000e+00  1.000000e+00
   outer loop
     vertex  1.327606e+02 -5.738589e+01  1.510000e+00
     vertex  1.299830e+02 -5.737059e+01  1.510000e+00
     vertex  1.300000e+02 -5.750000e+01  1.510000e+00
   endloop
 endfacet
 facet normal  0.000000e+00  0.000000e+00  1.000000e+00
   outer loop
     vertex  1.327606e+02 -5.738589e+01  1.510000e+00
     vertex  1.300000e+02 -5.750000e+01  1.510000e+00
     vertex  1.327350e+02 -5.758000e+01  1.510000e+00
   endloop
 endfacet
 facet normal  0.000000e+00  0.000000e+00  1.000000e+00
   outer loop
     vertex  1.336791e+02 -5.830444e+01  1.510000e+00
     vertex  1.334850e+02 -5.833000e+01  1.510000e+00
     vertex  1.329511e+02 -5.969500e+01  1.510000e+00
   endloop
 endfacet
 facet normal  0.000000e+00  0.000000e+00  1.000000e+00
   outer loop
     vertex  1.336791e+02 -5.830444e+01  1.510000e+00
     vertex  1.329511e+02 -5.969500e+01  1.510000e+00
     vertex  1.330360e+02 -5.990000e+01  1.510000e+00
   endloop
 endfacet
 facet normal  0.000000e+00  0.000000e+00  1.000000e+00
   outer loop
     vertex  1.328355e+02 -5.720500e+01  1.510000e+00
     vertex  1.299330e+02 -5.521000e+01  1.510000e+00
     vertex  1.299330e+02 -5.725000e+01  1.510000e+00
   endloop
 endfacet
 facet normal  0.000000e+00  0.000000e+00  1.000000e+00
   outer loop
     vertex  1.328355e+02 -5.720500e+01  1.510000e+00
     vertex  1.299330e+02 -5.725000e+01  1.510000e+00
     vertex  1.327606e+02 -5.738589e+01  1.510000e+00
   endloop
 endfacet
 facet normal  0.000000e+00  0.000000e+00  1.000000e+00
   outer loop
     vertex  1.353631e+02 -5.960236e+01  1.510000e+00
     vertex  1.338600e+02 -5.822952e+01  1.510000e+00
     vertex  1.336791e+02 -5.830444e+01  1.510000e+00
   endloop
 endfacet
 facet normal  0.000000e+00  0.000000e+00  1.000000e+00
   outer loop
     vertex  1.353631e+02 -5.960236e+01  1.510000e+00
     vertex  1.336791e+02 -5.830444e+01  1.510000e+00
     vertex  1.330360e+02 -5.990000e+01  1.510000e+00
   endloop
 endfacet
 facet normal  0.000000e+00  0.000000e+00  1.000000e+00
   outer loop
     vertex  1.353631e+02 -5.960236e+01  1.510000e+00
     vertex  1.330360e+02 -5.990000e+01  1.510000e+00
     vertex  1.352950e+02 -6.012000e+01  1.510000e+00
   endloop
 endfacet
 facet normal  0.000000e+00  0.000000e+00  1.000000e+00
   outer loop
     vertex  1.378126e+02 -6.205185e+01  1.510000e+00
     vertex  1.372950e+02 -6.212000e+01  1.510000e+00
     vertex  1.396409e+02 -7.345056e+01  1.510000e+00
   endloop
 endfacet
 facet normal  0.000000e+00  0.000000e+00  1.000000e+00
   outer loop
     vertex  1.329547e+02 -5.704967e+01  1.510000e+00
     vertex  1.299330e+02 -5.521000e+01  1.510000e+00
     vertex  1.328355e+02 -5.720500e+01  1.510000e+00
   endloop
 endfacet
 facet normal  0.000000e+00  0.000000e+00  1.000000e+00
   outer loop
     vertex  1.329547e+02 -5.704967e+01  1.510000e+00
     vertex  1.299830e+02 -5.508941e+01  1.510000e+00
     vertex  1.299330e+02 -5.521000e+01  1.510000e+00
   endloop
 endfacet
 facet normal  0.000000e+00  0.000000e+00  1.000000e+00
   outer loop
     vertex  1.331100e+02 -5.693048e+01  1.510000e+00
     vertex  1.299830e+02 -5.508941e+01  1.510000e+00
     vertex  1.329547e+02 -5.704967e+01  1.510000e+00
   endloop
 endfacet
 facet normal  0.000000e+00  0.000000e+00  1.000000e+00
   outer loop
     vertex  1.331100e+02 -5.693048e+01  1.510000e+00
     vertex  1.300000e+02 -5.496000e+01  1.510000e+00
     vertex  1.299830e+02 -5.508941e+01  1.510000e+00
   endloop
 endfacet
 facet normal  0.000000e+00  0.000000e+00  1.000000e+00
   outer loop
     vertex  1.443964e+02 -6.801355e+01  1.510000e+00
     vertex  1.443964e+02 -6.984645e+01  1.510000e+00
     vertex  1.445000e+02 -6.976699e+01  1.510000e+00
   endloop
 endfacet
 facet normal  0.000000e+00  0.000000e+00  1.000000e+00
   outer loop
     vertex  1.445000e+02 -6.809301e+01  1.510000e+00
     vertex  1.443964e+02 -6.801355e+01  1.510000e+00
     vertex  1.445000e+02 -6.976699e+01  1.510000e+00
   endloop
 endfacet
 facet normal  0.000000e+00  0.000000e+00  1.000000e+00
   outer loop
     vertex  1.443170e+02 -6.791000e+01  1.510000e+00
     vertex  1.443170e+02 -6.995000e+01  1.510000e+00
     vertex  1.443964e+02 -6.984645e+01  1.510000e+00
   endloop
 endfacet
 facet normal  0.000000e+00  0.000000e+00  1.000000e+00
   outer loop
     vertex  1.443170e+02 -6.791000e+01  1.510000e+00
     vertex  1.443964e+02 -6.984645e+01  1.510000e+00
     vertex  1.443964e+02 -6.801355e+01  1.510000e+00
   endloop
 endfacet
 facet normal  0.000000e+00  0.000000e+00  1.000000e+00
   outer loop
     vertex  1.332909e+02 -5.685556e+01  1.510000e+00
     vertex  1.299830e+02 -5.483059e+01  1.510000e+00
     vertex  1.300000e+02 -5.496000e+01  1.510000e+00
   endloop
 endfacet
 facet normal  0.000000e+00  0.000000e+00  1.000000e+00
   outer loop
     vertex  1.332909e+02 -5.685556e+01  1.510000e+00
     vertex  1.300000e+02 -5.496000e+01  1.510000e+00
     vertex  1.331100e+02 -5.693048e+01  1.510000e+00
   endloop
 endfacet
 facet normal  0.000000e+00  0.000000e+00  1.000000e+00
   outer loop
     vertex  1.355629e+02 -5.912000e+01  1.510000e+00
     vertex  1.341345e+02 -5.795500e+01  1.510000e+00
     vertex  1.340153e+02 -5.811033e+01  1.510000e+00
   endloop
 endfacet
 facet normal  0.000000e+00  0.000000e+00  1.000000e+00
   outer loop
     vertex  1.355629e+02 -5.912000e+01  1.510000e+00
     vertex  1.340153e+02 -5.811033e+01  1.510000e+00
     vertex  1.338600e+02 -5.822952e+01  1.510000e+00
   endloop
 endfacet
 facet normal  0.000000e+00  0.000000e+00  1.000000e+00
   outer loop
     vertex  1.355629e+02 -5.912000e+01  1.510000e+00
     vertex  1.338600e+02 -5.822952e+01  1.510000e+00
     vertex  1.353631e+02 -5.960236e+01  1.510000e+00
   endloop
 endfacet
 facet normal  0.000000e+00  0.000000e+00  1.000000e+00
   outer loop
     vertex  1.446206e+02 -6.814296e+01  1.510000e+00
     vertex  1.445000e+02 -6.976699e+01  1.510000e+00
     vertex  1.446206e+02 -6.971704e+01  1.510000e+00
   endloop
 endfacet
 facet normal  0.000000e+00  0.000000e+00  1.000000e+00
   outer loop
     vertex  1.446206e+02 -6.814296e+01  1.510000e+00
     vertex  1.445000e+02 -6.809301e+01  1.510000e+00
     vertex  1.445000e+02 -6.976699e+01  1.510000e+00
   endloop
 endfacet
 facet normal  0.000000e+00  0.000000e+00  1.000000e+00
   outer loop
     vertex  1.442670e+02 -6.778941e+01  1.510000e+00
     vertex  1.443170e+02 -6.995000e+01  1.510000e+00
     vertex  1.443170e+02 -6.791000e+01  1.510000e+00
   endloop
 endfacet
 facet normal  0.000000e+00  0.000000e+00  1.000000e+00
   outer loop
     vertex  1.442670e+02 -6.778941e+01  1.510000e+00
     vertex  1.442670e+02 -7.007059e+01  1.510000e+00
     vertex  1.443170e+02 -6.995000e+01  1.510000e+00
   endloop
 endfacet
 facet normal  0.000000e+00  0.000000e+00  1.000000e+00
   outer loop
     vertex  1.442670e+02 -6.778941e+01  1.510000e+00
     vertex  1.398350e+02 -7.342500e+01  1.510000e+00
     vertex  1.442670e+02 -7.007059e+01  1.510000e+00
   endloop
 endfacet
 facet normal  0.000000e+00  0.000000e+00  1.000000e+00
   outer loop
     vertex  1.260000e+02 -4.950000e+01  1.510000e+00
     vertex  1.290000e+02 -5.750000e+01  1.510000e+00
     vertex  1.290170e+02 -5.737059e+01  1.510000e+00
   endloop
 endfacet
 facet normal  0.000000e+00  0.000000e+00  1.000000e+00
   outer loop
     vertex  1.260000e+02 -4.950000e+01  1.510000e+00
     vertex  1.290000e+02 -6.258000e+01  1.510000e+00
     vertex  1.290000e+02 -6.004000e+01  1.510000e+00
   endloop
 endfacet
 facet normal  0.000000e+00  0.000000e+00  1.000000e+00
   outer loop
     vertex  1.260000e+02 -4.950000e+01  1.510000e+00
     vertex  1.290170e+02 -5.508941e+01  1.510000e+00
     vertex  1.290000e+02 -5.496000e+01  1.510000e+00
   endloop
 endfacet
 facet normal  0.000000e+00  0.000000e+00  1.000000e+00
   outer loop
     vertex  1.260000e+02 -4.950000e+01  1.510000e+00
     vertex  1.290000e+02 -5.496000e+01  1.510000e+00
     vertex  1.290170e+02 -5.483059e+01  1.510000e+00
   endloop
 endfacet
 facet normal  0.000000e+00  0.000000e+00  1.000000e+00
   outer loop
     vertex  1.260000e+02 -4.950000e+01  1.510000e+00
     vertex  1.290170e+02 -5.483059e+01  1.510000e+00
     vertex  1.290670e+02 -5.471000e+01  1.510000e+00
   endloop
 endfacet
 facet normal  0.000000e+00  0.000000e+00  1.000000e+00
   outer loop
     vertex  1.260000e+02 -4.950000e+01  1.510000e+00
     vertex  1.290670e+02 -5.471000e+01  1.510000e+00
     vertex  1.291464e+02 -5.460645e+01  1.510000e+00
   endloop
 endfacet
 facet normal  0.000000e+00  0.000000e+00  1.000000e+00
   outer loop
     vertex  1.260000e+02 -4.950000e+01  1.510000e+00
     vertex  1.291464e+02 -5.460645e+01  1.510000e+00
     vertex  1.292500e+02 -5.452699e+01  1.510000e+00
   endloop
 endfacet
 facet normal  0.000000e+00  0.000000e+00  1.000000e+00
   outer loop
     vertex  1.260000e+02 -4.950000e+01  1.510000e+00
     vertex  1.292500e+02 -5.452699e+01  1.510000e+00
     vertex  1.293706e+02 -5.447704e+01  1.510000e+00
   endloop
 endfacet
 facet normal  0.000000e+00  0.000000e+00  1.000000e+00
   outer loop
     vertex  1.260000e+02 -4.950000e+01  1.510000e+00
     vertex  1.293706e+02 -5.447704e+01  1.510000e+00
     vertex  1.295000e+02 -5.446000e+01  1.510000e+00
   endloop
 endfacet
 facet normal  0.000000e+00  0.000000e+00  1.000000e+00
   outer loop
     vertex  1.260000e+02 -4.950000e+01  1.510000e+00
     vertex  1.295000e+02 -5.446000e+01  1.510000e+00
     vertex  1.296294e+02 -5.447704e+01  1.510000e+00
   endloop
 endfacet
 facet normal  0.000000e+00  0.000000e+00  1.000000e+00
   outer loop
     vertex  1.260000e+02 -4.950000e+01  1.510000e+00
     vertex  1.290000e+02 -6.004000e+01  1.510000e+00
     vertex  1.290000e+02 -5.750000e+01  1.510000e+00
   endloop
 endfacet
 facet normal  0.000000e+00  0.000000e+00  1.000000e+00
   outer loop
     vertex  1.260000e+02 -4.950000e+01  1.510000e+00
     vertex  1.296294e+02 -5.447704e+01  1.510000e+00
     vertex  1.297500e+02 -5.452699e+01  1.510000e+00
   endloop
 endfacet
 facet normal  0.000000e+00  0.000000e+00  1.000000e+00
   outer loop
     vertex  1.260000e+02 -4.950000e+01  1.510000e+00
     vertex  1.290000e+02 -6.512000e+01  1.510000e+00
     vertex  1.290000e+02 -6.258000e+01  1.510000e+00
   endloop
 endfacet
 facet normal  0.000000e+00  0.000000e+00  1.000000e+00
   outer loop
     vertex  1.260000e+02 -4.950000e+01  1.510000e+00
     vertex  1.290000e+02 -6.766000e+01  1.510000e+00
     vertex  1.290000e+02 -6.512000e+01  1.510000e+00
   endloop
 endfacet
 facet normal  0.000000e+00  0.000000e+00  1.000000e+00
   outer loop
     vertex  1.260000e+02 -4.950000e+01  1.510000e+00
     vertex  1.290000e+02 -7.020000e+01  1.510000e+00
     vertex  1.290000e+02 -6.766000e+01  1.510000e+00
   endloop
 endfacet
 facet normal  0.000000e+00  0.000000e+00  1.000000e+00
   outer loop
     vertex  1.260000e+02 -4.950000e+01  1.510000e+00
     vertex  1.290170e+02 -5.737059e+01  1.510000e+00
     vertex  1.290170e+02 -5.508941e+01  1.510000e+00
   endloop
 endfacet
 facet normal  0.000000e+00  0.000000e+00  1.000000e+00
   outer loop
     vertex  1.447500e+02 -6.816000e+01  1.510000e+00
     vertex  1.446206e+02 -6.814296e+01  1.510000e+00
     vertex  1.446206e+02 -6.971704e+01  1.510000e+00
   endloop
 endfacet
 facet normal  0.000000e+00  0.000000e+00  1.000000e+00
   outer loop
     vertex  1.447500e+02 -6.816000e+01  1.510000e+00
     vertex  1.446206e+02 -6.971704e+01  1.510000e+00
     vertex  1.447500e+02 -6.970000e+01  1.510000e+00
   endloop
 endfacet
 facet normal  0.000000e+00  0.000000e+00  1.000000e+00
   outer loop
     vertex  1.442500e+02 -6.766000e+01  1.510000e+00
     vertex  1.398350e+02 -7.342500e+01  1.510000e+00
     vertex  1.442670e+02 -6.778941e+01  1.510000e+00
   endloop
 endfacet
 facet normal  0.000000e+00  0.000000e+00  1.000000e+00
   outer loop
     vertex  1.442500e+02 -6.766000e+01  1.510000e+00
     vertex  1.378126e+02 -6.205185e+01  1.510000e+00
     vertex  1.396409e+02 -7.345056e+01  1.510000e+00
   endloop
 endfacet
 facet normal  0.000000e+00  0.000000e+00  1.000000e+00
   outer loop
     vertex  1.442500e+02 -6.766000e+01  1.510000e+00
     vertex  1.396409e+02 -7.345056e+01  1.510000e+00
     vertex  1.398350e+02 -7.342500e+01  1.510000e+00
   endloop
 endfacet
 facet normal  0.000000e+00  0.000000e+00  1.000000e+00
   outer loop
     vertex  1.334850e+02 -5.683000e+01  1.510000e+00
     vertex  1.299830e+02 -5.483059e+01  1.510000e+00
     vertex  1.332909e+02 -5.685556e+01  1.510000e+00
   endloop
 endfacet
 facet normal  0.000000e+00  0.000000e+00  1.000000e+00
   outer loop
     vertex  1.334850e+02 -5.683000e+01  1.510000e+00
     vertex  1.299330e+02 -5.471000e+01  1.510000e+00
     vertex  1.299830e+02 -5.483059e+01  1.510000e+00
   endloop
 endfacet
 facet normal  0.000000e+00  0.000000e+00  1.000000e+00
   outer loop
     vertex  1.442670e+02 -6.753059e+01  1.510000e+00
     vertex  1.378126e+02 -6.205185e+01  1.510000e+00
     vertex  1.442500e+02 -6.766000e+01  1.510000e+00
   endloop
 endfacet
 facet normal  0.000000e+00  0.000000e+00  1.000000e+00
   outer loop
     vertex  1.448794e+02 -6.814296e+01  1.510000e+00
     vertex  1.447500e+02 -6.970000e+01  1.510000e+00
     vertex  1.448794e+02 -6.971704e+01  1.510000e+00
   endloop
 endfacet
 facet normal  0.000000e+00  0.000000e+00  1.000000e+00
   outer loop
     vertex  1.448794e+02 -6.814296e+01  1.510000e+00
     vertex  1.447500e+02 -6.816000e+01  1.510000e+00
     vertex  1.447500e+02 -6.970000e+01  1.510000e+00
   endloop
 endfacet
 facet normal  0.000000e+00  0.000000e+00  1.000000e+00
   outer loop
     vertex  1.336791e+02 -5.685556e+01  1.510000e+00
     vertex  1.299330e+02 -5.471000e+01  1.510000e+00
     vertex  1.334850e+02 -5.683000e+01  1.510000e+00
   endloop
 endfacet
 facet normal  0.000000e+00  0.000000e+00  1.000000e+00
   outer loop
     vertex  1.336791e+02 -5.685556e+01  1.510000e+00
     vertex  1.298536e+02 -5.460645e+01  1.510000e+00
     vertex  1.299330e+02 -5.471000e+01  1.510000e+00
   endloop
 endfacet
 facet normal  0.000000e+00  0.000000e+00  1.000000e+00
   outer loop
     vertex  1.450000e+02 -6.809301e+01  1.510000e+00
     vertex  1.448794e+02 -6.971704e+01  1.510000e+00
     vertex  1.450000e+02 -6.976699e+01  1.510000e+00
   endloop
 endfacet
 facet normal  0.000000e+00  0.000000e+00  1.000000e+00
   outer loop
     vertex  1.450000e+02 -6.809301e+01  1.510000e+00
     vertex  1.450000e+02 -6.976699e+01  1.510000e+00
     vertex  1.451036e+02 -6.984645e+01  1.510000e+00
   endloop
 endfacet
 facet normal  0.000000e+00  0.000000e+00  1.000000e+00
   outer loop
     vertex  1.450000e+02 -6.809301e+01  1.510000e+00
     vertex  1.448794e+02 -6.814296e+01  1.510000e+00
     vertex  1.448794e+02 -6.971704e+01  1.510000e+00
   endloop
 endfacet
 facet normal  0.000000e+00  0.000000e+00  1.000000e+00
   outer loop
     vertex  1.451036e+02 -6.801355e+01  1.510000e+00
     vertex  1.450000e+02 -6.809301e+01  1.510000e+00
     vertex  1.451036e+02 -6.984645e+01  1.510000e+00
   endloop
 endfacet
 facet normal  0.000000e+00  0.000000e+00  1.000000e+00
   outer loop
     vertex  1.358808e+02 -5.870579e+01  1.510000e+00
     vertex  1.341345e+02 -5.795500e+01  1.510000e+00
     vertex  1.355629e+02 -5.912000e+01  1.510000e+00
   endloop
 endfacet
 facet normal  0.000000e+00  0.000000e+00  1.000000e+00
   outer loop
     vertex  1.358808e+02 -5.870579e+01  1.510000e+00
     vertex  1.342350e+02 -5.758000e+01  1.510000e+00
     vertex  1.342094e+02 -5.777411e+01  1.510000e+00
   endloop
 endfacet
 facet normal  0.000000e+00  0.000000e+00  1.000000e+00
   outer loop
     vertex  1.358808e+02 -5.870579e+01  1.510000e+00
     vertex  1.342094e+02 -5.777411e+01  1.510000e+00
     vertex  1.341345e+02 -5.795500e+01  1.510000e+00
   endloop
 endfacet
 facet normal  0.000000e+00  0.000000e+00  1.000000e+00
   outer loop
     vertex  1.451830e+02 -6.791000e+01  1.510000e+00
     vertex  1.451036e+02 -6.801355e+01  1.510000e+00
     vertex  1.451036e+02 -6.984645e+01  1.510000e+00
   endloop
 endfacet
 facet normal  0.000000e+00  0.000000e+00  1.000000e+00
   outer loop
     vertex  1.451830e+02 -6.791000e+01  1.510000e+00
     vertex  1.451036e+02 -6.984645e+01  1.510000e+00
     vertex  1.451830e+02 -6.995000e+01  1.510000e+00
   endloop
 endfacet
 facet normal  0.000000e+00  0.000000e+00  1.000000e+00
   outer loop
     vertex  1.452330e+02 -6.778941e+01  1.510000e+00
     vertex  1.451830e+02 -6.995000e+01  1.510000e+00
     vertex  1.452330e+02 -7.007059e+01  1.510000e+00
   endloop
 endfacet
 facet normal  0.000000e+00  0.000000e+00  1.000000e+00
   outer loop
     vertex  1.452330e+02 -6.778941e+01  1.510000e+00
     vertex  1.451830e+02 -6.791000e+01  1.510000e+00
     vertex  1.451830e+02 -6.995000e+01  1.510000e+00
   endloop
 endfacet
 facet normal  0.000000e+00  0.000000e+00  1.000000e+00
   outer loop
     vertex  1.452500e+02 -6.766000e+01  1.510000e+00
     vertex  1.452330e+02 -7.007059e+01  1.510000e+00
     vertex  1.452500e+02 -7.020000e+01  1.510000e+00
   endloop
 endfacet
 facet normal  0.000000e+00  0.000000e+00  1.000000e+00
   outer loop
     vertex  1.452500e+02 -6.766000e+01  1.510000e+00
     vertex  1.452330e+02 -6.778941e+01  1.510000e+00
     vertex  1.452330e+02 -7.007059e+01  1.510000e+00
   endloop
 endfacet
 facet normal  0.000000e+00  0.000000e+00  1.000000e+00
   outer loop
     vertex  1.362950e+02 -5.838795e+01  1.510000e+00
     vertex  1.342350e+02 -5.758000e+01  1.510000e+00
     vertex  1.358808e+02 -5.870579e+01  1.510000e+00
   endloop
 endfacet
 facet normal  0.000000e+00  0.000000e+00  1.000000e+00
   outer loop
     vertex  1.362950e+02 -5.838795e+01  1.510000e+00
     vertex  1.342094e+02 -5.738589e+01  1.510000e+00
     vertex  1.342350e+02 -5.758000e+01  1.510000e+00
   endloop
 endfacet
 facet normal  0.000000e+00  0.000000e+00  1.000000e+00
   outer loop
     vertex  1.367774e+02 -5.818815e+01  1.510000e+00
     vertex  1.342094e+02 -5.738589e+01  1.510000e+00
     vertex  1.362950e+02 -5.838795e+01  1.510000e+00
   endloop
 endfacet
 facet normal  0.000000e+00  0.000000e+00  1.000000e+00
   outer loop
     vertex  1.367774e+02 -5.818815e+01  1.510000e+00
     vertex  1.341345e+02 -5.720500e+01  1.510000e+00
     vertex  1.342094e+02 -5.738589e+01  1.510000e+00
   endloop
 endfacet
 facet normal  0.000000e+00  0.000000e+00  1.000000e+00
   outer loop
     vertex  1.443964e+02 -6.547355e+01  1.510000e+00
     vertex  1.443964e+02 -6.730645e+01  1.510000e+00
     vertex  1.445000e+02 -6.722699e+01  1.510000e+00
   endloop
 endfacet
 facet normal  0.000000e+00  0.000000e+00  1.000000e+00
   outer loop
     vertex  1.445000e+02 -6.555301e+01  1.510000e+00
     vertex  1.443964e+02 -6.547355e+01  1.510000e+00
     vertex  1.445000e+02 -6.722699e+01  1.510000e+00
   endloop
 endfacet
 facet normal  0.000000e+00  0.000000e+00  1.000000e+00
   outer loop
     vertex  1.443170e+02 -6.537000e+01  1.510000e+00
     vertex  1.442670e+02 -6.753059e+01  1.510000e+00
     vertex  1.443170e+02 -6.741000e+01  1.510000e+00
   endloop
 endfacet
 facet normal  0.000000e+00  0.000000e+00  1.000000e+00
   outer loop
     vertex  1.443170e+02 -6.537000e+01  1.510000e+00
     vertex  1.443170e+02 -6.741000e+01  1.510000e+00
     vertex  1.443964e+02 -6.730645e+01  1.510000e+00
   endloop
 endfacet
 facet normal  0.000000e+00  0.000000e+00  1.000000e+00
   outer loop
     vertex  1.443170e+02 -6.537000e+01  1.510000e+00
     vertex  1.443964e+02 -6.730645e+01  1.510000e+00
     vertex  1.443964e+02 -6.547355e+01  1.510000e+00
   endloop
 endfacet
 facet normal  0.000000e+00  0.000000e+00  1.000000e+00
   outer loop
     vertex  1.446206e+02 -6.560296e+01  1.510000e+00
     vertex  1.445000e+02 -6.722699e+01  1.510000e+00
     vertex  1.446206e+02 -6.717704e+01  1.510000e+00
   endloop
 endfacet
 facet normal  0.000000e+00  0.000000e+00  1.000000e+00
   outer loop
     vertex  1.446206e+02 -6.560296e+01  1.510000e+00
     vertex  1.445000e+02 -6.555301e+01  1.510000e+00
     vertex  1.445000e+02 -6.722699e+01  1.510000e+00
   endloop
 endfacet
 facet normal  0.000000e+00  0.000000e+00  1.000000e+00
   outer loop
     vertex  1.442670e+02 -6.524941e+01  1.510000e+00
     vertex  1.378126e+02 -6.205185e+01  1.510000e+00
     vertex  1.442670e+02 -6.753059e+01  1.510000e+00
   endloop
 endfacet
 facet normal  0.000000e+00  0.000000e+00  1.000000e+00
   outer loop
     vertex  1.442670e+02 -6.524941e+01  1.510000e+00
     vertex  1.442670e+02 -6.753059e+01  1.510000e+00
     vertex  1.443170e+02 -6.537000e+01  1.510000e+00
   endloop
 endfacet
 facet normal  0.000000e+00  0.000000e+00  1.000000e+00
   outer loop
     vertex  1.442670e+02 -6.524941e+01  1.510000e+00
     vertex  1.382950e+02 -6.185205e+01  1.510000e+00
     vertex  1.378126e+02 -6.205185e+01  1.510000e+00
   endloop
 endfacet
 facet normal  0.000000e+00  0.000000e+00  1.000000e+00
   outer loop
     vertex  1.447500e+02 -6.562000e+01  1.510000e+00
     vertex  1.446206e+02 -6.717704e+01  1.510000e+00
     vertex  1.447500e+02 -6.716000e+01  1.510000e+00
   endloop
 endfacet
 facet normal  0.000000e+00  0.000000e+00  1.000000e+00
   outer loop
     vertex  1.447500e+02 -6.562000e+01  1.510000e+00
     vertex  1.446206e+02 -6.560296e+01  1.510000e+00
     vertex  1.446206e+02 -6.717704e+01  1.510000e+00
   endloop
 endfacet
 facet normal  0.000000e+00  0.000000e+00  1.000000e+00
   outer loop
     vertex  1.442500e+02 -6.512000e+01  1.510000e+00
     vertex  1.382950e+02 -6.185205e+01  1.510000e+00
     vertex  1.442670e+02 -6.524941e+01  1.510000e+00
   endloop
 endfacet
 facet normal  0.000000e+00  0.000000e+00  1.000000e+00
   outer loop
     vertex  1.442670e+02 -6.499059e+01  1.510000e+00
     vertex  1.382950e+02 -6.185205e+01  1.510000e+00
     vertex  1.442500e+02 -6.512000e+01  1.510000e+00
   endloop
 endfacet
 facet normal  0.000000e+00  0.000000e+00  1.000000e+00
   outer loop
     vertex  1.442670e+02 -6.499059e+01  1.510000e+00
     vertex  1.387092e+02 -6.153421e+01  1.510000e+00
     vertex  1.382950e+02 -6.185205e+01  1.510000e+00
   endloop
 endfacet
 facet normal  0.000000e+00  0.000000e+00  1.000000e+00
   outer loop
     vertex  1.448794e+02 -6.560296e+01  1.510000e+00
     vertex  1.447500e+02 -6.716000e+01  1.510000e+00
     vertex  1.448794e+02 -6.717704e+01  1.510000e+00
   endloop
 endfacet
 facet normal  0.000000e+00  0.000000e+00  1.000000e+00
   outer loop
     vertex  1.448794e+02 -6.560296e+01  1.510000e+00
     vertex  1.447500e+02 -6.562000e+01  1.510000e+00
     vertex  1.447500e+02 -6.716000e+01  1.510000e+00
   endloop
 endfacet
 facet normal  0.000000e+00  0.000000e+00  1.000000e+00
   outer loop
     vertex  1.450000e+02 -6.555301e+01  1.510000e+00
     vertex  1.448794e+02 -6.717704e+01  1.510000e+00
     vertex  1.450000e+02 -6.722699e+01  1.510000e+00
   endloop
 endfacet
 facet normal  0.000000e+00  0.000000e+00  1.000000e+00
   outer loop
     vertex  1.450000e+02 -6.555301e+01  1.510000e+00
     vertex  1.448794e+02 -6.560296e+01  1.510000e+00
     vertex  1.448794e+02 -6.717704e+01  1.510000e+00
   endloop
 endfacet
 facet normal  0.000000e+00  0.000000e+00  1.000000e+00
   outer loop
     vertex  1.451036e+02 -6.547355e+01  1.510000e+00
     vertex  1.450000e+02 -6.555301e+01  1.510000e+00
     vertex  1.450000e+02 -6.722699e+01  1.510000e+00
   endloop
 endfacet
 facet normal  0.000000e+00  0.000000e+00  1.000000e+00
   outer loop
     vertex  1.451036e+02 -6.547355e+01  1.510000e+00
     vertex  1.450000e+02 -6.722699e+01  1.510000e+00
     vertex  1.451036e+02 -6.730645e+01  1.510000e+00
   endloop
 endfacet
 facet normal  0.000000e+00  0.000000e+00  1.000000e+00
   outer loop
     vertex  1.451830e+02 -6.537000e+01  1.510000e+00
     vertex  1.451036e+02 -6.547355e+01  1.510000e+00
     vertex  1.451036e+02 -6.730645e+01  1.510000e+00
   endloop
 endfacet
 facet normal  0.000000e+00  0.000000e+00  1.000000e+00
   outer loop
     vertex  1.451830e+02 -6.537000e+01  1.510000e+00
     vertex  1.451036e+02 -6.730645e+01  1.510000e+00
     vertex  1.451830e+02 -6.741000e+01  1.510000e+00
   endloop
 endfacet
 facet normal  0.000000e+00  0.000000e+00  1.000000e+00
   outer loop
     vertex  1.452330e+02 -6.524941e+01  1.510000e+00
     vertex  1.451830e+02 -6.537000e+01  1.510000e+00
     vertex  1.451830e+02 -6.741000e+01  1.510000e+00
   endloop
 endfacet
 facet normal  0.000000e+00  0.000000e+00  1.000000e+00
   outer loop
     vertex  1.452330e+02 -6.524941e+01  1.510000e+00
     vertex  1.451830e+02 -6.741000e+01  1.510000e+00
     vertex  1.452330e+02 -6.753059e+01  1.510000e+00
   endloop
 endfacet
 facet normal  0.000000e+00  0.000000e+00  1.000000e+00
   outer loop
     vertex  1.452500e+02 -6.512000e+01  1.510000e+00
     vertex  1.452330e+02 -6.524941e+01  1.510000e+00
     vertex  1.452330e+02 -6.753059e+01  1.510000e+00
   endloop
 endfacet
 facet normal  0.000000e+00  0.000000e+00  1.000000e+00
   outer loop
     vertex  1.452500e+02 -6.512000e+01  1.510000e+00
     vertex  1.452330e+02 -6.753059e+01  1.510000e+00
     vertex  1.452500e+02 -6.766000e+01  1.510000e+00
   endloop
 endfacet
 facet normal  0.000000e+00  0.000000e+00  1.000000e+00
   outer loop
     vertex  1.419500e+02 -6.085612e+01  1.510000e+00
     vertex  1.417740e+02 -6.072104e+01  1.510000e+00
     vertex  1.390271e+02 -6.112000e+01  1.510000e+00
   endloop
 endfacet
 facet normal  0.000000e+00  0.000000e+00  1.000000e+00
   outer loop
     vertex  1.419500e+02 -6.085612e+01  1.510000e+00
     vertex  1.390271e+02 -6.112000e+01  1.510000e+00
     vertex  1.387092e+02 -6.153421e+01  1.510000e+00
   endloop
 endfacet
 facet normal  0.000000e+00  0.000000e+00  1.000000e+00
   outer loop
     vertex  1.416389e+02 -6.054500e+01  1.510000e+00
     vertex  1.390271e+02 -6.112000e+01  1.510000e+00
     vertex  1.417740e+02 -6.072104e+01  1.510000e+00
   endloop
 endfacet
 facet normal  0.000000e+00  0.000000e+00  1.000000e+00
   outer loop
     vertex  1.416389e+02 -6.054500e+01  1.510000e+00
     vertex  1.392269e+02 -6.063764e+01  1.510000e+00
     vertex  1.390271e+02 -6.112000e+01  1.510000e+00
   endloop
 endfacet
 facet normal  0.000000e+00  0.000000e+00  1.000000e+00
   outer loop
     vertex  1.421550e+02 -6.094104e+01  1.510000e+00
     vertex  1.387092e+02 -6.153421e+01  1.510000e+00
     vertex  1.442670e+02 -6.499059e+01  1.510000e+00
   endloop
 endfacet
 facet normal  0.000000e+00  0.000000e+00  1.000000e+00
   outer loop
     vertex  1.421550e+02 -6.094104e+01  1.510000e+00
     vertex  1.419500e+02 -6.085612e+01  1.510000e+00
     vertex  1.387092e+02 -6.153421e+01  1.510000e+00
   endloop
 endfacet
 facet normal  0.000000e+00  0.000000e+00  1.000000e+00
   outer loop
     vertex  1.415540e+02 -6.034000e+01  1.510000e+00
     vertex  1.392269e+02 -6.063764e+01  1.510000e+00
     vertex  1.416389e+02 -6.054500e+01  1.510000e+00
   endloop
 endfacet
 facet normal  0.000000e+00  0.000000e+00  1.000000e+00
   outer loop
     vertex  1.415540e+02 -6.034000e+01  1.510000e+00
     vertex  1.392950e+02 -6.012000e+01  1.510000e+00
     vertex  1.392269e+02 -6.063764e+01  1.510000e+00
   endloop
 endfacet
 facet normal  0.000000e+00  0.000000e+00  1.000000e+00
   outer loop
     vertex  1.415250e+02 -6.012000e+01  1.510000e+00
     vertex  1.392950e+02 -6.012000e+01  1.510000e+00
     vertex  1.415540e+02 -6.034000e+01  1.510000e+00
   endloop
 endfacet
 facet normal  0.000000e+00  0.000000e+00  1.000000e+00
   outer loop
     vertex  1.443964e+02 -6.293355e+01  1.510000e+00
     vertex  1.443964e+02 -6.476645e+01  1.510000e+00
     vertex  1.445000e+02 -6.468699e+01  1.510000e+00
   endloop
 endfacet
 facet normal  0.000000e+00  0.000000e+00  1.000000e+00
   outer loop
     vertex  1.445000e+02 -6.301301e+01  1.510000e+00
     vertex  1.443964e+02 -6.293355e+01  1.510000e+00
     vertex  1.445000e+02 -6.468699e+01  1.510000e+00
   endloop
 endfacet
 facet normal  0.000000e+00  0.000000e+00  1.000000e+00
   outer loop
     vertex  1.443170e+02 -6.283000e+01  1.510000e+00
     vertex  1.443964e+02 -6.476645e+01  1.510000e+00
     vertex  1.443964e+02 -6.293355e+01  1.510000e+00
   endloop
 endfacet
 facet normal  0.000000e+00  0.000000e+00  1.000000e+00
   outer loop
     vertex  1.443170e+02 -6.283000e+01  1.510000e+00
     vertex  1.442670e+02 -6.499059e+01  1.510000e+00
     vertex  1.443170e+02 -6.487000e+01  1.510000e+00
   endloop
 endfacet
 facet normal  0.000000e+00  0.000000e+00  1.000000e+00
   outer loop
     vertex  1.443170e+02 -6.283000e+01  1.510000e+00
     vertex  1.443170e+02 -6.487000e+01  1.510000e+00
     vertex  1.443964e+02 -6.476645e+01  1.510000e+00
   endloop
 endfacet
 facet normal  0.000000e+00  0.000000e+00  1.000000e+00
   outer loop
     vertex  1.446206e+02 -6.306296e+01  1.510000e+00
     vertex  1.445000e+02 -6.301301e+01  1.510000e+00
     vertex  1.445000e+02 -6.468699e+01  1.510000e+00
   endloop
 endfacet
 facet normal  0.000000e+00  0.000000e+00  1.000000e+00
   outer loop
     vertex  1.446206e+02 -6.306296e+01  1.510000e+00
     vertex  1.445000e+02 -6.468699e+01  1.510000e+00
     vertex  1.446206e+02 -6.463704e+01  1.510000e+00
   endloop
 endfacet
 facet normal  0.000000e+00  0.000000e+00  1.000000e+00
   outer loop
     vertex  1.446206e+02 -6.306296e+01  1.510000e+00
     vertex  1.446206e+02 -6.463704e+01  1.510000e+00
     vertex  1.447500e+02 -6.462000e+01  1.510000e+00
   endloop
 endfacet
 facet normal  0.000000e+00  0.000000e+00  1.000000e+00
   outer loop
     vertex  1.442670e+02 -6.270941e+01  1.510000e+00
     vertex  1.442670e+02 -6.499059e+01  1.510000e+00
     vertex  1.443170e+02 -6.283000e+01  1.510000e+00
   endloop
 endfacet
 facet normal  0.000000e+00  0.000000e+00  1.000000e+00
   outer loop
     vertex  1.442670e+02 -6.270941e+01  1.510000e+00
     vertex  1.423750e+02 -6.097000e+01  1.510000e+00
     vertex  1.421550e+02 -6.094104e+01  1.510000e+00
   endloop
 endfacet
 facet normal  0.000000e+00  0.000000e+00  1.000000e+00
   outer loop
     vertex  1.442670e+02 -6.270941e+01  1.510000e+00
     vertex  1.421550e+02 -6.094104e+01  1.510000e+00
     vertex  1.442670e+02 -6.499059e+01  1.510000e+00
   endloop
 endfacet
 facet normal  0.000000e+00  0.000000e+00  1.000000e+00
   outer loop
     vertex  1.415540e+02 -5.990000e+01  1.510000e+00
     vertex  1.392950e+02 -6.012000e+01  1.510000e+00
     vertex  1.415250e+02 -6.012000e+01  1.510000e+00
   endloop
 endfacet
 facet normal  0.000000e+00  0.000000e+00  1.000000e+00
   outer loop
     vertex  1.415540e+02 -5.990000e+01  1.510000e+00
     vertex  1.392269e+02 -5.960236e+01  1.510000e+00
     vertex  1.392950e+02 -6.012000e+01  1.510000e+00
   endloop
 endfacet
 facet normal  0.000000e+00  0.000000e+00  1.000000e+00
   outer loop
     vertex  1.447500e+02 -6.308000e+01  1.510000e+00
     vertex  1.446206e+02 -6.306296e+01  1.510000e+00
     vertex  1.447500e+02 -6.462000e+01  1.510000e+00
   endloop
 endfacet
 facet normal  0.000000e+00  0.000000e+00  1.000000e+00
   outer loop
     vertex  1.442500e+02 -6.258000e+01  1.510000e+00
     vertex  1.425950e+02 -6.094104e+01  1.510000e+00
     vertex  1.423750e+02 -6.097000e+01  1.510000e+00
   endloop
 endfacet
 facet normal  0.000000e+00  0.000000e+00  1.000000e+00
   outer loop
     vertex  1.442500e+02 -6.258000e+01  1.510000e+00
     vertex  1.423750e+02 -6.097000e+01  1.510000e+00
     vertex  1.442670e+02 -6.270941e+01  1.510000e+00
   endloop
 endfacet
 facet normal  0.000000e+00  0.000000e+00  1.000000e+00
   outer loop
     vertex  1.442670e+02 -6.245059e+01  1.510000e+00
     vertex  1.425950e+02 -6.094104e+01  1.510000e+00
     vertex  1.442500e+02 -6.258000e+01  1.510000e+00
   endloop
 endfacet
 facet normal  0.000000e+00  0.000000e+00  1.000000e+00
   outer loop
     vertex  1.448794e+02 -6.306296e+01  1.510000e+00
     vertex  1.447500e+02 -6.308000e+01  1.510000e+00
     vertex  1.447500e+02 -6.462000e+01  1.510000e+00
   endloop
 endfacet
 facet normal  0.000000e+00  0.000000e+00  1.000000e+00
   outer loop
     vertex  1.448794e+02 -6.306296e+01  1.510000e+00
     vertex  1.447500e+02 -6.462000e+01  1.510000e+00
     vertex  1.448794e+02 -6.463704e+01  1.510000e+00
   endloop
 endfacet
 facet normal  0.000000e+00  0.000000e+00  1.000000e+00
   outer loop
     vertex  1.416389e+02 -5.969500e+01  1.510000e+00
     vertex  1.392269e+02 -5.960236e+01  1.510000e+00
     vertex  1.415540e+02 -5.990000e+01  1.510000e+00
   endloop
 endfacet
 facet normal  0.000000e+00  0.000000e+00  1.000000e+00
   outer loop
     vertex  1.416389e+02 -5.969500e+01  1.510000e+00
     vertex  1.390271e+02 -5.912000e+01  1.510000e+00
     vertex  1.392269e+02 -5.960236e+01  1.510000e+00
   endloop
 endfacet
 facet normal  0.000000e+00  0.000000e+00  1.000000e+00
   outer loop
     vertex  1.428000e+02 -6.085612e+01  1.510000e+00
     vertex  1.425950e+02 -6.094104e+01  1.510000e+00
     vertex  1.442670e+02 -6.245059e+01  1.510000e+00
   endloop
 endfacet
 facet normal  0.000000e+00  0.000000e+00  1.000000e+00
   outer loop
     vertex  1.450000e+02 -6.301301e+01  1.510000e+00
     vertex  1.448794e+02 -6.306296e+01  1.510000e+00
     vertex  1.448794e+02 -6.463704e+01  1.510000e+00
   endloop
 endfacet
 facet normal  0.000000e+00  0.000000e+00  1.000000e+00
   outer loop
     vertex  1.450000e+02 -6.301301e+01  1.510000e+00
     vertex  1.448794e+02 -6.463704e+01  1.510000e+00
     vertex  1.450000e+02 -6.468699e+01  1.510000e+00
   endloop
 endfacet
 facet normal  0.000000e+00  0.000000e+00  1.000000e+00
   outer loop
     vertex  1.443170e+02 -6.233000e+01  1.510000e+00
     vertex  1.428000e+02 -6.085612e+01  1.510000e+00
     vertex  1.442670e+02 -6.245059e+01  1.510000e+00
   endloop
 endfacet
 facet normal  0.000000e+00  0.000000e+00  1.000000e+00
   outer loop
     vertex  1.443964e+02 -6.222645e+01  1.510000e+00
     vertex  1.428000e+02 -6.085612e+01  1.510000e+00
     vertex  1.443170e+02 -6.233000e+01  1.510000e+00
   endloop
 endfacet
 facet normal  0.000000e+00  0.000000e+00  1.000000e+00
   outer loop
     vertex  1.451036e+02 -6.293355e+01  1.510000e+00
     vertex  1.450000e+02 -6.301301e+01  1.510000e+00
     vertex  1.450000e+02 -6.468699e+01  1.510000e+00
   endloop
 endfacet
 facet normal  0.000000e+00  0.000000e+00  1.000000e+00
   outer loop
     vertex  1.451036e+02 -6.293355e+01  1.510000e+00
     vertex  1.450000e+02 -6.468699e+01  1.510000e+00
     vertex  1.451036e+02 -6.476645e+01  1.510000e+00
   endloop
 endfacet
 facet normal  0.000000e+00  0.000000e+00  1.000000e+00
   outer loop
     vertex  1.429760e+02 -6.072104e+01  1.510000e+00
     vertex  1.428000e+02 -6.085612e+01  1.510000e+00
     vertex  1.443964e+02 -6.222645e+01  1.510000e+00
   endloop
 endfacet
 facet normal  0.000000e+00  0.000000e+00  1.000000e+00
   outer loop
     vertex  1.417740e+02 -5.951896e+01  1.510000e+00
     vertex  1.390271e+02 -5.912000e+01  1.510000e+00
     vertex  1.416389e+02 -5.969500e+01  1.510000e+00
   endloop
 endfacet
 facet normal  0.000000e+00  0.000000e+00  1.000000e+00
   outer loop
     vertex  1.451830e+02 -6.283000e+01  1.510000e+00
     vertex  1.451036e+02 -6.293355e+01  1.510000e+00
     vertex  1.451036e+02 -6.476645e+01  1.510000e+00
   endloop
 endfacet
 facet normal  0.000000e+00  0.000000e+00  1.000000e+00
   outer loop
     vertex  1.451830e+02 -6.283000e+01  1.510000e+00
     vertex  1.451036e+02 -6.476645e+01  1.510000e+00
     vertex  1.451830e+02 -6.487000e+01  1.510000e+00
   endloop
 endfacet
 facet normal  0.000000e+00  0.000000e+00  1.000000e+00
   outer loop
     vertex  1.445000e+02 -6.214699e+01  1.510000e+00
     vertex  1.429760e+02 -6.072104e+01  1.510000e+00
     vertex  1.443964e+02 -6.222645e+01  1.510000e+00
   endloop
 endfacet
 facet normal  0.000000e+00  0.000000e+00  1.000000e+00
   outer loop
     vertex  1.452330e+02 -6.270941e+01  1.510000e+00
     vertex  1.451830e+02 -6.283000e+01  1.510000e+00
     vertex  1.451830e+02 -6.487000e+01  1.510000e+00
   endloop
 endfacet
 facet normal  0.000000e+00  0.000000e+00  1.000000e+00
   outer loop
     vertex  1.452330e+02 -6.270941e+01  1.510000e+00
     vertex  1.451830e+02 -6.487000e+01  1.510000e+00
     vertex  1.452330e+02 -6.499059e+01  1.510000e+00
   endloop
 endfacet
 facet normal  0.000000e+00  0.000000e+00  1.000000e+00
   outer loop
     vertex  1.419500e+02 -5.938388e+01  1.510000e+00
     vertex  1.390271e+02 -5.912000e+01  1.510000e+00
     vertex  1.417740e+02 -5.951896e+01  1.510000e+00
   endloop
 endfacet
 facet normal  0.000000e+00  0.000000e+00  1.000000e+00
   outer loop
     vertex  1.452500e+02 -6.258000e+01  1.510000e+00
     vertex  1.452330e+02 -6.270941e+01  1.510000e+00
     vertex  1.452330e+02 -6.499059e+01  1.510000e+00
   endloop
 endfacet
 facet normal  0.000000e+00  0.000000e+00  1.000000e+00
   outer loop
     vertex  1.452500e+02 -6.258000e+01  1.510000e+00
     vertex  1.452330e+02 -6.499059e+01  1.510000e+00
     vertex  1.452500e+02 -6.512000e+01  1.510000e+00
   endloop
 endfacet
 facet normal  0.000000e+00  0.000000e+00  1.000000e+00
   outer loop
     vertex  1.394600e+02 -5.568952e+01  1.510000e+00
     vertex  1.378126e+02 -5.818815e+01  1.510000e+00
     vertex  1.382950e+02 -5.838795e+01  1.510000e+00
   endloop
 endfacet
 facet normal  0.000000e+00  0.000000e+00  1.000000e+00
   outer loop
     vertex  1.394600e+02 -5.568952e+01  1.510000e+00
     vertex  1.393047e+02 -5.557033e+01  1.510000e+00
     vertex  1.378126e+02 -5.818815e+01  1.510000e+00
   endloop
 endfacet
 facet normal  0.000000e+00  0.000000e+00  1.000000e+00
   outer loop
     vertex  1.391855e+02 -5.541500e+01  1.510000e+00
     vertex  1.372950e+02 -5.812000e+01  1.510000e+00
     vertex  1.378126e+02 -5.818815e+01  1.510000e+00
   endloop
 endfacet
 facet normal  0.000000e+00  0.000000e+00  1.000000e+00
   outer loop
     vertex  1.391855e+02 -5.541500e+01  1.510000e+00
     vertex  1.378126e+02 -5.818815e+01  1.510000e+00
     vertex  1.393047e+02 -5.557033e+01  1.510000e+00
   endloop
 endfacet
 facet normal  0.000000e+00  0.000000e+00  1.000000e+00
   outer loop
     vertex  1.396409e+02 -5.576444e+01  1.510000e+00
     vertex  1.394600e+02 -5.568952e+01  1.510000e+00
     vertex  1.382950e+02 -5.838795e+01  1.510000e+00
   endloop
 endfacet
 facet normal  0.000000e+00  0.000000e+00  1.000000e+00
   outer loop
     vertex  1.396409e+02 -5.576444e+01  1.510000e+00
     vertex  1.382950e+02 -5.838795e+01  1.510000e+00
     vertex  1.387092e+02 -5.870579e+01  1.510000e+00
   endloop
 endfacet
 facet normal  0.000000e+00  0.000000e+00  1.000000e+00
   outer loop
     vertex  1.391106e+02 -5.523411e+01  1.510000e+00
     vertex  1.372950e+02 -5.812000e+01  1.510000e+00
     vertex  1.391855e+02 -5.541500e+01  1.510000e+00
   endloop
 endfacet
 facet normal  0.000000e+00  0.000000e+00  1.000000e+00
   outer loop
     vertex  1.391106e+02 -5.523411e+01  1.510000e+00
     vertex  1.367774e+02 -5.818815e+01  1.510000e+00
     vertex  1.372950e+02 -5.812000e+01  1.510000e+00
   endloop
 endfacet
 facet normal  0.000000e+00  0.000000e+00  1.000000e+00
   outer loop
     vertex  1.445000e+02 -6.047301e+01  1.510000e+00
     vertex  1.431111e+02 -6.054500e+01  1.510000e+00
     vertex  1.429760e+02 -6.072104e+01  1.510000e+00
   endloop
 endfacet
 facet normal  0.000000e+00  0.000000e+00  1.000000e+00
   outer loop
     vertex  1.445000e+02 -6.047301e+01  1.510000e+00
     vertex  1.443964e+02 -6.039355e+01  1.510000e+00
     vertex  1.431111e+02 -6.054500e+01  1.510000e+00
   endloop
 endfacet
 facet normal  0.000000e+00  0.000000e+00  1.000000e+00
   outer loop
     vertex  1.445000e+02 -6.047301e+01  1.510000e+00
     vertex  1.429760e+02 -6.072104e+01  1.510000e+00
     vertex  1.445000e+02 -6.214699e+01  1.510000e+00
   endloop
 endfacet
 facet normal  0.000000e+00  0.000000e+00  1.000000e+00
   outer loop
     vertex  1.443170e+02 -6.029000e+01  1.510000e+00
     vertex  1.431960e+02 -6.034000e+01  1.510000e+00
     vertex  1.431111e+02 -6.054500e+01  1.510000e+00
   endloop
 endfacet
 facet normal  0.000000e+00  0.000000e+00  1.000000e+00
   outer loop
     vertex  1.443170e+02 -6.029000e+01  1.510000e+00
     vertex  1.431111e+02 -6.054500e+01  1.510000e+00
     vertex  1.443964e+02 -6.039355e+01  1.510000e+00
   endloop
 endfacet
 facet normal  0.000000e+00  0.000000e+00  1.000000e+00
   outer loop
     vertex  1.398350e+02 -5.579000e+01  1.510000e+00
     vertex  1.396409e+02 -5.576444e+01  1.510000e+00
     vertex  1.387092e+02 -5.870579e+01  1.510000e+00
   endloop
 endfacet
 facet normal  0.000000e+00  0.000000e+00  1.000000e+00
   outer loop
     vertex  1.390850e+02 -5.504000e+01  1.510000e+00
     vertex  1.367774e+02 -5.818815e+01  1.510000e+00
     vertex  1.391106e+02 -5.523411e+01  1.510000e+00
   endloop
 endfacet
 facet normal  0.000000e+00  0.000000e+00  1.000000e+00
   outer loop
     vertex  1.390850e+02 -5.504000e+01  1.510000e+00
     vertex  1.341345e+02 -5.720500e+01  1.510000e+00
     vertex  1.367774e+02 -5.818815e+01  1.510000e+00
   endloop
 endfacet
 facet normal  0.000000e+00  0.000000e+00  1.000000e+00
   outer loop
     vertex  1.390850e+02 -5.504000e+01  1.510000e+00
     vertex  1.340153e+02 -5.704967e+01  1.510000e+00
     vertex  1.341345e+02 -5.720500e+01  1.510000e+00
   endloop
 endfacet
 facet normal  0.000000e+00  0.000000e+00  1.000000e+00
   outer loop
     vertex  1.446206e+02 -6.052296e+01  1.510000e+00
     vertex  1.445000e+02 -6.214699e+01  1.510000e+00
     vertex  1.446206e+02 -6.209704e+01  1.510000e+00
   endloop
 endfacet
 facet normal  0.000000e+00  0.000000e+00  1.000000e+00
   outer loop
     vertex  1.446206e+02 -6.052296e+01  1.510000e+00
     vertex  1.445000e+02 -6.047301e+01  1.510000e+00
     vertex  1.445000e+02 -6.214699e+01  1.510000e+00
   endloop
 endfacet
 facet normal  0.000000e+00  0.000000e+00  1.000000e+00
   outer loop
     vertex  1.442670e+02 -6.016941e+01  1.510000e+00
     vertex  1.432250e+02 -6.012000e+01  1.510000e+00
     vertex  1.431960e+02 -6.034000e+01  1.510000e+00
   endloop
 endfacet
 facet normal  0.000000e+00  0.000000e+00  1.000000e+00
   outer loop
     vertex  1.442670e+02 -6.016941e+01  1.510000e+00
     vertex  1.431960e+02 -6.034000e+01  1.510000e+00
     vertex  1.443170e+02 -6.029000e+01  1.510000e+00
   endloop
 endfacet
 facet normal  0.000000e+00  0.000000e+00  1.000000e+00
   outer loop
     vertex  1.447500e+02 -6.054000e+01  1.510000e+00
     vertex  1.446206e+02 -6.209704e+01  1.510000e+00
     vertex  1.447500e+02 -6.208000e+01  1.510000e+00
   endloop
 endfacet
 facet normal  0.000000e+00  0.000000e+00  1.000000e+00
   outer loop
     vertex  1.447500e+02 -6.054000e+01  1.510000e+00
     vertex  1.446206e+02 -6.052296e+01  1.510000e+00
     vertex  1.446206e+02 -6.209704e+01  1.510000e+00
   endloop
 endfacet
 facet normal  0.000000e+00  0.000000e+00  1.000000e+00
   outer loop
     vertex  1.442500e+02 -6.004000e+01  1.510000e+00
     vertex  1.431960e+02 -5.990000e+01  1.510000e+00
     vertex  1.432250e+02 -6.012000e+01  1.510000e+00
   endloop
 endfacet
 facet normal  0.000000e+00  0.000000e+00  1.000000e+00
   outer loop
     vertex  1.442500e+02 -6.004000e+01  1.510000e+00
     vertex  1.432250e+02 -6.012000e+01  1.510000e+00
     vertex  1.442670e+02 -6.016941e+01  1.510000e+00
   endloop
 endfacet
 facet normal  0.000000e+00  0.000000e+00  1.000000e+00
   outer loop
     vertex  1.391106e+02 -5.484589e+01  1.510000e+00
     vertex  1.340153e+02 -5.704967e+01  1.510000e+00
     vertex  1.390850e+02 -5.504000e+01  1.510000e+00
   endloop
 endfacet
 facet normal  0.000000e+00  0.000000e+00  1.000000e+00
   outer loop
     vertex  1.391106e+02 -5.484589e+01  1.510000e+00
     vertex  1.338600e+02 -5.693048e+01  1.510000e+00
     vertex  1.340153e+02 -5.704967e+01  1.510000e+00
   endloop
 endfacet
 facet normal  0.000000e+00  0.000000e+00  1.000000e+00
   outer loop
     vertex  1.400291e+02 -5.576444e+01  1.510000e+00
     vertex  1.390271e+02 -5.912000e+01  1.510000e+00
     vertex  1.419500e+02 -5.938388e+01  1.510000e+00
   endloop
 endfacet
 facet normal  0.000000e+00  0.000000e+00  1.000000e+00
   outer loop
     vertex  1.400291e+02 -5.576444e+01  1.510000e+00
     vertex  1.398350e+02 -5.579000e+01  1.510000e+00
     vertex  1.387092e+02 -5.870579e+01  1.510000e+00
   endloop
 endfacet
 facet normal  0.000000e+00  0.000000e+00  1.000000e+00
   outer loop
     vertex  1.400291e+02 -5.576444e+01  1.510000e+00
     vertex  1.387092e+02 -5.870579e+01  1.510000e+00
     vertex  1.390271e+02 -5.912000e+01  1.510000e+00
   endloop
 endfacet
 facet normal  0.000000e+00  0.000000e+00  1.000000e+00
   outer loop
     vertex  1.442670e+02 -5.991059e+01  1.510000e+00
     vertex  1.431960e+02 -5.990000e+01  1.510000e+00
     vertex  1.442500e+02 -6.004000e+01  1.510000e+00
   endloop
 endfacet
 facet normal  0.000000e+00  0.000000e+00  1.000000e+00
   outer loop
     vertex  1.448794e+02 -6.052296e+01  1.510000e+00
     vertex  1.447500e+02 -6.208000e+01  1.510000e+00
     vertex  1.448794e+02 -6.209704e+01  1.510000e+00
   endloop
 endfacet
 facet normal  0.000000e+00  0.000000e+00  1.000000e+00
   outer loop
     vertex  1.448794e+02 -6.052296e+01  1.510000e+00
     vertex  1.447500e+02 -6.054000e+01  1.510000e+00
     vertex  1.447500e+02 -6.208000e+01  1.510000e+00
   endloop
 endfacet
 facet normal  0.000000e+00  0.000000e+00  1.000000e+00
   outer loop
     vertex  1.402100e+02 -5.568952e+01  1.510000e+00
     vertex  1.400291e+02 -5.576444e+01  1.510000e+00
     vertex  1.419500e+02 -5.938388e+01  1.510000e+00
   endloop
 endfacet
 facet normal  0.000000e+00  0.000000e+00  1.000000e+00
   outer loop
     vertex  1.402100e+02 -5.568952e+01  1.510000e+00
     vertex  1.419500e+02 -5.938388e+01  1.510000e+00
     vertex  1.421550e+02 -5.929896e+01  1.510000e+00
   endloop
 endfacet
 facet normal  0.000000e+00  0.000000e+00  1.000000e+00
   outer loop
     vertex  1.391855e+02 -5.466500e+01  1.510000e+00
     vertex  1.338600e+02 -5.693048e+01  1.510000e+00
     vertex  1.391106e+02 -5.484589e+01  1.510000e+00
   endloop
 endfacet
 facet normal  0.000000e+00  0.000000e+00  1.000000e+00
   outer loop
     vertex  1.391855e+02 -5.466500e+01  1.510000e+00
     vertex  1.298536e+02 -5.460645e+01  1.510000e+00
     vertex  1.336791e+02 -5.685556e+01  1.510000e+00
   endloop
 endfacet
 facet normal  0.000000e+00  0.000000e+00  1.000000e+00
   outer loop
     vertex  1.391855e+02 -5.466500e+01  1.510000e+00
     vertex  1.336791e+02 -5.685556e+01  1.510000e+00
     vertex  1.338600e+02 -5.693048e+01  1.510000e+00
   endloop
 endfacet
 facet normal  0.000000e+00  0.000000e+00  1.000000e+00
   outer loop
     vertex  1.450000e+02 -6.047301e+01  1.510000e+00
     vertex  1.448794e+02 -6.209704e+01  1.510000e+00
     vertex  1.450000e+02 -6.214699e+01  1.510000e+00
   endloop
 endfacet
 facet normal  0.000000e+00  0.000000e+00  1.000000e+00
   outer loop
     vertex  1.450000e+02 -6.047301e+01  1.510000e+00
     vertex  1.448794e+02 -6.052296e+01  1.510000e+00
     vertex  1.448794e+02 -6.209704e+01  1.510000e+00
   endloop
 endfacet
 facet normal  0.000000e+00  0.000000e+00  1.000000e+00
   outer loop
     vertex  1.443170e+02 -5.979000e+01  1.510000e+00
     vertex  1.431111e+02 -5.969500e+01  1.510000e+00
     vertex  1.431960e+02 -5.990000e+01  1.510000e+00
   endloop
 endfacet
 facet normal  0.000000e+00  0.000000e+00  1.000000e+00
   outer loop
     vertex  1.443170e+02 -5.979000e+01  1.510000e+00
     vertex  1.431960e+02 -5.990000e+01  1.510000e+00
     vertex  1.442670e+02 -5.991059e+01  1.510000e+00
   endloop
 endfacet
 facet normal  0.000000e+00  0.000000e+00  1.000000e+00
   outer loop
     vertex  1.443964e+02 -5.968645e+01  1.510000e+00
     vertex  1.429760e+02 -5.951896e+01  1.510000e+00
     vertex  1.431111e+02 -5.969500e+01  1.510000e+00
   endloop
 endfacet
 facet normal  0.000000e+00  0.000000e+00  1.000000e+00
   outer loop
     vertex  1.443964e+02 -5.968645e+01  1.510000e+00
     vertex  1.431111e+02 -5.969500e+01  1.510000e+00
     vertex  1.443170e+02 -5.979000e+01  1.510000e+00
   endloop
 endfacet
 facet normal  0.000000e+00  0.000000e+00  1.000000e+00
   outer loop
     vertex  1.451036e+02 -6.039355e+01  1.510000e+00
     vertex  1.450000e+02 -6.214699e+01  1.510000e+00
     vertex  1.451036e+02 -6.222645e+01  1.510000e+00
   endloop
 endfacet
 facet normal  0.000000e+00  0.000000e+00  1.000000e+00
   outer loop
     vertex  1.451036e+02 -6.039355e+01  1.510000e+00
     vertex  1.450000e+02 -6.047301e+01  1.510000e+00
     vertex  1.450000e+02 -6.214699e+01  1.510000e+00
   endloop
 endfacet
 facet normal  0.000000e+00  0.000000e+00  1.000000e+00
   outer loop
     vertex  1.393047e+02 -5.450967e+01  1.510000e+00
     vertex  1.298536e+02 -5.460645e+01  1.510000e+00
     vertex  1.391855e+02 -5.466500e+01  1.510000e+00
   endloop
 endfacet
 facet normal  0.000000e+00  0.000000e+00  1.000000e+00
   outer loop
     vertex  1.393047e+02 -5.450967e+01  1.510000e+00
     vertex  1.297500e+02 -5.452699e+01  1.510000e+00
     vertex  1.298536e+02 -5.460645e+01  1.510000e+00
   endloop
 endfacet
 facet normal  0.000000e+00  0.000000e+00  1.000000e+00
   outer loop
     vertex  1.403653e+02 -5.557033e+01  1.510000e+00
     vertex  1.421550e+02 -5.929896e+01  1.510000e+00
     vertex  1.423750e+02 -5.927000e+01  1.510000e+00
   endloop
 endfacet
 facet normal  0.000000e+00  0.000000e+00  1.000000e+00
   outer loop
     vertex  1.403653e+02 -5.557033e+01  1.510000e+00
     vertex  1.402100e+02 -5.568952e+01  1.510000e+00
     vertex  1.421550e+02 -5.929896e+01  1.510000e+00
   endloop
 endfacet
 facet normal  0.000000e+00  0.000000e+00  1.000000e+00
   outer loop
     vertex  1.445000e+02 -5.960699e+01  1.510000e+00
     vertex  1.429760e+02 -5.951896e+01  1.510000e+00
     vertex  1.443964e+02 -5.968645e+01  1.510000e+00
   endloop
 endfacet
 facet normal  0.000000e+00  0.000000e+00  1.000000e+00
   outer loop
     vertex  1.451830e+02 -6.029000e+01  1.510000e+00
     vertex  1.451036e+02 -6.222645e+01  1.510000e+00
     vertex  1.451830e+02 -6.233000e+01  1.510000e+00
   endloop
 endfacet
 facet normal  0.000000e+00  0.000000e+00  1.000000e+00
   outer loop
     vertex  1.451830e+02 -6.029000e+01  1.510000e+00
     vertex  1.451830e+02 -6.233000e+01  1.510000e+00
     vertex  1.452330e+02 -6.245059e+01  1.510000e+00
   endloop
 endfacet
 facet normal  0.000000e+00  0.000000e+00  1.000000e+00
   outer loop
     vertex  1.451830e+02 -6.029000e+01  1.510000e+00
     vertex  1.451036e+02 -6.039355e+01  1.510000e+00
     vertex  1.451036e+02 -6.222645e+01  1.510000e+00
   endloop
 endfacet
 facet normal  0.000000e+00  0.000000e+00  1.000000e+00
   outer loop
     vertex  1.452330e+02 -6.016941e+01  1.510000e+00
     vertex  1.451830e+02 -6.029000e+01  1.510000e+00
     vertex  1.452330e+02 -6.245059e+01  1.510000e+00
   endloop
 endfacet
 facet normal  0.000000e+00  0.000000e+00  1.000000e+00
   outer loop
     vertex  1.394600e+02 -5.439048e+01  1.510000e+00
     vertex  1.260000e+02 -4.950000e+01  1.510000e+00
     vertex  1.297500e+02 -5.452699e+01  1.510000e+00
   endloop
 endfacet
 facet normal  0.000000e+00  0.000000e+00  1.000000e+00
   outer loop
     vertex  1.394600e+02 -5.439048e+01  1.510000e+00
     vertex  1.297500e+02 -5.452699e+01  1.510000e+00
     vertex  1.393047e+02 -5.450967e+01  1.510000e+00
   endloop
 endfacet
 facet normal  0.000000e+00  0.000000e+00  1.000000e+00
   outer loop
     vertex  1.452500e+02 -6.004000e+01  1.510000e+00
     vertex  1.452330e+02 -6.016941e+01  1.510000e+00
     vertex  1.452330e+02 -6.245059e+01  1.510000e+00
   endloop
 endfacet
 facet normal  0.000000e+00  0.000000e+00  1.000000e+00
   outer loop
     vertex  1.452500e+02 -6.004000e+01  1.510000e+00
     vertex  1.452330e+02 -6.245059e+01  1.510000e+00
     vertex  1.452500e+02 -6.258000e+01  1.510000e+00
   endloop
 endfacet
 facet normal  0.000000e+00  0.000000e+00  1.000000e+00
   outer loop
     vertex  1.396409e+02 -5.431556e+01  1.510000e+00
     vertex  1.260000e+02 -4.950000e+01  1.510000e+00
     vertex  1.394600e+02 -5.439048e+01  1.510000e+00
   endloop
 endfacet
 facet normal  0.000000e+00  0.000000e+00  1.000000e+00
   outer loop
     vertex  1.443964e+02 -5.785355e+01  1.510000e+00
     vertex  1.428000e+02 -5.938388e+01  1.510000e+00
     vertex  1.429760e+02 -5.951896e+01  1.510000e+00
   endloop
 endfacet
 facet normal  0.000000e+00  0.000000e+00  1.000000e+00
   outer loop
     vertex  1.445000e+02 -5.793301e+01  1.510000e+00
     vertex  1.429760e+02 -5.951896e+01  1.510000e+00
     vertex  1.445000e+02 -5.960699e+01  1.510000e+00
   endloop
 endfacet
 facet normal  0.000000e+00  0.000000e+00  1.000000e+00
   outer loop
     vertex  1.445000e+02 -5.793301e+01  1.510000e+00
     vertex  1.443964e+02 -5.785355e+01  1.510000e+00
     vertex  1.429760e+02 -5.951896e+01  1.510000e+00
   endloop
 endfacet
 facet normal  0.000000e+00  0.000000e+00  1.000000e+00
   outer loop
     vertex  1.443170e+02 -5.775000e+01  1.510000e+00
     vertex  1.428000e+02 -5.938388e+01  1.510000e+00
     vertex  1.443964e+02 -5.785355e+01  1.510000e+00
   endloop
 endfacet
 facet normal  0.000000e+00  0.000000e+00  1.000000e+00
   outer loop
     vertex  1.443170e+02 -5.775000e+01  1.510000e+00
     vertex  1.425950e+02 -5.929896e+01  1.510000e+00
     vertex  1.428000e+02 -5.938388e+01  1.510000e+00
   endloop
 endfacet
 facet normal  0.000000e+00  0.000000e+00  1.000000e+00
   outer loop
     vertex  1.442670e+02 -5.762941e+01  1.510000e+00
     vertex  1.425950e+02 -5.929896e+01  1.510000e+00
     vertex  1.443170e+02 -5.775000e+01  1.510000e+00
   endloop
 endfacet
 facet normal  0.000000e+00  0.000000e+00  1.000000e+00
   outer loop
     vertex  1.446206e+02 -5.798296e+01  1.510000e+00
     vertex  1.445000e+02 -5.793301e+01  1.510000e+00
     vertex  1.445000e+02 -5.960699e+01  1.510000e+00
   endloop
 endfacet
 facet normal  0.000000e+00  0.000000e+00  1.000000e+00
   outer loop
     vertex  1.446206e+02 -5.798296e+01  1.510000e+00
     vertex  1.445000e+02 -5.960699e+01  1.510000e+00
     vertex  1.446206e+02 -5.955704e+01  1.510000e+00
   endloop
 endfacet
 facet normal  0.000000e+00  0.000000e+00  1.000000e+00
   outer loop
     vertex  1.447500e+02 -5.800000e+01  1.510000e+00
     vertex  1.446206e+02 -5.798296e+01  1.510000e+00
     vertex  1.446206e+02 -5.955704e+01  1.510000e+00
   endloop
 endfacet
 facet normal  0.000000e+00  0.000000e+00  1.000000e+00
   outer loop
     vertex  1.447500e+02 -5.800000e+01  1.510000e+00
     vertex  1.446206e+02 -5.955704e+01  1.510000e+00
     vertex  1.447500e+02 -5.954000e+01  1.510000e+00
   endloop
 endfacet
 facet normal  0.000000e+00  0.000000e+00  1.000000e+00
   outer loop
     vertex  1.447500e+02 -5.800000e+01  1.510000e+00
     vertex  1.447500e+02 -5.954000e+01  1.510000e+00
     vertex  1.448794e+02 -5.955704e+01  1.510000e+00
   endloop
 endfacet
 facet normal  0.000000e+00  0.000000e+00  1.000000e+00
   outer loop
     vertex  1.442500e+02 -5.750000e+01  1.510000e+00
     vertex  1.423750e+02 -5.927000e+01  1.510000e+00
     vertex  1.425950e+02 -5.929896e+01  1.510000e+00
   endloop
 endfacet
 facet normal  0.000000e+00  0.000000e+00  1.000000e+00
   outer loop
     vertex  1.442500e+02 -5.750000e+01  1.510000e+00
     vertex  1.425950e+02 -5.929896e+01  1.510000e+00
     vertex  1.442670e+02 -5.762941e+01  1.510000e+00
   endloop
 endfacet
 facet normal  0.000000e+00  0.000000e+00  1.000000e+00
   outer loop
     vertex  1.442670e+02 -5.737059e+01  1.510000e+00
     vertex  1.404845e+02 -5.541500e+01  1.510000e+00
     vertex  1.403653e+02 -5.557033e+01  1.510000e+00
   endloop
 endfacet
 facet normal  0.000000e+00  0.000000e+00  1.000000e+00
   outer loop
     vertex  1.442670e+02 -5.737059e+01  1.510000e+00
     vertex  1.423750e+02 -5.927000e+01  1.510000e+00
     vertex  1.442500e+02 -5.750000e+01  1.510000e+00
   endloop
 endfacet
 facet normal  0.000000e+00  0.000000e+00  1.000000e+00
   outer loop
     vertex  1.442670e+02 -5.737059e+01  1.510000e+00
     vertex  1.403653e+02 -5.557033e+01  1.510000e+00
     vertex  1.423750e+02 -5.927000e+01  1.510000e+00
   endloop
 endfacet
 facet normal  0.000000e+00  0.000000e+00  1.000000e+00
   outer loop
     vertex  1.448794e+02 -5.798296e+01  1.510000e+00
     vertex  1.447500e+02 -5.800000e+01  1.510000e+00
     vertex  1.448794e+02 -5.955704e+01  1.510000e+00
   endloop
 endfacet
 facet normal  0.000000e+00  0.000000e+00  1.000000e+00
   outer loop
     vertex  1.443170e+02 -5.725000e+01  1.510000e+00
     vertex  1.404845e+02 -5.541500e+01  1.510000e+00
     vertex  1.442670e+02 -5.737059e+01  1.510000e+00
   endloop
 endfacet
 facet normal  0.000000e+00  0.000000e+00  1.000000e+00
   outer loop
     vertex  1.450000e+02 -5.793301e+01  1.510000e+00
     vertex  1.448794e+02 -5.798296e+01  1.510000e+00
     vertex  1.448794e+02 -5.955704e+01  1.510000e+00
   endloop
 endfacet
 facet normal  0.000000e+00  0.000000e+00  1.000000e+00
   outer loop
     vertex  1.450000e+02 -5.793301e+01  1.510000e+00
     vertex  1.448794e+02 -5.955704e+01  1.510000e+00
     vertex  1.450000e+02 -5.960699e+01  1.510000e+00
   endloop
 endfacet
 facet normal  0.000000e+00  0.000000e+00  1.000000e+00
   outer loop
     vertex  1.450000e+02 -5.793301e+01  1.510000e+00
     vertex  1.450000e+02 -5.960699e+01  1.510000e+00
     vertex  1.451036e+02 -5.968645e+01  1.510000e+00
   endloop
 endfacet
 facet normal  0.000000e+00  0.000000e+00  1.000000e+00
   outer loop
     vertex  1.451036e+02 -5.785355e+01  1.510000e+00
     vertex  1.450000e+02 -5.793301e+01  1.510000e+00
     vertex  1.451036e+02 -5.968645e+01  1.510000e+00
   endloop
 endfacet
 facet normal  0.000000e+00  0.000000e+00  1.000000e+00
   outer loop
     vertex  1.451830e+02 -5.775000e+01  1.510000e+00
     vertex  1.451036e+02 -5.968645e+01  1.510000e+00
     vertex  1.451830e+02 -5.979000e+01  1.510000e+00
   endloop
 endfacet
 facet normal  0.000000e+00  0.000000e+00  1.000000e+00
   outer loop
     vertex  1.451830e+02 -5.775000e+01  1.510000e+00
     vertex  1.451036e+02 -5.785355e+01  1.510000e+00
     vertex  1.451036e+02 -5.968645e+01  1.510000e+00
   endloop
 endfacet
 facet normal  0.000000e+00  0.000000e+00  1.000000e+00
   outer loop
     vertex  1.452330e+02 -5.762941e+01  1.510000e+00
     vertex  1.451830e+02 -5.979000e+01  1.510000e+00
     vertex  1.452330e+02 -5.991059e+01  1.510000e+00
   endloop
 endfacet
 facet normal  0.000000e+00  0.000000e+00  1.000000e+00
   outer loop
     vertex  1.452330e+02 -5.762941e+01  1.510000e+00
     vertex  1.451830e+02 -5.775000e+01  1.510000e+00
     vertex  1.451830e+02 -5.979000e+01  1.510000e+00
   endloop
 endfacet
 facet normal  0.000000e+00  0.000000e+00  1.000000e+00
   outer loop
     vertex  1.452500e+02 -5.750000e+01  1.510000e+00
     vertex  1.452330e+02 -5.991059e+01  1.510000e+00
     vertex  1.452500e+02 -6.004000e+01  1.510000e+00
   endloop
 endfacet
 facet normal  0.000000e+00  0.000000e+00  1.000000e+00
   outer loop
     vertex  1.452500e+02 -5.750000e+01  1.510000e+00
     vertex  1.452330e+02 -5.762941e+01  1.510000e+00
     vertex  1.452330e+02 -5.991059e+01  1.510000e+00
   endloop
 endfacet
 facet normal  0.000000e+00  0.000000e+00  1.000000e+00
   outer loop
     vertex  1.443964e+02 -5.531355e+01  1.510000e+00
     vertex  1.443964e+02 -5.714645e+01  1.510000e+00
     vertex  1.445000e+02 -5.706699e+01  1.510000e+00
   endloop
 endfacet
 facet normal  0.000000e+00  0.000000e+00  1.000000e+00
   outer loop
     vertex  1.445000e+02 -5.539301e+01  1.510000e+00
     vertex  1.443964e+02 -5.531355e+01  1.510000e+00
     vertex  1.445000e+02 -5.706699e+01  1.510000e+00
   endloop
 endfacet
 facet normal  0.000000e+00  0.000000e+00  1.000000e+00
   outer loop
     vertex  1.443170e+02 -5.521000e+01  1.510000e+00
     vertex  1.405594e+02 -5.523411e+01  1.510000e+00
     vertex  1.404845e+02 -5.541500e+01  1.510000e+00
   endloop
 endfacet
 facet normal  0.000000e+00  0.000000e+00  1.000000e+00
   outer loop
     vertex  1.443170e+02 -5.521000e+01  1.510000e+00
     vertex  1.443964e+02 -5.714645e+01  1.510000e+00
     vertex  1.443964e+02 -5.531355e+01  1.510000e+00
   endloop
 endfacet
 facet normal  0.000000e+00  0.000000e+00  1.000000e+00
   outer loop
     vertex  1.443170e+02 -5.521000e+01  1.510000e+00
     vertex  1.404845e+02 -5.541500e+01  1.510000e+00
     vertex  1.443170e+02 -5.725000e+01  1.510000e+00
   endloop
 endfacet
 facet normal  0.000000e+00  0.000000e+00  1.000000e+00
   outer loop
     vertex  1.443170e+02 -5.521000e+01  1.510000e+00
     vertex  1.443170e+02 -5.725000e+01  1.510000e+00
     vertex  1.443964e+02 -5.714645e+01  1.510000e+00
   endloop
 endfacet
 facet normal  0.000000e+00  0.000000e+00  1.000000e+00
   outer loop
     vertex  1.442670e+02 -5.508941e+01  1.510000e+00
     vertex  1.405850e+02 -5.504000e+01  1.510000e+00
     vertex  1.405594e+02 -5.523411e+01  1.510000e+00
   endloop
 endfacet
 facet normal  0.000000e+00  0.000000e+00  1.000000e+00
   outer loop
     vertex  1.442670e+02 -5.508941e+01  1.510000e+00
     vertex  1.405594e+02 -5.523411e+01  1.510000e+00
     vertex  1.443170e+02 -5.521000e+01  1.510000e+00
   endloop
 endfacet
 facet normal  0.000000e+00  0.000000e+00  1.000000e+00
   outer loop
     vertex  1.446206e+02 -5.544296e+01  1.510000e+00
     vertex  1.445000e+02 -5.706699e+01  1.510000e+00
     vertex  1.446206e+02 -5.701704e+01  1.510000e+00
   endloop
 endfacet
 facet normal  0.000000e+00  0.000000e+00  1.000000e+00
   outer loop
     vertex  1.446206e+02 -5.544296e+01  1.510000e+00
     vertex  1.445000e+02 -5.539301e+01  1.510000e+00
     vertex  1.445000e+02 -5.706699e+01  1.510000e+00
   endloop
 endfacet
 facet normal  0.000000e+00  0.000000e+00  1.000000e+00
   outer loop
     vertex  1.447500e+02 -5.546000e+01  1.510000e+00
     vertex  1.446206e+02 -5.544296e+01  1.510000e+00
     vertex  1.446206e+02 -5.701704e+01  1.510000e+00
   endloop
 endfacet
 facet normal  0.000000e+00  0.000000e+00  1.000000e+00
   outer loop
     vertex  1.447500e+02 -5.546000e+01  1.510000e+00
     vertex  1.446206e+02 -5.701704e+01  1.510000e+00
     vertex  1.447500e+02 -5.700000e+01  1.510000e+00
   endloop
 endfacet
 facet normal  0.000000e+00  0.000000e+00  1.000000e+00
   outer loop
     vertex  1.442500e+02 -5.496000e+01  1.510000e+00
     vertex  1.405594e+02 -5.484589e+01  1.510000e+00
     vertex  1.405850e+02 -5.504000e+01  1.510000e+00
   endloop
 endfacet
 facet normal  0.000000e+00  0.000000e+00  1.000000e+00
   outer loop
     vertex  1.442500e+02 -5.496000e+01  1.510000e+00
     vertex  1.405850e+02 -5.504000e+01  1.510000e+00
     vertex  1.442670e+02 -5.508941e+01  1.510000e+00
   endloop
 endfacet
 facet normal  0.000000e+00  0.000000e+00  1.000000e+00
   outer loop
     vertex  1.442670e+02 -5.483059e+01  1.510000e+00
     vertex  1.405594e+02 -5.484589e+01  1.510000e+00
     vertex  1.442500e+02 -5.496000e+01  1.510000e+00
   endloop
 endfacet
 facet normal  0.000000e+00  0.000000e+00  1.000000e+00
   outer loop
     vertex  1.448794e+02 -5.544296e+01  1.510000e+00
     vertex  1.447500e+02 -5.546000e+01  1.510000e+00
     vertex  1.447500e+02 -5.700000e+01  1.510000e+00
   endloop
 endfacet
 facet normal  0.000000e+00  0.000000e+00  1.000000e+00
   outer loop
     vertex  1.448794e+02 -5.544296e+01  1.510000e+00
     vertex  1.447500e+02 -5.700000e+01  1.510000e+00
     vertex  1.448794e+02 -5.701704e+01  1.510000e+00
   endloop
 endfacet
 facet normal  0.000000e+00  0.000000e+00  1.000000e+00
   outer loop
     vertex  1.443170e+02 -5.471000e+01  1.510000e+00
     vertex  1.404845e+02 -5.466500e+01  1.510000e+00
     vertex  1.405594e+02 -5.484589e+01  1.510000e+00
   endloop
 endfacet
 facet normal  0.000000e+00  0.000000e+00  1.000000e+00
   outer loop
     vertex  1.443170e+02 -5.471000e+01  1.510000e+00
     vertex  1.405594e+02 -5.484589e+01  1.510000e+00
     vertex  1.442670e+02 -5.483059e+01  1.510000e+00
   endloop
 endfacet
 facet normal  0.000000e+00  0.000000e+00  1.000000e+00
   outer loop
     vertex  1.450000e+02 -5.539301e+01  1.510000e+00
     vertex  1.448794e+02 -5.701704e+01  1.510000e+00
     vertex  1.450000e+02 -5.706699e+01  1.510000e+00
   endloop
 endfacet
 facet normal  0.000000e+00  0.000000e+00  1.000000e+00
   outer loop
     vertex  1.450000e+02 -5.539301e+01  1.510000e+00
     vertex  1.450000e+02 -5.706699e+01  1.510000e+00
     vertex  1.451036e+02 -5.714645e+01  1.510000e+00
   endloop
 endfacet
 facet normal  0.000000e+00  0.000000e+00  1.000000e+00
   outer loop
     vertex  1.450000e+02 -5.539301e+01  1.510000e+00
     vertex  1.448794e+02 -5.544296e+01  1.510000e+00
     vertex  1.448794e+02 -5.701704e+01  1.510000e+00
   endloop
 endfacet
 facet normal  0.000000e+00  0.000000e+00  1.000000e+00
   outer loop
     vertex  1.443964e+02 -5.460645e+01  1.510000e+00
     vertex  1.403653e+02 -5.450967e+01  1.510000e+00
     vertex  1.404845e+02 -5.466500e+01  1.510000e+00
   endloop
 endfacet
 facet normal  0.000000e+00  0.000000e+00  1.000000e+00
   outer loop
     vertex  1.443964e+02 -5.460645e+01  1.510000e+00
     vertex  1.404845e+02 -5.466500e+01  1.510000e+00
     vertex  1.443170e+02 -5.471000e+01  1.510000e+00
   endloop
 endfacet
 facet normal  0.000000e+00  0.000000e+00  1.000000e+00
   outer loop
     vertex  1.451036e+02 -5.531355e+01  1.510000e+00
     vertex  1.450000e+02 -5.539301e+01  1.510000e+00
     vertex  1.451036e+02 -5.714645e+01  1.510000e+00
   endloop
 endfacet
 facet normal  0.000000e+00  0.000000e+00  1.000000e+00
   outer loop
     vertex  1.451830e+02 -5.521000e+01  1.510000e+00
     vertex  1.451036e+02 -5.531355e+01  1.510000e+00
     vertex  1.451036e+02 -5.714645e+01  1.510000e+00
   endloop
 endfacet
 facet normal  0.000000e+00  0.000000e+00  1.000000e+00
   outer loop
     vertex  1.451830e+02 -5.521000e+01  1.510000e+00
     vertex  1.451036e+02 -5.714645e+01  1.510000e+00
     vertex  1.451830e+02 -5.725000e+01  1.510000e+00
   endloop
 endfacet
 facet normal  0.000000e+00  0.000000e+00  1.000000e+00
   outer loop
     vertex  1.445000e+02 -5.452699e+01  1.510000e+00
     vertex  1.402100e+02 -5.439048e+01  1.510000e+00
     vertex  1.403653e+02 -5.450967e+01  1.510000e+00
   endloop
 endfacet
 facet normal  0.000000e+00  0.000000e+00  1.000000e+00
   outer loop
     vertex  1.445000e+02 -5.452699e+01  1.510000e+00
     vertex  1.403653e+02 -5.450967e+01  1.510000e+00
     vertex  1.443964e+02 -5.460645e+01  1.510000e+00
   endloop
 endfacet
 facet normal  0.000000e+00  0.000000e+00  1.000000e+00
   outer loop
     vertex  1.446206e+02 -5.447704e+01  1.510000e+00
     vertex  1.402100e+02 -5.439048e+01  1.510000e+00
     vertex  1.445000e+02 -5.452699e+01  1.510000e+00
   endloop
 endfacet
 facet normal  0.000000e+00  0.000000e+00  1.000000e+00
   outer loop
     vertex  1.452330e+02 -5.508941e+01  1.510000e+00
     vertex  1.451830e+02 -5.521000e+01  1.510000e+00
     vertex  1.451830e+02 -5.725000e+01  1.510000e+00
   endloop
 endfacet
 facet normal  0.000000e+00  0.000000e+00  1.000000e+00
   outer loop
     vertex  1.452330e+02 -5.508941e+01  1.510000e+00
     vertex  1.451830e+02 -5.725000e+01  1.510000e+00
     vertex  1.452330e+02 -5.737059e+01  1.510000e+00
   endloop
 endfacet
 facet normal  0.000000e+00  0.000000e+00  1.000000e+00
   outer loop
     vertex  1.485000e+02 -4.950000e+01  1.510000e+00
     vertex  1.446206e+02 -5.447704e+01  1.510000e+00
     vertex  1.447500e+02 -5.446000e+01  1.510000e+00
   endloop
 endfacet
 facet normal  0.000000e+00  0.000000e+00  1.000000e+00
   outer loop
     vertex  1.485000e+02 -4.950000e+01  1.510000e+00
     vertex  1.447500e+02 -5.446000e+01  1.510000e+00
     vertex  1.448794e+02 -5.447704e+01  1.510000e+00
   endloop
 endfacet
 facet normal  0.000000e+00  0.000000e+00  1.000000e+00
   outer loop
     vertex  1.485000e+02 -4.950000e+01  1.510000e+00
     vertex  1.448794e+02 -5.447704e+01  1.510000e+00
     vertex  1.450000e+02 -5.452699e+01  1.510000e+00
   endloop
 endfacet
 facet normal  0.000000e+00  0.000000e+00  1.000000e+00
   outer loop
     vertex  1.485000e+02 -4.950000e+01  1.510000e+00
     vertex  1.450000e+02 -5.452699e+01  1.510000e+00
     vertex  1.451036e+02 -5.460645e+01  1.510000e+00
   endloop
 endfacet
 facet normal  0.000000e+00  0.000000e+00  1.000000e+00
   outer loop
     vertex  1.485000e+02 -4.950000e+01  1.510000e+00
     vertex  1.451036e+02 -5.460645e+01  1.510000e+00
     vertex  1.451830e+02 -5.471000e+01  1.510000e+00
   endloop
 endfacet
 facet normal  0.000000e+00  0.000000e+00  1.000000e+00
   outer loop
     vertex  1.485000e+02 -4.950000e+01  1.510000e+00
     vertex  1.451830e+02 -5.471000e+01  1.510000e+00
     vertex  1.452330e+02 -5.483059e+01  1.510000e+00
   endloop
 endfacet
 facet normal  0.000000e+00  0.000000e+00  1.000000e+00
   outer loop
     vertex  1.485000e+02 -4.950000e+01  1.510000e+00
     vertex  1.452330e+02 -5.483059e+01  1.510000e+00
     vertex  1.452500e+02 -5.496000e+01  1.510000e+00
   endloop
 endfacet
 facet normal  0.000000e+00  0.000000e+00  1.000000e+00
   outer loop
     vertex  1.485000e+02 -4.950000e+01  1.510000e+00
     vertex  1.402100e+02 -5.439048e+01  1.510000e+00
     vertex  1.446206e+02 -5.447704e+01  1.510000e+00
   endloop
 endfacet
 facet normal  0.000000e+00  0.000000e+00  1.000000e+00
   outer loop
     vertex  1.485000e+02 -4.950000e+01  1.510000e+00
     vertex  1.452500e+02 -5.496000e+01  1.510000e+00
     vertex  1.452330e+02 -5.508941e+01  1.510000e+00
   endloop
 endfacet
 facet normal  0.000000e+00  0.000000e+00  1.000000e+00
   outer loop
     vertex  1.485000e+02 -4.950000e+01  1.510000e+00
     vertex  1.452500e+02 -6.004000e+01  1.510000e+00
     vertex  1.452500e+02 -6.258000e+01  1.510000e+00
   endloop
 endfacet
 facet normal  0.000000e+00  0.000000e+00  1.000000e+00
   outer loop
     vertex  1.485000e+02 -4.950000e+01  1.510000e+00
     vertex  1.396409e+02 -5.431556e+01  1.510000e+00
     vertex  1.398350e+02 -5.429000e+01  1.510000e+00
   endloop
 endfacet
 facet normal  0.000000e+00  0.000000e+00  1.000000e+00
   outer loop
     vertex  1.485000e+02 -4.950000e+01  1.510000e+00
     vertex  1.452500e+02 -6.258000e+01  1.510000e+00
     vertex  1.452500e+02 -6.512000e+01  1.510000e+00
   endloop
 endfacet
 facet normal  0.000000e+00  0.000000e+00  1.000000e+00
   outer loop
     vertex  1.485000e+02 -4.950000e+01  1.510000e+00
     vertex  1.398350e+02 -5.429000e+01  1.510000e+00
     vertex  1.400291e+02 -5.431556e+01  1.510000e+00
   endloop
 endfacet
 facet normal  0.000000e+00  0.000000e+00  1.000000e+00
   outer loop
     vertex  1.485000e+02 -4.950000e+01  1.510000e+00
     vertex  1.400291e+02 -5.431556e+01  1.510000e+00
     vertex  1.402100e+02 -5.439048e+01  1.510000e+00
   endloop
 endfacet
 facet normal  0.000000e+00  0.000000e+00  1.000000e+00
   outer loop
     vertex  1.485000e+02 -4.950000e+01  1.510000e+00
     vertex  1.260000e+02 -4.950000e+01  1.510000e+00
     vertex  1.396409e+02 -5.431556e+01  1.510000e+00
   endloop
 endfacet
 facet normal  0.000000e+00  0.000000e+00  1.000000e+00
   outer loop
     vertex  1.485000e+02 -4.950000e+01  1.510000e+00
     vertex  1.452330e+02 -5.508941e+01  1.510000e+00
     vertex  1.452330e+02 -5.737059e+01  1.510000e+00
   endloop
 endfacet
 facet normal  0.000000e+00  0.000000e+00  1.000000e+00
   outer loop
     vertex  1.485000e+02 -4.950000e+01  1.510000e+00
     vertex  1.452500e+02 -6.512000e+01  1.510000e+00
     vertex  1.452500e+02 -6.766000e+01  1.510000e+00
   endloop
 endfacet
 facet normal  0.000000e+00  0.000000e+00  1.000000e+00
   outer loop
     vertex  1.485000e+02 -4.950000e+01  1.510000e+00
     vertex  1.452500e+02 -6.766000e+01  1.510000e+00
     vertex  1.452500e+02 -7.020000e+01  1.510000e+00
   endloop
 endfacet
 facet normal  0.000000e+00  0.000000e+00  1.000000e+00
   outer loop
     vertex  1.485000e+02 -4.950000e+01  1.510000e+00
     vertex  1.452500e+02 -5.750000e+01  1.510000e+00
     vertex  1.452500e+02 -6.004000e+01  1.510000e+00
   endloop
 endfacet
 facet normal  0.000000e+00  0.000000e+00  1.000000e+00
   outer loop
     vertex  1.485000e+02 -4.950000e+01  1.510000e+00
     vertex  1.452330e+02 -5.737059e+01  1.510000e+00
     vertex  1.452500e+02 -5.750000e+01  1.510000e+00
   endloop
 endfacet
 facet normal  0.000000e+00 -0.000000e+00  1.000000e+00
   outer loop
     vertex  1.485000e+02 -1.275000e+02  1.510000e+00
     vertex  1.485000e+02 -4.950000e+01  1.510000e+00
     vertex  1.452500e+02 -7.020000e+01  1.510000e+00
   endloop
 endfacet
 facet normal  0.000000e+00  0.000000e+00  1.000000e+00
   outer loop
     vertex  1.485000e+02 -1.275000e+02  1.510000e+00
     vertex  1.452500e+02 -7.020000e+01  1.510000e+00
     vertex  1.452330e+02 -7.032941e+01  1.510000e+00
   endloop
 endfacet
 facet normal  0.000000e+00  0.000000e+00  1.000000e+00
   outer loop
     vertex  1.485000e+02 -1.275000e+02  1.510000e+00
     vertex  1.452330e+02 -7.032941e+01  1.510000e+00
     vertex  1.431800e+02 -9.820000e+01  1.510000e+00
   endloop
 endfacet
 facet normal  0.000000e+00  0.000000e+00  1.000000e+00
   outer loop
     vertex  1.260000e+02 -4.950000e+01  1.510000e+00
     vertex  1.260000e+02 -1.275000e+02  1.510000e+00
     vertex  1.290000e+02 -7.020000e+01  1.510000e+00
   endloop
 endfacet
 facet normal  0.000000e+00  0.000000e+00  1.000000e+00
   outer loop
     vertex  1.290000e+02 -7.020000e+01  1.510000e+00
     vertex  1.260000e+02 -1.275000e+02  1.510000e+00
     vertex  1.290170e+02 -7.032941e+01  1.510000e+00
   endloop
 endfacet
 facet normal  0.000000e+00  0.000000e+00  1.000000e+00
   outer loop
     vertex  1.290170e+02 -7.032941e+01  1.510000e+00
     vertex  1.260000e+02 -1.275000e+02  1.510000e+00
     vertex  1.313200e+02 -9.820000e+01  1.510000e+00
   endloop
 endfacet
 facet normal  0.000000e+00  1.000000e+00  0.000000e+00
   outer loop
     vertex  1.485000e+02 -4.950000e+01  0.000000e+00
     vertex  1.260000e+02 -4.950000e+01  0.000000e+00
     vertex  1.260000e+02 -4.950000e+01  1.510000e+00
   endloop
 endfacet
 facet normal  0.000000e+00  1.000000e+00 -0.000000e+00
   outer loop
     vertex  1.485000e+02 -4.950000e+01  0.000000e+00
     vertex  1.260000e+02 -4.950000e+01  1.510000e+00
     vertex  1.485000e+02 -4.950000e+01  1.510000e+00
   endloop
 endfacet
 facet normal -1.305262e-01  9.914449e-01  0.000000e+00
   outer loop
     vertex  1.323900e+02 -1.179410e+02  0.000000e+00
     vertex  1.321700e+02 -1.179700e+02  0.000000e+00
     vertex  1.321700e+02 -1.179700e+02  1.510000e+00
   endloop
 endfacet
 facet normal -1.305262e-01  9.914449e-01  0.000000e+00
   outer loop
     vertex  1.323900e+02 -1.179410e+02  0.000000e+00
     vertex  1.321700e+02 -1.179700e+02  1.510000e+00
     vertex  1.323900e+02 -1.179410e+02  1.510000e+00
   endloop
 endfacet
 facet normal -3.826834e-01  9.238795e-01  0.000000e+00
   outer loop
     vertex  1.325950e+02 -1.178561e+02  0.000000e+00
     vertex  1.323900e+02 -1.179410e+02  1.510000e+00
     vertex  1.325950e+02 -1.178561e+02  1.510000e+00
   endloop
 endfacet
 facet normal -3.826834e-01  9.238795e-01  0.000000e+00
   outer loop
     vertex  1.325950e+02 -1.178561e+02  0.000000e+00
     vertex  1.323900e+02 -1.179410e+02  0.000000e+00
     vertex  1.323900e+02 -1.179410e+02  1.510000e+00
   endloop
 endfacet
 facet normal -6.087614e-01  7.933533e-01  0.000000e+00
   outer loop
     vertex  1.327710e+02 -1.177210e+02  0.000000e+00
     vertex  1.325950e+02 -1.178561e+02  1.510000e+00
     vertex  1.327710e+02 -1.177210e+02  1.510000e+00
   endloop
 endfacet
 facet normal -6.087614e-01  7.933533e-01  0.000000e+00
   outer loop
     vertex  1.327710e+02 -1.177210e+02  0.000000e+00
     vertex  1.325950e+02 -1.178561e+02  0.000000e+00
     vertex  1.325950e+02 -1.178561e+02  1.510000e+00
   endloop
 endfacet
 facet normal -7.933533e-01  6.087614e-01  0.000000e+00
   outer loop
     vertex  1.329061e+02 -1.175450e+02  0.000000e+00
     vertex  1.327710e+02 -1.177210e+02  1.510000e+00
     vertex  1.329061e+02 -1.175450e+02  1.510000e+00
   endloop
 endfacet
 facet normal -7.933533e-01  6.087614e-01  0.000000e+00
   outer loop
     vertex  1.329061e+02 -1.175450e+02  0.000000e+00
     vertex  1.327710e+02 -1.177210e+02  0.000000e+00
     vertex  1.327710e+02 -1.177210e+02  1.510000e+00
   endloop
 endfacet
 facet normal -9.238795e-01  3.826834e-01  0.000000e+00
   outer loop
     vertex  1.329910e+02 -1.173400e+02  0.000000e+00
     vertex  1.329061e+02 -1.175450e+02  1.510000e+00
     vertex  1.329910e+02 -1.173400e+02  1.510000e+00
   endloop
 endfacet
 facet normal -9.238795e-01  3.826834e-01  0.000000e+00
   outer loop
     vertex  1.329910e+02 -1.173400e+02  0.000000e+00
     vertex  1.329061e+02 -1.175450e+02  0.000000e+00
     vertex  1.329061e+02 -1.175450e+02  1.510000e+00
   endloop
 endfacet
 facet normal -9.914449e-01  1.305262e-01  0.000000e+00
   outer loop
     vertex  1.330200e+02 -1.171200e+02  0.000000e+00
     vertex  1.329910e+02 -1.173400e+02  1.510000e+00
     vertex  1.330200e+02 -1.171200e+02  1.510000e+00
   endloop
 endfacet
 facet normal -9.914449e-01  1.305262e-01  0.000000e+00
   outer loop
     vertex  1.330200e+02 -1.171200e+02  0.000000e+00
     vertex  1.329910e+02 -1.173400e+02  0.000000e+00
     vertex  1.329910e+02 -1.173400e+02  1.510000e+00
   endloop
 endfacet
 facet normal -9.914449e-01 -1.305262e-01  0.000000e+00
   outer loop
     vertex  1.329910e+02 -1.169000e+02  0.000000e+00
     vertex  1.330200e+02 -1.171200e+02  1.510000e+00
     vertex  1.329910e+02 -1.169000e+02  1.510000e+00
   endloop
 endfacet
 facet normal -9.914449e-01 -1.305262e-01  0.000000e+00
   outer loop
     vertex  1.329910e+02 -1.169000e+02  0.000000e+00
     vertex  1.330200e+02 -1.171200e+02  0.000000e+00
     vertex  1.330200e+02 -1.171200e+02  1.510000e+00
   endloop
 endfacet
 facet normal -9.238795e-01 -3.826834e-01  0.000000e+00
   outer loop
     vertex  1.329061e+02 -1.166950e+02  0.000000e+00
     vertex  1.329910e+02 -1.169000e+02  1.510000e+00
     vertex  1.329061e+02 -1.166950e+02  1.510000e+00
   endloop
 endfacet
 facet normal -9.238795e-01 -3.826834e-01  0.000000e+00
   outer loop
     vertex  1.329061e+02 -1.166950e+02  0.000000e+00
     vertex  1.329910e+02 -1.169000e+02  0.000000e+00
     vertex  1.329910e+02 -1.169000e+02  1.510000e+00
   endloop
 endfacet
 facet normal -7.933533e-01 -6.087614e-01  0.000000e+00
   outer loop
     vertex  1.327710e+02 -1.165190e+02  0.000000e+00
     vertex  1.329061e+02 -1.166950e+02  1.510000e+00
     vertex  1.327710e+02 -1.165190e+02  1.510000e+00
   endloop
 endfacet
 facet normal -7.933533e-01 -6.087614e-01  0.000000e+00
   outer loop
     vertex  1.327710e+02 -1.165190e+02  0.000000e+00
     vertex  1.329061e+02 -1.166950e+02  0.000000e+00
     vertex  1.329061e+02 -1.166950e+02  1.510000e+00
   endloop
 endfacet
 facet normal -6.087614e-01 -7.933533e-01  0.000000e+00
   outer loop
     vertex  1.325950e+02 -1.163839e+02  0.000000e+00
     vertex  1.327710e+02 -1.165190e+02  1.510000e+00
     vertex  1.325950e+02 -1.163839e+02  1.510000e+00
   endloop
 endfacet
 facet normal -6.087614e-01 -7.933533e-01  0.000000e+00
   outer loop
     vertex  1.325950e+02 -1.163839e+02  0.000000e+00
     vertex  1.327710e+02 -1.165190e+02  0.000000e+00
     vertex  1.327710e+02 -1.165190e+02  1.510000e+00
   endloop
 endfacet
 facet normal -3.826834e-01 -9.238795e-01  0.000000e+00
   outer loop
     vertex  1.323900e+02 -1.162990e+02  0.000000e+00
     vertex  1.325950e+02 -1.163839e+02  1.510000e+00
     vertex  1.323900e+02 -1.162990e+02  1.510000e+00
   endloop
 endfacet
 facet normal -3.826834e-01 -9.238795e-01  0.000000e+00
   outer loop
     vertex  1.323900e+02 -1.162990e+02  0.000000e+00
     vertex  1.325950e+02 -1.163839e+02  0.000000e+00
     vertex  1.325950e+02 -1.163839e+02  1.510000e+00
   endloop
 endfacet
 facet normal -1.305262e-01 -9.914449e-01  0.000000e+00
   outer loop
     vertex  1.321700e+02 -1.162700e+02  0.000000e+00
     vertex  1.323900e+02 -1.162990e+02  1.510000e+00
     vertex  1.321700e+02 -1.162700e+02  1.510000e+00
   endloop
 endfacet
 facet normal -1.305262e-01 -9.914449e-01  0.000000e+00
   outer loop
     vertex  1.321700e+02 -1.162700e+02  0.000000e+00
     vertex  1.323900e+02 -1.162990e+02  0.000000e+00
     vertex  1.323900e+02 -1.162990e+02  1.510000e+00
   endloop
 endfacet
 facet normal  1.305262e-01 -9.914449e-01  0.000000e+00
   outer loop
     vertex  1.319500e+02 -1.162990e+02  0.000000e+00
     vertex  1.321700e+02 -1.162700e+02  1.510000e+00
     vertex  1.319500e+02 -1.162990e+02  1.510000e+00
   endloop
 endfacet
 facet normal  1.305262e-01 -9.914449e-01  0.000000e+00
   outer loop
     vertex  1.319500e+02 -1.162990e+02  0.000000e+00
     vertex  1.321700e+02 -1.162700e+02  0.000000e+00
     vertex  1.321700e+02 -1.162700e+02  1.510000e+00
   endloop
 endfacet
 facet normal  3.826834e-01 -9.238795e-01  0.000000e+00
   outer loop
     vertex  1.317450e+02 -1.163839e+02  0.000000e+00
     vertex  1.319500e+02 -1.162990e+02  0.000000e+00
     vertex  1.319500e+02 -1.162990e+02  1.510000e+00
   endloop
 endfacet
 facet normal  3.826834e-01 -9.238795e-01  0.000000e+00
   outer loop
     vertex  1.317450e+02 -1.163839e+02  0.000000e+00
     vertex  1.319500e+02 -1.162990e+02  1.510000e+00
     vertex  1.317450e+02 -1.163839e+02  1.510000e+00
   endloop
 endfacet
 facet normal  6.087614e-01 -7.933533e-01  0.000000e+00
   outer loop
     vertex  1.315690e+02 -1.165190e+02  0.000000e+00
     vertex  1.317450e+02 -1.163839e+02  0.000000e+00
     vertex  1.317450e+02 -1.163839e+02  1.510000e+00
   endloop
 endfacet
 facet normal  7.933533e-01 -6.087614e-01  0.000000e+00
   outer loop
     vertex  1.315690e+02 -1.165190e+02  0.000000e+00
     vertex  1.315690e+02 -1.165190e+02  1.510000e+00
     vertex  1.314339e+02 -1.166950e+02  1.510000e+00
   endloop
 endfacet
 facet normal  6.087614e-01 -7.933533e-01  0.000000e+00
   outer loop
     vertex  1.315690e+02 -1.165190e+02  0.000000e+00
     vertex  1.317450e+02 -1.163839e+02  1.510000e+00
     vertex  1.315690e+02 -1.165190e+02  1.510000e+00
   endloop
 endfacet
 facet normal  7.933533e-01 -6.087614e-01  0.000000e+00
   outer loop
     vertex  1.314339e+02 -1.166950e+02  0.000000e+00
     vertex  1.315690e+02 -1.165190e+02  0.000000e+00
     vertex  1.314339e+02 -1.166950e+02  1.510000e+00
   endloop
 endfacet
 facet normal  9.238795e-01 -3.826834e-01  0.000000e+00
   outer loop
     vertex  1.314339e+02 -1.166950e+02  0.000000e+00
     vertex  1.314339e+02 -1.166950e+02  1.510000e+00
     vertex  1.313490e+02 -1.169000e+02  1.510000e+00
   endloop
 endfacet
 facet normal  9.238795e-01 -3.826834e-01  0.000000e+00
   outer loop
     vertex  1.313490e+02 -1.169000e+02  0.000000e+00
     vertex  1.314339e+02 -1.166950e+02  0.000000e+00
     vertex  1.313490e+02 -1.169000e+02  1.510000e+00
   endloop
 endfacet
 facet normal  9.914449e-01 -1.305262e-01  0.000000e+00
   outer loop
     vertex  1.313200e+02 -1.171200e+02  0.000000e+00
     vertex  1.313490e+02 -1.169000e+02  0.000000e+00
     vertex  1.313490e+02 -1.169000e+02  1.510000e+00
   endloop
 endfacet
 facet normal  9.914449e-01 -1.305262e-01  0.000000e+00
   outer loop
     vertex  1.313200e+02 -1.171200e+02  0.000000e+00
     vertex  1.313490e+02 -1.169000e+02  1.510000e+00
     vertex  1.313200e+02 -1.171200e+02  1.510000e+00
   endloop
 endfacet
 facet normal  9.914449e-01  1.305262e-01 -0.000000e+00
   outer loop
     vertex  1.313490e+02 -1.173400e+02  0.000000e+00
     vertex  1.313200e+02 -1.171200e+02  1.510000e+00
     vertex  1.313490e+02 -1.173400e+02  1.510000e+00
   endloop
 endfacet
 facet normal  9.914449e-01  1.305262e-01  0.000000e+00
   outer loop
     vertex  1.313490e+02 -1.173400e+02  0.000000e+00
     vertex  1.313200e+02 -1.171200e+02  0.000000e+00
     vertex  1.313200e+02 -1.171200e+02  1.510000e+00
   endloop
 endfacet
 facet normal  9.238795e-01  3.826834e-01 -0.000000e+00
   outer loop
     vertex  1.314339e+02 -1.175450e+02  0.000000e+00
     vertex  1.313490e+02 -1.173400e+02  1.510000e+00
     vertex  1.314339e+02 -1.175450e+02  1.510000e+00
   endloop
 endfacet
 facet normal  9.238795e-01  3.826834e-01  0.000000e+00
   outer loop
     vertex  1.314339e+02 -1.175450e+02  0.000000e+00
     vertex  1.313490e+02 -1.173400e+02  0.000000e+00
     vertex  1.313490e+02 -1.173400e+02  1.510000e+00
   endloop
 endfacet
 facet normal  6.087614e-01  7.933533e-01 -0.000000e+00
   outer loop
     vertex  1.315690e+02 -1.177210e+02  0.000000e+00
     vertex  1.315690e+02 -1.177210e+02  1.510000e+00
     vertex  1.317450e+02 -1.178561e+02  1.510000e+00
   endloop
 endfacet
 facet normal  7.933533e-01  6.087614e-01 -0.000000e+00
   outer loop
     vertex  1.315690e+02 -1.177210e+02  0.000000e+00
     vertex  1.314339e+02 -1.175450e+02  1.510000e+00
     vertex  1.315690e+02 -1.177210e+02  1.510000e+00
   endloop
 endfacet
 facet normal  7.933533e-01  6.087614e-01  0.000000e+00
   outer loop
     vertex  1.315690e+02 -1.177210e+02  0.000000e+00
     vertex  1.314339e+02 -1.175450e+02  0.000000e+00
     vertex  1.314339e+02 -1.175450e+02  1.510000e+00
   endloop
 endfacet
 facet normal  6.087614e-01  7.933533e-01 -0.000000e+00
   outer loop
     vertex  1.317450e+02 -1.178561e+02  0.000000e+00
     vertex  1.315690e+02 -1.177210e+02  0.000000e+00
     vertex  1.317450e+02 -1.178561e+02  1.510000e+00
   endloop
 endfacet
 facet normal  3.826834e-01  9.238795e-01 -0.000000e+00
   outer loop
     vertex  1.319500e+02 -1.179410e+02  0.000000e+00
     vertex  1.317450e+02 -1.178561e+02  1.510000e+00
     vertex  1.319500e+02 -1.179410e+02  1.510000e+00
   endloop
 endfacet
 facet normal  3.826834e-01  9.238795e-01  0.000000e+00
   outer loop
     vertex  1.319500e+02 -1.179410e+02  0.000000e+00
     vertex  1.317450e+02 -1.178561e+02  0.000000e+00
     vertex  1.317450e+02 -1.178561e+02  1.510000e+00
   endloop
 endfacet
 facet normal  1.305262e-01  9.914449e-01 -0.000000e+00
   outer loop
     vertex  1.321700e+02 -1.179700e+02  0.000000e+00
     vertex  1.319500e+02 -1.179410e+02  1.510000e+00
     vertex  1.321700e+02 -1.179700e+02  1.510000e+00
   endloop
 endfacet
 facet normal  1.305262e-01  9.914449e-01  0.000000e+00
   outer loop
     vertex  1.321700e+02 -1.179700e+02  0.000000e+00
     vertex  1.319500e+02 -1.179410e+02  0.000000e+00
     vertex  1.319500e+02 -1.179410e+02  1.510000e+00
   endloop
 endfacet
 facet normal -1.305262e-01  9.914449e-01  0.000000e+00
   outer loop
     vertex  1.336341e+02 -1.153044e+02  0.000000e+00
     vertex  1.334400e+02 -1.153300e+02  0.000000e+00
     vertex  1.334400e+02 -1.153300e+02  1.510000e+00
   endloop
 endfacet
 facet normal -1.305262e-01  9.914449e-01  0.000000e+00
   outer loop
     vertex  1.336341e+02 -1.153044e+02  0.000000e+00
     vertex  1.334400e+02 -1.153300e+02  1.510000e+00
     vertex  1.336341e+02 -1.153044e+02  1.510000e+00
   endloop
 endfacet
 facet normal -3.826834e-01  9.238795e-01  0.000000e+00
   outer loop
     vertex  1.338150e+02 -1.152295e+02  0.000000e+00
     vertex  1.336341e+02 -1.153044e+02  1.510000e+00
     vertex  1.338150e+02 -1.152295e+02  1.510000e+00
   endloop
 endfacet
 facet normal -3.826834e-01  9.238795e-01  0.000000e+00
   outer loop
     vertex  1.338150e+02 -1.152295e+02  0.000000e+00
     vertex  1.336341e+02 -1.153044e+02  0.000000e+00
     vertex  1.336341e+02 -1.153044e+02  1.510000e+00
   endloop
 endfacet
 facet normal -6.087614e-01  7.933533e-01  0.000000e+00
   outer loop
     vertex  1.339703e+02 -1.151103e+02  0.000000e+00
     vertex  1.338150e+02 -1.152295e+02  1.510000e+00
     vertex  1.339703e+02 -1.151103e+02  1.510000e+00
   endloop
 endfacet
 facet normal -6.087614e-01  7.933533e-01  0.000000e+00
   outer loop
     vertex  1.339703e+02 -1.151103e+02  0.000000e+00
     vertex  1.338150e+02 -1.152295e+02  0.000000e+00
     vertex  1.338150e+02 -1.152295e+02  1.510000e+00
   endloop
 endfacet
 facet normal -7.933533e-01  6.087614e-01  0.000000e+00
   outer loop
     vertex  1.340895e+02 -1.149550e+02  0.000000e+00
     vertex  1.339703e+02 -1.151103e+02  1.510000e+00
     vertex  1.340895e+02 -1.149550e+02  1.510000e+00
   endloop
 endfacet
 facet normal -7.933533e-01  6.087614e-01  0.000000e+00
   outer loop
     vertex  1.340895e+02 -1.149550e+02  0.000000e+00
     vertex  1.339703e+02 -1.151103e+02  0.000000e+00
     vertex  1.339703e+02 -1.151103e+02  1.510000e+00
   endloop
 endfacet
 facet normal -9.238795e-01  3.826834e-01  0.000000e+00
   outer loop
     vertex  1.341644e+02 -1.147741e+02  0.000000e+00
     vertex  1.340895e+02 -1.149550e+02  1.510000e+00
     vertex  1.341644e+02 -1.147741e+02  1.510000e+00
   endloop
 endfacet
 facet normal -9.238795e-01  3.826834e-01  0.000000e+00
   outer loop
     vertex  1.341644e+02 -1.147741e+02  0.000000e+00
     vertex  1.340895e+02 -1.149550e+02  0.000000e+00
     vertex  1.340895e+02 -1.149550e+02  1.510000e+00
   endloop
 endfacet
 facet normal -9.914449e-01  1.305262e-01  0.000000e+00
   outer loop
     vertex  1.341900e+02 -1.145800e+02  0.000000e+00
     vertex  1.341644e+02 -1.147741e+02  1.510000e+00
     vertex  1.341900e+02 -1.145800e+02  1.510000e+00
   endloop
 endfacet
 facet normal -9.914449e-01  1.305262e-01  0.000000e+00
   outer loop
     vertex  1.341900e+02 -1.145800e+02  0.000000e+00
     vertex  1.341644e+02 -1.147741e+02  0.000000e+00
     vertex  1.341644e+02 -1.147741e+02  1.510000e+00
   endloop
 endfacet
 facet normal -9.914449e-01 -1.305262e-01  0.000000e+00
   outer loop
     vertex  1.341644e+02 -1.143859e+02  0.000000e+00
     vertex  1.341900e+02 -1.145800e+02  1.510000e+00
     vertex  1.341644e+02 -1.143859e+02  1.510000e+00
   endloop
 endfacet
 facet normal -9.914449e-01 -1.305262e-01  0.000000e+00
   outer loop
     vertex  1.341644e+02 -1.143859e+02  0.000000e+00
     vertex  1.341900e+02 -1.145800e+02  0.000000e+00
     vertex  1.341900e+02 -1.145800e+02  1.510000e+00
   endloop
 endfacet
 facet normal -9.238795e-01 -3.826834e-01  0.000000e+00
   outer loop
     vertex  1.340895e+02 -1.142050e+02  0.000000e+00
     vertex  1.341644e+02 -1.143859e+02  1.510000e+00
     vertex  1.340895e+02 -1.142050e+02  1.510000e+00
   endloop
 endfacet
 facet normal -9.238795e-01 -3.826834e-01  0.000000e+00
   outer loop
     vertex  1.340895e+02 -1.142050e+02  0.000000e+00
     vertex  1.341644e+02 -1.143859e+02  0.000000e+00
     vertex  1.341644e+02 -1.143859e+02  1.510000e+00
   endloop
 endfacet
 facet normal -7.933533e-01 -6.087614e-01  0.000000e+00
   outer loop
     vertex  1.339703e+02 -1.140497e+02  0.000000e+00
     vertex  1.340895e+02 -1.142050e+02  1.510000e+00
     vertex  1.339703e+02 -1.140497e+02  1.510000e+00
   endloop
 endfacet
 facet normal -7.933533e-01 -6.087614e-01  0.000000e+00
   outer loop
     vertex  1.339703e+02 -1.140497e+02  0.000000e+00
     vertex  1.340895e+02 -1.142050e+02  0.000000e+00
     vertex  1.340895e+02 -1.142050e+02  1.510000e+00
   endloop
 endfacet
 facet normal -6.087614e-01 -7.933533e-01  0.000000e+00
   outer loop
     vertex  1.338150e+02 -1.139305e+02  0.000000e+00
     vertex  1.339703e+02 -1.140497e+02  1.510000e+00
     vertex  1.338150e+02 -1.139305e+02  1.510000e+00
   endloop
 endfacet
 facet normal -6.087614e-01 -7.933533e-01  0.000000e+00
   outer loop
     vertex  1.338150e+02 -1.139305e+02  0.000000e+00
     vertex  1.339703e+02 -1.140497e+02  0.000000e+00
     vertex  1.339703e+02 -1.140497e+02  1.510000e+00
   endloop
 endfacet
 facet normal -3.826834e-01 -9.238795e-01  0.000000e+00
   outer loop
     vertex  1.336341e+02 -1.138556e+02  0.000000e+00
     vertex  1.338150e+02 -1.139305e+02  1.510000e+00
     vertex  1.336341e+02 -1.138556e+02  1.510000e+00
   endloop
 endfacet
 facet normal -3.826834e-01 -9.238795e-01  0.000000e+00
   outer loop
     vertex  1.336341e+02 -1.138556e+02  0.000000e+00
     vertex  1.338150e+02 -1.139305e+02  0.000000e+00
     vertex  1.338150e+02 -1.139305e+02  1.510000e+00
   endloop
 endfacet
 facet normal -1.305262e-01 -9.914449e-01  0.000000e+00
   outer loop
     vertex  1.334400e+02 -1.138300e+02  0.000000e+00
     vertex  1.336341e+02 -1.138556e+02  1.510000e+00
     vertex  1.334400e+02 -1.138300e+02  1.510000e+00
   endloop
 endfacet
 facet normal -1.305262e-01 -9.914449e-01  0.000000e+00
   outer loop
     vertex  1.334400e+02 -1.138300e+02  0.000000e+00
     vertex  1.336341e+02 -1.138556e+02  0.000000e+00
     vertex  1.336341e+02 -1.138556e+02  1.510000e+00
   endloop
 endfacet
 facet normal  1.305262e-01 -9.914449e-01  0.000000e+00
   outer loop
     vertex  1.332459e+02 -1.138556e+02  0.000000e+00
     vertex  1.334400e+02 -1.138300e+02  1.510000e+00
     vertex  1.332459e+02 -1.138556e+02  1.510000e+00
   endloop
 endfacet
 facet normal  1.305262e-01 -9.914449e-01  0.000000e+00
   outer loop
     vertex  1.332459e+02 -1.138556e+02  0.000000e+00
     vertex  1.334400e+02 -1.138300e+02  0.000000e+00
     vertex  1.334400e+02 -1.138300e+02  1.510000e+00
   endloop
 endfacet
 facet normal  3.826834e-01 -9.238795e-01  0.000000e+00
   outer loop
     vertex  1.330650e+02 -1.139305e+02  0.000000e+00
     vertex  1.332459e+02 -1.138556e+02  0.000000e+00
     vertex  1.332459e+02 -1.138556e+02  1.510000e+00
   endloop
 endfacet
 facet normal  3.826834e-01 -9.238795e-01  0.000000e+00
   outer loop
     vertex  1.330650e+02 -1.139305e+02  0.000000e+00
     vertex  1.332459e+02 -1.138556e+02  1.510000e+00
     vertex  1.330650e+02 -1.139305e+02  1.510000e+00
   endloop
 endfacet
 facet normal  6.087614e-01 -7.933533e-01  0.000000e+00
   outer loop
     vertex  1.329097e+02 -1.140497e+02  0.000000e+00
     vertex  1.330650e+02 -1.139305e+02  0.000000e+00
     vertex  1.330650e+02 -1.139305e+02  1.510000e+00
   endloop
 endfacet
 facet normal  7.933533e-01 -6.087614e-01  0.000000e+00
   outer loop
     vertex  1.329097e+02 -1.140497e+02  0.000000e+00
     vertex  1.329097e+02 -1.140497e+02  1.510000e+00
     vertex  1.327905e+02 -1.142050e+02  1.510000e+00
   endloop
 endfacet
 facet normal  6.087614e-01 -7.933533e-01  0.000000e+00
   outer loop
     vertex  1.329097e+02 -1.140497e+02  0.000000e+00
     vertex  1.330650e+02 -1.139305e+02  1.510000e+00
     vertex  1.329097e+02 -1.140497e+02  1.510000e+00
   endloop
 endfacet
 facet normal  7.933533e-01 -6.087614e-01  0.000000e+00
   outer loop
     vertex  1.327905e+02 -1.142050e+02  0.000000e+00
     vertex  1.329097e+02 -1.140497e+02  0.000000e+00
     vertex  1.327905e+02 -1.142050e+02  1.510000e+00
   endloop
 endfacet
 facet normal  9.238795e-01 -3.826834e-01  0.000000e+00
   outer loop
     vertex  1.327905e+02 -1.142050e+02  0.000000e+00
     vertex  1.327905e+02 -1.142050e+02  1.510000e+00
     vertex  1.327156e+02 -1.143859e+02  1.510000e+00
   endloop
 endfacet
 facet normal  9.238795e-01 -3.826834e-01  0.000000e+00
   outer loop
     vertex  1.327156e+02 -1.143859e+02  0.000000e+00
     vertex  1.327905e+02 -1.142050e+02  0.000000e+00
     vertex  1.327156e+02 -1.143859e+02  1.510000e+00
   endloop
 endfacet
 facet normal  9.914449e-01 -1.305262e-01  0.000000e+00
   outer loop
     vertex  1.326900e+02 -1.145800e+02  0.000000e+00
     vertex  1.327156e+02 -1.143859e+02  0.000000e+00
     vertex  1.327156e+02 -1.143859e+02  1.510000e+00
   endloop
 endfacet
 facet normal  9.914449e-01 -1.305262e-01  0.000000e+00
   outer loop
     vertex  1.326900e+02 -1.145800e+02  0.000000e+00
     vertex  1.327156e+02 -1.143859e+02  1.510000e+00
     vertex  1.326900e+02 -1.145800e+02  1.510000e+00
   endloop
 endfacet
 facet normal  9.914449e-01  1.305262e-01 -0.000000e+00
   outer loop
     vertex  1.327156e+02 -1.147741e+02  0.000000e+00
     vertex  1.326900e+02 -1.145800e+02  1.510000e+00
     vertex  1.327156e+02 -1.147741e+02  1.510000e+00
   endloop
 endfacet
 facet normal  9.914449e-01  1.305262e-01  0.000000e+00
   outer loop
     vertex  1.327156e+02 -1.147741e+02  0.000000e+00
     vertex  1.326900e+02 -1.145800e+02  0.000000e+00
     vertex  1.326900e+02 -1.145800e+02  1.510000e+00
   endloop
 endfacet
 facet normal  9.238795e-01  3.826834e-01 -0.000000e+00
   outer loop
     vertex  1.327905e+02 -1.149550e+02  0.000000e+00
     vertex  1.327156e+02 -1.147741e+02  1.510000e+00
     vertex  1.327905e+02 -1.149550e+02  1.510000e+00
   endloop
 endfacet
 facet normal  9.238795e-01  3.826834e-01  0.000000e+00
   outer loop
     vertex  1.327905e+02 -1.149550e+02  0.000000e+00
     vertex  1.327156e+02 -1.147741e+02  0.000000e+00
     vertex  1.327156e+02 -1.147741e+02  1.510000e+00
   endloop
 endfacet
 facet normal  6.087614e-01  7.933533e-01 -0.000000e+00
   outer loop
     vertex  1.329097e+02 -1.151103e+02  0.000000e+00
     vertex  1.329097e+02 -1.151103e+02  1.510000e+00
     vertex  1.330650e+02 -1.152295e+02  1.510000e+00
   endloop
 endfacet
 facet normal  7.933533e-01  6.087614e-01 -0.000000e+00
   outer loop
     vertex  1.329097e+02 -1.151103e+02  0.000000e+00
     vertex  1.327905e+02 -1.149550e+02  1.510000e+00
     vertex  1.329097e+02 -1.151103e+02  1.510000e+00
   endloop
 endfacet
 facet normal  7.933533e-01  6.087614e-01  0.000000e+00
   outer loop
     vertex  1.329097e+02 -1.151103e+02  0.000000e+00
     vertex  1.327905e+02 -1.149550e+02  0.000000e+00
     vertex  1.327905e+02 -1.149550e+02  1.510000e+00
   endloop
 endfacet
 facet normal  6.087614e-01  7.933533e-01 -0.000000e+00
   outer loop
     vertex  1.330650e+02 -1.152295e+02  0.000000e+00
     vertex  1.329097e+02 -1.151103e+02  0.000000e+00
     vertex  1.330650e+02 -1.152295e+02  1.510000e+00
   endloop
 endfacet
 facet normal  3.826834e-01  9.238795e-01 -0.000000e+00
   outer loop
     vertex  1.332459e+02 -1.153044e+02  0.000000e+00
     vertex  1.330650e+02 -1.152295e+02  1.510000e+00
     vertex  1.332459e+02 -1.153044e+02  1.510000e+00
   endloop
 endfacet
 facet normal  3.826834e-01  9.238795e-01  0.000000e+00
   outer loop
     vertex  1.332459e+02 -1.153044e+02  0.000000e+00
     vertex  1.330650e+02 -1.152295e+02  0.000000e+00
     vertex  1.330650e+02 -1.152295e+02  1.510000e+00
   endloop
 endfacet
 facet normal  1.305262e-01  9.914449e-01 -0.000000e+00
   outer loop
     vertex  1.334400e+02 -1.153300e+02  0.000000e+00
     vertex  1.332459e+02 -1.153044e+02  1.510000e+00
     vertex  1.334400e+02 -1.153300e+02  1.510000e+00
   endloop
 endfacet
 facet normal  1.305262e-01  9.914449e-01  0.000000e+00
   outer loop
     vertex  1.334400e+02 -1.153300e+02  0.000000e+00
     vertex  1.332459e+02 -1.153044e+02  0.000000e+00
     vertex  1.332459e+02 -1.153044e+02  1.510000e+00
   endloop
 endfacet
 facet normal -1.305262e-01  9.914449e-01  0.000000e+00
   outer loop
     vertex  1.323900e+02 -9.902104e+01  0.000000e+00
     vertex  1.321700e+02 -9.905000e+01  0.000000e+00
     vertex  1.321700e+02 -9.905000e+01  1.510000e+00
   endloop
 endfacet
 facet normal -1.305262e-01  9.914449e-01  0.000000e+00
   outer loop
     vertex  1.323900e+02 -9.902104e+01  0.000000e+00
     vertex  1.321700e+02 -9.905000e+01  1.510000e+00
     vertex  1.323900e+02 -9.902104e+01  1.510000e+00
   endloop
 endfacet
 facet normal -3.826834e-01  9.238795e-01  0.000000e+00
   outer loop
     vertex  1.325950e+02 -9.893612e+01  0.000000e+00
     vertex  1.323900e+02 -9.902104e+01  1.510000e+00
     vertex  1.325950e+02 -9.893612e+01  1.510000e+00
   endloop
 endfacet
 facet normal -3.826834e-01  9.238795e-01  0.000000e+00
   outer loop
     vertex  1.325950e+02 -9.893612e+01  0.000000e+00
     vertex  1.323900e+02 -9.902104e+01  0.000000e+00
     vertex  1.323900e+02 -9.902104e+01  1.510000e+00
   endloop
 endfacet
 facet normal -6.087614e-01  7.933533e-01  0.000000e+00
   outer loop
     vertex  1.327710e+02 -9.880104e+01  0.000000e+00
     vertex  1.325950e+02 -9.893612e+01  1.510000e+00
     vertex  1.327710e+02 -9.880104e+01  1.510000e+00
   endloop
 endfacet
 facet normal -6.087614e-01  7.933533e-01  0.000000e+00
   outer loop
     vertex  1.327710e+02 -9.880104e+01  0.000000e+00
     vertex  1.325950e+02 -9.893612e+01  0.000000e+00
     vertex  1.325950e+02 -9.893612e+01  1.510000e+00
   endloop
 endfacet
 facet normal -7.933533e-01  6.087614e-01  0.000000e+00
   outer loop
     vertex  1.329061e+02 -9.862500e+01  0.000000e+00
     vertex  1.327710e+02 -9.880104e+01  1.510000e+00
     vertex  1.329061e+02 -9.862500e+01  1.510000e+00
   endloop
 endfacet
 facet normal -7.933533e-01  6.087614e-01  0.000000e+00
   outer loop
     vertex  1.329061e+02 -9.862500e+01  0.000000e+00
     vertex  1.327710e+02 -9.880104e+01  0.000000e+00
     vertex  1.327710e+02 -9.880104e+01  1.510000e+00
   endloop
 endfacet
 facet normal -9.238795e-01  3.826834e-01  0.000000e+00
   outer loop
     vertex  1.329910e+02 -9.842000e+01  0.000000e+00
     vertex  1.329061e+02 -9.862500e+01  1.510000e+00
     vertex  1.329910e+02 -9.842000e+01  1.510000e+00
   endloop
 endfacet
 facet normal -9.238795e-01  3.826834e-01  0.000000e+00
   outer loop
     vertex  1.329910e+02 -9.842000e+01  0.000000e+00
     vertex  1.329061e+02 -9.862500e+01  0.000000e+00
     vertex  1.329061e+02 -9.862500e+01  1.510000e+00
   endloop
 endfacet
 facet normal -9.914449e-01  1.305262e-01  0.000000e+00
   outer loop
     vertex  1.330200e+02 -9.820000e+01  0.000000e+00
     vertex  1.329910e+02 -9.842000e+01  1.510000e+00
     vertex  1.330200e+02 -9.820000e+01  1.510000e+00
   endloop
 endfacet
 facet normal -9.914449e-01  1.305262e-01  0.000000e+00
   outer loop
     vertex  1.330200e+02 -9.820000e+01  0.000000e+00
     vertex  1.329910e+02 -9.842000e+01  0.000000e+00
     vertex  1.329910e+02 -9.842000e+01  1.510000e+00
   endloop
 endfacet
 facet normal -9.914449e-01 -1.305262e-01  0.000000e+00
   outer loop
     vertex  1.329910e+02 -9.798000e+01  0.000000e+00
     vertex  1.330200e+02 -9.820000e+01  1.510000e+00
     vertex  1.329910e+02 -9.798000e+01  1.510000e+00
   endloop
 endfacet
 facet normal -9.914449e-01 -1.305262e-01  0.000000e+00
   outer loop
     vertex  1.329910e+02 -9.798000e+01  0.000000e+00
     vertex  1.330200e+02 -9.820000e+01  0.000000e+00
     vertex  1.330200e+02 -9.820000e+01  1.510000e+00
   endloop
 endfacet
 facet normal -9.238795e-01 -3.826834e-01  0.000000e+00
   outer loop
     vertex  1.329061e+02 -9.777500e+01  0.000000e+00
     vertex  1.329910e+02 -9.798000e+01  1.510000e+00
     vertex  1.329061e+02 -9.777500e+01  1.510000e+00
   endloop
 endfacet
 facet normal -9.238795e-01 -3.826834e-01  0.000000e+00
   outer loop
     vertex  1.329061e+02 -9.777500e+01  0.000000e+00
     vertex  1.329910e+02 -9.798000e+01  0.000000e+00
     vertex  1.329910e+02 -9.798000e+01  1.510000e+00
   endloop
 endfacet
 facet normal -7.933533e-01 -6.087614e-01  0.000000e+00
   outer loop
     vertex  1.327710e+02 -9.759896e+01  0.000000e+00
     vertex  1.329061e+02 -9.777500e+01  1.510000e+00
     vertex  1.327710e+02 -9.759896e+01  1.510000e+00
   endloop
 endfacet
 facet normal -7.933533e-01 -6.087614e-01  0.000000e+00
   outer loop
     vertex  1.327710e+02 -9.759896e+01  0.000000e+00
     vertex  1.329061e+02 -9.777500e+01  0.000000e+00
     vertex  1.329061e+02 -9.777500e+01  1.510000e+00
   endloop
 endfacet
 facet normal -6.087614e-01 -7.933533e-01  0.000000e+00
   outer loop
     vertex  1.325950e+02 -9.746388e+01  0.000000e+00
     vertex  1.327710e+02 -9.759896e+01  1.510000e+00
     vertex  1.325950e+02 -9.746388e+01  1.510000e+00
   endloop
 endfacet
 facet normal -6.087614e-01 -7.933533e-01  0.000000e+00
   outer loop
     vertex  1.325950e+02 -9.746388e+01  0.000000e+00
     vertex  1.327710e+02 -9.759896e+01  0.000000e+00
     vertex  1.327710e+02 -9.759896e+01  1.510000e+00
   endloop
 endfacet
 facet normal -3.826834e-01 -9.238795e-01  0.000000e+00
   outer loop
     vertex  1.323900e+02 -9.737896e+01  0.000000e+00
     vertex  1.325950e+02 -9.746388e+01  1.510000e+00
     vertex  1.323900e+02 -9.737896e+01  1.510000e+00
   endloop
 endfacet
 facet normal -3.826834e-01 -9.238795e-01  0.000000e+00
   outer loop
     vertex  1.323900e+02 -9.737896e+01  0.000000e+00
     vertex  1.325950e+02 -9.746388e+01  0.000000e+00
     vertex  1.325950e+02 -9.746388e+01  1.510000e+00
   endloop
 endfacet
 facet normal -1.305262e-01 -9.914449e-01  0.000000e+00
   outer loop
     vertex  1.321700e+02 -9.735000e+01  0.000000e+00
     vertex  1.323900e+02 -9.737896e+01  1.510000e+00
     vertex  1.321700e+02 -9.735000e+01  1.510000e+00
   endloop
 endfacet
 facet normal -1.305262e-01 -9.914449e-01  0.000000e+00
   outer loop
     vertex  1.321700e+02 -9.735000e+01  0.000000e+00
     vertex  1.323900e+02 -9.737896e+01  0.000000e+00
     vertex  1.323900e+02 -9.737896e+01  1.510000e+00
   endloop
 endfacet
 facet normal  1.305262e-01 -9.914449e-01  0.000000e+00
   outer loop
     vertex  1.319500e+02 -9.737896e+01  0.000000e+00
     vertex  1.321700e+02 -9.735000e+01  1.510000e+00
     vertex  1.319500e+02 -9.737896e+01  1.510000e+00
   endloop
 endfacet
 facet normal  1.305262e-01 -9.914449e-01  0.000000e+00
   outer loop
     vertex  1.319500e+02 -9.737896e+01  0.000000e+00
     vertex  1.321700e+02 -9.735000e+01  0.000000e+00
     vertex  1.321700e+02 -9.735000e+01  1.510000e+00
   endloop
 endfacet
 facet normal  3.826834e-01 -9.238795e-01  0.000000e+00
   outer loop
     vertex  1.317450e+02 -9.746388e+01  0.000000e+00
     vertex  1.319500e+02 -9.737896e+01  0.000000e+00
     vertex  1.319500e+02 -9.737896e+01  1.510000e+00
   endloop
 endfacet
 facet normal  3.826834e-01 -9.238795e-01  0.000000e+00
   outer loop
     vertex  1.317450e+02 -9.746388e+01  0.000000e+00
     vertex  1.319500e+02 -9.737896e+01  1.510000e+00
     vertex  1.317450e+02 -9.746388e+01  1.510000e+00
   endloop
 endfacet
 facet normal  6.087614e-01 -7.933533e-01  0.000000e+00
   outer loop
     vertex  1.315690e+02 -9.759896e+01  0.000000e+00
     vertex  1.317450e+02 -9.746388e+01  0.000000e+00
     vertex  1.317450e+02 -9.746388e+01  1.510000e+00
   endloop
 endfacet
 facet normal  7.933533e-01 -6.087614e-01  0.000000e+00
   outer loop
     vertex  1.315690e+02 -9.759896e+01  0.000000e+00
     vertex  1.315690e+02 -9.759896e+01  1.510000e+00
     vertex  1.314339e+02 -9.777500e+01  1.510000e+00
   endloop
 endfacet
 facet normal  6.087614e-01 -7.933533e-01  0.000000e+00
   outer loop
     vertex  1.315690e+02 -9.759896e+01  0.000000e+00
     vertex  1.317450e+02 -9.746388e+01  1.510000e+00
     vertex  1.315690e+02 -9.759896e+01  1.510000e+00
   endloop
 endfacet
 facet normal  7.933533e-01 -6.087614e-01  0.000000e+00
   outer loop
     vertex  1.314339e+02 -9.777500e+01  0.000000e+00
     vertex  1.315690e+02 -9.759896e+01  0.000000e+00
     vertex  1.314339e+02 -9.777500e+01  1.510000e+00
   endloop
 endfacet
 facet normal  9.238795e-01 -3.826834e-01  0.000000e+00
   outer loop
     vertex  1.314339e+02 -9.777500e+01  0.000000e+00
     vertex  1.314339e+02 -9.777500e+01  1.510000e+00
     vertex  1.313490e+02 -9.798000e+01  1.510000e+00
   endloop
 endfacet
 facet normal  9.238795e-01 -3.826834e-01  0.000000e+00
   outer loop
     vertex  1.313490e+02 -9.798000e+01  0.000000e+00
     vertex  1.314339e+02 -9.777500e+01  0.000000e+00
     vertex  1.313490e+02 -9.798000e+01  1.510000e+00
   endloop
 endfacet
 facet normal  9.914449e-01 -1.305262e-01  0.000000e+00
   outer loop
     vertex  1.313200e+02 -9.820000e+01  0.000000e+00
     vertex  1.313490e+02 -9.798000e+01  0.000000e+00
     vertex  1.313490e+02 -9.798000e+01  1.510000e+00
   endloop
 endfacet
 facet normal  9.914449e-01 -1.305262e-01  0.000000e+00
   outer loop
     vertex  1.313200e+02 -9.820000e+01  0.000000e+00
     vertex  1.313490e+02 -9.798000e+01  1.510000e+00
     vertex  1.313200e+02 -9.820000e+01  1.510000e+00
   endloop
 endfacet
 facet normal  9.914449e-01  1.305262e-01 -0.000000e+00
   outer loop
     vertex  1.313490e+02 -9.842000e+01  0.000000e+00
     vertex  1.313200e+02 -9.820000e+01  1.510000e+00
     vertex  1.313490e+02 -9.842000e+01  1.510000e+00
   endloop
 endfacet
 facet normal  9.914449e-01  1.305262e-01  0.000000e+00
   outer loop
     vertex  1.313490e+02 -9.842000e+01  0.000000e+00
     vertex  1.313200e+02 -9.820000e+01  0.000000e+00
     vertex  1.313200e+02 -9.820000e+01  1.510000e+00
   endloop
 endfacet
 facet normal  9.238795e-01  3.826834e-01 -0.000000e+00
   outer loop
     vertex  1.314339e+02 -9.862500e+01  0.000000e+00
     vertex  1.313490e+02 -9.842000e+01  1.510000e+00
     vertex  1.314339e+02 -9.862500e+01  1.510000e+00
   endloop
 endfacet
 facet normal  9.238795e-01  3.826834e-01  0.000000e+00
   outer loop
     vertex  1.314339e+02 -9.862500e+01  0.000000e+00
     vertex  1.313490e+02 -9.842000e+01  0.000000e+00
     vertex  1.313490e+02 -9.842000e+01  1.510000e+00
   endloop
 endfacet
 facet normal  6.087614e-01  7.933533e-01 -0.000000e+00
   outer loop
     vertex  1.315690e+02 -9.880104e+01  0.000000e+00
     vertex  1.315690e+02 -9.880104e+01  1.510000e+00
     vertex  1.317450e+02 -9.893612e+01  1.510000e+00
   endloop
 endfacet
 facet normal  7.933533e-01  6.087614e-01 -0.000000e+00
   outer loop
     vertex  1.315690e+02 -9.880104e+01  0.000000e+00
     vertex  1.314339e+02 -9.862500e+01  1.510000e+00
     vertex  1.315690e+02 -9.880104e+01  1.510000e+00
   endloop
 endfacet
 facet normal  7.933533e-01  6.087614e-01  0.000000e+00
   outer loop
     vertex  1.315690e+02 -9.880104e+01  0.000000e+00
     vertex  1.314339e+02 -9.862500e+01  0.000000e+00
     vertex  1.314339e+02 -9.862500e+01  1.510000e+00
   endloop
 endfacet
 facet normal  6.087614e-01  7.933533e-01 -0.000000e+00
   outer loop
     vertex  1.317450e+02 -9.893612e+01  0.000000e+00
     vertex  1.315690e+02 -9.880104e+01  0.000000e+00
     vertex  1.317450e+02 -9.893612e+01  1.510000e+00
   endloop
 endfacet
 facet normal  3.826834e-01  9.238795e-01 -0.000000e+00
   outer loop
     vertex  1.319500e+02 -9.902104e+01  0.000000e+00
     vertex  1.317450e+02 -9.893612e+01  1.510000e+00
     vertex  1.319500e+02 -9.902104e+01  1.510000e+00
   endloop
 endfacet
 facet normal  3.826834e-01  9.238795e-01  0.000000e+00
   outer loop
     vertex  1.319500e+02 -9.902104e+01  0.000000e+00
     vertex  1.317450e+02 -9.893612e+01  0.000000e+00
     vertex  1.317450e+02 -9.893612e+01  1.510000e+00
   endloop
 endfacet
 facet normal  1.305262e-01  9.914449e-01 -0.000000e+00
   outer loop
     vertex  1.321700e+02 -9.905000e+01  0.000000e+00
     vertex  1.319500e+02 -9.902104e+01  1.510000e+00
     vertex  1.321700e+02 -9.905000e+01  1.510000e+00
   endloop
 endfacet
 facet normal  1.305262e-01  9.914449e-01  0.000000e+00
   outer loop
     vertex  1.321700e+02 -9.905000e+01  0.000000e+00
     vertex  1.319500e+02 -9.902104e+01  0.000000e+00
     vertex  1.319500e+02 -9.902104e+01  1.510000e+00
   endloop
 endfacet
 facet normal -1.305262e-01  9.914449e-01  0.000000e+00
   outer loop
     vertex  1.336341e+02 -9.638444e+01  0.000000e+00
     vertex  1.334400e+02 -9.641000e+01  0.000000e+00
     vertex  1.334400e+02 -9.641000e+01  1.510000e+00
   endloop
 endfacet
 facet normal -1.305262e-01  9.914449e-01  0.000000e+00
   outer loop
     vertex  1.336341e+02 -9.638444e+01  0.000000e+00
     vertex  1.334400e+02 -9.641000e+01  1.510000e+00
     vertex  1.336341e+02 -9.638444e+01  1.510000e+00
   endloop
 endfacet
 facet normal -3.826834e-01  9.238795e-01  0.000000e+00
   outer loop
     vertex  1.338150e+02 -9.630952e+01  0.000000e+00
     vertex  1.336341e+02 -9.638444e+01  1.510000e+00
     vertex  1.338150e+02 -9.630952e+01  1.510000e+00
   endloop
 endfacet
 facet normal -3.826834e-01  9.238795e-01  0.000000e+00
   outer loop
     vertex  1.338150e+02 -9.630952e+01  0.000000e+00
     vertex  1.336341e+02 -9.638444e+01  0.000000e+00
     vertex  1.336341e+02 -9.638444e+01  1.510000e+00
   endloop
 endfacet
 facet normal -6.087614e-01  7.933533e-01  0.000000e+00
   outer loop
     vertex  1.339703e+02 -9.619033e+01  0.000000e+00
     vertex  1.338150e+02 -9.630952e+01  1.510000e+00
     vertex  1.339703e+02 -9.619033e+01  1.510000e+00
   endloop
 endfacet
 facet normal -6.087614e-01  7.933533e-01  0.000000e+00
   outer loop
     vertex  1.339703e+02 -9.619033e+01  0.000000e+00
     vertex  1.338150e+02 -9.630952e+01  0.000000e+00
     vertex  1.338150e+02 -9.630952e+01  1.510000e+00
   endloop
 endfacet
 facet normal -7.933533e-01  6.087614e-01  0.000000e+00
   outer loop
     vertex  1.340895e+02 -9.603500e+01  0.000000e+00
     vertex  1.339703e+02 -9.619033e+01  1.510000e+00
     vertex  1.340895e+02 -9.603500e+01  1.510000e+00
   endloop
 endfacet
 facet normal -7.933533e-01  6.087614e-01  0.000000e+00
   outer loop
     vertex  1.340895e+02 -9.603500e+01  0.000000e+00
     vertex  1.339703e+02 -9.619033e+01  0.000000e+00
     vertex  1.339703e+02 -9.619033e+01  1.510000e+00
   endloop
 endfacet
 facet normal -9.238795e-01  3.826834e-01  0.000000e+00
   outer loop
     vertex  1.341644e+02 -9.585411e+01  0.000000e+00
     vertex  1.340895e+02 -9.603500e+01  1.510000e+00
     vertex  1.341644e+02 -9.585411e+01  1.510000e+00
   endloop
 endfacet
 facet normal -9.238795e-01  3.826834e-01  0.000000e+00
   outer loop
     vertex  1.341644e+02 -9.585411e+01  0.000000e+00
     vertex  1.340895e+02 -9.603500e+01  0.000000e+00
     vertex  1.340895e+02 -9.603500e+01  1.510000e+00
   endloop
 endfacet
 facet normal -9.914449e-01  1.305262e-01  0.000000e+00
   outer loop
     vertex  1.341900e+02 -9.566000e+01  0.000000e+00
     vertex  1.341644e+02 -9.585411e+01  1.510000e+00
     vertex  1.341900e+02 -9.566000e+01  1.510000e+00
   endloop
 endfacet
 facet normal -9.914449e-01  1.305262e-01  0.000000e+00
   outer loop
     vertex  1.341900e+02 -9.566000e+01  0.000000e+00
     vertex  1.341644e+02 -9.585411e+01  0.000000e+00
     vertex  1.341644e+02 -9.585411e+01  1.510000e+00
   endloop
 endfacet
 facet normal -9.914449e-01 -1.305262e-01  0.000000e+00
   outer loop
     vertex  1.341644e+02 -9.546589e+01  0.000000e+00
     vertex  1.341900e+02 -9.566000e+01  1.510000e+00
     vertex  1.341644e+02 -9.546589e+01  1.510000e+00
   endloop
 endfacet
 facet normal -9.914449e-01 -1.305262e-01  0.000000e+00
   outer loop
     vertex  1.341644e+02 -9.546589e+01  0.000000e+00
     vertex  1.341900e+02 -9.566000e+01  0.000000e+00
     vertex  1.341900e+02 -9.566000e+01  1.510000e+00
   endloop
 endfacet
 facet normal -9.238795e-01 -3.826834e-01  0.000000e+00
   outer loop
     vertex  1.340895e+02 -9.528500e+01  0.000000e+00
     vertex  1.341644e+02 -9.546589e+01  1.510000e+00
     vertex  1.340895e+02 -9.528500e+01  1.510000e+00
   endloop
 endfacet
 facet normal -9.238795e-01 -3.826834e-01  0.000000e+00
   outer loop
     vertex  1.340895e+02 -9.528500e+01  0.000000e+00
     vertex  1.341644e+02 -9.546589e+01  0.000000e+00
     vertex  1.341644e+02 -9.546589e+01  1.510000e+00
   endloop
 endfacet
 facet normal -7.933533e-01 -6.087614e-01  0.000000e+00
   outer loop
     vertex  1.339703e+02 -9.512967e+01  0.000000e+00
     vertex  1.340895e+02 -9.528500e+01  1.510000e+00
     vertex  1.339703e+02 -9.512967e+01  1.510000e+00
   endloop
 endfacet
 facet normal -7.933533e-01 -6.087614e-01  0.000000e+00
   outer loop
     vertex  1.339703e+02 -9.512967e+01  0.000000e+00
     vertex  1.340895e+02 -9.528500e+01  0.000000e+00
     vertex  1.340895e+02 -9.528500e+01  1.510000e+00
   endloop
 endfacet
 facet normal -6.087614e-01 -7.933533e-01  0.000000e+00
   outer loop
     vertex  1.338150e+02 -9.501048e+01  0.000000e+00
     vertex  1.339703e+02 -9.512967e+01  1.510000e+00
     vertex  1.338150e+02 -9.501048e+01  1.510000e+00
   endloop
 endfacet
 facet normal -6.087614e-01 -7.933533e-01  0.000000e+00
   outer loop
     vertex  1.338150e+02 -9.501048e+01  0.000000e+00
     vertex  1.339703e+02 -9.512967e+01  0.000000e+00
     vertex  1.339703e+02 -9.512967e+01  1.510000e+00
   endloop
 endfacet
 facet normal -3.826834e-01 -9.238795e-01  0.000000e+00
   outer loop
     vertex  1.336341e+02 -9.493556e+01  0.000000e+00
     vertex  1.338150e+02 -9.501048e+01  1.510000e+00
     vertex  1.336341e+02 -9.493556e+01  1.510000e+00
   endloop
 endfacet
 facet normal -3.826834e-01 -9.238795e-01  0.000000e+00
   outer loop
     vertex  1.336341e+02 -9.493556e+01  0.000000e+00
     vertex  1.338150e+02 -9.501048e+01  0.000000e+00
     vertex  1.338150e+02 -9.501048e+01  1.510000e+00
   endloop
 endfacet
 facet normal -1.305262e-01 -9.914449e-01  0.000000e+00
   outer loop
     vertex  1.334400e+02 -9.491000e+01  0.000000e+00
     vertex  1.336341e+02 -9.493556e+01  1.510000e+00
     vertex  1.334400e+02 -9.491000e+01  1.510000e+00
   endloop
 endfacet
 facet normal -1.305262e-01 -9.914449e-01  0.000000e+00
   outer loop
     vertex  1.334400e+02 -9.491000e+01  0.000000e+00
     vertex  1.336341e+02 -9.493556e+01  0.000000e+00
     vertex  1.336341e+02 -9.493556e+01  1.510000e+00
   endloop
 endfacet
 facet normal  1.305262e-01 -9.914449e-01  0.000000e+00
   outer loop
     vertex  1.332459e+02 -9.493556e+01  0.000000e+00
     vertex  1.334400e+02 -9.491000e+01  1.510000e+00
     vertex  1.332459e+02 -9.493556e+01  1.510000e+00
   endloop
 endfacet
 facet normal  1.305262e-01 -9.914449e-01  0.000000e+00
   outer loop
     vertex  1.332459e+02 -9.493556e+01  0.000000e+00
     vertex  1.334400e+02 -9.491000e+01  0.000000e+00
     vertex  1.334400e+02 -9.491000e+01  1.510000e+00
   endloop
 endfacet
 facet normal  3.826834e-01 -9.238795e-01  0.000000e+00
   outer loop
     vertex  1.330650e+02 -9.501048e+01  0.000000e+00
     vertex  1.332459e+02 -9.493556e+01  0.000000e+00
     vertex  1.332459e+02 -9.493556e+01  1.510000e+00
   endloop
 endfacet
 facet normal  3.826834e-01 -9.238795e-01  0.000000e+00
   outer loop
     vertex  1.330650e+02 -9.501048e+01  0.000000e+00
     vertex  1.332459e+02 -9.493556e+01  1.510000e+00
     vertex  1.330650e+02 -9.501048e+01  1.510000e+00
   endloop
 endfacet
 facet normal  6.087614e-01 -7.933533e-01  0.000000e+00
   outer loop
     vertex  1.329097e+02 -9.512967e+01  0.000000e+00
     vertex  1.330650e+02 -9.501048e+01  0.000000e+00
     vertex  1.330650e+02 -9.501048e+01  1.510000e+00
   endloop
 endfacet
 facet normal  7.933533e-01 -6.087614e-01  0.000000e+00
   outer loop
     vertex  1.329097e+02 -9.512967e+01  0.000000e+00
     vertex  1.329097e+02 -9.512967e+01  1.510000e+00
     vertex  1.327905e+02 -9.528500e+01  1.510000e+00
   endloop
 endfacet
 facet normal  6.087614e-01 -7.933533e-01  0.000000e+00
   outer loop
     vertex  1.329097e+02 -9.512967e+01  0.000000e+00
     vertex  1.330650e+02 -9.501048e+01  1.510000e+00
     vertex  1.329097e+02 -9.512967e+01  1.510000e+00
   endloop
 endfacet
 facet normal  7.933533e-01 -6.087614e-01  0.000000e+00
   outer loop
     vertex  1.327905e+02 -9.528500e+01  0.000000e+00
     vertex  1.329097e+02 -9.512967e+01  0.000000e+00
     vertex  1.327905e+02 -9.528500e+01  1.510000e+00
   endloop
 endfacet
 facet normal  9.238795e-01 -3.826834e-01  0.000000e+00
   outer loop
     vertex  1.327905e+02 -9.528500e+01  0.000000e+00
     vertex  1.327905e+02 -9.528500e+01  1.510000e+00
     vertex  1.327156e+02 -9.546589e+01  1.510000e+00
   endloop
 endfacet
 facet normal  9.238795e-01 -3.826834e-01  0.000000e+00
   outer loop
     vertex  1.327156e+02 -9.546589e+01  0.000000e+00
     vertex  1.327905e+02 -9.528500e+01  0.000000e+00
     vertex  1.327156e+02 -9.546589e+01  1.510000e+00
   endloop
 endfacet
 facet normal  9.914449e-01 -1.305262e-01  0.000000e+00
   outer loop
     vertex  1.326900e+02 -9.566000e+01  0.000000e+00
     vertex  1.327156e+02 -9.546589e+01  0.000000e+00
     vertex  1.327156e+02 -9.546589e+01  1.510000e+00
   endloop
 endfacet
 facet normal  9.914449e-01 -1.305262e-01  0.000000e+00
   outer loop
     vertex  1.326900e+02 -9.566000e+01  0.000000e+00
     vertex  1.327156e+02 -9.546589e+01  1.510000e+00
     vertex  1.326900e+02 -9.566000e+01  1.510000e+00
   endloop
 endfacet
 facet normal  9.914449e-01  1.305262e-01 -0.000000e+00
   outer loop
     vertex  1.327156e+02 -9.585411e+01  0.000000e+00
     vertex  1.326900e+02 -9.566000e+01  1.510000e+00
     vertex  1.327156e+02 -9.585411e+01  1.510000e+00
   endloop
 endfacet
 facet normal  9.914449e-01  1.305262e-01  0.000000e+00
   outer loop
     vertex  1.327156e+02 -9.585411e+01  0.000000e+00
     vertex  1.326900e+02 -9.566000e+01  0.000000e+00
     vertex  1.326900e+02 -9.566000e+01  1.510000e+00
   endloop
 endfacet
 facet normal  9.238795e-01  3.826834e-01 -0.000000e+00
   outer loop
     vertex  1.327905e+02 -9.603500e+01  0.000000e+00
     vertex  1.327156e+02 -9.585411e+01  1.510000e+00
     vertex  1.327905e+02 -9.603500e+01  1.510000e+00
   endloop
 endfacet
 facet normal  9.238795e-01  3.826834e-01  0.000000e+00
   outer loop
     vertex  1.327905e+02 -9.603500e+01  0.000000e+00
     vertex  1.327156e+02 -9.585411e+01  0.000000e+00
     vertex  1.327156e+02 -9.585411e+01  1.510000e+00
   endloop
 endfacet
 facet normal  6.087614e-01  7.933533e-01 -0.000000e+00
   outer loop
     vertex  1.329097e+02 -9.619033e+01  0.000000e+00
     vertex  1.329097e+02 -9.619033e+01  1.510000e+00
     vertex  1.330650e+02 -9.630952e+01  1.510000e+00
   endloop
 endfacet
 facet normal  7.933533e-01  6.087614e-01 -0.000000e+00
   outer loop
     vertex  1.329097e+02 -9.619033e+01  0.000000e+00
     vertex  1.327905e+02 -9.603500e+01  1.510000e+00
     vertex  1.329097e+02 -9.619033e+01  1.510000e+00
   endloop
 endfacet
 facet normal  7.933533e-01  6.087614e-01  0.000000e+00
   outer loop
     vertex  1.329097e+02 -9.619033e+01  0.000000e+00
     vertex  1.327905e+02 -9.603500e+01  0.000000e+00
     vertex  1.327905e+02 -9.603500e+01  1.510000e+00
   endloop
 endfacet
 facet normal  6.087614e-01  7.933533e-01 -0.000000e+00
   outer loop
     vertex  1.330650e+02 -9.630952e+01  0.000000e+00
     vertex  1.329097e+02 -9.619033e+01  0.000000e+00
     vertex  1.330650e+02 -9.630952e+01  1.510000e+00
   endloop
 endfacet
 facet normal  3.826834e-01  9.238795e-01 -0.000000e+00
   outer loop
     vertex  1.332459e+02 -9.638444e+01  0.000000e+00
     vertex  1.330650e+02 -9.630952e+01  1.510000e+00
     vertex  1.332459e+02 -9.638444e+01  1.510000e+00
   endloop
 endfacet
 facet normal  3.826834e-01  9.238795e-01  0.000000e+00
   outer loop
     vertex  1.332459e+02 -9.638444e+01  0.000000e+00
     vertex  1.330650e+02 -9.630952e+01  0.000000e+00
     vertex  1.330650e+02 -9.630952e+01  1.510000e+00
   endloop
 endfacet
 facet normal  1.305262e-01  9.914449e-01 -0.000000e+00
   outer loop
     vertex  1.334400e+02 -9.641000e+01  0.000000e+00
     vertex  1.332459e+02 -9.638444e+01  1.510000e+00
     vertex  1.334400e+02 -9.641000e+01  1.510000e+00
   endloop
 endfacet
 facet normal  1.305262e-01  9.914449e-01  0.000000e+00
   outer loop
     vertex  1.334400e+02 -9.641000e+01  0.000000e+00
     vertex  1.332459e+02 -9.638444e+01  0.000000e+00
     vertex  1.332459e+02 -9.638444e+01  1.510000e+00
   endloop
 endfacet
 facet normal -1.305262e-01  9.914449e-01  0.000000e+00
   outer loop
     vertex  1.377676e+02 -1.190519e+02  0.000000e+00
     vertex  1.372500e+02 -1.191200e+02  0.000000e+00
     vertex  1.372500e+02 -1.191200e+02  1.510000e+00
   endloop
 endfacet
 facet normal -1.305262e-01  9.914449e-01  0.000000e+00
   outer loop
     vertex  1.377676e+02 -1.190519e+02  0.000000e+00
     vertex  1.372500e+02 -1.191200e+02  1.510000e+00
     vertex  1.377676e+02 -1.190519e+02  1.510000e+00
   endloop
 endfacet
 facet normal -3.826834e-01  9.238795e-01  0.000000e+00
   outer loop
     vertex  1.382500e+02 -1.188521e+02  0.000000e+00
     vertex  1.377676e+02 -1.190519e+02  1.510000e+00
     vertex  1.382500e+02 -1.188521e+02  1.510000e+00
   endloop
 endfacet
 facet normal -3.826834e-01  9.238795e-01  0.000000e+00
   outer loop
     vertex  1.382500e+02 -1.188521e+02  0.000000e+00
     vertex  1.377676e+02 -1.190519e+02  0.000000e+00
     vertex  1.377676e+02 -1.190519e+02  1.510000e+00
   endloop
 endfacet
 facet normal -6.087614e-01  7.933533e-01  0.000000e+00
   outer loop
     vertex  1.386642e+02 -1.185342e+02  0.000000e+00
     vertex  1.382500e+02 -1.188521e+02  1.510000e+00
     vertex  1.386642e+02 -1.185342e+02  1.510000e+00
   endloop
 endfacet
 facet normal -6.087614e-01  7.933533e-01  0.000000e+00
   outer loop
     vertex  1.386642e+02 -1.185342e+02  0.000000e+00
     vertex  1.382500e+02 -1.188521e+02  0.000000e+00
     vertex  1.382500e+02 -1.188521e+02  1.510000e+00
   endloop
 endfacet
 facet normal -7.933533e-01  6.087614e-01  0.000000e+00
   outer loop
     vertex  1.389821e+02 -1.181200e+02  0.000000e+00
     vertex  1.386642e+02 -1.185342e+02  1.510000e+00
     vertex  1.389821e+02 -1.181200e+02  1.510000e+00
   endloop
 endfacet
 facet normal -7.933533e-01  6.087614e-01  0.000000e+00
   outer loop
     vertex  1.389821e+02 -1.181200e+02  0.000000e+00
     vertex  1.386642e+02 -1.185342e+02  0.000000e+00
     vertex  1.386642e+02 -1.185342e+02  1.510000e+00
   endloop
 endfacet
 facet normal -9.238795e-01  3.826834e-01  0.000000e+00
   outer loop
     vertex  1.391819e+02 -1.176376e+02  0.000000e+00
     vertex  1.389821e+02 -1.181200e+02  1.510000e+00
     vertex  1.391819e+02 -1.176376e+02  1.510000e+00
   endloop
 endfacet
 facet normal -9.238795e-01  3.826834e-01  0.000000e+00
   outer loop
     vertex  1.391819e+02 -1.176376e+02  0.000000e+00
     vertex  1.389821e+02 -1.181200e+02  0.000000e+00
     vertex  1.389821e+02 -1.181200e+02  1.510000e+00
   endloop
 endfacet
 facet normal -9.914449e-01  1.305262e-01  0.000000e+00
   outer loop
     vertex  1.392500e+02 -1.171200e+02  0.000000e+00
     vertex  1.391819e+02 -1.176376e+02  1.510000e+00
     vertex  1.392500e+02 -1.171200e+02  1.510000e+00
   endloop
 endfacet
 facet normal -9.914449e-01  1.305262e-01  0.000000e+00
   outer loop
     vertex  1.392500e+02 -1.171200e+02  0.000000e+00
     vertex  1.391819e+02 -1.176376e+02  0.000000e+00
     vertex  1.391819e+02 -1.176376e+02  1.510000e+00
   endloop
 endfacet
 facet normal -9.914449e-01 -1.305262e-01  0.000000e+00
   outer loop
     vertex  1.391819e+02 -1.166024e+02  0.000000e+00
     vertex  1.392500e+02 -1.171200e+02  1.510000e+00
     vertex  1.391819e+02 -1.166024e+02  1.510000e+00
   endloop
 endfacet
 facet normal -9.914449e-01 -1.305262e-01  0.000000e+00
   outer loop
     vertex  1.391819e+02 -1.166024e+02  0.000000e+00
     vertex  1.392500e+02 -1.171200e+02  0.000000e+00
     vertex  1.392500e+02 -1.171200e+02  1.510000e+00
   endloop
 endfacet
 facet normal -9.238795e-01 -3.826834e-01  0.000000e+00
   outer loop
     vertex  1.389821e+02 -1.161200e+02  0.000000e+00
     vertex  1.391819e+02 -1.166024e+02  1.510000e+00
     vertex  1.389821e+02 -1.161200e+02  1.510000e+00
   endloop
 endfacet
 facet normal -9.238795e-01 -3.826834e-01  0.000000e+00
   outer loop
     vertex  1.389821e+02 -1.161200e+02  0.000000e+00
     vertex  1.391819e+02 -1.166024e+02  0.000000e+00
     vertex  1.391819e+02 -1.166024e+02  1.510000e+00
   endloop
 endfacet
 facet normal -7.933533e-01 -6.087614e-01  0.000000e+00
   outer loop
     vertex  1.386642e+02 -1.157058e+02  0.000000e+00
     vertex  1.389821e+02 -1.161200e+02  1.510000e+00
     vertex  1.386642e+02 -1.157058e+02  1.510000e+00
   endloop
 endfacet
 facet normal -7.933533e-01 -6.087614e-01  0.000000e+00
   outer loop
     vertex  1.386642e+02 -1.157058e+02  0.000000e+00
     vertex  1.389821e+02 -1.161200e+02  0.000000e+00
     vertex  1.389821e+02 -1.161200e+02  1.510000e+00
   endloop
 endfacet
 facet normal -6.087614e-01 -7.933533e-01  0.000000e+00
   outer loop
     vertex  1.382500e+02 -1.153879e+02  0.000000e+00
     vertex  1.386642e+02 -1.157058e+02  1.510000e+00
     vertex  1.382500e+02 -1.153879e+02  1.510000e+00
   endloop
 endfacet
 facet normal -6.087614e-01 -7.933533e-01  0.000000e+00
   outer loop
     vertex  1.382500e+02 -1.153879e+02  0.000000e+00
     vertex  1.386642e+02 -1.157058e+02  0.000000e+00
     vertex  1.386642e+02 -1.157058e+02  1.510000e+00
   endloop
 endfacet
 facet normal -3.826834e-01 -9.238795e-01  0.000000e+00
   outer loop
     vertex  1.377676e+02 -1.151881e+02  0.000000e+00
     vertex  1.382500e+02 -1.153879e+02  1.510000e+00
     vertex  1.377676e+02 -1.151881e+02  1.510000e+00
   endloop
 endfacet
 facet normal -3.826834e-01 -9.238795e-01  0.000000e+00
   outer loop
     vertex  1.377676e+02 -1.151881e+02  0.000000e+00
     vertex  1.382500e+02 -1.153879e+02  0.000000e+00
     vertex  1.382500e+02 -1.153879e+02  1.510000e+00
   endloop
 endfacet
 facet normal -1.305262e-01 -9.914449e-01  0.000000e+00
   outer loop
     vertex  1.372500e+02 -1.151200e+02  0.000000e+00
     vertex  1.377676e+02 -1.151881e+02  1.510000e+00
     vertex  1.372500e+02 -1.151200e+02  1.510000e+00
   endloop
 endfacet
 facet normal -1.305262e-01 -9.914449e-01  0.000000e+00
   outer loop
     vertex  1.372500e+02 -1.151200e+02  0.000000e+00
     vertex  1.377676e+02 -1.151881e+02  0.000000e+00
     vertex  1.377676e+02 -1.151881e+02  1.510000e+00
   endloop
 endfacet
 facet normal  1.305262e-01 -9.914449e-01  0.000000e+00
   outer loop
     vertex  1.367324e+02 -1.151881e+02  0.000000e+00
     vertex  1.372500e+02 -1.151200e+02  1.510000e+00
     vertex  1.367324e+02 -1.151881e+02  1.510000e+00
   endloop
 endfacet
 facet normal  1.305262e-01 -9.914449e-01  0.000000e+00
   outer loop
     vertex  1.367324e+02 -1.151881e+02  0.000000e+00
     vertex  1.372500e+02 -1.151200e+02  0.000000e+00
     vertex  1.372500e+02 -1.151200e+02  1.510000e+00
   endloop
 endfacet
 facet normal  3.826834e-01 -9.238795e-01  0.000000e+00
   outer loop
     vertex  1.362500e+02 -1.153879e+02  0.000000e+00
     vertex  1.367324e+02 -1.151881e+02  0.000000e+00
     vertex  1.367324e+02 -1.151881e+02  1.510000e+00
   endloop
 endfacet
 facet normal  3.826834e-01 -9.238795e-01  0.000000e+00
   outer loop
     vertex  1.362500e+02 -1.153879e+02  0.000000e+00
     vertex  1.367324e+02 -1.151881e+02  1.510000e+00
     vertex  1.362500e+02 -1.153879e+02  1.510000e+00
   endloop
 endfacet
 facet normal  6.087614e-01 -7.933533e-01  0.000000e+00
   outer loop
     vertex  1.358358e+02 -1.157058e+02  0.000000e+00
     vertex  1.362500e+02 -1.153879e+02  0.000000e+00
     vertex  1.362500e+02 -1.153879e+02  1.510000e+00
   endloop
 endfacet
 facet normal  7.933533e-01 -6.087614e-01  0.000000e+00
   outer loop
     vertex  1.358358e+02 -1.157058e+02  0.000000e+00
     vertex  1.358358e+02 -1.157058e+02  1.510000e+00
     vertex  1.355179e+02 -1.161200e+02  1.510000e+00
   endloop
 endfacet
 facet normal  6.087614e-01 -7.933533e-01  0.000000e+00
   outer loop
     vertex  1.358358e+02 -1.157058e+02  0.000000e+00
     vertex  1.362500e+02 -1.153879e+02  1.510000e+00
     vertex  1.358358e+02 -1.157058e+02  1.510000e+00
   endloop
 endfacet
 facet normal  7.933533e-01 -6.087614e-01  0.000000e+00
   outer loop
     vertex  1.355179e+02 -1.161200e+02  0.000000e+00
     vertex  1.358358e+02 -1.157058e+02  0.000000e+00
     vertex  1.355179e+02 -1.161200e+02  1.510000e+00
   endloop
 endfacet
 facet normal  9.238795e-01 -3.826834e-01  0.000000e+00
   outer loop
     vertex  1.355179e+02 -1.161200e+02  0.000000e+00
     vertex  1.355179e+02 -1.161200e+02  1.510000e+00
     vertex  1.353181e+02 -1.166024e+02  1.510000e+00
   endloop
 endfacet
 facet normal  9.238795e-01 -3.826834e-01  0.000000e+00
   outer loop
     vertex  1.353181e+02 -1.166024e+02  0.000000e+00
     vertex  1.355179e+02 -1.161200e+02  0.000000e+00
     vertex  1.353181e+02 -1.166024e+02  1.510000e+00
   endloop
 endfacet
 facet normal  9.914449e-01 -1.305262e-01  0.000000e+00
   outer loop
     vertex  1.352500e+02 -1.171200e+02  0.000000e+00
     vertex  1.353181e+02 -1.166024e+02  0.000000e+00
     vertex  1.353181e+02 -1.166024e+02  1.510000e+00
   endloop
 endfacet
 facet normal  9.914449e-01 -1.305262e-01  0.000000e+00
   outer loop
     vertex  1.352500e+02 -1.171200e+02  0.000000e+00
     vertex  1.353181e+02 -1.166024e+02  1.510000e+00
     vertex  1.352500e+02 -1.171200e+02  1.510000e+00
   endloop
 endfacet
 facet normal  9.914449e-01  1.305262e-01 -0.000000e+00
   outer loop
     vertex  1.353181e+02 -1.176376e+02  0.000000e+00
     vertex  1.352500e+02 -1.171200e+02  1.510000e+00
     vertex  1.353181e+02 -1.176376e+02  1.510000e+00
   endloop
 endfacet
 facet normal  9.914449e-01  1.305262e-01  0.000000e+00
   outer loop
     vertex  1.353181e+02 -1.176376e+02  0.000000e+00
     vertex  1.352500e+02 -1.171200e+02  0.000000e+00
     vertex  1.352500e+02 -1.171200e+02  1.510000e+00
   endloop
 endfacet
 facet normal  9.238795e-01  3.826834e-01 -0.000000e+00
   outer loop
     vertex  1.355179e+02 -1.181200e+02  0.000000e+00
     vertex  1.353181e+02 -1.176376e+02  1.510000e+00
     vertex  1.355179e+02 -1.181200e+02  1.510000e+00
   endloop
 endfacet
 facet normal  9.238795e-01  3.826834e-01  0.000000e+00
   outer loop
     vertex  1.355179e+02 -1.181200e+02  0.000000e+00
     vertex  1.353181e+02 -1.176376e+02  0.000000e+00
     vertex  1.353181e+02 -1.176376e+02  1.510000e+00
   endloop
 endfacet
 facet normal  6.087614e-01  7.933533e-01 -0.000000e+00
   outer loop
     vertex  1.358358e+02 -1.185342e+02  0.000000e+00
     vertex  1.358358e+02 -1.185342e+02  1.510000e+00
     vertex  1.362500e+02 -1.188521e+02  1.510000e+00
   endloop
 endfacet
 facet normal  7.933533e-01  6.087614e-01 -0.000000e+00
   outer loop
     vertex  1.358358e+02 -1.185342e+02  0.000000e+00
     vertex  1.355179e+02 -1.181200e+02  1.510000e+00
     vertex  1.358358e+02 -1.185342e+02  1.510000e+00
   endloop
 endfacet
 facet normal  7.933533e-01  6.087614e-01  0.000000e+00
   outer loop
     vertex  1.358358e+02 -1.185342e+02  0.000000e+00
     vertex  1.355179e+02 -1.181200e+02  0.000000e+00
     vertex  1.355179e+02 -1.181200e+02  1.510000e+00
   endloop
 endfacet
 facet normal  6.087614e-01  7.933533e-01 -0.000000e+00
   outer loop
     vertex  1.362500e+02 -1.188521e+02  0.000000e+00
     vertex  1.358358e+02 -1.185342e+02  0.000000e+00
     vertex  1.362500e+02 -1.188521e+02  1.510000e+00
   endloop
 endfacet
 facet normal  3.826834e-01  9.238795e-01 -0.000000e+00
   outer loop
     vertex  1.367324e+02 -1.190519e+02  0.000000e+00
     vertex  1.362500e+02 -1.188521e+02  1.510000e+00
     vertex  1.367324e+02 -1.190519e+02  1.510000e+00
   endloop
 endfacet
 facet normal  3.826834e-01  9.238795e-01  0.000000e+00
   outer loop
     vertex  1.367324e+02 -1.190519e+02  0.000000e+00
     vertex  1.362500e+02 -1.188521e+02  0.000000e+00
     vertex  1.362500e+02 -1.188521e+02  1.510000e+00
   endloop
 endfacet
 facet normal  1.305262e-01  9.914449e-01 -0.000000e+00
   outer loop
     vertex  1.372500e+02 -1.191200e+02  0.000000e+00
     vertex  1.367324e+02 -1.190519e+02  1.510000e+00
     vertex  1.372500e+02 -1.191200e+02  1.510000e+00
   endloop
 endfacet
 facet normal  1.305262e-01  9.914449e-01  0.000000e+00
   outer loop
     vertex  1.372500e+02 -1.191200e+02  0.000000e+00
     vertex  1.367324e+02 -1.190519e+02  0.000000e+00
     vertex  1.367324e+02 -1.190519e+02  1.510000e+00
   endloop
 endfacet
 facet normal -1.305262e-01  9.914449e-01  0.000000e+00
   outer loop
     vertex  1.399841e+02 -1.127644e+02  0.000000e+00
     vertex  1.397900e+02 -1.127900e+02  0.000000e+00
     vertex  1.397900e+02 -1.127900e+02  1.510000e+00
   endloop
 endfacet
 facet normal -1.305262e-01  9.914449e-01  0.000000e+00
   outer loop
     vertex  1.399841e+02 -1.127644e+02  0.000000e+00
     vertex  1.397900e+02 -1.127900e+02  1.510000e+00
     vertex  1.399841e+02 -1.127644e+02  1.510000e+00
   endloop
 endfacet
 facet normal -3.826834e-01  9.238795e-01  0.000000e+00
   outer loop
     vertex  1.401650e+02 -1.126895e+02  0.000000e+00
     vertex  1.399841e+02 -1.127644e+02  1.510000e+00
     vertex  1.401650e+02 -1.126895e+02  1.510000e+00
   endloop
 endfacet
 facet normal -3.826834e-01  9.238795e-01  0.000000e+00
   outer loop
     vertex  1.401650e+02 -1.126895e+02  0.000000e+00
     vertex  1.399841e+02 -1.127644e+02  0.000000e+00
     vertex  1.399841e+02 -1.127644e+02  1.510000e+00
   endloop
 endfacet
 facet normal -6.087614e-01  7.933533e-01  0.000000e+00
   outer loop
     vertex  1.403203e+02 -1.125703e+02  0.000000e+00
     vertex  1.401650e+02 -1.126895e+02  1.510000e+00
     vertex  1.403203e+02 -1.125703e+02  1.510000e+00
   endloop
 endfacet
 facet normal -6.087614e-01  7.933533e-01  0.000000e+00
   outer loop
     vertex  1.403203e+02 -1.125703e+02  0.000000e+00
     vertex  1.401650e+02 -1.126895e+02  0.000000e+00
     vertex  1.401650e+02 -1.126895e+02  1.510000e+00
   endloop
 endfacet
 facet normal -7.933533e-01  6.087614e-01  0.000000e+00
   outer loop
     vertex  1.404395e+02 -1.124150e+02  0.000000e+00
     vertex  1.403203e+02 -1.125703e+02  1.510000e+00
     vertex  1.404395e+02 -1.124150e+02  1.510000e+00
   endloop
 endfacet
 facet normal -7.933533e-01  6.087614e-01  0.000000e+00
   outer loop
     vertex  1.404395e+02 -1.124150e+02  0.000000e+00
     vertex  1.403203e+02 -1.125703e+02  0.000000e+00
     vertex  1.403203e+02 -1.125703e+02  1.510000e+00
   endloop
 endfacet
 facet normal -9.238795e-01  3.826834e-01  0.000000e+00
   outer loop
     vertex  1.405144e+02 -1.122341e+02  0.000000e+00
     vertex  1.404395e+02 -1.124150e+02  1.510000e+00
     vertex  1.405144e+02 -1.122341e+02  1.510000e+00
   endloop
 endfacet
 facet normal -9.238795e-01  3.826834e-01  0.000000e+00
   outer loop
     vertex  1.405144e+02 -1.122341e+02  0.000000e+00
     vertex  1.404395e+02 -1.124150e+02  0.000000e+00
     vertex  1.404395e+02 -1.124150e+02  1.510000e+00
   endloop
 endfacet
 facet normal -9.914449e-01  1.305262e-01  0.000000e+00
   outer loop
     vertex  1.405400e+02 -1.120400e+02  0.000000e+00
     vertex  1.405144e+02 -1.122341e+02  1.510000e+00
     vertex  1.405400e+02 -1.120400e+02  1.510000e+00
   endloop
 endfacet
 facet normal -9.914449e-01  1.305262e-01  0.000000e+00
   outer loop
     vertex  1.405400e+02 -1.120400e+02  0.000000e+00
     vertex  1.405144e+02 -1.122341e+02  0.000000e+00
     vertex  1.405144e+02 -1.122341e+02  1.510000e+00
   endloop
 endfacet
 facet normal -9.914449e-01 -1.305262e-01  0.000000e+00
   outer loop
     vertex  1.405144e+02 -1.118459e+02  0.000000e+00
     vertex  1.405400e+02 -1.120400e+02  1.510000e+00
     vertex  1.405144e+02 -1.118459e+02  1.510000e+00
   endloop
 endfacet
 facet normal -9.914449e-01 -1.305262e-01  0.000000e+00
   outer loop
     vertex  1.405144e+02 -1.118459e+02  0.000000e+00
     vertex  1.405400e+02 -1.120400e+02  0.000000e+00
     vertex  1.405400e+02 -1.120400e+02  1.510000e+00
   endloop
 endfacet
 facet normal -9.238795e-01 -3.826834e-01  0.000000e+00
   outer loop
     vertex  1.404395e+02 -1.116650e+02  0.000000e+00
     vertex  1.405144e+02 -1.118459e+02  1.510000e+00
     vertex  1.404395e+02 -1.116650e+02  1.510000e+00
   endloop
 endfacet
 facet normal -9.238795e-01 -3.826834e-01  0.000000e+00
   outer loop
     vertex  1.404395e+02 -1.116650e+02  0.000000e+00
     vertex  1.405144e+02 -1.118459e+02  0.000000e+00
     vertex  1.405144e+02 -1.118459e+02  1.510000e+00
   endloop
 endfacet
 facet normal -7.933533e-01 -6.087614e-01  0.000000e+00
   outer loop
     vertex  1.403203e+02 -1.115097e+02  0.000000e+00
     vertex  1.404395e+02 -1.116650e+02  1.510000e+00
     vertex  1.403203e+02 -1.115097e+02  1.510000e+00
   endloop
 endfacet
 facet normal -7.933533e-01 -6.087614e-01  0.000000e+00
   outer loop
     vertex  1.403203e+02 -1.115097e+02  0.000000e+00
     vertex  1.404395e+02 -1.116650e+02  0.000000e+00
     vertex  1.404395e+02 -1.116650e+02  1.510000e+00
   endloop
 endfacet
 facet normal -6.087614e-01 -7.933533e-01  0.000000e+00
   outer loop
     vertex  1.401650e+02 -1.113905e+02  0.000000e+00
     vertex  1.403203e+02 -1.115097e+02  1.510000e+00
     vertex  1.401650e+02 -1.113905e+02  1.510000e+00
   endloop
 endfacet
 facet normal -6.087614e-01 -7.933533e-01  0.000000e+00
   outer loop
     vertex  1.401650e+02 -1.113905e+02  0.000000e+00
     vertex  1.403203e+02 -1.115097e+02  0.000000e+00
     vertex  1.403203e+02 -1.115097e+02  1.510000e+00
   endloop
 endfacet
 facet normal -3.826834e-01 -9.238795e-01  0.000000e+00
   outer loop
     vertex  1.399841e+02 -1.113156e+02  0.000000e+00
     vertex  1.401650e+02 -1.113905e+02  1.510000e+00
     vertex  1.399841e+02 -1.113156e+02  1.510000e+00
   endloop
 endfacet
 facet normal -3.826834e-01 -9.238795e-01  0.000000e+00
   outer loop
     vertex  1.399841e+02 -1.113156e+02  0.000000e+00
     vertex  1.401650e+02 -1.113905e+02  0.000000e+00
     vertex  1.401650e+02 -1.113905e+02  1.510000e+00
   endloop
 endfacet
 facet normal -1.305262e-01 -9.914449e-01  0.000000e+00
   outer loop
     vertex  1.397900e+02 -1.112900e+02  0.000000e+00
     vertex  1.399841e+02 -1.113156e+02  1.510000e+00
     vertex  1.397900e+02 -1.112900e+02  1.510000e+00
   endloop
 endfacet
 facet normal -1.305262e-01 -9.914449e-01  0.000000e+00
   outer loop
     vertex  1.397900e+02 -1.112900e+02  0.000000e+00
     vertex  1.399841e+02 -1.113156e+02  0.000000e+00
     vertex  1.399841e+02 -1.113156e+02  1.510000e+00
   endloop
 endfacet
 facet normal  1.305262e-01 -9.914449e-01  0.000000e+00
   outer loop
     vertex  1.395959e+02 -1.113156e+02  0.000000e+00
     vertex  1.397900e+02 -1.112900e+02  1.510000e+00
     vertex  1.395959e+02 -1.113156e+02  1.510000e+00
   endloop
 endfacet
 facet normal  1.305262e-01 -9.914449e-01  0.000000e+00
   outer loop
     vertex  1.395959e+02 -1.113156e+02  0.000000e+00
     vertex  1.397900e+02 -1.112900e+02  0.000000e+00
     vertex  1.397900e+02 -1.112900e+02  1.510000e+00
   endloop
 endfacet
 facet normal  3.826834e-01 -9.238795e-01  0.000000e+00
   outer loop
     vertex  1.394150e+02 -1.113905e+02  0.000000e+00
     vertex  1.395959e+02 -1.113156e+02  0.000000e+00
     vertex  1.395959e+02 -1.113156e+02  1.510000e+00
   endloop
 endfacet
 facet normal  3.826834e-01 -9.238795e-01  0.000000e+00
   outer loop
     vertex  1.394150e+02 -1.113905e+02  0.000000e+00
     vertex  1.395959e+02 -1.113156e+02  1.510000e+00
     vertex  1.394150e+02 -1.113905e+02  1.510000e+00
   endloop
 endfacet
 facet normal  6.087614e-01 -7.933533e-01  0.000000e+00
   outer loop
     vertex  1.392597e+02 -1.115097e+02  0.000000e+00
     vertex  1.394150e+02 -1.113905e+02  0.000000e+00
     vertex  1.394150e+02 -1.113905e+02  1.510000e+00
   endloop
 endfacet
 facet normal  7.933533e-01 -6.087614e-01  0.000000e+00
   outer loop
     vertex  1.392597e+02 -1.115097e+02  0.000000e+00
     vertex  1.392597e+02 -1.115097e+02  1.510000e+00
     vertex  1.391405e+02 -1.116650e+02  1.510000e+00
   endloop
 endfacet
 facet normal  6.087614e-01 -7.933533e-01  0.000000e+00
   outer loop
     vertex  1.392597e+02 -1.115097e+02  0.000000e+00
     vertex  1.394150e+02 -1.113905e+02  1.510000e+00
     vertex  1.392597e+02 -1.115097e+02  1.510000e+00
   endloop
 endfacet
 facet normal  7.933533e-01 -6.087614e-01  0.000000e+00
   outer loop
     vertex  1.391405e+02 -1.116650e+02  0.000000e+00
     vertex  1.392597e+02 -1.115097e+02  0.000000e+00
     vertex  1.391405e+02 -1.116650e+02  1.510000e+00
   endloop
 endfacet
 facet normal  9.238795e-01 -3.826834e-01  0.000000e+00
   outer loop
     vertex  1.391405e+02 -1.116650e+02  0.000000e+00
     vertex  1.391405e+02 -1.116650e+02  1.510000e+00
     vertex  1.390656e+02 -1.118459e+02  1.510000e+00
   endloop
 endfacet
 facet normal  9.238795e-01 -3.826834e-01  0.000000e+00
   outer loop
     vertex  1.390656e+02 -1.118459e+02  0.000000e+00
     vertex  1.391405e+02 -1.116650e+02  0.000000e+00
     vertex  1.390656e+02 -1.118459e+02  1.510000e+00
   endloop
 endfacet
 facet normal  9.914449e-01 -1.305262e-01  0.000000e+00
   outer loop
     vertex  1.390400e+02 -1.120400e+02  0.000000e+00
     vertex  1.390656e+02 -1.118459e+02  0.000000e+00
     vertex  1.390656e+02 -1.118459e+02  1.510000e+00
   endloop
 endfacet
 facet normal  9.914449e-01 -1.305262e-01  0.000000e+00
   outer loop
     vertex  1.390400e+02 -1.120400e+02  0.000000e+00
     vertex  1.390656e+02 -1.118459e+02  1.510000e+00
     vertex  1.390400e+02 -1.120400e+02  1.510000e+00
   endloop
 endfacet
 facet normal  9.914449e-01  1.305262e-01 -0.000000e+00
   outer loop
     vertex  1.390656e+02 -1.122341e+02  0.000000e+00
     vertex  1.390400e+02 -1.120400e+02  1.510000e+00
     vertex  1.390656e+02 -1.122341e+02  1.510000e+00
   endloop
 endfacet
 facet normal  9.914449e-01  1.305262e-01  0.000000e+00
   outer loop
     vertex  1.390656e+02 -1.122341e+02  0.000000e+00
     vertex  1.390400e+02 -1.120400e+02  0.000000e+00
     vertex  1.390400e+02 -1.120400e+02  1.510000e+00
   endloop
 endfacet
 facet normal  9.238795e-01  3.826834e-01 -0.000000e+00
   outer loop
     vertex  1.391405e+02 -1.124150e+02  0.000000e+00
     vertex  1.390656e+02 -1.122341e+02  1.510000e+00
     vertex  1.391405e+02 -1.124150e+02  1.510000e+00
   endloop
 endfacet
 facet normal  9.238795e-01  3.826834e-01  0.000000e+00
   outer loop
     vertex  1.391405e+02 -1.124150e+02  0.000000e+00
     vertex  1.390656e+02 -1.122341e+02  0.000000e+00
     vertex  1.390656e+02 -1.122341e+02  1.510000e+00
   endloop
 endfacet
 facet normal  6.087614e-01  7.933533e-01 -0.000000e+00
   outer loop
     vertex  1.392597e+02 -1.125703e+02  0.000000e+00
     vertex  1.392597e+02 -1.125703e+02  1.510000e+00
     vertex  1.394150e+02 -1.126895e+02  1.510000e+00
   endloop
 endfacet
 facet normal  7.933533e-01  6.087614e-01 -0.000000e+00
   outer loop
     vertex  1.392597e+02 -1.125703e+02  0.000000e+00
     vertex  1.391405e+02 -1.124150e+02  1.510000e+00
     vertex  1.392597e+02 -1.125703e+02  1.510000e+00
   endloop
 endfacet
 facet normal  7.933533e-01  6.087614e-01  0.000000e+00
   outer loop
     vertex  1.392597e+02 -1.125703e+02  0.000000e+00
     vertex  1.391405e+02 -1.124150e+02  0.000000e+00
     vertex  1.391405e+02 -1.124150e+02  1.510000e+00
   endloop
 endfacet
 facet normal  6.087614e-01  7.933533e-01 -0.000000e+00
   outer loop
     vertex  1.394150e+02 -1.126895e+02  0.000000e+00
     vertex  1.392597e+02 -1.125703e+02  0.000000e+00
     vertex  1.394150e+02 -1.126895e+02  1.510000e+00
   endloop
 endfacet
 facet normal  3.826834e-01  9.238795e-01 -0.000000e+00
   outer loop
     vertex  1.395959e+02 -1.127644e+02  0.000000e+00
     vertex  1.394150e+02 -1.126895e+02  1.510000e+00
     vertex  1.395959e+02 -1.127644e+02  1.510000e+00
   endloop
 endfacet
 facet normal  3.826834e-01  9.238795e-01  0.000000e+00
   outer loop
     vertex  1.395959e+02 -1.127644e+02  0.000000e+00
     vertex  1.394150e+02 -1.126895e+02  0.000000e+00
     vertex  1.394150e+02 -1.126895e+02  1.510000e+00
   endloop
 endfacet
 facet normal  1.305262e-01  9.914449e-01 -0.000000e+00
   outer loop
     vertex  1.397900e+02 -1.127900e+02  0.000000e+00
     vertex  1.395959e+02 -1.127644e+02  1.510000e+00
     vertex  1.397900e+02 -1.127900e+02  1.510000e+00
   endloop
 endfacet
 facet normal  1.305262e-01  9.914449e-01  0.000000e+00
   outer loop
     vertex  1.397900e+02 -1.127900e+02  0.000000e+00
     vertex  1.395959e+02 -1.127644e+02  0.000000e+00
     vertex  1.395959e+02 -1.127644e+02  1.510000e+00
   endloop
 endfacet
 facet normal -1.305262e-01  9.914449e-01  0.000000e+00
   outer loop
     vertex  1.425500e+02 -1.179410e+02  0.000000e+00
     vertex  1.423300e+02 -1.179700e+02  0.000000e+00
     vertex  1.423300e+02 -1.179700e+02  1.510000e+00
   endloop
 endfacet
 facet normal -1.305262e-01  9.914449e-01  0.000000e+00
   outer loop
     vertex  1.425500e+02 -1.179410e+02  0.000000e+00
     vertex  1.423300e+02 -1.179700e+02  1.510000e+00
     vertex  1.425500e+02 -1.179410e+02  1.510000e+00
   endloop
 endfacet
 facet normal -3.826834e-01  9.238795e-01  0.000000e+00
   outer loop
     vertex  1.427550e+02 -1.178561e+02  0.000000e+00
     vertex  1.425500e+02 -1.179410e+02  1.510000e+00
     vertex  1.427550e+02 -1.178561e+02  1.510000e+00
   endloop
 endfacet
 facet normal -3.826834e-01  9.238795e-01  0.000000e+00
   outer loop
     vertex  1.427550e+02 -1.178561e+02  0.000000e+00
     vertex  1.425500e+02 -1.179410e+02  0.000000e+00
     vertex  1.425500e+02 -1.179410e+02  1.510000e+00
   endloop
 endfacet
 facet normal -6.087614e-01  7.933533e-01  0.000000e+00
   outer loop
     vertex  1.429310e+02 -1.177210e+02  0.000000e+00
     vertex  1.427550e+02 -1.178561e+02  1.510000e+00
     vertex  1.429310e+02 -1.177210e+02  1.510000e+00
   endloop
 endfacet
 facet normal -6.087614e-01  7.933533e-01  0.000000e+00
   outer loop
     vertex  1.429310e+02 -1.177210e+02  0.000000e+00
     vertex  1.427550e+02 -1.178561e+02  0.000000e+00
     vertex  1.427550e+02 -1.178561e+02  1.510000e+00
   endloop
 endfacet
 facet normal -7.933533e-01  6.087614e-01  0.000000e+00
   outer loop
     vertex  1.430661e+02 -1.175450e+02  0.000000e+00
     vertex  1.429310e+02 -1.177210e+02  1.510000e+00
     vertex  1.430661e+02 -1.175450e+02  1.510000e+00
   endloop
 endfacet
 facet normal -7.933533e-01  6.087614e-01  0.000000e+00
   outer loop
     vertex  1.430661e+02 -1.175450e+02  0.000000e+00
     vertex  1.429310e+02 -1.177210e+02  0.000000e+00
     vertex  1.429310e+02 -1.177210e+02  1.510000e+00
   endloop
 endfacet
 facet normal -9.238795e-01  3.826834e-01  0.000000e+00
   outer loop
     vertex  1.431510e+02 -1.173400e+02  0.000000e+00
     vertex  1.430661e+02 -1.175450e+02  1.510000e+00
     vertex  1.431510e+02 -1.173400e+02  1.510000e+00
   endloop
 endfacet
 facet normal -9.238795e-01  3.826834e-01  0.000000e+00
   outer loop
     vertex  1.431510e+02 -1.173400e+02  0.000000e+00
     vertex  1.430661e+02 -1.175450e+02  0.000000e+00
     vertex  1.430661e+02 -1.175450e+02  1.510000e+00
   endloop
 endfacet
 facet normal -9.914449e-01  1.305262e-01  0.000000e+00
   outer loop
     vertex  1.431800e+02 -1.171200e+02  0.000000e+00
     vertex  1.431510e+02 -1.173400e+02  1.510000e+00
     vertex  1.431800e+02 -1.171200e+02  1.510000e+00
   endloop
 endfacet
 facet normal -9.914449e-01  1.305262e-01  0.000000e+00
   outer loop
     vertex  1.431800e+02 -1.171200e+02  0.000000e+00
     vertex  1.431510e+02 -1.173400e+02  0.000000e+00
     vertex  1.431510e+02 -1.173400e+02  1.510000e+00
   endloop
 endfacet
 facet normal -9.914449e-01 -1.305262e-01  0.000000e+00
   outer loop
     vertex  1.431510e+02 -1.169000e+02  0.000000e+00
     vertex  1.431800e+02 -1.171200e+02  1.510000e+00
     vertex  1.431510e+02 -1.169000e+02  1.510000e+00
   endloop
 endfacet
 facet normal -9.914449e-01 -1.305262e-01  0.000000e+00
   outer loop
     vertex  1.431510e+02 -1.169000e+02  0.000000e+00
     vertex  1.431800e+02 -1.171200e+02  0.000000e+00
     vertex  1.431800e+02 -1.171200e+02  1.510000e+00
   endloop
 endfacet
 facet normal -9.238795e-01 -3.826834e-01  0.000000e+00
   outer loop
     vertex  1.430661e+02 -1.166950e+02  0.000000e+00
     vertex  1.431510e+02 -1.169000e+02  1.510000e+00
     vertex  1.430661e+02 -1.166950e+02  1.510000e+00
   endloop
 endfacet
 facet normal -9.238795e-01 -3.826834e-01  0.000000e+00
   outer loop
     vertex  1.430661e+02 -1.166950e+02  0.000000e+00
     vertex  1.431510e+02 -1.169000e+02  0.000000e+00
     vertex  1.431510e+02 -1.169000e+02  1.510000e+00
   endloop
 endfacet
 facet normal -7.933533e-01 -6.087614e-01  0.000000e+00
   outer loop
     vertex  1.429310e+02 -1.165190e+02  0.000000e+00
     vertex  1.430661e+02 -1.166950e+02  1.510000e+00
     vertex  1.429310e+02 -1.165190e+02  1.510000e+00
   endloop
 endfacet
 facet normal -7.933533e-01 -6.087614e-01  0.000000e+00
   outer loop
     vertex  1.429310e+02 -1.165190e+02  0.000000e+00
     vertex  1.430661e+02 -1.166950e+02  0.000000e+00
     vertex  1.430661e+02 -1.166950e+02  1.510000e+00
   endloop
 endfacet
 facet normal -6.087614e-01 -7.933533e-01  0.000000e+00
   outer loop
     vertex  1.427550e+02 -1.163839e+02  0.000000e+00
     vertex  1.429310e+02 -1.165190e+02  1.510000e+00
     vertex  1.427550e+02 -1.163839e+02  1.510000e+00
   endloop
 endfacet
 facet normal -6.087614e-01 -7.933533e-01  0.000000e+00
   outer loop
     vertex  1.427550e+02 -1.163839e+02  0.000000e+00
     vertex  1.429310e+02 -1.165190e+02  0.000000e+00
     vertex  1.429310e+02 -1.165190e+02  1.510000e+00
   endloop
 endfacet
 facet normal -3.826834e-01 -9.238795e-01  0.000000e+00
   outer loop
     vertex  1.425500e+02 -1.162990e+02  0.000000e+00
     vertex  1.427550e+02 -1.163839e+02  1.510000e+00
     vertex  1.425500e+02 -1.162990e+02  1.510000e+00
   endloop
 endfacet
 facet normal -3.826834e-01 -9.238795e-01  0.000000e+00
   outer loop
     vertex  1.425500e+02 -1.162990e+02  0.000000e+00
     vertex  1.427550e+02 -1.163839e+02  0.000000e+00
     vertex  1.427550e+02 -1.163839e+02  1.510000e+00
   endloop
 endfacet
 facet normal -1.305262e-01 -9.914449e-01  0.000000e+00
   outer loop
     vertex  1.423300e+02 -1.162700e+02  0.000000e+00
     vertex  1.425500e+02 -1.162990e+02  1.510000e+00
     vertex  1.423300e+02 -1.162700e+02  1.510000e+00
   endloop
 endfacet
 facet normal -1.305262e-01 -9.914449e-01  0.000000e+00
   outer loop
     vertex  1.423300e+02 -1.162700e+02  0.000000e+00
     vertex  1.425500e+02 -1.162990e+02  0.000000e+00
     vertex  1.425500e+02 -1.162990e+02  1.510000e+00
   endloop
 endfacet
 facet normal  1.305262e-01 -9.914449e-01  0.000000e+00
   outer loop
     vertex  1.421100e+02 -1.162990e+02  0.000000e+00
     vertex  1.423300e+02 -1.162700e+02  1.510000e+00
     vertex  1.421100e+02 -1.162990e+02  1.510000e+00
   endloop
 endfacet
 facet normal  1.305262e-01 -9.914449e-01  0.000000e+00
   outer loop
     vertex  1.421100e+02 -1.162990e+02  0.000000e+00
     vertex  1.423300e+02 -1.162700e+02  0.000000e+00
     vertex  1.423300e+02 -1.162700e+02  1.510000e+00
   endloop
 endfacet
 facet normal  3.826834e-01 -9.238795e-01  0.000000e+00
   outer loop
     vertex  1.419050e+02 -1.163839e+02  0.000000e+00
     vertex  1.421100e+02 -1.162990e+02  0.000000e+00
     vertex  1.421100e+02 -1.162990e+02  1.510000e+00
   endloop
 endfacet
 facet normal  3.826834e-01 -9.238795e-01  0.000000e+00
   outer loop
     vertex  1.419050e+02 -1.163839e+02  0.000000e+00
     vertex  1.421100e+02 -1.162990e+02  1.510000e+00
     vertex  1.419050e+02 -1.163839e+02  1.510000e+00
   endloop
 endfacet
 facet normal  6.087614e-01 -7.933533e-01  0.000000e+00
   outer loop
     vertex  1.417290e+02 -1.165190e+02  0.000000e+00
     vertex  1.419050e+02 -1.163839e+02  0.000000e+00
     vertex  1.419050e+02 -1.163839e+02  1.510000e+00
   endloop
 endfacet
 facet normal  7.933533e-01 -6.087614e-01  0.000000e+00
   outer loop
     vertex  1.417290e+02 -1.165190e+02  0.000000e+00
     vertex  1.417290e+02 -1.165190e+02  1.510000e+00
     vertex  1.415939e+02 -1.166950e+02  1.510000e+00
   endloop
 endfacet
 facet normal  6.087614e-01 -7.933533e-01  0.000000e+00
   outer loop
     vertex  1.417290e+02 -1.165190e+02  0.000000e+00
     vertex  1.419050e+02 -1.163839e+02  1.510000e+00
     vertex  1.417290e+02 -1.165190e+02  1.510000e+00
   endloop
 endfacet
 facet normal  7.933533e-01 -6.087614e-01  0.000000e+00
   outer loop
     vertex  1.415939e+02 -1.166950e+02  0.000000e+00
     vertex  1.417290e+02 -1.165190e+02  0.000000e+00
     vertex  1.415939e+02 -1.166950e+02  1.510000e+00
   endloop
 endfacet
 facet normal  9.238795e-01 -3.826834e-01  0.000000e+00
   outer loop
     vertex  1.415939e+02 -1.166950e+02  0.000000e+00
     vertex  1.415939e+02 -1.166950e+02  1.510000e+00
     vertex  1.415090e+02 -1.169000e+02  1.510000e+00
   endloop
 endfacet
 facet normal  9.238795e-01 -3.826834e-01  0.000000e+00
   outer loop
     vertex  1.415090e+02 -1.169000e+02  0.000000e+00
     vertex  1.415939e+02 -1.166950e+02  0.000000e+00
     vertex  1.415090e+02 -1.169000e+02  1.510000e+00
   endloop
 endfacet
 facet normal  9.914449e-01 -1.305262e-01  0.000000e+00
   outer loop
     vertex  1.414800e+02 -1.171200e+02  0.000000e+00
     vertex  1.415090e+02 -1.169000e+02  0.000000e+00
     vertex  1.415090e+02 -1.169000e+02  1.510000e+00
   endloop
 endfacet
 facet normal  9.914449e-01 -1.305262e-01  0.000000e+00
   outer loop
     vertex  1.414800e+02 -1.171200e+02  0.000000e+00
     vertex  1.415090e+02 -1.169000e+02  1.510000e+00
     vertex  1.414800e+02 -1.171200e+02  1.510000e+00
   endloop
 endfacet
 facet normal  9.914449e-01  1.305262e-01 -0.000000e+00
   outer loop
     vertex  1.415090e+02 -1.173400e+02  0.000000e+00
     vertex  1.414800e+02 -1.171200e+02  1.510000e+00
     vertex  1.415090e+02 -1.173400e+02  1.510000e+00
   endloop
 endfacet
 facet normal  9.914449e-01  1.305262e-01  0.000000e+00
   outer loop
     vertex  1.415090e+02 -1.173400e+02  0.000000e+00
     vertex  1.414800e+02 -1.171200e+02  0.000000e+00
     vertex  1.414800e+02 -1.171200e+02  1.510000e+00
   endloop
 endfacet
 facet normal  9.238795e-01  3.826834e-01 -0.000000e+00
   outer loop
     vertex  1.415939e+02 -1.175450e+02  0.000000e+00
     vertex  1.415090e+02 -1.173400e+02  1.510000e+00
     vertex  1.415939e+02 -1.175450e+02  1.510000e+00
   endloop
 endfacet
 facet normal  9.238795e-01  3.826834e-01  0.000000e+00
   outer loop
     vertex  1.415939e+02 -1.175450e+02  0.000000e+00
     vertex  1.415090e+02 -1.173400e+02  0.000000e+00
     vertex  1.415090e+02 -1.173400e+02  1.510000e+00
   endloop
 endfacet
 facet normal  6.087614e-01  7.933533e-01 -0.000000e+00
   outer loop
     vertex  1.417290e+02 -1.177210e+02  0.000000e+00
     vertex  1.417290e+02 -1.177210e+02  1.510000e+00
     vertex  1.419050e+02 -1.178561e+02  1.510000e+00
   endloop
 endfacet
 facet normal  7.933533e-01  6.087614e-01 -0.000000e+00
   outer loop
     vertex  1.417290e+02 -1.177210e+02  0.000000e+00
     vertex  1.415939e+02 -1.175450e+02  1.510000e+00
     vertex  1.417290e+02 -1.177210e+02  1.510000e+00
   endloop
 endfacet
 facet normal  7.933533e-01  6.087614e-01  0.000000e+00
   outer loop
     vertex  1.417290e+02 -1.177210e+02  0.000000e+00
     vertex  1.415939e+02 -1.175450e+02  0.000000e+00
     vertex  1.415939e+02 -1.175450e+02  1.510000e+00
   endloop
 endfacet
 facet normal  6.087614e-01  7.933533e-01 -0.000000e+00
   outer loop
     vertex  1.419050e+02 -1.178561e+02  0.000000e+00
     vertex  1.417290e+02 -1.177210e+02  0.000000e+00
     vertex  1.419050e+02 -1.178561e+02  1.510000e+00
   endloop
 endfacet
 facet normal  3.826834e-01  9.238795e-01 -0.000000e+00
   outer loop
     vertex  1.421100e+02 -1.179410e+02  0.000000e+00
     vertex  1.419050e+02 -1.178561e+02  1.510000e+00
     vertex  1.421100e+02 -1.179410e+02  1.510000e+00
   endloop
 endfacet
 facet normal  3.826834e-01  9.238795e-01  0.000000e+00
   outer loop
     vertex  1.421100e+02 -1.179410e+02  0.000000e+00
     vertex  1.419050e+02 -1.178561e+02  0.000000e+00
     vertex  1.419050e+02 -1.178561e+02  1.510000e+00
   endloop
 endfacet
 facet normal  1.305262e-01  9.914449e-01 -0.000000e+00
   outer loop
     vertex  1.423300e+02 -1.179700e+02  0.000000e+00
     vertex  1.421100e+02 -1.179410e+02  1.510000e+00
     vertex  1.423300e+02 -1.179700e+02  1.510000e+00
   endloop
 endfacet
 facet normal  1.305262e-01  9.914449e-01  0.000000e+00
   outer loop
     vertex  1.423300e+02 -1.179700e+02  0.000000e+00
     vertex  1.421100e+02 -1.179410e+02  0.000000e+00
     vertex  1.421100e+02 -1.179410e+02  1.510000e+00
   endloop
 endfacet
 facet normal -1.305262e-01  9.914449e-01  0.000000e+00
   outer loop
     vertex  1.377676e+02 -1.001319e+02  0.000000e+00
     vertex  1.372500e+02 -1.002000e+02  0.000000e+00
     vertex  1.372500e+02 -1.002000e+02  1.510000e+00
   endloop
 endfacet
 facet normal -1.305262e-01  9.914449e-01  0.000000e+00
   outer loop
     vertex  1.377676e+02 -1.001319e+02  0.000000e+00
     vertex  1.372500e+02 -1.002000e+02  1.510000e+00
     vertex  1.377676e+02 -1.001319e+02  1.510000e+00
   endloop
 endfacet
 facet normal -3.826834e-01  9.238795e-01  0.000000e+00
   outer loop
     vertex  1.382500e+02 -9.993205e+01  0.000000e+00
     vertex  1.377676e+02 -1.001319e+02  1.510000e+00
     vertex  1.382500e+02 -9.993205e+01  1.510000e+00
   endloop
 endfacet
 facet normal -3.826834e-01  9.238795e-01  0.000000e+00
   outer loop
     vertex  1.382500e+02 -9.993205e+01  0.000000e+00
     vertex  1.377676e+02 -1.001319e+02  0.000000e+00
     vertex  1.377676e+02 -1.001319e+02  1.510000e+00
   endloop
 endfacet
 facet normal -6.087614e-01  7.933533e-01  0.000000e+00
   outer loop
     vertex  1.386642e+02 -9.961421e+01  0.000000e+00
     vertex  1.382500e+02 -9.993205e+01  1.510000e+00
     vertex  1.386642e+02 -9.961421e+01  1.510000e+00
   endloop
 endfacet
 facet normal -6.087614e-01  7.933533e-01  0.000000e+00
   outer loop
     vertex  1.386642e+02 -9.961421e+01  0.000000e+00
     vertex  1.382500e+02 -9.993205e+01  0.000000e+00
     vertex  1.382500e+02 -9.993205e+01  1.510000e+00
   endloop
 endfacet
 facet normal -7.933533e-01  6.087614e-01  0.000000e+00
   outer loop
     vertex  1.389821e+02 -9.920000e+01  0.000000e+00
     vertex  1.386642e+02 -9.961421e+01  1.510000e+00
     vertex  1.389821e+02 -9.920000e+01  1.510000e+00
   endloop
 endfacet
 facet normal -7.933533e-01  6.087614e-01  0.000000e+00
   outer loop
     vertex  1.389821e+02 -9.920000e+01  0.000000e+00
     vertex  1.386642e+02 -9.961421e+01  0.000000e+00
     vertex  1.386642e+02 -9.961421e+01  1.510000e+00
   endloop
 endfacet
 facet normal -9.238795e-01  3.826834e-01  0.000000e+00
   outer loop
     vertex  1.391819e+02 -9.871764e+01  0.000000e+00
     vertex  1.389821e+02 -9.920000e+01  1.510000e+00
     vertex  1.391819e+02 -9.871764e+01  1.510000e+00
   endloop
 endfacet
 facet normal -9.238795e-01  3.826834e-01  0.000000e+00
   outer loop
     vertex  1.391819e+02 -9.871764e+01  0.000000e+00
     vertex  1.389821e+02 -9.920000e+01  0.000000e+00
     vertex  1.389821e+02 -9.920000e+01  1.510000e+00
   endloop
 endfacet
 facet normal -9.914449e-01  1.305262e-01  0.000000e+00
   outer loop
     vertex  1.392500e+02 -9.820000e+01  0.000000e+00
     vertex  1.391819e+02 -9.871764e+01  1.510000e+00
     vertex  1.392500e+02 -9.820000e+01  1.510000e+00
   endloop
 endfacet
 facet normal -9.914449e-01  1.305262e-01  0.000000e+00
   outer loop
     vertex  1.392500e+02 -9.820000e+01  0.000000e+00
     vertex  1.391819e+02 -9.871764e+01  0.000000e+00
     vertex  1.391819e+02 -9.871764e+01  1.510000e+00
   endloop
 endfacet
 facet normal -9.914449e-01 -1.305262e-01  0.000000e+00
   outer loop
     vertex  1.391819e+02 -9.768236e+01  0.000000e+00
     vertex  1.392500e+02 -9.820000e+01  1.510000e+00
     vertex  1.391819e+02 -9.768236e+01  1.510000e+00
   endloop
 endfacet
 facet normal -9.914449e-01 -1.305262e-01  0.000000e+00
   outer loop
     vertex  1.391819e+02 -9.768236e+01  0.000000e+00
     vertex  1.392500e+02 -9.820000e+01  0.000000e+00
     vertex  1.392500e+02 -9.820000e+01  1.510000e+00
   endloop
 endfacet
 facet normal -9.238795e-01 -3.826834e-01  0.000000e+00
   outer loop
     vertex  1.389821e+02 -9.720000e+01  0.000000e+00
     vertex  1.391819e+02 -9.768236e+01  1.510000e+00
     vertex  1.389821e+02 -9.720000e+01  1.510000e+00
   endloop
 endfacet
 facet normal -9.238795e-01 -3.826834e-01  0.000000e+00
   outer loop
     vertex  1.389821e+02 -9.720000e+01  0.000000e+00
     vertex  1.391819e+02 -9.768236e+01  0.000000e+00
     vertex  1.391819e+02 -9.768236e+01  1.510000e+00
   endloop
 endfacet
 facet normal -7.933533e-01 -6.087614e-01  0.000000e+00
   outer loop
     vertex  1.386642e+02 -9.678579e+01  0.000000e+00
     vertex  1.389821e+02 -9.720000e+01  1.510000e+00
     vertex  1.386642e+02 -9.678579e+01  1.510000e+00
   endloop
 endfacet
 facet normal -7.933533e-01 -6.087614e-01  0.000000e+00
   outer loop
     vertex  1.386642e+02 -9.678579e+01  0.000000e+00
     vertex  1.389821e+02 -9.720000e+01  0.000000e+00
     vertex  1.389821e+02 -9.720000e+01  1.510000e+00
   endloop
 endfacet
 facet normal -6.087614e-01 -7.933533e-01  0.000000e+00
   outer loop
     vertex  1.382500e+02 -9.646795e+01  0.000000e+00
     vertex  1.386642e+02 -9.678579e+01  1.510000e+00
     vertex  1.382500e+02 -9.646795e+01  1.510000e+00
   endloop
 endfacet
 facet normal -6.087614e-01 -7.933533e-01  0.000000e+00
   outer loop
     vertex  1.382500e+02 -9.646795e+01  0.000000e+00
     vertex  1.386642e+02 -9.678579e+01  0.000000e+00
     vertex  1.386642e+02 -9.678579e+01  1.510000e+00
   endloop
 endfacet
 facet normal -3.826834e-01 -9.238795e-01  0.000000e+00
   outer loop
     vertex  1.377676e+02 -9.626815e+01  0.000000e+00
     vertex  1.382500e+02 -9.646795e+01  1.510000e+00
     vertex  1.377676e+02 -9.626815e+01  1.510000e+00
   endloop
 endfacet
 facet normal -3.826834e-01 -9.238795e-01  0.000000e+00
   outer loop
     vertex  1.377676e+02 -9.626815e+01  0.000000e+00
     vertex  1.382500e+02 -9.646795e+01  0.000000e+00
     vertex  1.382500e+02 -9.646795e+01  1.510000e+00
   endloop
 endfacet
 facet normal -1.305262e-01 -9.914449e-01  0.000000e+00
   outer loop
     vertex  1.372500e+02 -9.620000e+01  0.000000e+00
     vertex  1.377676e+02 -9.626815e+01  1.510000e+00
     vertex  1.372500e+02 -9.620000e+01  1.510000e+00
   endloop
 endfacet
 facet normal -1.305262e-01 -9.914449e-01  0.000000e+00
   outer loop
     vertex  1.372500e+02 -9.620000e+01  0.000000e+00
     vertex  1.377676e+02 -9.626815e+01  0.000000e+00
     vertex  1.377676e+02 -9.626815e+01  1.510000e+00
   endloop
 endfacet
 facet normal  1.305262e-01 -9.914449e-01  0.000000e+00
   outer loop
     vertex  1.367324e+02 -9.626815e+01  0.000000e+00
     vertex  1.372500e+02 -9.620000e+01  1.510000e+00
     vertex  1.367324e+02 -9.626815e+01  1.510000e+00
   endloop
 endfacet
 facet normal  1.305262e-01 -9.914449e-01  0.000000e+00
   outer loop
     vertex  1.367324e+02 -9.626815e+01  0.000000e+00
     vertex  1.372500e+02 -9.620000e+01  0.000000e+00
     vertex  1.372500e+02 -9.620000e+01  1.510000e+00
   endloop
 endfacet
 facet normal  3.826834e-01 -9.238795e-01  0.000000e+00
   outer loop
     vertex  1.362500e+02 -9.646795e+01  0.000000e+00
     vertex  1.367324e+02 -9.626815e+01  0.000000e+00
     vertex  1.367324e+02 -9.626815e+01  1.510000e+00
   endloop
 endfacet
 facet normal  3.826834e-01 -9.238795e-01  0.000000e+00
   outer loop
     vertex  1.362500e+02 -9.646795e+01  0.000000e+00
     vertex  1.367324e+02 -9.626815e+01  1.510000e+00
     vertex  1.362500e+02 -9.646795e+01  1.510000e+00
   endloop
 endfacet
 facet normal  6.087614e-01 -7.933533e-01  0.000000e+00
   outer loop
     vertex  1.358358e+02 -9.678579e+01  0.000000e+00
     vertex  1.362500e+02 -9.646795e+01  0.000000e+00
     vertex  1.362500e+02 -9.646795e+01  1.510000e+00
   endloop
 endfacet
 facet normal  7.933533e-01 -6.087614e-01  0.000000e+00
   outer loop
     vertex  1.358358e+02 -9.678579e+01  0.000000e+00
     vertex  1.358358e+02 -9.678579e+01  1.510000e+00
     vertex  1.355179e+02 -9.720000e+01  1.510000e+00
   endloop
 endfacet
 facet normal  6.087614e-01 -7.933533e-01  0.000000e+00
   outer loop
     vertex  1.358358e+02 -9.678579e+01  0.000000e+00
     vertex  1.362500e+02 -9.646795e+01  1.510000e+00
     vertex  1.358358e+02 -9.678579e+01  1.510000e+00
   endloop
 endfacet
 facet normal  7.933533e-01 -6.087614e-01  0.000000e+00
   outer loop
     vertex  1.355179e+02 -9.720000e+01  0.000000e+00
     vertex  1.358358e+02 -9.678579e+01  0.000000e+00
     vertex  1.355179e+02 -9.720000e+01  1.510000e+00
   endloop
 endfacet
 facet normal  9.238795e-01 -3.826834e-01  0.000000e+00
   outer loop
     vertex  1.355179e+02 -9.720000e+01  0.000000e+00
     vertex  1.355179e+02 -9.720000e+01  1.510000e+00
     vertex  1.353181e+02 -9.768236e+01  1.510000e+00
   endloop
 endfacet
 facet normal  9.238795e-01 -3.826834e-01  0.000000e+00
   outer loop
     vertex  1.353181e+02 -9.768236e+01  0.000000e+00
     vertex  1.355179e+02 -9.720000e+01  0.000000e+00
     vertex  1.353181e+02 -9.768236e+01  1.510000e+00
   endloop
 endfacet
 facet normal  9.914449e-01 -1.305262e-01  0.000000e+00
   outer loop
     vertex  1.352500e+02 -9.820000e+01  0.000000e+00
     vertex  1.353181e+02 -9.768236e+01  0.000000e+00
     vertex  1.353181e+02 -9.768236e+01  1.510000e+00
   endloop
 endfacet
 facet normal  9.914449e-01 -1.305262e-01  0.000000e+00
   outer loop
     vertex  1.352500e+02 -9.820000e+01  0.000000e+00
     vertex  1.353181e+02 -9.768236e+01  1.510000e+00
     vertex  1.352500e+02 -9.820000e+01  1.510000e+00
   endloop
 endfacet
 facet normal  9.914449e-01  1.305262e-01 -0.000000e+00
   outer loop
     vertex  1.353181e+02 -9.871764e+01  0.000000e+00
     vertex  1.352500e+02 -9.820000e+01  1.510000e+00
     vertex  1.353181e+02 -9.871764e+01  1.510000e+00
   endloop
 endfacet
 facet normal  9.914449e-01  1.305262e-01  0.000000e+00
   outer loop
     vertex  1.353181e+02 -9.871764e+01  0.000000e+00
     vertex  1.352500e+02 -9.820000e+01  0.000000e+00
     vertex  1.352500e+02 -9.820000e+01  1.510000e+00
   endloop
 endfacet
 facet normal  9.238795e-01  3.826834e-01 -0.000000e+00
   outer loop
     vertex  1.355179e+02 -9.920000e+01  0.000000e+00
     vertex  1.353181e+02 -9.871764e+01  1.510000e+00
     vertex  1.355179e+02 -9.920000e+01  1.510000e+00
   endloop
 endfacet
 facet normal  9.238795e-01  3.826834e-01  0.000000e+00
   outer loop
     vertex  1.355179e+02 -9.920000e+01  0.000000e+00
     vertex  1.353181e+02 -9.871764e+01  0.000000e+00
     vertex  1.353181e+02 -9.871764e+01  1.510000e+00
   endloop
 endfacet
 facet normal  6.087614e-01  7.933533e-01 -0.000000e+00
   outer loop
     vertex  1.358358e+02 -9.961421e+01  0.000000e+00
     vertex  1.358358e+02 -9.961421e+01  1.510000e+00
     vertex  1.362500e+02 -9.993205e+01  1.510000e+00
   endloop
 endfacet
 facet normal  7.933533e-01  6.087614e-01 -0.000000e+00
   outer loop
     vertex  1.358358e+02 -9.961421e+01  0.000000e+00
     vertex  1.355179e+02 -9.920000e+01  1.510000e+00
     vertex  1.358358e+02 -9.961421e+01  1.510000e+00
   endloop
 endfacet
 facet normal  7.933533e-01  6.087614e-01  0.000000e+00
   outer loop
     vertex  1.358358e+02 -9.961421e+01  0.000000e+00
     vertex  1.355179e+02 -9.920000e+01  0.000000e+00
     vertex  1.355179e+02 -9.920000e+01  1.510000e+00
   endloop
 endfacet
 facet normal  6.087614e-01  7.933533e-01 -0.000000e+00
   outer loop
     vertex  1.362500e+02 -9.993205e+01  0.000000e+00
     vertex  1.358358e+02 -9.961421e+01  0.000000e+00
     vertex  1.362500e+02 -9.993205e+01  1.510000e+00
   endloop
 endfacet
 facet normal  3.826834e-01  9.238795e-01 -0.000000e+00
   outer loop
     vertex  1.367324e+02 -1.001319e+02  0.000000e+00
     vertex  1.362500e+02 -9.993205e+01  1.510000e+00
     vertex  1.367324e+02 -1.001319e+02  1.510000e+00
   endloop
 endfacet
 facet normal  3.826834e-01  9.238795e-01  0.000000e+00
   outer loop
     vertex  1.367324e+02 -1.001319e+02  0.000000e+00
     vertex  1.362500e+02 -9.993205e+01  0.000000e+00
     vertex  1.362500e+02 -9.993205e+01  1.510000e+00
   endloop
 endfacet
 facet normal  1.305262e-01  9.914449e-01 -0.000000e+00
   outer loop
     vertex  1.372500e+02 -1.002000e+02  0.000000e+00
     vertex  1.367324e+02 -1.001319e+02  1.510000e+00
     vertex  1.372500e+02 -1.002000e+02  1.510000e+00
   endloop
 endfacet
 facet normal  1.305262e-01  9.914449e-01  0.000000e+00
   outer loop
     vertex  1.372500e+02 -1.002000e+02  0.000000e+00
     vertex  1.367324e+02 -1.001319e+02  0.000000e+00
     vertex  1.367324e+02 -1.001319e+02  1.510000e+00
   endloop
 endfacet
 facet normal -1.305262e-01  9.914449e-01  0.000000e+00
   outer loop
     vertex  1.399841e+02 -9.384444e+01  0.000000e+00
     vertex  1.397900e+02 -9.387000e+01  0.000000e+00
     vertex  1.397900e+02 -9.387000e+01  1.510000e+00
   endloop
 endfacet
 facet normal -1.305262e-01  9.914449e-01  0.000000e+00
   outer loop
     vertex  1.399841e+02 -9.384444e+01  0.000000e+00
     vertex  1.397900e+02 -9.387000e+01  1.510000e+00
     vertex  1.399841e+02 -9.384444e+01  1.510000e+00
   endloop
 endfacet
 facet normal -3.826834e-01  9.238795e-01  0.000000e+00
   outer loop
     vertex  1.401650e+02 -9.376952e+01  0.000000e+00
     vertex  1.399841e+02 -9.384444e+01  1.510000e+00
     vertex  1.401650e+02 -9.376952e+01  1.510000e+00
   endloop
 endfacet
 facet normal -3.826834e-01  9.238795e-01  0.000000e+00
   outer loop
     vertex  1.401650e+02 -9.376952e+01  0.000000e+00
     vertex  1.399841e+02 -9.384444e+01  0.000000e+00
     vertex  1.399841e+02 -9.384444e+01  1.510000e+00
   endloop
 endfacet
 facet normal -6.087614e-01  7.933533e-01  0.000000e+00
   outer loop
     vertex  1.403203e+02 -9.365033e+01  0.000000e+00
     vertex  1.401650e+02 -9.376952e+01  1.510000e+00
     vertex  1.403203e+02 -9.365033e+01  1.510000e+00
   endloop
 endfacet
 facet normal -6.087614e-01  7.933533e-01  0.000000e+00
   outer loop
     vertex  1.403203e+02 -9.365033e+01  0.000000e+00
     vertex  1.401650e+02 -9.376952e+01  0.000000e+00
     vertex  1.401650e+02 -9.376952e+01  1.510000e+00
   endloop
 endfacet
 facet normal -7.933533e-01  6.087614e-01  0.000000e+00
   outer loop
     vertex  1.404395e+02 -9.349500e+01  0.000000e+00
     vertex  1.403203e+02 -9.365033e+01  1.510000e+00
     vertex  1.404395e+02 -9.349500e+01  1.510000e+00
   endloop
 endfacet
 facet normal -7.933533e-01  6.087614e-01  0.000000e+00
   outer loop
     vertex  1.404395e+02 -9.349500e+01  0.000000e+00
     vertex  1.403203e+02 -9.365033e+01  0.000000e+00
     vertex  1.403203e+02 -9.365033e+01  1.510000e+00
   endloop
 endfacet
 facet normal -9.238795e-01  3.826834e-01  0.000000e+00
   outer loop
     vertex  1.405144e+02 -9.331411e+01  0.000000e+00
     vertex  1.404395e+02 -9.349500e+01  1.510000e+00
     vertex  1.405144e+02 -9.331411e+01  1.510000e+00
   endloop
 endfacet
 facet normal -9.238795e-01  3.826834e-01  0.000000e+00
   outer loop
     vertex  1.405144e+02 -9.331411e+01  0.000000e+00
     vertex  1.404395e+02 -9.349500e+01  0.000000e+00
     vertex  1.404395e+02 -9.349500e+01  1.510000e+00
   endloop
 endfacet
 facet normal -9.914449e-01  1.305262e-01  0.000000e+00
   outer loop
     vertex  1.405400e+02 -9.312000e+01  0.000000e+00
     vertex  1.405144e+02 -9.331411e+01  1.510000e+00
     vertex  1.405400e+02 -9.312000e+01  1.510000e+00
   endloop
 endfacet
 facet normal -9.914449e-01  1.305262e-01  0.000000e+00
   outer loop
     vertex  1.405400e+02 -9.312000e+01  0.000000e+00
     vertex  1.405144e+02 -9.331411e+01  0.000000e+00
     vertex  1.405144e+02 -9.331411e+01  1.510000e+00
   endloop
 endfacet
 facet normal -9.914449e-01 -1.305262e-01  0.000000e+00
   outer loop
     vertex  1.405144e+02 -9.292589e+01  0.000000e+00
     vertex  1.405400e+02 -9.312000e+01  1.510000e+00
     vertex  1.405144e+02 -9.292589e+01  1.510000e+00
   endloop
 endfacet
 facet normal -9.914449e-01 -1.305262e-01  0.000000e+00
   outer loop
     vertex  1.405144e+02 -9.292589e+01  0.000000e+00
     vertex  1.405400e+02 -9.312000e+01  0.000000e+00
     vertex  1.405400e+02 -9.312000e+01  1.510000e+00
   endloop
 endfacet
 facet normal -9.238795e-01 -3.826834e-01  0.000000e+00
   outer loop
     vertex  1.404395e+02 -9.274500e+01  0.000000e+00
     vertex  1.405144e+02 -9.292589e+01  1.510000e+00
     vertex  1.404395e+02 -9.274500e+01  1.510000e+00
   endloop
 endfacet
 facet normal -9.238795e-01 -3.826834e-01  0.000000e+00
   outer loop
     vertex  1.404395e+02 -9.274500e+01  0.000000e+00
     vertex  1.405144e+02 -9.292589e+01  0.000000e+00
     vertex  1.405144e+02 -9.292589e+01  1.510000e+00
   endloop
 endfacet
 facet normal -7.933533e-01 -6.087614e-01  0.000000e+00
   outer loop
     vertex  1.403203e+02 -9.258967e+01  0.000000e+00
     vertex  1.404395e+02 -9.274500e+01  1.510000e+00
     vertex  1.403203e+02 -9.258967e+01  1.510000e+00
   endloop
 endfacet
 facet normal -7.933533e-01 -6.087614e-01  0.000000e+00
   outer loop
     vertex  1.403203e+02 -9.258967e+01  0.000000e+00
     vertex  1.404395e+02 -9.274500e+01  0.000000e+00
     vertex  1.404395e+02 -9.274500e+01  1.510000e+00
   endloop
 endfacet
 facet normal -6.087614e-01 -7.933533e-01  0.000000e+00
   outer loop
     vertex  1.401650e+02 -9.247048e+01  0.000000e+00
     vertex  1.403203e+02 -9.258967e+01  1.510000e+00
     vertex  1.401650e+02 -9.247048e+01  1.510000e+00
   endloop
 endfacet
 facet normal -6.087614e-01 -7.933533e-01  0.000000e+00
   outer loop
     vertex  1.401650e+02 -9.247048e+01  0.000000e+00
     vertex  1.403203e+02 -9.258967e+01  0.000000e+00
     vertex  1.403203e+02 -9.258967e+01  1.510000e+00
   endloop
 endfacet
 facet normal -3.826834e-01 -9.238795e-01  0.000000e+00
   outer loop
     vertex  1.399841e+02 -9.239556e+01  0.000000e+00
     vertex  1.401650e+02 -9.247048e+01  1.510000e+00
     vertex  1.399841e+02 -9.239556e+01  1.510000e+00
   endloop
 endfacet
 facet normal -3.826834e-01 -9.238795e-01  0.000000e+00
   outer loop
     vertex  1.399841e+02 -9.239556e+01  0.000000e+00
     vertex  1.401650e+02 -9.247048e+01  0.000000e+00
     vertex  1.401650e+02 -9.247048e+01  1.510000e+00
   endloop
 endfacet
 facet normal -1.305262e-01 -9.914449e-01  0.000000e+00
   outer loop
     vertex  1.397900e+02 -9.237000e+01  0.000000e+00
     vertex  1.399841e+02 -9.239556e+01  1.510000e+00
     vertex  1.397900e+02 -9.237000e+01  1.510000e+00
   endloop
 endfacet
 facet normal -1.305262e-01 -9.914449e-01  0.000000e+00
   outer loop
     vertex  1.397900e+02 -9.237000e+01  0.000000e+00
     vertex  1.399841e+02 -9.239556e+01  0.000000e+00
     vertex  1.399841e+02 -9.239556e+01  1.510000e+00
   endloop
 endfacet
 facet normal  1.305262e-01 -9.914449e-01  0.000000e+00
   outer loop
     vertex  1.395959e+02 -9.239556e+01  0.000000e+00
     vertex  1.397900e+02 -9.237000e+01  1.510000e+00
     vertex  1.395959e+02 -9.239556e+01  1.510000e+00
   endloop
 endfacet
 facet normal  1.305262e-01 -9.914449e-01  0.000000e+00
   outer loop
     vertex  1.395959e+02 -9.239556e+01  0.000000e+00
     vertex  1.397900e+02 -9.237000e+01  0.000000e+00
     vertex  1.397900e+02 -9.237000e+01  1.510000e+00
   endloop
 endfacet
 facet normal  3.826834e-01 -9.238795e-01  0.000000e+00
   outer loop
     vertex  1.394150e+02 -9.247048e+01  0.000000e+00
     vertex  1.395959e+02 -9.239556e+01  0.000000e+00
     vertex  1.395959e+02 -9.239556e+01  1.510000e+00
   endloop
 endfacet
 facet normal  3.826834e-01 -9.238795e-01  0.000000e+00
   outer loop
     vertex  1.394150e+02 -9.247048e+01  0.000000e+00
     vertex  1.395959e+02 -9.239556e+01  1.510000e+00
     vertex  1.394150e+02 -9.247048e+01  1.510000e+00
   endloop
 endfacet
 facet normal  6.087614e-01 -7.933533e-01  0.000000e+00
   outer loop
     vertex  1.392597e+02 -9.258967e+01  0.000000e+00
     vertex  1.394150e+02 -9.247048e+01  0.000000e+00
     vertex  1.394150e+02 -9.247048e+01  1.510000e+00
   endloop
 endfacet
 facet normal  7.933533e-01 -6.087614e-01  0.000000e+00
   outer loop
     vertex  1.392597e+02 -9.258967e+01  0.000000e+00
     vertex  1.392597e+02 -9.258967e+01  1.510000e+00
     vertex  1.391405e+02 -9.274500e+01  1.510000e+00
   endloop
 endfacet
 facet normal  6.087614e-01 -7.933533e-01  0.000000e+00
   outer loop
     vertex  1.392597e+02 -9.258967e+01  0.000000e+00
     vertex  1.394150e+02 -9.247048e+01  1.510000e+00
     vertex  1.392597e+02 -9.258967e+01  1.510000e+00
   endloop
 endfacet
 facet normal  7.933533e-01 -6.087614e-01  0.000000e+00
   outer loop
     vertex  1.391405e+02 -9.274500e+01  0.000000e+00
     vertex  1.392597e+02 -9.258967e+01  0.000000e+00
     vertex  1.391405e+02 -9.274500e+01  1.510000e+00
   endloop
 endfacet
 facet normal  9.238795e-01 -3.826834e-01  0.000000e+00
   outer loop
     vertex  1.391405e+02 -9.274500e+01  0.000000e+00
     vertex  1.391405e+02 -9.274500e+01  1.510000e+00
     vertex  1.390656e+02 -9.292589e+01  1.510000e+00
   endloop
 endfacet
 facet normal  9.238795e-01 -3.826834e-01  0.000000e+00
   outer loop
     vertex  1.390656e+02 -9.292589e+01  0.000000e+00
     vertex  1.391405e+02 -9.274500e+01  0.000000e+00
     vertex  1.390656e+02 -9.292589e+01  1.510000e+00
   endloop
 endfacet
 facet normal  9.914449e-01 -1.305262e-01  0.000000e+00
   outer loop
     vertex  1.390400e+02 -9.312000e+01  0.000000e+00
     vertex  1.390656e+02 -9.292589e+01  0.000000e+00
     vertex  1.390656e+02 -9.292589e+01  1.510000e+00
   endloop
 endfacet
 facet normal  9.914449e-01 -1.305262e-01  0.000000e+00
   outer loop
     vertex  1.390400e+02 -9.312000e+01  0.000000e+00
     vertex  1.390656e+02 -9.292589e+01  1.510000e+00
     vertex  1.390400e+02 -9.312000e+01  1.510000e+00
   endloop
 endfacet
 facet normal  9.914449e-01  1.305262e-01 -0.000000e+00
   outer loop
     vertex  1.390656e+02 -9.331411e+01  0.000000e+00
     vertex  1.390400e+02 -9.312000e+01  1.510000e+00
     vertex  1.390656e+02 -9.331411e+01  1.510000e+00
   endloop
 endfacet
 facet normal  9.914449e-01  1.305262e-01  0.000000e+00
   outer loop
     vertex  1.390656e+02 -9.331411e+01  0.000000e+00
     vertex  1.390400e+02 -9.312000e+01  0.000000e+00
     vertex  1.390400e+02 -9.312000e+01  1.510000e+00
   endloop
 endfacet
 facet normal  9.238795e-01  3.826834e-01 -0.000000e+00
   outer loop
     vertex  1.391405e+02 -9.349500e+01  0.000000e+00
     vertex  1.390656e+02 -9.331411e+01  1.510000e+00
     vertex  1.391405e+02 -9.349500e+01  1.510000e+00
   endloop
 endfacet
 facet normal  9.238795e-01  3.826834e-01  0.000000e+00
   outer loop
     vertex  1.391405e+02 -9.349500e+01  0.000000e+00
     vertex  1.390656e+02 -9.331411e+01  0.000000e+00
     vertex  1.390656e+02 -9.331411e+01  1.510000e+00
   endloop
 endfacet
 facet normal  6.087614e-01  7.933533e-01 -0.000000e+00
   outer loop
     vertex  1.392597e+02 -9.365033e+01  0.000000e+00
     vertex  1.392597e+02 -9.365033e+01  1.510000e+00
     vertex  1.394150e+02 -9.376952e+01  1.510000e+00
   endloop
 endfacet
 facet normal  7.933533e-01  6.087614e-01 -0.000000e+00
   outer loop
     vertex  1.392597e+02 -9.365033e+01  0.000000e+00
     vertex  1.391405e+02 -9.349500e+01  1.510000e+00
     vertex  1.392597e+02 -9.365033e+01  1.510000e+00
   endloop
 endfacet
 facet normal  7.933533e-01  6.087614e-01  0.000000e+00
   outer loop
     vertex  1.392597e+02 -9.365033e+01  0.000000e+00
     vertex  1.391405e+02 -9.349500e+01  0.000000e+00
     vertex  1.391405e+02 -9.349500e+01  1.510000e+00
   endloop
 endfacet
 facet normal  6.087614e-01  7.933533e-01 -0.000000e+00
   outer loop
     vertex  1.394150e+02 -9.376952e+01  0.000000e+00
     vertex  1.392597e+02 -9.365033e+01  0.000000e+00
     vertex  1.394150e+02 -9.376952e+01  1.510000e+00
   endloop
 endfacet
 facet normal  3.826834e-01  9.238795e-01 -0.000000e+00
   outer loop
     vertex  1.395959e+02 -9.384444e+01  0.000000e+00
     vertex  1.394150e+02 -9.376952e+01  1.510000e+00
     vertex  1.395959e+02 -9.384444e+01  1.510000e+00
   endloop
 endfacet
 facet normal  3.826834e-01  9.238795e-01  0.000000e+00
   outer loop
     vertex  1.395959e+02 -9.384444e+01  0.000000e+00
     vertex  1.394150e+02 -9.376952e+01  0.000000e+00
     vertex  1.394150e+02 -9.376952e+01  1.510000e+00
   endloop
 endfacet
 facet normal  1.305262e-01  9.914449e-01 -0.000000e+00
   outer loop
     vertex  1.397900e+02 -9.387000e+01  0.000000e+00
     vertex  1.395959e+02 -9.384444e+01  1.510000e+00
     vertex  1.397900e+02 -9.387000e+01  1.510000e+00
   endloop
 endfacet
 facet normal  1.305262e-01  9.914449e-01  0.000000e+00
   outer loop
     vertex  1.397900e+02 -9.387000e+01  0.000000e+00
     vertex  1.395959e+02 -9.384444e+01  0.000000e+00
     vertex  1.395959e+02 -9.384444e+01  1.510000e+00
   endloop
 endfacet
 facet normal -1.305262e-01  9.914449e-01  0.000000e+00
   outer loop
     vertex  1.425500e+02 -9.902104e+01  0.000000e+00
     vertex  1.423300e+02 -9.905000e+01  0.000000e+00
     vertex  1.423300e+02 -9.905000e+01  1.510000e+00
   endloop
 endfacet
 facet normal -1.305262e-01  9.914449e-01  0.000000e+00
   outer loop
     vertex  1.425500e+02 -9.902104e+01  0.000000e+00
     vertex  1.423300e+02 -9.905000e+01  1.510000e+00
     vertex  1.425500e+02 -9.902104e+01  1.510000e+00
   endloop
 endfacet
 facet normal -3.826834e-01  9.238795e-01  0.000000e+00
   outer loop
     vertex  1.427550e+02 -9.893612e+01  0.000000e+00
     vertex  1.425500e+02 -9.902104e+01  1.510000e+00
     vertex  1.427550e+02 -9.893612e+01  1.510000e+00
   endloop
 endfacet
 facet normal -3.826834e-01  9.238795e-01  0.000000e+00
   outer loop
     vertex  1.427550e+02 -9.893612e+01  0.000000e+00
     vertex  1.425500e+02 -9.902104e+01  0.000000e+00
     vertex  1.425500e+02 -9.902104e+01  1.510000e+00
   endloop
 endfacet
 facet normal -6.087614e-01  7.933533e-01  0.000000e+00
   outer loop
     vertex  1.429310e+02 -9.880104e+01  0.000000e+00
     vertex  1.427550e+02 -9.893612e+01  1.510000e+00
     vertex  1.429310e+02 -9.880104e+01  1.510000e+00
   endloop
 endfacet
 facet normal -6.087614e-01  7.933533e-01  0.000000e+00
   outer loop
     vertex  1.429310e+02 -9.880104e+01  0.000000e+00
     vertex  1.427550e+02 -9.893612e+01  0.000000e+00
     vertex  1.427550e+02 -9.893612e+01  1.510000e+00
   endloop
 endfacet
 facet normal -7.933533e-01  6.087614e-01  0.000000e+00
   outer loop
     vertex  1.430661e+02 -9.862500e+01  0.000000e+00
     vertex  1.429310e+02 -9.880104e+01  1.510000e+00
     vertex  1.430661e+02 -9.862500e+01  1.510000e+00
   endloop
 endfacet
 facet normal -7.933533e-01  6.087614e-01  0.000000e+00
   outer loop
     vertex  1.430661e+02 -9.862500e+01  0.000000e+00
     vertex  1.429310e+02 -9.880104e+01  0.000000e+00
     vertex  1.429310e+02 -9.880104e+01  1.510000e+00
   endloop
 endfacet
 facet normal -9.238795e-01  3.826834e-01  0.000000e+00
   outer loop
     vertex  1.431510e+02 -9.842000e+01  0.000000e+00
     vertex  1.430661e+02 -9.862500e+01  1.510000e+00
     vertex  1.431510e+02 -9.842000e+01  1.510000e+00
   endloop
 endfacet
 facet normal -9.238795e-01  3.826834e-01  0.000000e+00
   outer loop
     vertex  1.431510e+02 -9.842000e+01  0.000000e+00
     vertex  1.430661e+02 -9.862500e+01  0.000000e+00
     vertex  1.430661e+02 -9.862500e+01  1.510000e+00
   endloop
 endfacet
 facet normal -9.914449e-01  1.305262e-01  0.000000e+00
   outer loop
     vertex  1.431800e+02 -9.820000e+01  0.000000e+00
     vertex  1.431510e+02 -9.842000e+01  1.510000e+00
     vertex  1.431800e+02 -9.820000e+01  1.510000e+00
   endloop
 endfacet
 facet normal -9.914449e-01  1.305262e-01  0.000000e+00
   outer loop
     vertex  1.431800e+02 -9.820000e+01  0.000000e+00
     vertex  1.431510e+02 -9.842000e+01  0.000000e+00
     vertex  1.431510e+02 -9.842000e+01  1.510000e+00
   endloop
 endfacet
 facet normal -9.914449e-01 -1.305262e-01  0.000000e+00
   outer loop
     vertex  1.431510e+02 -9.798000e+01  0.000000e+00
     vertex  1.431800e+02 -9.820000e+01  1.510000e+00
     vertex  1.431510e+02 -9.798000e+01  1.510000e+00
   endloop
 endfacet
 facet normal -9.914449e-01 -1.305262e-01  0.000000e+00
   outer loop
     vertex  1.431510e+02 -9.798000e+01  0.000000e+00
     vertex  1.431800e+02 -9.820000e+01  0.000000e+00
     vertex  1.431800e+02 -9.820000e+01  1.510000e+00
   endloop
 endfacet
 facet normal -9.238795e-01 -3.826834e-01  0.000000e+00
   outer loop
     vertex  1.430661e+02 -9.777500e+01  0.000000e+00
     vertex  1.431510e+02 -9.798000e+01  1.510000e+00
     vertex  1.430661e+02 -9.777500e+01  1.510000e+00
   endloop
 endfacet
 facet normal -9.238795e-01 -3.826834e-01  0.000000e+00
   outer loop
     vertex  1.430661e+02 -9.777500e+01  0.000000e+00
     vertex  1.431510e+02 -9.798000e+01  0.000000e+00
     vertex  1.431510e+02 -9.798000e+01  1.510000e+00
   endloop
 endfacet
 facet normal -7.933533e-01 -6.087614e-01  0.000000e+00
   outer loop
     vertex  1.429310e+02 -9.759896e+01  0.000000e+00
     vertex  1.430661e+02 -9.777500e+01  1.510000e+00
     vertex  1.429310e+02 -9.759896e+01  1.510000e+00
   endloop
 endfacet
 facet normal -7.933533e-01 -6.087614e-01  0.000000e+00
   outer loop
     vertex  1.429310e+02 -9.759896e+01  0.000000e+00
     vertex  1.430661e+02 -9.777500e+01  0.000000e+00
     vertex  1.430661e+02 -9.777500e+01  1.510000e+00
   endloop
 endfacet
 facet normal -6.087614e-01 -7.933533e-01  0.000000e+00
   outer loop
     vertex  1.427550e+02 -9.746388e+01  0.000000e+00
     vertex  1.429310e+02 -9.759896e+01  1.510000e+00
     vertex  1.427550e+02 -9.746388e+01  1.510000e+00
   endloop
 endfacet
 facet normal -6.087614e-01 -7.933533e-01  0.000000e+00
   outer loop
     vertex  1.427550e+02 -9.746388e+01  0.000000e+00
     vertex  1.429310e+02 -9.759896e+01  0.000000e+00
     vertex  1.429310e+02 -9.759896e+01  1.510000e+00
   endloop
 endfacet
 facet normal -3.826834e-01 -9.238795e-01  0.000000e+00
   outer loop
     vertex  1.425500e+02 -9.737896e+01  0.000000e+00
     vertex  1.427550e+02 -9.746388e+01  1.510000e+00
     vertex  1.425500e+02 -9.737896e+01  1.510000e+00
   endloop
 endfacet
 facet normal -3.826834e-01 -9.238795e-01  0.000000e+00
   outer loop
     vertex  1.425500e+02 -9.737896e+01  0.000000e+00
     vertex  1.427550e+02 -9.746388e+01  0.000000e+00
     vertex  1.427550e+02 -9.746388e+01  1.510000e+00
   endloop
 endfacet
 facet normal -1.305262e-01 -9.914449e-01  0.000000e+00
   outer loop
     vertex  1.423300e+02 -9.735000e+01  0.000000e+00
     vertex  1.425500e+02 -9.737896e+01  1.510000e+00
     vertex  1.423300e+02 -9.735000e+01  1.510000e+00
   endloop
 endfacet
 facet normal -1.305262e-01 -9.914449e-01  0.000000e+00
   outer loop
     vertex  1.423300e+02 -9.735000e+01  0.000000e+00
     vertex  1.425500e+02 -9.737896e+01  0.000000e+00
     vertex  1.425500e+02 -9.737896e+01  1.510000e+00
   endloop
 endfacet
 facet normal  1.305262e-01 -9.914449e-01  0.000000e+00
   outer loop
     vertex  1.421100e+02 -9.737896e+01  0.000000e+00
     vertex  1.423300e+02 -9.735000e+01  1.510000e+00
     vertex  1.421100e+02 -9.737896e+01  1.510000e+00
   endloop
 endfacet
 facet normal  1.305262e-01 -9.914449e-01  0.000000e+00
   outer loop
     vertex  1.421100e+02 -9.737896e+01  0.000000e+00
     vertex  1.423300e+02 -9.735000e+01  0.000000e+00
     vertex  1.423300e+02 -9.735000e+01  1.510000e+00
   endloop
 endfacet
 facet normal  3.826834e-01 -9.238795e-01  0.000000e+00
   outer loop
     vertex  1.419050e+02 -9.746388e+01  0.000000e+00
     vertex  1.421100e+02 -9.737896e+01  0.000000e+00
     vertex  1.421100e+02 -9.737896e+01  1.510000e+00
   endloop
 endfacet
 facet normal  3.826834e-01 -9.238795e-01  0.000000e+00
   outer loop
     vertex  1.419050e+02 -9.746388e+01  0.000000e+00
     vertex  1.421100e+02 -9.737896e+01  1.510000e+00
     vertex  1.419050e+02 -9.746388e+01  1.510000e+00
   endloop
 endfacet
 facet normal  6.087614e-01 -7.933533e-01  0.000000e+00
   outer loop
     vertex  1.417290e+02 -9.759896e+01  0.000000e+00
     vertex  1.419050e+02 -9.746388e+01  0.000000e+00
     vertex  1.419050e+02 -9.746388e+01  1.510000e+00
   endloop
 endfacet
 facet normal  7.933533e-01 -6.087614e-01  0.000000e+00
   outer loop
     vertex  1.417290e+02 -9.759896e+01  0.000000e+00
     vertex  1.417290e+02 -9.759896e+01  1.510000e+00
     vertex  1.415939e+02 -9.777500e+01  1.510000e+00
   endloop
 endfacet
 facet normal  6.087614e-01 -7.933533e-01  0.000000e+00
   outer loop
     vertex  1.417290e+02 -9.759896e+01  0.000000e+00
     vertex  1.419050e+02 -9.746388e+01  1.510000e+00
     vertex  1.417290e+02 -9.759896e+01  1.510000e+00
   endloop
 endfacet
 facet normal  7.933533e-01 -6.087614e-01  0.000000e+00
   outer loop
     vertex  1.415939e+02 -9.777500e+01  0.000000e+00
     vertex  1.417290e+02 -9.759896e+01  0.000000e+00
     vertex  1.415939e+02 -9.777500e+01  1.510000e+00
   endloop
 endfacet
 facet normal  9.238795e-01 -3.826834e-01  0.000000e+00
   outer loop
     vertex  1.415939e+02 -9.777500e+01  0.000000e+00
     vertex  1.415939e+02 -9.777500e+01  1.510000e+00
     vertex  1.415090e+02 -9.798000e+01  1.510000e+00
   endloop
 endfacet
 facet normal  9.238795e-01 -3.826834e-01  0.000000e+00
   outer loop
     vertex  1.415090e+02 -9.798000e+01  0.000000e+00
     vertex  1.415939e+02 -9.777500e+01  0.000000e+00
     vertex  1.415090e+02 -9.798000e+01  1.510000e+00
   endloop
 endfacet
 facet normal  9.914449e-01 -1.305262e-01  0.000000e+00
   outer loop
     vertex  1.414800e+02 -9.820000e+01  0.000000e+00
     vertex  1.415090e+02 -9.798000e+01  0.000000e+00
     vertex  1.415090e+02 -9.798000e+01  1.510000e+00
   endloop
 endfacet
 facet normal  9.914449e-01 -1.305262e-01  0.000000e+00
   outer loop
     vertex  1.414800e+02 -9.820000e+01  0.000000e+00
     vertex  1.415090e+02 -9.798000e+01  1.510000e+00
     vertex  1.414800e+02 -9.820000e+01  1.510000e+00
   endloop
 endfacet
 facet normal  9.914449e-01  1.305262e-01 -0.000000e+00
   outer loop
     vertex  1.415090e+02 -9.842000e+01  0.000000e+00
     vertex  1.414800e+02 -9.820000e+01  1.510000e+00
     vertex  1.415090e+02 -9.842000e+01  1.510000e+00
   endloop
 endfacet
 facet normal  9.914449e-01  1.305262e-01  0.000000e+00
   outer loop
     vertex  1.415090e+02 -9.842000e+01  0.000000e+00
     vertex  1.414800e+02 -9.820000e+01  0.000000e+00
     vertex  1.414800e+02 -9.820000e+01  1.510000e+00
   endloop
 endfacet
 facet normal  9.238795e-01  3.826834e-01 -0.000000e+00
   outer loop
     vertex  1.415939e+02 -9.862500e+01  0.000000e+00
     vertex  1.415090e+02 -9.842000e+01  1.510000e+00
     vertex  1.415939e+02 -9.862500e+01  1.510000e+00
   endloop
 endfacet
 facet normal  9.238795e-01  3.826834e-01  0.000000e+00
   outer loop
     vertex  1.415939e+02 -9.862500e+01  0.000000e+00
     vertex  1.415090e+02 -9.842000e+01  0.000000e+00
     vertex  1.415090e+02 -9.842000e+01  1.510000e+00
   endloop
 endfacet
 facet normal  6.087614e-01  7.933533e-01 -0.000000e+00
   outer loop
     vertex  1.417290e+02 -9.880104e+01  0.000000e+00
     vertex  1.417290e+02 -9.880104e+01  1.510000e+00
     vertex  1.419050e+02 -9.893612e+01  1.510000e+00
   endloop
 endfacet
 facet normal  7.933533e-01  6.087614e-01 -0.000000e+00
   outer loop
     vertex  1.417290e+02 -9.880104e+01  0.000000e+00
     vertex  1.415939e+02 -9.862500e+01  1.510000e+00
     vertex  1.417290e+02 -9.880104e+01  1.510000e+00
   endloop
 endfacet
 facet normal  7.933533e-01  6.087614e-01  0.000000e+00
   outer loop
     vertex  1.417290e+02 -9.880104e+01  0.000000e+00
     vertex  1.415939e+02 -9.862500e+01  0.000000e+00
     vertex  1.415939e+02 -9.862500e+01  1.510000e+00
   endloop
 endfacet
 facet normal  6.087614e-01  7.933533e-01 -0.000000e+00
   outer loop
     vertex  1.419050e+02 -9.893612e+01  0.000000e+00
     vertex  1.417290e+02 -9.880104e+01  0.000000e+00
     vertex  1.419050e+02 -9.893612e+01  1.510000e+00
   endloop
 endfacet
 facet normal  3.826834e-01  9.238795e-01 -0.000000e+00
   outer loop
     vertex  1.421100e+02 -9.902104e+01  0.000000e+00
     vertex  1.419050e+02 -9.893612e+01  1.510000e+00
     vertex  1.421100e+02 -9.902104e+01  1.510000e+00
   endloop
 endfacet
 facet normal  3.826834e-01  9.238795e-01  0.000000e+00
   outer loop
     vertex  1.421100e+02 -9.902104e+01  0.000000e+00
     vertex  1.419050e+02 -9.893612e+01  0.000000e+00
     vertex  1.419050e+02 -9.893612e+01  1.510000e+00
   endloop
 endfacet
 facet normal  1.305262e-01  9.914449e-01 -0.000000e+00
   outer loop
     vertex  1.423300e+02 -9.905000e+01  0.000000e+00
     vertex  1.421100e+02 -9.902104e+01  1.510000e+00
     vertex  1.423300e+02 -9.905000e+01  1.510000e+00
   endloop
 endfacet
 facet normal  1.305262e-01  9.914449e-01  0.000000e+00
   outer loop
     vertex  1.423300e+02 -9.905000e+01  0.000000e+00
     vertex  1.421100e+02 -9.902104e+01  0.000000e+00
     vertex  1.421100e+02 -9.902104e+01  1.510000e+00
   endloop
 endfacet
 facet normal -1.305262e-01  9.914449e-01  0.000000e+00
   outer loop
     vertex  1.324350e+02 -8.007604e+01  0.000000e+00
     vertex  1.322150e+02 -8.010500e+01  0.000000e+00
     vertex  1.322150e+02 -8.010500e+01  1.510000e+00
   endloop
 endfacet
 facet normal -1.305262e-01  9.914449e-01  0.000000e+00
   outer loop
     vertex  1.324350e+02 -8.007604e+01  0.000000e+00
     vertex  1.322150e+02 -8.010500e+01  1.510000e+00
     vertex  1.324350e+02 -8.007604e+01  1.510000e+00
   endloop
 endfacet
 facet normal -3.826834e-01  9.238795e-01  0.000000e+00
   outer loop
     vertex  1.326400e+02 -7.999112e+01  0.000000e+00
     vertex  1.324350e+02 -8.007604e+01  1.510000e+00
     vertex  1.326400e+02 -7.999112e+01  1.510000e+00
   endloop
 endfacet
 facet normal -3.826834e-01  9.238795e-01  0.000000e+00
   outer loop
     vertex  1.326400e+02 -7.999112e+01  0.000000e+00
     vertex  1.324350e+02 -8.007604e+01  0.000000e+00
     vertex  1.324350e+02 -8.007604e+01  1.510000e+00
   endloop
 endfacet
 facet normal -6.087614e-01  7.933533e-01  0.000000e+00
   outer loop
     vertex  1.328160e+02 -7.985604e+01  0.000000e+00
     vertex  1.326400e+02 -7.999112e+01  1.510000e+00
     vertex  1.328160e+02 -7.985604e+01  1.510000e+00
   endloop
 endfacet
 facet normal -6.087614e-01  7.933533e-01  0.000000e+00
   outer loop
     vertex  1.328160e+02 -7.985604e+01  0.000000e+00
     vertex  1.326400e+02 -7.999112e+01  0.000000e+00
     vertex  1.326400e+02 -7.999112e+01  1.510000e+00
   endloop
 endfacet
 facet normal -7.933533e-01  6.087614e-01  0.000000e+00
   outer loop
     vertex  1.329511e+02 -7.968000e+01  0.000000e+00
     vertex  1.328160e+02 -7.985604e+01  1.510000e+00
     vertex  1.329511e+02 -7.968000e+01  1.510000e+00
   endloop
 endfacet
 facet normal -7.933533e-01  6.087614e-01  0.000000e+00
   outer loop
     vertex  1.329511e+02 -7.968000e+01  0.000000e+00
     vertex  1.328160e+02 -7.985604e+01  0.000000e+00
     vertex  1.328160e+02 -7.985604e+01  1.510000e+00
   endloop
 endfacet
 facet normal -9.238795e-01  3.826834e-01  0.000000e+00
   outer loop
     vertex  1.330360e+02 -7.947500e+01  0.000000e+00
     vertex  1.329511e+02 -7.968000e+01  1.510000e+00
     vertex  1.330360e+02 -7.947500e+01  1.510000e+00
   endloop
 endfacet
 facet normal -9.238795e-01  3.826834e-01  0.000000e+00
   outer loop
     vertex  1.330360e+02 -7.947500e+01  0.000000e+00
     vertex  1.329511e+02 -7.968000e+01  0.000000e+00
     vertex  1.329511e+02 -7.968000e+01  1.510000e+00
   endloop
 endfacet
 facet normal -9.914449e-01  1.305262e-01  0.000000e+00
   outer loop
     vertex  1.330650e+02 -7.925500e+01  0.000000e+00
     vertex  1.330360e+02 -7.947500e+01  1.510000e+00
     vertex  1.330650e+02 -7.925500e+01  1.510000e+00
   endloop
 endfacet
 facet normal -9.914449e-01  1.305262e-01  0.000000e+00
   outer loop
     vertex  1.330650e+02 -7.925500e+01  0.000000e+00
     vertex  1.330360e+02 -7.947500e+01  0.000000e+00
     vertex  1.330360e+02 -7.947500e+01  1.510000e+00
   endloop
 endfacet
 facet normal -9.914449e-01 -1.305262e-01  0.000000e+00
   outer loop
     vertex  1.330360e+02 -7.903500e+01  0.000000e+00
     vertex  1.330650e+02 -7.925500e+01  1.510000e+00
     vertex  1.330360e+02 -7.903500e+01  1.510000e+00
   endloop
 endfacet
 facet normal -9.914449e-01 -1.305262e-01  0.000000e+00
   outer loop
     vertex  1.330360e+02 -7.903500e+01  0.000000e+00
     vertex  1.330650e+02 -7.925500e+01  0.000000e+00
     vertex  1.330650e+02 -7.925500e+01  1.510000e+00
   endloop
 endfacet
 facet normal -9.238795e-01 -3.826834e-01  0.000000e+00
   outer loop
     vertex  1.329511e+02 -7.883000e+01  0.000000e+00
     vertex  1.330360e+02 -7.903500e+01  1.510000e+00
     vertex  1.329511e+02 -7.883000e+01  1.510000e+00
   endloop
 endfacet
 facet normal -9.238795e-01 -3.826834e-01  0.000000e+00
   outer loop
     vertex  1.329511e+02 -7.883000e+01  0.000000e+00
     vertex  1.330360e+02 -7.903500e+01  0.000000e+00
     vertex  1.330360e+02 -7.903500e+01  1.510000e+00
   endloop
 endfacet
 facet normal -7.933533e-01 -6.087614e-01  0.000000e+00
   outer loop
     vertex  1.328160e+02 -7.865396e+01  0.000000e+00
     vertex  1.329511e+02 -7.883000e+01  1.510000e+00
     vertex  1.328160e+02 -7.865396e+01  1.510000e+00
   endloop
 endfacet
 facet normal -7.933533e-01 -6.087614e-01  0.000000e+00
   outer loop
     vertex  1.328160e+02 -7.865396e+01  0.000000e+00
     vertex  1.329511e+02 -7.883000e+01  0.000000e+00
     vertex  1.329511e+02 -7.883000e+01  1.510000e+00
   endloop
 endfacet
 facet normal -6.087614e-01 -7.933533e-01  0.000000e+00
   outer loop
     vertex  1.326400e+02 -7.851888e+01  0.000000e+00
     vertex  1.328160e+02 -7.865396e+01  1.510000e+00
     vertex  1.326400e+02 -7.851888e+01  1.510000e+00
   endloop
 endfacet
 facet normal -6.087614e-01 -7.933533e-01  0.000000e+00
   outer loop
     vertex  1.326400e+02 -7.851888e+01  0.000000e+00
     vertex  1.328160e+02 -7.865396e+01  0.000000e+00
     vertex  1.328160e+02 -7.865396e+01  1.510000e+00
   endloop
 endfacet
 facet normal -3.826834e-01 -9.238795e-01  0.000000e+00
   outer loop
     vertex  1.324350e+02 -7.843396e+01  0.000000e+00
     vertex  1.326400e+02 -7.851888e+01  1.510000e+00
     vertex  1.324350e+02 -7.843396e+01  1.510000e+00
   endloop
 endfacet
 facet normal -3.826834e-01 -9.238795e-01  0.000000e+00
   outer loop
     vertex  1.324350e+02 -7.843396e+01  0.000000e+00
     vertex  1.326400e+02 -7.851888e+01  0.000000e+00
     vertex  1.326400e+02 -7.851888e+01  1.510000e+00
   endloop
 endfacet
 facet normal -1.305262e-01 -9.914449e-01  0.000000e+00
   outer loop
     vertex  1.322150e+02 -7.840500e+01  0.000000e+00
     vertex  1.324350e+02 -7.843396e+01  1.510000e+00
     vertex  1.322150e+02 -7.840500e+01  1.510000e+00
   endloop
 endfacet
 facet normal -1.305262e-01 -9.914449e-01  0.000000e+00
   outer loop
     vertex  1.322150e+02 -7.840500e+01  0.000000e+00
     vertex  1.324350e+02 -7.843396e+01  0.000000e+00
     vertex  1.324350e+02 -7.843396e+01  1.510000e+00
   endloop
 endfacet
 facet normal  1.305262e-01 -9.914449e-01  0.000000e+00
   outer loop
     vertex  1.319950e+02 -7.843396e+01  0.000000e+00
     vertex  1.322150e+02 -7.840500e+01  1.510000e+00
     vertex  1.319950e+02 -7.843396e+01  1.510000e+00
   endloop
 endfacet
 facet normal  1.305262e-01 -9.914449e-01  0.000000e+00
   outer loop
     vertex  1.319950e+02 -7.843396e+01  0.000000e+00
     vertex  1.322150e+02 -7.840500e+01  0.000000e+00
     vertex  1.322150e+02 -7.840500e+01  1.510000e+00
   endloop
 endfacet
 facet normal  3.826834e-01 -9.238795e-01  0.000000e+00
   outer loop
     vertex  1.317900e+02 -7.851888e+01  0.000000e+00
     vertex  1.319950e+02 -7.843396e+01  0.000000e+00
     vertex  1.319950e+02 -7.843396e+01  1.510000e+00
   endloop
 endfacet
 facet normal  3.826834e-01 -9.238795e-01  0.000000e+00
   outer loop
     vertex  1.317900e+02 -7.851888e+01  0.000000e+00
     vertex  1.319950e+02 -7.843396e+01  1.510000e+00
     vertex  1.317900e+02 -7.851888e+01  1.510000e+00
   endloop
 endfacet
 facet normal  6.087614e-01 -7.933533e-01  0.000000e+00
   outer loop
     vertex  1.316140e+02 -7.865396e+01  0.000000e+00
     vertex  1.317900e+02 -7.851888e+01  0.000000e+00
     vertex  1.317900e+02 -7.851888e+01  1.510000e+00
   endloop
 endfacet
 facet normal  7.933533e-01 -6.087614e-01  0.000000e+00
   outer loop
     vertex  1.316140e+02 -7.865396e+01  0.000000e+00
     vertex  1.316140e+02 -7.865396e+01  1.510000e+00
     vertex  1.314789e+02 -7.883000e+01  1.510000e+00
   endloop
 endfacet
 facet normal  6.087614e-01 -7.933533e-01  0.000000e+00
   outer loop
     vertex  1.316140e+02 -7.865396e+01  0.000000e+00
     vertex  1.317900e+02 -7.851888e+01  1.510000e+00
     vertex  1.316140e+02 -7.865396e+01  1.510000e+00
   endloop
 endfacet
 facet normal  7.933533e-01 -6.087614e-01  0.000000e+00
   outer loop
     vertex  1.314789e+02 -7.883000e+01  0.000000e+00
     vertex  1.316140e+02 -7.865396e+01  0.000000e+00
     vertex  1.314789e+02 -7.883000e+01  1.510000e+00
   endloop
 endfacet
 facet normal  9.238795e-01 -3.826834e-01  0.000000e+00
   outer loop
     vertex  1.314789e+02 -7.883000e+01  0.000000e+00
     vertex  1.314789e+02 -7.883000e+01  1.510000e+00
     vertex  1.313940e+02 -7.903500e+01  1.510000e+00
   endloop
 endfacet
 facet normal  9.238795e-01 -3.826834e-01  0.000000e+00
   outer loop
     vertex  1.313940e+02 -7.903500e+01  0.000000e+00
     vertex  1.314789e+02 -7.883000e+01  0.000000e+00
     vertex  1.313940e+02 -7.903500e+01  1.510000e+00
   endloop
 endfacet
 facet normal  9.914449e-01 -1.305262e-01  0.000000e+00
   outer loop
     vertex  1.313650e+02 -7.925500e+01  0.000000e+00
     vertex  1.313940e+02 -7.903500e+01  0.000000e+00
     vertex  1.313940e+02 -7.903500e+01  1.510000e+00
   endloop
 endfacet
 facet normal  9.914449e-01 -1.305262e-01  0.000000e+00
   outer loop
     vertex  1.313650e+02 -7.925500e+01  0.000000e+00
     vertex  1.313940e+02 -7.903500e+01  1.510000e+00
     vertex  1.313650e+02 -7.925500e+01  1.510000e+00
   endloop
 endfacet
 facet normal  9.914449e-01  1.305262e-01 -0.000000e+00
   outer loop
     vertex  1.313940e+02 -7.947500e+01  0.000000e+00
     vertex  1.313650e+02 -7.925500e+01  1.510000e+00
     vertex  1.313940e+02 -7.947500e+01  1.510000e+00
   endloop
 endfacet
 facet normal  9.914449e-01  1.305262e-01  0.000000e+00
   outer loop
     vertex  1.313940e+02 -7.947500e+01  0.000000e+00
     vertex  1.313650e+02 -7.925500e+01  0.000000e+00
     vertex  1.313650e+02 -7.925500e+01  1.510000e+00
   endloop
 endfacet
 facet normal  9.238795e-01  3.826834e-01 -0.000000e+00
   outer loop
     vertex  1.314789e+02 -7.968000e+01  0.000000e+00
     vertex  1.313940e+02 -7.947500e+01  1.510000e+00
     vertex  1.314789e+02 -7.968000e+01  1.510000e+00
   endloop
 endfacet
 facet normal  9.238795e-01  3.826834e-01  0.000000e+00
   outer loop
     vertex  1.314789e+02 -7.968000e+01  0.000000e+00
     vertex  1.313940e+02 -7.947500e+01  0.000000e+00
     vertex  1.313940e+02 -7.947500e+01  1.510000e+00
   endloop
 endfacet
 facet normal  6.087614e-01  7.933533e-01 -0.000000e+00
   outer loop
     vertex  1.316140e+02 -7.985604e+01  0.000000e+00
     vertex  1.316140e+02 -7.985604e+01  1.510000e+00
     vertex  1.317900e+02 -7.999112e+01  1.510000e+00
   endloop
 endfacet
 facet normal  7.933533e-01  6.087614e-01 -0.000000e+00
   outer loop
     vertex  1.316140e+02 -7.985604e+01  0.000000e+00
     vertex  1.314789e+02 -7.968000e+01  1.510000e+00
     vertex  1.316140e+02 -7.985604e+01  1.510000e+00
   endloop
 endfacet
 facet normal  7.933533e-01  6.087614e-01  0.000000e+00
   outer loop
     vertex  1.316140e+02 -7.985604e+01  0.000000e+00
     vertex  1.314789e+02 -7.968000e+01  0.000000e+00
     vertex  1.314789e+02 -7.968000e+01  1.510000e+00
   endloop
 endfacet
 facet normal  6.087614e-01  7.933533e-01 -0.000000e+00
   outer loop
     vertex  1.317900e+02 -7.999112e+01  0.000000e+00
     vertex  1.316140e+02 -7.985604e+01  0.000000e+00
     vertex  1.317900e+02 -7.999112e+01  1.510000e+00
   endloop
 endfacet
 facet normal  3.826834e-01  9.238795e-01 -0.000000e+00
   outer loop
     vertex  1.319950e+02 -8.007604e+01  0.000000e+00
     vertex  1.317900e+02 -7.999112e+01  1.510000e+00
     vertex  1.319950e+02 -8.007604e+01  1.510000e+00
   endloop
 endfacet
 facet normal  3.826834e-01  9.238795e-01  0.000000e+00
   outer loop
     vertex  1.319950e+02 -8.007604e+01  0.000000e+00
     vertex  1.317900e+02 -7.999112e+01  0.000000e+00
     vertex  1.317900e+02 -7.999112e+01  1.510000e+00
   endloop
 endfacet
 facet normal  1.305262e-01  9.914449e-01 -0.000000e+00
   outer loop
     vertex  1.322150e+02 -8.010500e+01  0.000000e+00
     vertex  1.319950e+02 -8.007604e+01  1.510000e+00
     vertex  1.322150e+02 -8.010500e+01  1.510000e+00
   endloop
 endfacet
 facet normal  1.305262e-01  9.914449e-01  0.000000e+00
   outer loop
     vertex  1.322150e+02 -8.010500e+01  0.000000e+00
     vertex  1.319950e+02 -8.007604e+01  0.000000e+00
     vertex  1.319950e+02 -8.007604e+01  1.510000e+00
   endloop
 endfacet
 facet normal -1.305262e-01  9.914449e-01  0.000000e+00
   outer loop
     vertex  1.336791e+02 -7.743944e+01  0.000000e+00
     vertex  1.334850e+02 -7.746500e+01  0.000000e+00
     vertex  1.334850e+02 -7.746500e+01  1.510000e+00
   endloop
 endfacet
 facet normal -1.305262e-01  9.914449e-01  0.000000e+00
   outer loop
     vertex  1.336791e+02 -7.743944e+01  0.000000e+00
     vertex  1.334850e+02 -7.746500e+01  1.510000e+00
     vertex  1.336791e+02 -7.743944e+01  1.510000e+00
   endloop
 endfacet
 facet normal -3.826834e-01  9.238795e-01  0.000000e+00
   outer loop
     vertex  1.338600e+02 -7.736452e+01  0.000000e+00
     vertex  1.336791e+02 -7.743944e+01  1.510000e+00
     vertex  1.338600e+02 -7.736452e+01  1.510000e+00
   endloop
 endfacet
 facet normal -3.826834e-01  9.238795e-01  0.000000e+00
   outer loop
     vertex  1.338600e+02 -7.736452e+01  0.000000e+00
     vertex  1.336791e+02 -7.743944e+01  0.000000e+00
     vertex  1.336791e+02 -7.743944e+01  1.510000e+00
   endloop
 endfacet
 facet normal -6.087614e-01  7.933533e-01  0.000000e+00
   outer loop
     vertex  1.340153e+02 -7.724533e+01  0.000000e+00
     vertex  1.338600e+02 -7.736452e+01  1.510000e+00
     vertex  1.340153e+02 -7.724533e+01  1.510000e+00
   endloop
 endfacet
 facet normal -6.087614e-01  7.933533e-01  0.000000e+00
   outer loop
     vertex  1.340153e+02 -7.724533e+01  0.000000e+00
     vertex  1.338600e+02 -7.736452e+01  0.000000e+00
     vertex  1.338600e+02 -7.736452e+01  1.510000e+00
   endloop
 endfacet
 facet normal -7.933533e-01  6.087614e-01  0.000000e+00
   outer loop
     vertex  1.341345e+02 -7.709000e+01  0.000000e+00
     vertex  1.340153e+02 -7.724533e+01  1.510000e+00
     vertex  1.341345e+02 -7.709000e+01  1.510000e+00
   endloop
 endfacet
 facet normal -7.933533e-01  6.087614e-01  0.000000e+00
   outer loop
     vertex  1.341345e+02 -7.709000e+01  0.000000e+00
     vertex  1.340153e+02 -7.724533e+01  0.000000e+00
     vertex  1.340153e+02 -7.724533e+01  1.510000e+00
   endloop
 endfacet
 facet normal -9.238795e-01  3.826834e-01  0.000000e+00
   outer loop
     vertex  1.342094e+02 -7.690911e+01  0.000000e+00
     vertex  1.341345e+02 -7.709000e+01  1.510000e+00
     vertex  1.342094e+02 -7.690911e+01  1.510000e+00
   endloop
 endfacet
 facet normal -9.238795e-01  3.826834e-01  0.000000e+00
   outer loop
     vertex  1.342094e+02 -7.690911e+01  0.000000e+00
     vertex  1.341345e+02 -7.709000e+01  0.000000e+00
     vertex  1.341345e+02 -7.709000e+01  1.510000e+00
   endloop
 endfacet
 facet normal -9.914449e-01  1.305262e-01  0.000000e+00
   outer loop
     vertex  1.342350e+02 -7.671500e+01  0.000000e+00
     vertex  1.342094e+02 -7.690911e+01  1.510000e+00
     vertex  1.342350e+02 -7.671500e+01  1.510000e+00
   endloop
 endfacet
 facet normal -9.914449e-01  1.305262e-01  0.000000e+00
   outer loop
     vertex  1.342350e+02 -7.671500e+01  0.000000e+00
     vertex  1.342094e+02 -7.690911e+01  0.000000e+00
     vertex  1.342094e+02 -7.690911e+01  1.510000e+00
   endloop
 endfacet
 facet normal -9.914449e-01 -1.305262e-01  0.000000e+00
   outer loop
     vertex  1.342094e+02 -7.652089e+01  0.000000e+00
     vertex  1.342350e+02 -7.671500e+01  1.510000e+00
     vertex  1.342094e+02 -7.652089e+01  1.510000e+00
   endloop
 endfacet
 facet normal -9.914449e-01 -1.305262e-01  0.000000e+00
   outer loop
     vertex  1.342094e+02 -7.652089e+01  0.000000e+00
     vertex  1.342350e+02 -7.671500e+01  0.000000e+00
     vertex  1.342350e+02 -7.671500e+01  1.510000e+00
   endloop
 endfacet
 facet normal -9.238795e-01 -3.826834e-01  0.000000e+00
   outer loop
     vertex  1.341345e+02 -7.634000e+01  0.000000e+00
     vertex  1.342094e+02 -7.652089e+01  1.510000e+00
     vertex  1.341345e+02 -7.634000e+01  1.510000e+00
   endloop
 endfacet
 facet normal -9.238795e-01 -3.826834e-01  0.000000e+00
   outer loop
     vertex  1.341345e+02 -7.634000e+01  0.000000e+00
     vertex  1.342094e+02 -7.652089e+01  0.000000e+00
     vertex  1.342094e+02 -7.652089e+01  1.510000e+00
   endloop
 endfacet
 facet normal -7.933533e-01 -6.087614e-01  0.000000e+00
   outer loop
     vertex  1.340153e+02 -7.618467e+01  0.000000e+00
     vertex  1.341345e+02 -7.634000e+01  1.510000e+00
     vertex  1.340153e+02 -7.618467e+01  1.510000e+00
   endloop
 endfacet
 facet normal -7.933533e-01 -6.087614e-01  0.000000e+00
   outer loop
     vertex  1.340153e+02 -7.618467e+01  0.000000e+00
     vertex  1.341345e+02 -7.634000e+01  0.000000e+00
     vertex  1.341345e+02 -7.634000e+01  1.510000e+00
   endloop
 endfacet
 facet normal -6.087614e-01 -7.933533e-01  0.000000e+00
   outer loop
     vertex  1.338600e+02 -7.606548e+01  0.000000e+00
     vertex  1.340153e+02 -7.618467e+01  1.510000e+00
     vertex  1.338600e+02 -7.606548e+01  1.510000e+00
   endloop
 endfacet
 facet normal -6.087614e-01 -7.933533e-01  0.000000e+00
   outer loop
     vertex  1.338600e+02 -7.606548e+01  0.000000e+00
     vertex  1.340153e+02 -7.618467e+01  0.000000e+00
     vertex  1.340153e+02 -7.618467e+01  1.510000e+00
   endloop
 endfacet
 facet normal -3.826834e-01 -9.238795e-01  0.000000e+00
   outer loop
     vertex  1.336791e+02 -7.599056e+01  0.000000e+00
     vertex  1.338600e+02 -7.606548e+01  1.510000e+00
     vertex  1.336791e+02 -7.599056e+01  1.510000e+00
   endloop
 endfacet
 facet normal -3.826834e-01 -9.238795e-01  0.000000e+00
   outer loop
     vertex  1.336791e+02 -7.599056e+01  0.000000e+00
     vertex  1.338600e+02 -7.606548e+01  0.000000e+00
     vertex  1.338600e+02 -7.606548e+01  1.510000e+00
   endloop
 endfacet
 facet normal -1.305262e-01 -9.914449e-01  0.000000e+00
   outer loop
     vertex  1.334850e+02 -7.596500e+01  0.000000e+00
     vertex  1.336791e+02 -7.599056e+01  1.510000e+00
     vertex  1.334850e+02 -7.596500e+01  1.510000e+00
   endloop
 endfacet
 facet normal -1.305262e-01 -9.914449e-01  0.000000e+00
   outer loop
     vertex  1.334850e+02 -7.596500e+01  0.000000e+00
     vertex  1.336791e+02 -7.599056e+01  0.000000e+00
     vertex  1.336791e+02 -7.599056e+01  1.510000e+00
   endloop
 endfacet
 facet normal  1.305262e-01 -9.914449e-01  0.000000e+00
   outer loop
     vertex  1.332909e+02 -7.599056e+01  0.000000e+00
     vertex  1.334850e+02 -7.596500e+01  1.510000e+00
     vertex  1.332909e+02 -7.599056e+01  1.510000e+00
   endloop
 endfacet
 facet normal  1.305262e-01 -9.914449e-01  0.000000e+00
   outer loop
     vertex  1.332909e+02 -7.599056e+01  0.000000e+00
     vertex  1.334850e+02 -7.596500e+01  0.000000e+00
     vertex  1.334850e+02 -7.596500e+01  1.510000e+00
   endloop
 endfacet
 facet normal  3.826834e-01 -9.238795e-01  0.000000e+00
   outer loop
     vertex  1.331100e+02 -7.606548e+01  0.000000e+00
     vertex  1.332909e+02 -7.599056e+01  0.000000e+00
     vertex  1.332909e+02 -7.599056e+01  1.510000e+00
   endloop
 endfacet
 facet normal  3.826834e-01 -9.238795e-01  0.000000e+00
   outer loop
     vertex  1.331100e+02 -7.606548e+01  0.000000e+00
     vertex  1.332909e+02 -7.599056e+01  1.510000e+00
     vertex  1.331100e+02 -7.606548e+01  1.510000e+00
   endloop
 endfacet
 facet normal  6.087614e-01 -7.933533e-01  0.000000e+00
   outer loop
     vertex  1.329547e+02 -7.618467e+01  0.000000e+00
     vertex  1.331100e+02 -7.606548e+01  0.000000e+00
     vertex  1.331100e+02 -7.606548e+01  1.510000e+00
   endloop
 endfacet
 facet normal  7.933533e-01 -6.087614e-01  0.000000e+00
   outer loop
     vertex  1.329547e+02 -7.618467e+01  0.000000e+00
     vertex  1.329547e+02 -7.618467e+01  1.510000e+00
     vertex  1.328355e+02 -7.634000e+01  1.510000e+00
   endloop
 endfacet
 facet normal  6.087614e-01 -7.933533e-01  0.000000e+00
   outer loop
     vertex  1.329547e+02 -7.618467e+01  0.000000e+00
     vertex  1.331100e+02 -7.606548e+01  1.510000e+00
     vertex  1.329547e+02 -7.618467e+01  1.510000e+00
   endloop
 endfacet
 facet normal  7.933533e-01 -6.087614e-01  0.000000e+00
   outer loop
     vertex  1.328355e+02 -7.634000e+01  0.000000e+00
     vertex  1.329547e+02 -7.618467e+01  0.000000e+00
     vertex  1.328355e+02 -7.634000e+01  1.510000e+00
   endloop
 endfacet
 facet normal  9.238795e-01 -3.826834e-01  0.000000e+00
   outer loop
     vertex  1.328355e+02 -7.634000e+01  0.000000e+00
     vertex  1.328355e+02 -7.634000e+01  1.510000e+00
     vertex  1.327606e+02 -7.652089e+01  1.510000e+00
   endloop
 endfacet
 facet normal  9.238795e-01 -3.826834e-01  0.000000e+00
   outer loop
     vertex  1.327606e+02 -7.652089e+01  0.000000e+00
     vertex  1.328355e+02 -7.634000e+01  0.000000e+00
     vertex  1.327606e+02 -7.652089e+01  1.510000e+00
   endloop
 endfacet
 facet normal  9.914449e-01 -1.305262e-01  0.000000e+00
   outer loop
     vertex  1.327350e+02 -7.671500e+01  0.000000e+00
     vertex  1.327606e+02 -7.652089e+01  0.000000e+00
     vertex  1.327606e+02 -7.652089e+01  1.510000e+00
   endloop
 endfacet
 facet normal  9.914449e-01 -1.305262e-01  0.000000e+00
   outer loop
     vertex  1.327350e+02 -7.671500e+01  0.000000e+00
     vertex  1.327606e+02 -7.652089e+01  1.510000e+00
     vertex  1.327350e+02 -7.671500e+01  1.510000e+00
   endloop
 endfacet
 facet normal  9.914449e-01  1.305262e-01 -0.000000e+00
   outer loop
     vertex  1.327606e+02 -7.690911e+01  0.000000e+00
     vertex  1.327350e+02 -7.671500e+01  1.510000e+00
     vertex  1.327606e+02 -7.690911e+01  1.510000e+00
   endloop
 endfacet
 facet normal  9.914449e-01  1.305262e-01  0.000000e+00
   outer loop
     vertex  1.327606e+02 -7.690911e+01  0.000000e+00
     vertex  1.327350e+02 -7.671500e+01  0.000000e+00
     vertex  1.327350e+02 -7.671500e+01  1.510000e+00
   endloop
 endfacet
 facet normal  9.238795e-01  3.826834e-01 -0.000000e+00
   outer loop
     vertex  1.328355e+02 -7.709000e+01  0.000000e+00
     vertex  1.327606e+02 -7.690911e+01  1.510000e+00
     vertex  1.328355e+02 -7.709000e+01  1.510000e+00
   endloop
 endfacet
 facet normal  9.238795e-01  3.826834e-01  0.000000e+00
   outer loop
     vertex  1.328355e+02 -7.709000e+01  0.000000e+00
     vertex  1.327606e+02 -7.690911e+01  0.000000e+00
     vertex  1.327606e+02 -7.690911e+01  1.510000e+00
   endloop
 endfacet
 facet normal  6.087614e-01  7.933533e-01 -0.000000e+00
   outer loop
     vertex  1.329547e+02 -7.724533e+01  0.000000e+00
     vertex  1.329547e+02 -7.724533e+01  1.510000e+00
     vertex  1.331100e+02 -7.736452e+01  1.510000e+00
   endloop
 endfacet
 facet normal  7.933533e-01  6.087614e-01 -0.000000e+00
   outer loop
     vertex  1.329547e+02 -7.724533e+01  0.000000e+00
     vertex  1.328355e+02 -7.709000e+01  1.510000e+00
     vertex  1.329547e+02 -7.724533e+01  1.510000e+00
   endloop
 endfacet
 facet normal  7.933533e-01  6.087614e-01  0.000000e+00
   outer loop
     vertex  1.329547e+02 -7.724533e+01  0.000000e+00
     vertex  1.328355e+02 -7.709000e+01  0.000000e+00
     vertex  1.328355e+02 -7.709000e+01  1.510000e+00
   endloop
 endfacet
 facet normal  6.087614e-01  7.933533e-01 -0.000000e+00
   outer loop
     vertex  1.331100e+02 -7.736452e+01  0.000000e+00
     vertex  1.329547e+02 -7.724533e+01  0.000000e+00
     vertex  1.331100e+02 -7.736452e+01  1.510000e+00
   endloop
 endfacet
 facet normal  3.826834e-01  9.238795e-01 -0.000000e+00
   outer loop
     vertex  1.332909e+02 -7.743944e+01  0.000000e+00
     vertex  1.331100e+02 -7.736452e+01  1.510000e+00
     vertex  1.332909e+02 -7.743944e+01  1.510000e+00
   endloop
 endfacet
 facet normal  3.826834e-01  9.238795e-01  0.000000e+00
   outer loop
     vertex  1.332909e+02 -7.743944e+01  0.000000e+00
     vertex  1.331100e+02 -7.736452e+01  0.000000e+00
     vertex  1.331100e+02 -7.736452e+01  1.510000e+00
   endloop
 endfacet
 facet normal  1.305262e-01  9.914449e-01 -0.000000e+00
   outer loop
     vertex  1.334850e+02 -7.746500e+01  0.000000e+00
     vertex  1.332909e+02 -7.743944e+01  1.510000e+00
     vertex  1.334850e+02 -7.746500e+01  1.510000e+00
   endloop
 endfacet
 facet normal  1.305262e-01  9.914449e-01  0.000000e+00
   outer loop
     vertex  1.334850e+02 -7.746500e+01  0.000000e+00
     vertex  1.332909e+02 -7.743944e+01  0.000000e+00
     vertex  1.332909e+02 -7.743944e+01  1.510000e+00
   endloop
 endfacet
 facet normal -1.305262e-01  9.914449e-01  0.000000e+00
   outer loop
     vertex  1.296294e+02 -7.068296e+01  0.000000e+00
     vertex  1.295000e+02 -7.070000e+01  0.000000e+00
     vertex  1.295000e+02 -7.070000e+01  1.510000e+00
   endloop
 endfacet
 facet normal -1.305262e-01  9.914449e-01  0.000000e+00
   outer loop
     vertex  1.296294e+02 -7.068296e+01  0.000000e+00
     vertex  1.295000e+02 -7.070000e+01  1.510000e+00
     vertex  1.296294e+02 -7.068296e+01  1.510000e+00
   endloop
 endfacet
 facet normal -3.826834e-01  9.238795e-01  0.000000e+00
   outer loop
     vertex  1.297500e+02 -7.063301e+01  0.000000e+00
     vertex  1.296294e+02 -7.068296e+01  1.510000e+00
     vertex  1.297500e+02 -7.063301e+01  1.510000e+00
   endloop
 endfacet
 facet normal -3.826834e-01  9.238795e-01  0.000000e+00
   outer loop
     vertex  1.297500e+02 -7.063301e+01  0.000000e+00
     vertex  1.296294e+02 -7.068296e+01  0.000000e+00
     vertex  1.296294e+02 -7.068296e+01  1.510000e+00
   endloop
 endfacet
 facet normal -6.087614e-01  7.933533e-01  0.000000e+00
   outer loop
     vertex  1.298536e+02 -7.055355e+01  0.000000e+00
     vertex  1.297500e+02 -7.063301e+01  1.510000e+00
     vertex  1.298536e+02 -7.055355e+01  1.510000e+00
   endloop
 endfacet
 facet normal -6.087614e-01  7.933533e-01  0.000000e+00
   outer loop
     vertex  1.298536e+02 -7.055355e+01  0.000000e+00
     vertex  1.297500e+02 -7.063301e+01  0.000000e+00
     vertex  1.297500e+02 -7.063301e+01  1.510000e+00
   endloop
 endfacet
 facet normal -7.933533e-01  6.087614e-01  0.000000e+00
   outer loop
     vertex  1.299330e+02 -7.045000e+01  0.000000e+00
     vertex  1.298536e+02 -7.055355e+01  1.510000e+00
     vertex  1.299330e+02 -7.045000e+01  1.510000e+00
   endloop
 endfacet
 facet normal -7.933533e-01  6.087614e-01  0.000000e+00
   outer loop
     vertex  1.299330e+02 -7.045000e+01  0.000000e+00
     vertex  1.298536e+02 -7.055355e+01  0.000000e+00
     vertex  1.298536e+02 -7.055355e+01  1.510000e+00
   endloop
 endfacet
 facet normal -9.238795e-01  3.826834e-01  0.000000e+00
   outer loop
     vertex  1.299830e+02 -7.032941e+01  0.000000e+00
     vertex  1.299330e+02 -7.045000e+01  1.510000e+00
     vertex  1.299830e+02 -7.032941e+01  1.510000e+00
   endloop
 endfacet
 facet normal -9.238795e-01  3.826834e-01  0.000000e+00
   outer loop
     vertex  1.299830e+02 -7.032941e+01  0.000000e+00
     vertex  1.299330e+02 -7.045000e+01  0.000000e+00
     vertex  1.299330e+02 -7.045000e+01  1.510000e+00
   endloop
 endfacet
 facet normal -9.914449e-01  1.305262e-01  0.000000e+00
   outer loop
     vertex  1.300000e+02 -7.020000e+01  0.000000e+00
     vertex  1.299830e+02 -7.032941e+01  1.510000e+00
     vertex  1.300000e+02 -7.020000e+01  1.510000e+00
   endloop
 endfacet
 facet normal -9.914449e-01  1.305262e-01  0.000000e+00
   outer loop
     vertex  1.300000e+02 -7.020000e+01  0.000000e+00
     vertex  1.299830e+02 -7.032941e+01  0.000000e+00
     vertex  1.299830e+02 -7.032941e+01  1.510000e+00
   endloop
 endfacet
 facet normal -9.914449e-01 -1.305262e-01  0.000000e+00
   outer loop
     vertex  1.299830e+02 -7.007059e+01  0.000000e+00
     vertex  1.300000e+02 -7.020000e+01  1.510000e+00
     vertex  1.299830e+02 -7.007059e+01  1.510000e+00
   endloop
 endfacet
 facet normal -9.914449e-01 -1.305262e-01  0.000000e+00
   outer loop
     vertex  1.299830e+02 -7.007059e+01  0.000000e+00
     vertex  1.300000e+02 -7.020000e+01  0.000000e+00
     vertex  1.300000e+02 -7.020000e+01  1.510000e+00
   endloop
 endfacet
 facet normal -9.238795e-01 -3.826834e-01  0.000000e+00
   outer loop
     vertex  1.299330e+02 -6.995000e+01  0.000000e+00
     vertex  1.299830e+02 -7.007059e+01  1.510000e+00
     vertex  1.299330e+02 -6.995000e+01  1.510000e+00
   endloop
 endfacet
 facet normal -9.238795e-01 -3.826834e-01  0.000000e+00
   outer loop
     vertex  1.299330e+02 -6.995000e+01  0.000000e+00
     vertex  1.299830e+02 -7.007059e+01  0.000000e+00
     vertex  1.299830e+02 -7.007059e+01  1.510000e+00
   endloop
 endfacet
 facet normal -7.933533e-01 -6.087614e-01  0.000000e+00
   outer loop
     vertex  1.298536e+02 -6.984645e+01  0.000000e+00
     vertex  1.299330e+02 -6.995000e+01  1.510000e+00
     vertex  1.298536e+02 -6.984645e+01  1.510000e+00
   endloop
 endfacet
 facet normal -7.933533e-01 -6.087614e-01  0.000000e+00
   outer loop
     vertex  1.298536e+02 -6.984645e+01  0.000000e+00
     vertex  1.299330e+02 -6.995000e+01  0.000000e+00
     vertex  1.299330e+02 -6.995000e+01  1.510000e+00
   endloop
 endfacet
 facet normal -6.087614e-01 -7.933533e-01  0.000000e+00
   outer loop
     vertex  1.297500e+02 -6.976699e+01  0.000000e+00
     vertex  1.298536e+02 -6.984645e+01  1.510000e+00
     vertex  1.297500e+02 -6.976699e+01  1.510000e+00
   endloop
 endfacet
 facet normal -6.087614e-01 -7.933533e-01  0.000000e+00
   outer loop
     vertex  1.297500e+02 -6.976699e+01  0.000000e+00
     vertex  1.298536e+02 -6.984645e+01  0.000000e+00
     vertex  1.298536e+02 -6.984645e+01  1.510000e+00
   endloop
 endfacet
 facet normal -3.826834e-01 -9.238795e-01  0.000000e+00
   outer loop
     vertex  1.296294e+02 -6.971704e+01  0.000000e+00
     vertex  1.297500e+02 -6.976699e+01  1.510000e+00
     vertex  1.296294e+02 -6.971704e+01  1.510000e+00
   endloop
 endfacet
 facet normal -3.826834e-01 -9.238795e-01  0.000000e+00
   outer loop
     vertex  1.296294e+02 -6.971704e+01  0.000000e+00
     vertex  1.297500e+02 -6.976699e+01  0.000000e+00
     vertex  1.297500e+02 -6.976699e+01  1.510000e+00
   endloop
 endfacet
 facet normal -1.305262e-01 -9.914449e-01  0.000000e+00
   outer loop
     vertex  1.295000e+02 -6.970000e+01  0.000000e+00
     vertex  1.296294e+02 -6.971704e+01  1.510000e+00
     vertex  1.295000e+02 -6.970000e+01  1.510000e+00
   endloop
 endfacet
 facet normal -1.305262e-01 -9.914449e-01  0.000000e+00
   outer loop
     vertex  1.295000e+02 -6.970000e+01  0.000000e+00
     vertex  1.296294e+02 -6.971704e+01  0.000000e+00
     vertex  1.296294e+02 -6.971704e+01  1.510000e+00
   endloop
 endfacet
 facet normal  1.305262e-01 -9.914449e-01  0.000000e+00
   outer loop
     vertex  1.293706e+02 -6.971704e+01  0.000000e+00
     vertex  1.295000e+02 -6.970000e+01  1.510000e+00
     vertex  1.293706e+02 -6.971704e+01  1.510000e+00
   endloop
 endfacet
 facet normal  1.305262e-01 -9.914449e-01  0.000000e+00
   outer loop
     vertex  1.293706e+02 -6.971704e+01  0.000000e+00
     vertex  1.295000e+02 -6.970000e+01  0.000000e+00
     vertex  1.295000e+02 -6.970000e+01  1.510000e+00
   endloop
 endfacet
 facet normal  3.826834e-01 -9.238795e-01  0.000000e+00
   outer loop
     vertex  1.292500e+02 -6.976699e+01  0.000000e+00
     vertex  1.293706e+02 -6.971704e+01  0.000000e+00
     vertex  1.293706e+02 -6.971704e+01  1.510000e+00
   endloop
 endfacet
 facet normal  3.826834e-01 -9.238795e-01  0.000000e+00
   outer loop
     vertex  1.292500e+02 -6.976699e+01  0.000000e+00
     vertex  1.293706e+02 -6.971704e+01  1.510000e+00
     vertex  1.292500e+02 -6.976699e+01  1.510000e+00
   endloop
 endfacet
 facet normal  6.087614e-01 -7.933533e-01  0.000000e+00
   outer loop
     vertex  1.291464e+02 -6.984645e+01  0.000000e+00
     vertex  1.292500e+02 -6.976699e+01  0.000000e+00
     vertex  1.292500e+02 -6.976699e+01  1.510000e+00
   endloop
 endfacet
 facet normal  7.933533e-01 -6.087614e-01  0.000000e+00
   outer loop
     vertex  1.291464e+02 -6.984645e+01  0.000000e+00
     vertex  1.291464e+02 -6.984645e+01  1.510000e+00
     vertex  1.290670e+02 -6.995000e+01  1.510000e+00
   endloop
 endfacet
 facet normal  6.087614e-01 -7.933533e-01  0.000000e+00
   outer loop
     vertex  1.291464e+02 -6.984645e+01  0.000000e+00
     vertex  1.292500e+02 -6.976699e+01  1.510000e+00
     vertex  1.291464e+02 -6.984645e+01  1.510000e+00
   endloop
 endfacet
 facet normal  7.933533e-01 -6.087614e-01  0.000000e+00
   outer loop
     vertex  1.290670e+02 -6.995000e+01  0.000000e+00
     vertex  1.291464e+02 -6.984645e+01  0.000000e+00
     vertex  1.290670e+02 -6.995000e+01  1.510000e+00
   endloop
 endfacet
 facet normal  9.238795e-01 -3.826834e-01  0.000000e+00
   outer loop
     vertex  1.290670e+02 -6.995000e+01  0.000000e+00
     vertex  1.290670e+02 -6.995000e+01  1.510000e+00
     vertex  1.290170e+02 -7.007059e+01  1.510000e+00
   endloop
 endfacet
 facet normal  9.238795e-01 -3.826834e-01  0.000000e+00
   outer loop
     vertex  1.290170e+02 -7.007059e+01  0.000000e+00
     vertex  1.290670e+02 -6.995000e+01  0.000000e+00
     vertex  1.290170e+02 -7.007059e+01  1.510000e+00
   endloop
 endfacet
 facet normal  9.914449e-01 -1.305262e-01  0.000000e+00
   outer loop
     vertex  1.290000e+02 -7.020000e+01  0.000000e+00
     vertex  1.290170e+02 -7.007059e+01  0.000000e+00
     vertex  1.290170e+02 -7.007059e+01  1.510000e+00
   endloop
 endfacet
 facet normal  9.914449e-01 -1.305262e-01  0.000000e+00
   outer loop
     vertex  1.290000e+02 -7.020000e+01  0.000000e+00
     vertex  1.290170e+02 -7.007059e+01  1.510000e+00
     vertex  1.290000e+02 -7.020000e+01  1.510000e+00
   endloop
 endfacet
 facet normal  9.914449e-01  1.305262e-01 -0.000000e+00
   outer loop
     vertex  1.290170e+02 -7.032941e+01  0.000000e+00
     vertex  1.290000e+02 -7.020000e+01  1.510000e+00
     vertex  1.290170e+02 -7.032941e+01  1.510000e+00
   endloop
 endfacet
 facet normal  9.914449e-01  1.305262e-01  0.000000e+00
   outer loop
     vertex  1.290170e+02 -7.032941e+01  0.000000e+00
     vertex  1.290000e+02 -7.020000e+01  0.000000e+00
     vertex  1.290000e+02 -7.020000e+01  1.510000e+00
   endloop
 endfacet
 facet normal  9.238795e-01  3.826834e-01 -0.000000e+00
   outer loop
     vertex  1.290670e+02 -7.045000e+01  0.000000e+00
     vertex  1.290170e+02 -7.032941e+01  1.510000e+00
     vertex  1.290670e+02 -7.045000e+01  1.510000e+00
   endloop
 endfacet
 facet normal  9.238795e-01  3.826834e-01  0.000000e+00
   outer loop
     vertex  1.290670e+02 -7.045000e+01  0.000000e+00
     vertex  1.290170e+02 -7.032941e+01  0.000000e+00
     vertex  1.290170e+02 -7.032941e+01  1.510000e+00
   endloop
 endfacet
 facet normal  6.087614e-01  7.933533e-01 -0.000000e+00
   outer loop
     vertex  1.291464e+02 -7.055355e+01  0.000000e+00
     vertex  1.291464e+02 -7.055355e+01  1.510000e+00
     vertex  1.292500e+02 -7.063301e+01  1.510000e+00
   endloop
 endfacet
 facet normal  7.933533e-01  6.087614e-01 -0.000000e+00
   outer loop
     vertex  1.291464e+02 -7.055355e+01  0.000000e+00
     vertex  1.290670e+02 -7.045000e+01  1.510000e+00
     vertex  1.291464e+02 -7.055355e+01  1.510000e+00
   endloop
 endfacet
 facet normal  7.933533e-01  6.087614e-01  0.000000e+00
   outer loop
     vertex  1.291464e+02 -7.055355e+01  0.000000e+00
     vertex  1.290670e+02 -7.045000e+01  0.000000e+00
     vertex  1.290670e+02 -7.045000e+01  1.510000e+00
   endloop
 endfacet
 facet normal  6.087614e-01  7.933533e-01 -0.000000e+00
   outer loop
     vertex  1.292500e+02 -7.063301e+01  0.000000e+00
     vertex  1.291464e+02 -7.055355e+01  0.000000e+00
     vertex  1.292500e+02 -7.063301e+01  1.510000e+00
   endloop
 endfacet
 facet normal  3.826834e-01  9.238795e-01 -0.000000e+00
   outer loop
     vertex  1.293706e+02 -7.068296e+01  0.000000e+00
     vertex  1.292500e+02 -7.063301e+01  1.510000e+00
     vertex  1.293706e+02 -7.068296e+01  1.510000e+00
   endloop
 endfacet
 facet normal  3.826834e-01  9.238795e-01  0.000000e+00
   outer loop
     vertex  1.293706e+02 -7.068296e+01  0.000000e+00
     vertex  1.292500e+02 -7.063301e+01  0.000000e+00
     vertex  1.292500e+02 -7.063301e+01  1.510000e+00
   endloop
 endfacet
 facet normal  1.305262e-01  9.914449e-01 -0.000000e+00
   outer loop
     vertex  1.295000e+02 -7.070000e+01  0.000000e+00
     vertex  1.293706e+02 -7.068296e+01  1.510000e+00
     vertex  1.295000e+02 -7.070000e+01  1.510000e+00
   endloop
 endfacet
 facet normal  1.305262e-01  9.914449e-01  0.000000e+00
   outer loop
     vertex  1.295000e+02 -7.070000e+01  0.000000e+00
     vertex  1.293706e+02 -7.068296e+01  0.000000e+00
     vertex  1.293706e+02 -7.068296e+01  1.510000e+00
   endloop
 endfacet
 facet normal -1.305262e-01  9.914449e-01  0.000000e+00
   outer loop
     vertex  1.296294e+02 -6.814296e+01  0.000000e+00
     vertex  1.295000e+02 -6.816000e+01  0.000000e+00
     vertex  1.295000e+02 -6.816000e+01  1.510000e+00
   endloop
 endfacet
 facet normal -1.305262e-01  9.914449e-01  0.000000e+00
   outer loop
     vertex  1.296294e+02 -6.814296e+01  0.000000e+00
     vertex  1.295000e+02 -6.816000e+01  1.510000e+00
     vertex  1.296294e+02 -6.814296e+01  1.510000e+00
   endloop
 endfacet
 facet normal -3.826834e-01  9.238795e-01  0.000000e+00
   outer loop
     vertex  1.297500e+02 -6.809301e+01  0.000000e+00
     vertex  1.296294e+02 -6.814296e+01  1.510000e+00
     vertex  1.297500e+02 -6.809301e+01  1.510000e+00
   endloop
 endfacet
 facet normal -3.826834e-01  9.238795e-01  0.000000e+00
   outer loop
     vertex  1.297500e+02 -6.809301e+01  0.000000e+00
     vertex  1.296294e+02 -6.814296e+01  0.000000e+00
     vertex  1.296294e+02 -6.814296e+01  1.510000e+00
   endloop
 endfacet
 facet normal -6.087614e-01  7.933533e-01  0.000000e+00
   outer loop
     vertex  1.298536e+02 -6.801355e+01  0.000000e+00
     vertex  1.297500e+02 -6.809301e+01  1.510000e+00
     vertex  1.298536e+02 -6.801355e+01  1.510000e+00
   endloop
 endfacet
 facet normal -6.087614e-01  7.933533e-01  0.000000e+00
   outer loop
     vertex  1.298536e+02 -6.801355e+01  0.000000e+00
     vertex  1.297500e+02 -6.809301e+01  0.000000e+00
     vertex  1.297500e+02 -6.809301e+01  1.510000e+00
   endloop
 endfacet
 facet normal -7.933533e-01  6.087614e-01  0.000000e+00
   outer loop
     vertex  1.299330e+02 -6.791000e+01  0.000000e+00
     vertex  1.298536e+02 -6.801355e+01  1.510000e+00
     vertex  1.299330e+02 -6.791000e+01  1.510000e+00
   endloop
 endfacet
 facet normal -7.933533e-01  6.087614e-01  0.000000e+00
   outer loop
     vertex  1.299330e+02 -6.791000e+01  0.000000e+00
     vertex  1.298536e+02 -6.801355e+01  0.000000e+00
     vertex  1.298536e+02 -6.801355e+01  1.510000e+00
   endloop
 endfacet
 facet normal -9.238795e-01  3.826834e-01  0.000000e+00
   outer loop
     vertex  1.299830e+02 -6.778941e+01  0.000000e+00
     vertex  1.299330e+02 -6.791000e+01  1.510000e+00
     vertex  1.299830e+02 -6.778941e+01  1.510000e+00
   endloop
 endfacet
 facet normal -9.238795e-01  3.826834e-01  0.000000e+00
   outer loop
     vertex  1.299830e+02 -6.778941e+01  0.000000e+00
     vertex  1.299330e+02 -6.791000e+01  0.000000e+00
     vertex  1.299330e+02 -6.791000e+01  1.510000e+00
   endloop
 endfacet
 facet normal -9.914449e-01  1.305262e-01  0.000000e+00
   outer loop
     vertex  1.300000e+02 -6.766000e+01  0.000000e+00
     vertex  1.299830e+02 -6.778941e+01  1.510000e+00
     vertex  1.300000e+02 -6.766000e+01  1.510000e+00
   endloop
 endfacet
 facet normal -9.914449e-01  1.305262e-01  0.000000e+00
   outer loop
     vertex  1.300000e+02 -6.766000e+01  0.000000e+00
     vertex  1.299830e+02 -6.778941e+01  0.000000e+00
     vertex  1.299830e+02 -6.778941e+01  1.510000e+00
   endloop
 endfacet
 facet normal -9.914449e-01 -1.305262e-01  0.000000e+00
   outer loop
     vertex  1.299830e+02 -6.753059e+01  0.000000e+00
     vertex  1.300000e+02 -6.766000e+01  1.510000e+00
     vertex  1.299830e+02 -6.753059e+01  1.510000e+00
   endloop
 endfacet
 facet normal -9.914449e-01 -1.305262e-01  0.000000e+00
   outer loop
     vertex  1.299830e+02 -6.753059e+01  0.000000e+00
     vertex  1.300000e+02 -6.766000e+01  0.000000e+00
     vertex  1.300000e+02 -6.766000e+01  1.510000e+00
   endloop
 endfacet
 facet normal -9.238795e-01 -3.826834e-01  0.000000e+00
   outer loop
     vertex  1.299330e+02 -6.741000e+01  0.000000e+00
     vertex  1.299830e+02 -6.753059e+01  1.510000e+00
     vertex  1.299330e+02 -6.741000e+01  1.510000e+00
   endloop
 endfacet
 facet normal -9.238795e-01 -3.826834e-01  0.000000e+00
   outer loop
     vertex  1.299330e+02 -6.741000e+01  0.000000e+00
     vertex  1.299830e+02 -6.753059e+01  0.000000e+00
     vertex  1.299830e+02 -6.753059e+01  1.510000e+00
   endloop
 endfacet
 facet normal -7.933533e-01 -6.087614e-01  0.000000e+00
   outer loop
     vertex  1.298536e+02 -6.730645e+01  0.000000e+00
     vertex  1.299330e+02 -6.741000e+01  1.510000e+00
     vertex  1.298536e+02 -6.730645e+01  1.510000e+00
   endloop
 endfacet
 facet normal -7.933533e-01 -6.087614e-01  0.000000e+00
   outer loop
     vertex  1.298536e+02 -6.730645e+01  0.000000e+00
     vertex  1.299330e+02 -6.741000e+01  0.000000e+00
     vertex  1.299330e+02 -6.741000e+01  1.510000e+00
   endloop
 endfacet
 facet normal -6.087614e-01 -7.933533e-01  0.000000e+00
   outer loop
     vertex  1.297500e+02 -6.722699e+01  0.000000e+00
     vertex  1.298536e+02 -6.730645e+01  1.510000e+00
     vertex  1.297500e+02 -6.722699e+01  1.510000e+00
   endloop
 endfacet
 facet normal -6.087614e-01 -7.933533e-01  0.000000e+00
   outer loop
     vertex  1.297500e+02 -6.722699e+01  0.000000e+00
     vertex  1.298536e+02 -6.730645e+01  0.000000e+00
     vertex  1.298536e+02 -6.730645e+01  1.510000e+00
   endloop
 endfacet
 facet normal -3.826834e-01 -9.238795e-01  0.000000e+00
   outer loop
     vertex  1.296294e+02 -6.717704e+01  0.000000e+00
     vertex  1.297500e+02 -6.722699e+01  1.510000e+00
     vertex  1.296294e+02 -6.717704e+01  1.510000e+00
   endloop
 endfacet
 facet normal -3.826834e-01 -9.238795e-01  0.000000e+00
   outer loop
     vertex  1.296294e+02 -6.717704e+01  0.000000e+00
     vertex  1.297500e+02 -6.722699e+01  0.000000e+00
     vertex  1.297500e+02 -6.722699e+01  1.510000e+00
   endloop
 endfacet
 facet normal -1.305262e-01 -9.914449e-01  0.000000e+00
   outer loop
     vertex  1.295000e+02 -6.716000e+01  0.000000e+00
     vertex  1.296294e+02 -6.717704e+01  1.510000e+00
     vertex  1.295000e+02 -6.716000e+01  1.510000e+00
   endloop
 endfacet
 facet normal -1.305262e-01 -9.914449e-01  0.000000e+00
   outer loop
     vertex  1.295000e+02 -6.716000e+01  0.000000e+00
     vertex  1.296294e+02 -6.717704e+01  0.000000e+00
     vertex  1.296294e+02 -6.717704e+01  1.510000e+00
   endloop
 endfacet
 facet normal  1.305262e-01 -9.914449e-01  0.000000e+00
   outer loop
     vertex  1.293706e+02 -6.717704e+01  0.000000e+00
     vertex  1.295000e+02 -6.716000e+01  1.510000e+00
     vertex  1.293706e+02 -6.717704e+01  1.510000e+00
   endloop
 endfacet
 facet normal  1.305262e-01 -9.914449e-01  0.000000e+00
   outer loop
     vertex  1.293706e+02 -6.717704e+01  0.000000e+00
     vertex  1.295000e+02 -6.716000e+01  0.000000e+00
     vertex  1.295000e+02 -6.716000e+01  1.510000e+00
   endloop
 endfacet
 facet normal  3.826834e-01 -9.238795e-01  0.000000e+00
   outer loop
     vertex  1.292500e+02 -6.722699e+01  0.000000e+00
     vertex  1.293706e+02 -6.717704e+01  0.000000e+00
     vertex  1.293706e+02 -6.717704e+01  1.510000e+00
   endloop
 endfacet
 facet normal  3.826834e-01 -9.238795e-01  0.000000e+00
   outer loop
     vertex  1.292500e+02 -6.722699e+01  0.000000e+00
     vertex  1.293706e+02 -6.717704e+01  1.510000e+00
     vertex  1.292500e+02 -6.722699e+01  1.510000e+00
   endloop
 endfacet
 facet normal  6.087614e-01 -7.933533e-01  0.000000e+00
   outer loop
     vertex  1.291464e+02 -6.730645e+01  0.000000e+00
     vertex  1.292500e+02 -6.722699e+01  0.000000e+00
     vertex  1.292500e+02 -6.722699e+01  1.510000e+00
   endloop
 endfacet
 facet normal  7.933533e-01 -6.087614e-01  0.000000e+00
   outer loop
     vertex  1.291464e+02 -6.730645e+01  0.000000e+00
     vertex  1.291464e+02 -6.730645e+01  1.510000e+00
     vertex  1.290670e+02 -6.741000e+01  1.510000e+00
   endloop
 endfacet
 facet normal  6.087614e-01 -7.933533e-01  0.000000e+00
   outer loop
     vertex  1.291464e+02 -6.730645e+01  0.000000e+00
     vertex  1.292500e+02 -6.722699e+01  1.510000e+00
     vertex  1.291464e+02 -6.730645e+01  1.510000e+00
   endloop
 endfacet
 facet normal  7.933533e-01 -6.087614e-01  0.000000e+00
   outer loop
     vertex  1.290670e+02 -6.741000e+01  0.000000e+00
     vertex  1.291464e+02 -6.730645e+01  0.000000e+00
     vertex  1.290670e+02 -6.741000e+01  1.510000e+00
   endloop
 endfacet
 facet normal  9.238795e-01 -3.826834e-01  0.000000e+00
   outer loop
     vertex  1.290670e+02 -6.741000e+01  0.000000e+00
     vertex  1.290670e+02 -6.741000e+01  1.510000e+00
     vertex  1.290170e+02 -6.753059e+01  1.510000e+00
   endloop
 endfacet
 facet normal  9.238795e-01 -3.826834e-01  0.000000e+00
   outer loop
     vertex  1.290170e+02 -6.753059e+01  0.000000e+00
     vertex  1.290670e+02 -6.741000e+01  0.000000e+00
     vertex  1.290170e+02 -6.753059e+01  1.510000e+00
   endloop
 endfacet
 facet normal  9.914449e-01 -1.305262e-01  0.000000e+00
   outer loop
     vertex  1.290000e+02 -6.766000e+01  0.000000e+00
     vertex  1.290170e+02 -6.753059e+01  0.000000e+00
     vertex  1.290170e+02 -6.753059e+01  1.510000e+00
   endloop
 endfacet
 facet normal  9.914449e-01 -1.305262e-01  0.000000e+00
   outer loop
     vertex  1.290000e+02 -6.766000e+01  0.000000e+00
     vertex  1.290170e+02 -6.753059e+01  1.510000e+00
     vertex  1.290000e+02 -6.766000e+01  1.510000e+00
   endloop
 endfacet
 facet normal  9.914449e-01  1.305262e-01 -0.000000e+00
   outer loop
     vertex  1.290170e+02 -6.778941e+01  0.000000e+00
     vertex  1.290000e+02 -6.766000e+01  1.510000e+00
     vertex  1.290170e+02 -6.778941e+01  1.510000e+00
   endloop
 endfacet
 facet normal  9.914449e-01  1.305262e-01  0.000000e+00
   outer loop
     vertex  1.290170e+02 -6.778941e+01  0.000000e+00
     vertex  1.290000e+02 -6.766000e+01  0.000000e+00
     vertex  1.290000e+02 -6.766000e+01  1.510000e+00
   endloop
 endfacet
 facet normal  9.238795e-01  3.826834e-01 -0.000000e+00
   outer loop
     vertex  1.290670e+02 -6.791000e+01  0.000000e+00
     vertex  1.290170e+02 -6.778941e+01  1.510000e+00
     vertex  1.290670e+02 -6.791000e+01  1.510000e+00
   endloop
 endfacet
 facet normal  9.238795e-01  3.826834e-01  0.000000e+00
   outer loop
     vertex  1.290670e+02 -6.791000e+01  0.000000e+00
     vertex  1.290170e+02 -6.778941e+01  0.000000e+00
     vertex  1.290170e+02 -6.778941e+01  1.510000e+00
   endloop
 endfacet
 facet normal  6.087614e-01  7.933533e-01 -0.000000e+00
   outer loop
     vertex  1.291464e+02 -6.801355e+01  0.000000e+00
     vertex  1.291464e+02 -6.801355e+01  1.510000e+00
     vertex  1.292500e+02 -6.809301e+01  1.510000e+00
   endloop
 endfacet
 facet normal  7.933533e-01  6.087614e-01 -0.000000e+00
   outer loop
     vertex  1.291464e+02 -6.801355e+01  0.000000e+00
     vertex  1.290670e+02 -6.791000e+01  1.510000e+00
     vertex  1.291464e+02 -6.801355e+01  1.510000e+00
   endloop
 endfacet
 facet normal  7.933533e-01  6.087614e-01  0.000000e+00
   outer loop
     vertex  1.291464e+02 -6.801355e+01  0.000000e+00
     vertex  1.290670e+02 -6.791000e+01  0.000000e+00
     vertex  1.290670e+02 -6.791000e+01  1.510000e+00
   endloop
 endfacet
 facet normal  6.087614e-01  7.933533e-01 -0.000000e+00
   outer loop
     vertex  1.292500e+02 -6.809301e+01  0.000000e+00
     vertex  1.291464e+02 -6.801355e+01  0.000000e+00
     vertex  1.292500e+02 -6.809301e+01  1.510000e+00
   endloop
 endfacet
 facet normal  3.826834e-01  9.238795e-01 -0.000000e+00
   outer loop
     vertex  1.293706e+02 -6.814296e+01  0.000000e+00
     vertex  1.292500e+02 -6.809301e+01  1.510000e+00
     vertex  1.293706e+02 -6.814296e+01  1.510000e+00
   endloop
 endfacet
 facet normal  3.826834e-01  9.238795e-01  0.000000e+00
   outer loop
     vertex  1.293706e+02 -6.814296e+01  0.000000e+00
     vertex  1.292500e+02 -6.809301e+01  0.000000e+00
     vertex  1.292500e+02 -6.809301e+01  1.510000e+00
   endloop
 endfacet
 facet normal  1.305262e-01  9.914449e-01 -0.000000e+00
   outer loop
     vertex  1.295000e+02 -6.816000e+01  0.000000e+00
     vertex  1.293706e+02 -6.814296e+01  1.510000e+00
     vertex  1.295000e+02 -6.816000e+01  1.510000e+00
   endloop
 endfacet
 facet normal  1.305262e-01  9.914449e-01  0.000000e+00
   outer loop
     vertex  1.295000e+02 -6.816000e+01  0.000000e+00
     vertex  1.293706e+02 -6.814296e+01  0.000000e+00
     vertex  1.293706e+02 -6.814296e+01  1.510000e+00
   endloop
 endfacet
 facet normal -1.305262e-01  9.914449e-01  0.000000e+00
   outer loop
     vertex  1.296294e+02 -6.560296e+01  0.000000e+00
     vertex  1.295000e+02 -6.562000e+01  0.000000e+00
     vertex  1.295000e+02 -6.562000e+01  1.510000e+00
   endloop
 endfacet
 facet normal -1.305262e-01  9.914449e-01  0.000000e+00
   outer loop
     vertex  1.296294e+02 -6.560296e+01  0.000000e+00
     vertex  1.295000e+02 -6.562000e+01  1.510000e+00
     vertex  1.296294e+02 -6.560296e+01  1.510000e+00
   endloop
 endfacet
 facet normal -3.826834e-01  9.238795e-01  0.000000e+00
   outer loop
     vertex  1.297500e+02 -6.555301e+01  0.000000e+00
     vertex  1.296294e+02 -6.560296e+01  1.510000e+00
     vertex  1.297500e+02 -6.555301e+01  1.510000e+00
   endloop
 endfacet
 facet normal -3.826834e-01  9.238795e-01  0.000000e+00
   outer loop
     vertex  1.297500e+02 -6.555301e+01  0.000000e+00
     vertex  1.296294e+02 -6.560296e+01  0.000000e+00
     vertex  1.296294e+02 -6.560296e+01  1.510000e+00
   endloop
 endfacet
 facet normal -6.087614e-01  7.933533e-01  0.000000e+00
   outer loop
     vertex  1.298536e+02 -6.547355e+01  0.000000e+00
     vertex  1.297500e+02 -6.555301e+01  1.510000e+00
     vertex  1.298536e+02 -6.547355e+01  1.510000e+00
   endloop
 endfacet
 facet normal -6.087614e-01  7.933533e-01  0.000000e+00
   outer loop
     vertex  1.298536e+02 -6.547355e+01  0.000000e+00
     vertex  1.297500e+02 -6.555301e+01  0.000000e+00
     vertex  1.297500e+02 -6.555301e+01  1.510000e+00
   endloop
 endfacet
 facet normal -7.933533e-01  6.087614e-01  0.000000e+00
   outer loop
     vertex  1.299330e+02 -6.537000e+01  0.000000e+00
     vertex  1.298536e+02 -6.547355e+01  1.510000e+00
     vertex  1.299330e+02 -6.537000e+01  1.510000e+00
   endloop
 endfacet
 facet normal -7.933533e-01  6.087614e-01  0.000000e+00
   outer loop
     vertex  1.299330e+02 -6.537000e+01  0.000000e+00
     vertex  1.298536e+02 -6.547355e+01  0.000000e+00
     vertex  1.298536e+02 -6.547355e+01  1.510000e+00
   endloop
 endfacet
 facet normal -9.238795e-01  3.826834e-01  0.000000e+00
   outer loop
     vertex  1.299830e+02 -6.524941e+01  0.000000e+00
     vertex  1.299330e+02 -6.537000e+01  1.510000e+00
     vertex  1.299830e+02 -6.524941e+01  1.510000e+00
   endloop
 endfacet
 facet normal -9.238795e-01  3.826834e-01  0.000000e+00
   outer loop
     vertex  1.299830e+02 -6.524941e+01  0.000000e+00
     vertex  1.299330e+02 -6.537000e+01  0.000000e+00
     vertex  1.299330e+02 -6.537000e+01  1.510000e+00
   endloop
 endfacet
 facet normal -9.914449e-01  1.305262e-01  0.000000e+00
   outer loop
     vertex  1.300000e+02 -6.512000e+01  0.000000e+00
     vertex  1.299830e+02 -6.524941e+01  1.510000e+00
     vertex  1.300000e+02 -6.512000e+01  1.510000e+00
   endloop
 endfacet
 facet normal -9.914449e-01  1.305262e-01  0.000000e+00
   outer loop
     vertex  1.300000e+02 -6.512000e+01  0.000000e+00
     vertex  1.299830e+02 -6.524941e+01  0.000000e+00
     vertex  1.299830e+02 -6.524941e+01  1.510000e+00
   endloop
 endfacet
 facet normal -9.914449e-01 -1.305262e-01  0.000000e+00
   outer loop
     vertex  1.299830e+02 -6.499059e+01  0.000000e+00
     vertex  1.300000e+02 -6.512000e+01  1.510000e+00
     vertex  1.299830e+02 -6.499059e+01  1.510000e+00
   endloop
 endfacet
 facet normal -9.914449e-01 -1.305262e-01  0.000000e+00
   outer loop
     vertex  1.299830e+02 -6.499059e+01  0.000000e+00
     vertex  1.300000e+02 -6.512000e+01  0.000000e+00
     vertex  1.300000e+02 -6.512000e+01  1.510000e+00
   endloop
 endfacet
 facet normal -9.238795e-01 -3.826834e-01  0.000000e+00
   outer loop
     vertex  1.299330e+02 -6.487000e+01  0.000000e+00
     vertex  1.299830e+02 -6.499059e+01  1.510000e+00
     vertex  1.299330e+02 -6.487000e+01  1.510000e+00
   endloop
 endfacet
 facet normal -9.238795e-01 -3.826834e-01  0.000000e+00
   outer loop
     vertex  1.299330e+02 -6.487000e+01  0.000000e+00
     vertex  1.299830e+02 -6.499059e+01  0.000000e+00
     vertex  1.299830e+02 -6.499059e+01  1.510000e+00
   endloop
 endfacet
 facet normal -7.933533e-01 -6.087614e-01  0.000000e+00
   outer loop
     vertex  1.298536e+02 -6.476645e+01  0.000000e+00
     vertex  1.299330e+02 -6.487000e+01  1.510000e+00
     vertex  1.298536e+02 -6.476645e+01  1.510000e+00
   endloop
 endfacet
 facet normal -7.933533e-01 -6.087614e-01  0.000000e+00
   outer loop
     vertex  1.298536e+02 -6.476645e+01  0.000000e+00
     vertex  1.299330e+02 -6.487000e+01  0.000000e+00
     vertex  1.299330e+02 -6.487000e+01  1.510000e+00
   endloop
 endfacet
 facet normal -6.087614e-01 -7.933533e-01  0.000000e+00
   outer loop
     vertex  1.297500e+02 -6.468699e+01  0.000000e+00
     vertex  1.298536e+02 -6.476645e+01  1.510000e+00
     vertex  1.297500e+02 -6.468699e+01  1.510000e+00
   endloop
 endfacet
 facet normal -6.087614e-01 -7.933533e-01  0.000000e+00
   outer loop
     vertex  1.297500e+02 -6.468699e+01  0.000000e+00
     vertex  1.298536e+02 -6.476645e+01  0.000000e+00
     vertex  1.298536e+02 -6.476645e+01  1.510000e+00
   endloop
 endfacet
 facet normal -3.826834e-01 -9.238795e-01  0.000000e+00
   outer loop
     vertex  1.296294e+02 -6.463704e+01  0.000000e+00
     vertex  1.297500e+02 -6.468699e+01  1.510000e+00
     vertex  1.296294e+02 -6.463704e+01  1.510000e+00
   endloop
 endfacet
 facet normal -3.826834e-01 -9.238795e-01  0.000000e+00
   outer loop
     vertex  1.296294e+02 -6.463704e+01  0.000000e+00
     vertex  1.297500e+02 -6.468699e+01  0.000000e+00
     vertex  1.297500e+02 -6.468699e+01  1.510000e+00
   endloop
 endfacet
 facet normal -1.305262e-01 -9.914449e-01  0.000000e+00
   outer loop
     vertex  1.295000e+02 -6.462000e+01  0.000000e+00
     vertex  1.296294e+02 -6.463704e+01  1.510000e+00
     vertex  1.295000e+02 -6.462000e+01  1.510000e+00
   endloop
 endfacet
 facet normal -1.305262e-01 -9.914449e-01  0.000000e+00
   outer loop
     vertex  1.295000e+02 -6.462000e+01  0.000000e+00
     vertex  1.296294e+02 -6.463704e+01  0.000000e+00
     vertex  1.296294e+02 -6.463704e+01  1.510000e+00
   endloop
 endfacet
 facet normal  1.305262e-01 -9.914449e-01  0.000000e+00
   outer loop
     vertex  1.293706e+02 -6.463704e+01  0.000000e+00
     vertex  1.295000e+02 -6.462000e+01  1.510000e+00
     vertex  1.293706e+02 -6.463704e+01  1.510000e+00
   endloop
 endfacet
 facet normal  1.305262e-01 -9.914449e-01  0.000000e+00
   outer loop
     vertex  1.293706e+02 -6.463704e+01  0.000000e+00
     vertex  1.295000e+02 -6.462000e+01  0.000000e+00
     vertex  1.295000e+02 -6.462000e+01  1.510000e+00
   endloop
 endfacet
 facet normal  3.826834e-01 -9.238795e-01  0.000000e+00
   outer loop
     vertex  1.292500e+02 -6.468699e+01  0.000000e+00
     vertex  1.293706e+02 -6.463704e+01  0.000000e+00
     vertex  1.293706e+02 -6.463704e+01  1.510000e+00
   endloop
 endfacet
 facet normal  3.826834e-01 -9.238795e-01  0.000000e+00
   outer loop
     vertex  1.292500e+02 -6.468699e+01  0.000000e+00
     vertex  1.293706e+02 -6.463704e+01  1.510000e+00
     vertex  1.292500e+02 -6.468699e+01  1.510000e+00
   endloop
 endfacet
 facet normal  6.087614e-01 -7.933533e-01  0.000000e+00
   outer loop
     vertex  1.291464e+02 -6.476645e+01  0.000000e+00
     vertex  1.292500e+02 -6.468699e+01  0.000000e+00
     vertex  1.292500e+02 -6.468699e+01  1.510000e+00
   endloop
 endfacet
 facet normal  7.933533e-01 -6.087614e-01  0.000000e+00
   outer loop
     vertex  1.291464e+02 -6.476645e+01  0.000000e+00
     vertex  1.291464e+02 -6.476645e+01  1.510000e+00
     vertex  1.290670e+02 -6.487000e+01  1.510000e+00
   endloop
 endfacet
 facet normal  6.087614e-01 -7.933533e-01  0.000000e+00
   outer loop
     vertex  1.291464e+02 -6.476645e+01  0.000000e+00
     vertex  1.292500e+02 -6.468699e+01  1.510000e+00
     vertex  1.291464e+02 -6.476645e+01  1.510000e+00
   endloop
 endfacet
 facet normal  7.933533e-01 -6.087614e-01  0.000000e+00
   outer loop
     vertex  1.290670e+02 -6.487000e+01  0.000000e+00
     vertex  1.291464e+02 -6.476645e+01  0.000000e+00
     vertex  1.290670e+02 -6.487000e+01  1.510000e+00
   endloop
 endfacet
 facet normal  9.238795e-01 -3.826834e-01  0.000000e+00
   outer loop
     vertex  1.290670e+02 -6.487000e+01  0.000000e+00
     vertex  1.290670e+02 -6.487000e+01  1.510000e+00
     vertex  1.290170e+02 -6.499059e+01  1.510000e+00
   endloop
 endfacet
 facet normal  9.238795e-01 -3.826834e-01  0.000000e+00
   outer loop
     vertex  1.290170e+02 -6.499059e+01  0.000000e+00
     vertex  1.290670e+02 -6.487000e+01  0.000000e+00
     vertex  1.290170e+02 -6.499059e+01  1.510000e+00
   endloop
 endfacet
 facet normal  9.914449e-01 -1.305262e-01  0.000000e+00
   outer loop
     vertex  1.290000e+02 -6.512000e+01  0.000000e+00
     vertex  1.290170e+02 -6.499059e+01  0.000000e+00
     vertex  1.290170e+02 -6.499059e+01  1.510000e+00
   endloop
 endfacet
 facet normal  9.914449e-01 -1.305262e-01  0.000000e+00
   outer loop
     vertex  1.290000e+02 -6.512000e+01  0.000000e+00
     vertex  1.290170e+02 -6.499059e+01  1.510000e+00
     vertex  1.290000e+02 -6.512000e+01  1.510000e+00
   endloop
 endfacet
 facet normal  9.914449e-01  1.305262e-01 -0.000000e+00
   outer loop
     vertex  1.290170e+02 -6.524941e+01  0.000000e+00
     vertex  1.290000e+02 -6.512000e+01  1.510000e+00
     vertex  1.290170e+02 -6.524941e+01  1.510000e+00
   endloop
 endfacet
 facet normal  9.914449e-01  1.305262e-01  0.000000e+00
   outer loop
     vertex  1.290170e+02 -6.524941e+01  0.000000e+00
     vertex  1.290000e+02 -6.512000e+01  0.000000e+00
     vertex  1.290000e+02 -6.512000e+01  1.510000e+00
   endloop
 endfacet
 facet normal  9.238795e-01  3.826834e-01 -0.000000e+00
   outer loop
     vertex  1.290670e+02 -6.537000e+01  0.000000e+00
     vertex  1.290170e+02 -6.524941e+01  1.510000e+00
     vertex  1.290670e+02 -6.537000e+01  1.510000e+00
   endloop
 endfacet
 facet normal  9.238795e-01  3.826834e-01  0.000000e+00
   outer loop
     vertex  1.290670e+02 -6.537000e+01  0.000000e+00
     vertex  1.290170e+02 -6.524941e+01  0.000000e+00
     vertex  1.290170e+02 -6.524941e+01  1.510000e+00
   endloop
 endfacet
 facet normal  6.087614e-01  7.933533e-01 -0.000000e+00
   outer loop
     vertex  1.291464e+02 -6.547355e+01  0.000000e+00
     vertex  1.291464e+02 -6.547355e+01  1.510000e+00
     vertex  1.292500e+02 -6.555301e+01  1.510000e+00
   endloop
 endfacet
 facet normal  7.933533e-01  6.087614e-01 -0.000000e+00
   outer loop
     vertex  1.291464e+02 -6.547355e+01  0.000000e+00
     vertex  1.290670e+02 -6.537000e+01  1.510000e+00
     vertex  1.291464e+02 -6.547355e+01  1.510000e+00
   endloop
 endfacet
 facet normal  7.933533e-01  6.087614e-01  0.000000e+00
   outer loop
     vertex  1.291464e+02 -6.547355e+01  0.000000e+00
     vertex  1.290670e+02 -6.537000e+01  0.000000e+00
     vertex  1.290670e+02 -6.537000e+01  1.510000e+00
   endloop
 endfacet
 facet normal  6.087614e-01  7.933533e-01 -0.000000e+00
   outer loop
     vertex  1.292500e+02 -6.555301e+01  0.000000e+00
     vertex  1.291464e+02 -6.547355e+01  0.000000e+00
     vertex  1.292500e+02 -6.555301e+01  1.510000e+00
   endloop
 endfacet
 facet normal  3.826834e-01  9.238795e-01 -0.000000e+00
   outer loop
     vertex  1.293706e+02 -6.560296e+01  0.000000e+00
     vertex  1.292500e+02 -6.555301e+01  1.510000e+00
     vertex  1.293706e+02 -6.560296e+01  1.510000e+00
   endloop
 endfacet
 facet normal  3.826834e-01  9.238795e-01  0.000000e+00
   outer loop
     vertex  1.293706e+02 -6.560296e+01  0.000000e+00
     vertex  1.292500e+02 -6.555301e+01  0.000000e+00
     vertex  1.292500e+02 -6.555301e+01  1.510000e+00
   endloop
 endfacet
 facet normal  1.305262e-01  9.914449e-01 -0.000000e+00
   outer loop
     vertex  1.295000e+02 -6.562000e+01  0.000000e+00
     vertex  1.293706e+02 -6.560296e+01  1.510000e+00
     vertex  1.295000e+02 -6.562000e+01  1.510000e+00
   endloop
 endfacet
 facet normal  1.305262e-01  9.914449e-01  0.000000e+00
   outer loop
     vertex  1.295000e+02 -6.562000e+01  0.000000e+00
     vertex  1.293706e+02 -6.560296e+01  0.000000e+00
     vertex  1.293706e+02 -6.560296e+01  1.510000e+00
   endloop
 endfacet
 facet normal -1.305262e-01  9.914449e-01  0.000000e+00
   outer loop
     vertex  1.296294e+02 -6.306296e+01  0.000000e+00
     vertex  1.295000e+02 -6.308000e+01  0.000000e+00
     vertex  1.295000e+02 -6.308000e+01  1.510000e+00
   endloop
 endfacet
 facet normal -1.305262e-01  9.914449e-01  0.000000e+00
   outer loop
     vertex  1.296294e+02 -6.306296e+01  0.000000e+00
     vertex  1.295000e+02 -6.308000e+01  1.510000e+00
     vertex  1.296294e+02 -6.306296e+01  1.510000e+00
   endloop
 endfacet
 facet normal -3.826834e-01  9.238795e-01  0.000000e+00
   outer loop
     vertex  1.297500e+02 -6.301301e+01  0.000000e+00
     vertex  1.296294e+02 -6.306296e+01  1.510000e+00
     vertex  1.297500e+02 -6.301301e+01  1.510000e+00
   endloop
 endfacet
 facet normal -3.826834e-01  9.238795e-01  0.000000e+00
   outer loop
     vertex  1.297500e+02 -6.301301e+01  0.000000e+00
     vertex  1.296294e+02 -6.306296e+01  0.000000e+00
     vertex  1.296294e+02 -6.306296e+01  1.510000e+00
   endloop
 endfacet
 facet normal -6.087614e-01  7.933533e-01  0.000000e+00
   outer loop
     vertex  1.298536e+02 -6.293355e+01  0.000000e+00
     vertex  1.297500e+02 -6.301301e+01  1.510000e+00
     vertex  1.298536e+02 -6.293355e+01  1.510000e+00
   endloop
 endfacet
 facet normal -6.087614e-01  7.933533e-01  0.000000e+00
   outer loop
     vertex  1.298536e+02 -6.293355e+01  0.000000e+00
     vertex  1.297500e+02 -6.301301e+01  0.000000e+00
     vertex  1.297500e+02 -6.301301e+01  1.510000e+00
   endloop
 endfacet
 facet normal -7.933533e-01  6.087614e-01  0.000000e+00
   outer loop
     vertex  1.299330e+02 -6.283000e+01  0.000000e+00
     vertex  1.298536e+02 -6.293355e+01  1.510000e+00
     vertex  1.299330e+02 -6.283000e+01  1.510000e+00
   endloop
 endfacet
 facet normal -7.933533e-01  6.087614e-01  0.000000e+00
   outer loop
     vertex  1.299330e+02 -6.283000e+01  0.000000e+00
     vertex  1.298536e+02 -6.293355e+01  0.000000e+00
     vertex  1.298536e+02 -6.293355e+01  1.510000e+00
   endloop
 endfacet
 facet normal -9.238795e-01  3.826834e-01  0.000000e+00
   outer loop
     vertex  1.299830e+02 -6.270941e+01  0.000000e+00
     vertex  1.299330e+02 -6.283000e+01  1.510000e+00
     vertex  1.299830e+02 -6.270941e+01  1.510000e+00
   endloop
 endfacet
 facet normal -9.238795e-01  3.826834e-01  0.000000e+00
   outer loop
     vertex  1.299830e+02 -6.270941e+01  0.000000e+00
     vertex  1.299330e+02 -6.283000e+01  0.000000e+00
     vertex  1.299330e+02 -6.283000e+01  1.510000e+00
   endloop
 endfacet
 facet normal -9.914449e-01  1.305262e-01  0.000000e+00
   outer loop
     vertex  1.300000e+02 -6.258000e+01  0.000000e+00
     vertex  1.299830e+02 -6.270941e+01  1.510000e+00
     vertex  1.300000e+02 -6.258000e+01  1.510000e+00
   endloop
 endfacet
 facet normal -9.914449e-01  1.305262e-01  0.000000e+00
   outer loop
     vertex  1.300000e+02 -6.258000e+01  0.000000e+00
     vertex  1.299830e+02 -6.270941e+01  0.000000e+00
     vertex  1.299830e+02 -6.270941e+01  1.510000e+00
   endloop
 endfacet
 facet normal -9.914449e-01 -1.305262e-01  0.000000e+00
   outer loop
     vertex  1.299830e+02 -6.245059e+01  0.000000e+00
     vertex  1.300000e+02 -6.258000e+01  1.510000e+00
     vertex  1.299830e+02 -6.245059e+01  1.510000e+00
   endloop
 endfacet
 facet normal -9.914449e-01 -1.305262e-01  0.000000e+00
   outer loop
     vertex  1.299830e+02 -6.245059e+01  0.000000e+00
     vertex  1.300000e+02 -6.258000e+01  0.000000e+00
     vertex  1.300000e+02 -6.258000e+01  1.510000e+00
   endloop
 endfacet
 facet normal -9.238795e-01 -3.826834e-01  0.000000e+00
   outer loop
     vertex  1.299330e+02 -6.233000e+01  0.000000e+00
     vertex  1.299830e+02 -6.245059e+01  1.510000e+00
     vertex  1.299330e+02 -6.233000e+01  1.510000e+00
   endloop
 endfacet
 facet normal -9.238795e-01 -3.826834e-01  0.000000e+00
   outer loop
     vertex  1.299330e+02 -6.233000e+01  0.000000e+00
     vertex  1.299830e+02 -6.245059e+01  0.000000e+00
     vertex  1.299830e+02 -6.245059e+01  1.510000e+00
   endloop
 endfacet
 facet normal -7.933533e-01 -6.087614e-01  0.000000e+00
   outer loop
     vertex  1.298536e+02 -6.222645e+01  0.000000e+00
     vertex  1.299330e+02 -6.233000e+01  1.510000e+00
     vertex  1.298536e+02 -6.222645e+01  1.510000e+00
   endloop
 endfacet
 facet normal -7.933533e-01 -6.087614e-01  0.000000e+00
   outer loop
     vertex  1.298536e+02 -6.222645e+01  0.000000e+00
     vertex  1.299330e+02 -6.233000e+01  0.000000e+00
     vertex  1.299330e+02 -6.233000e+01  1.510000e+00
   endloop
 endfacet
 facet normal -6.087614e-01 -7.933533e-01  0.000000e+00
   outer loop
     vertex  1.297500e+02 -6.214699e+01  0.000000e+00
     vertex  1.298536e+02 -6.222645e+01  1.510000e+00
     vertex  1.297500e+02 -6.214699e+01  1.510000e+00
   endloop
 endfacet
 facet normal -6.087614e-01 -7.933533e-01  0.000000e+00
   outer loop
     vertex  1.297500e+02 -6.214699e+01  0.000000e+00
     vertex  1.298536e+02 -6.222645e+01  0.000000e+00
     vertex  1.298536e+02 -6.222645e+01  1.510000e+00
   endloop
 endfacet
 facet normal -3.826834e-01 -9.238795e-01  0.000000e+00
   outer loop
     vertex  1.296294e+02 -6.209704e+01  0.000000e+00
     vertex  1.297500e+02 -6.214699e+01  1.510000e+00
     vertex  1.296294e+02 -6.209704e+01  1.510000e+00
   endloop
 endfacet
 facet normal -3.826834e-01 -9.238795e-01  0.000000e+00
   outer loop
     vertex  1.296294e+02 -6.209704e+01  0.000000e+00
     vertex  1.297500e+02 -6.214699e+01  0.000000e+00
     vertex  1.297500e+02 -6.214699e+01  1.510000e+00
   endloop
 endfacet
 facet normal -1.305262e-01 -9.914449e-01  0.000000e+00
   outer loop
     vertex  1.295000e+02 -6.208000e+01  0.000000e+00
     vertex  1.296294e+02 -6.209704e+01  1.510000e+00
     vertex  1.295000e+02 -6.208000e+01  1.510000e+00
   endloop
 endfacet
 facet normal -1.305262e-01 -9.914449e-01  0.000000e+00
   outer loop
     vertex  1.295000e+02 -6.208000e+01  0.000000e+00
     vertex  1.296294e+02 -6.209704e+01  0.000000e+00
     vertex  1.296294e+02 -6.209704e+01  1.510000e+00
   endloop
 endfacet
 facet normal  1.305262e-01 -9.914449e-01  0.000000e+00
   outer loop
     vertex  1.293706e+02 -6.209704e+01  0.000000e+00
     vertex  1.295000e+02 -6.208000e+01  1.510000e+00
     vertex  1.293706e+02 -6.209704e+01  1.510000e+00
   endloop
 endfacet
 facet normal  1.305262e-01 -9.914449e-01  0.000000e+00
   outer loop
     vertex  1.293706e+02 -6.209704e+01  0.000000e+00
     vertex  1.295000e+02 -6.208000e+01  0.000000e+00
     vertex  1.295000e+02 -6.208000e+01  1.510000e+00
   endloop
 endfacet
 facet normal  3.826834e-01 -9.238795e-01  0.000000e+00
   outer loop
     vertex  1.292500e+02 -6.214699e+01  0.000000e+00
     vertex  1.293706e+02 -6.209704e+01  0.000000e+00
     vertex  1.293706e+02 -6.209704e+01  1.510000e+00
   endloop
 endfacet
 facet normal  3.826834e-01 -9.238795e-01  0.000000e+00
   outer loop
     vertex  1.292500e+02 -6.214699e+01  0.000000e+00
     vertex  1.293706e+02 -6.209704e+01  1.510000e+00
     vertex  1.292500e+02 -6.214699e+01  1.510000e+00
   endloop
 endfacet
 facet normal  6.087614e-01 -7.933533e-01  0.000000e+00
   outer loop
     vertex  1.291464e+02 -6.222645e+01  0.000000e+00
     vertex  1.292500e+02 -6.214699e+01  0.000000e+00
     vertex  1.292500e+02 -6.214699e+01  1.510000e+00
   endloop
 endfacet
 facet normal  7.933533e-01 -6.087614e-01  0.000000e+00
   outer loop
     vertex  1.291464e+02 -6.222645e+01  0.000000e+00
     vertex  1.291464e+02 -6.222645e+01  1.510000e+00
     vertex  1.290670e+02 -6.233000e+01  1.510000e+00
   endloop
 endfacet
 facet normal  6.087614e-01 -7.933533e-01  0.000000e+00
   outer loop
     vertex  1.291464e+02 -6.222645e+01  0.000000e+00
     vertex  1.292500e+02 -6.214699e+01  1.510000e+00
     vertex  1.291464e+02 -6.222645e+01  1.510000e+00
   endloop
 endfacet
 facet normal  7.933533e-01 -6.087614e-01  0.000000e+00
   outer loop
     vertex  1.290670e+02 -6.233000e+01  0.000000e+00
     vertex  1.291464e+02 -6.222645e+01  0.000000e+00
     vertex  1.290670e+02 -6.233000e+01  1.510000e+00
   endloop
 endfacet
 facet normal  9.238795e-01 -3.826834e-01  0.000000e+00
   outer loop
     vertex  1.290670e+02 -6.233000e+01  0.000000e+00
     vertex  1.290670e+02 -6.233000e+01  1.510000e+00
     vertex  1.290170e+02 -6.245059e+01  1.510000e+00
   endloop
 endfacet
 facet normal  9.238795e-01 -3.826834e-01  0.000000e+00
   outer loop
     vertex  1.290170e+02 -6.245059e+01  0.000000e+00
     vertex  1.290670e+02 -6.233000e+01  0.000000e+00
     vertex  1.290170e+02 -6.245059e+01  1.510000e+00
   endloop
 endfacet
 facet normal  9.914449e-01 -1.305262e-01  0.000000e+00
   outer loop
     vertex  1.290000e+02 -6.258000e+01  0.000000e+00
     vertex  1.290170e+02 -6.245059e+01  0.000000e+00
     vertex  1.290170e+02 -6.245059e+01  1.510000e+00
   endloop
 endfacet
 facet normal  9.914449e-01 -1.305262e-01  0.000000e+00
   outer loop
     vertex  1.290000e+02 -6.258000e+01  0.000000e+00
     vertex  1.290170e+02 -6.245059e+01  1.510000e+00
     vertex  1.290000e+02 -6.258000e+01  1.510000e+00
   endloop
 endfacet
 facet normal  9.914449e-01  1.305262e-01 -0.000000e+00
   outer loop
     vertex  1.290170e+02 -6.270941e+01  0.000000e+00
     vertex  1.290000e+02 -6.258000e+01  1.510000e+00
     vertex  1.290170e+02 -6.270941e+01  1.510000e+00
   endloop
 endfacet
 facet normal  9.914449e-01  1.305262e-01  0.000000e+00
   outer loop
     vertex  1.290170e+02 -6.270941e+01  0.000000e+00
     vertex  1.290000e+02 -6.258000e+01  0.000000e+00
     vertex  1.290000e+02 -6.258000e+01  1.510000e+00
   endloop
 endfacet
 facet normal  9.238795e-01  3.826834e-01 -0.000000e+00
   outer loop
     vertex  1.290670e+02 -6.283000e+01  0.000000e+00
     vertex  1.290170e+02 -6.270941e+01  1.510000e+00
     vertex  1.290670e+02 -6.283000e+01  1.510000e+00
   endloop
 endfacet
 facet normal  9.238795e-01  3.826834e-01  0.000000e+00
   outer loop
     vertex  1.290670e+02 -6.283000e+01  0.000000e+00
     vertex  1.290170e+02 -6.270941e+01  0.000000e+00
     vertex  1.290170e+02 -6.270941e+01  1.510000e+00
   endloop
 endfacet
 facet normal  6.087614e-01  7.933533e-01 -0.000000e+00
   outer loop
     vertex  1.291464e+02 -6.293355e+01  0.000000e+00
     vertex  1.291464e+02 -6.293355e+01  1.510000e+00
     vertex  1.292500e+02 -6.301301e+01  1.510000e+00
   endloop
 endfacet
 facet normal  7.933533e-01  6.087614e-01 -0.000000e+00
   outer loop
     vertex  1.291464e+02 -6.293355e+01  0.000000e+00
     vertex  1.290670e+02 -6.283000e+01  1.510000e+00
     vertex  1.291464e+02 -6.293355e+01  1.510000e+00
   endloop
 endfacet
 facet normal  7.933533e-01  6.087614e-01  0.000000e+00
   outer loop
     vertex  1.291464e+02 -6.293355e+01  0.000000e+00
     vertex  1.290670e+02 -6.283000e+01  0.000000e+00
     vertex  1.290670e+02 -6.283000e+01  1.510000e+00
   endloop
 endfacet
 facet normal  6.087614e-01  7.933533e-01 -0.000000e+00
   outer loop
     vertex  1.292500e+02 -6.301301e+01  0.000000e+00
     vertex  1.291464e+02 -6.293355e+01  0.000000e+00
     vertex  1.292500e+02 -6.301301e+01  1.510000e+00
   endloop
 endfacet
 facet normal  3.826834e-01  9.238795e-01 -0.000000e+00
   outer loop
     vertex  1.293706e+02 -6.306296e+01  0.000000e+00
     vertex  1.292500e+02 -6.301301e+01  1.510000e+00
     vertex  1.293706e+02 -6.306296e+01  1.510000e+00
   endloop
 endfacet
 facet normal  3.826834e-01  9.238795e-01  0.000000e+00
   outer loop
     vertex  1.293706e+02 -6.306296e+01  0.000000e+00
     vertex  1.292500e+02 -6.301301e+01  0.000000e+00
     vertex  1.292500e+02 -6.301301e+01  1.510000e+00
   endloop
 endfacet
 facet normal  1.305262e-01  9.914449e-01 -0.000000e+00
   outer loop
     vertex  1.295000e+02 -6.308000e+01  0.000000e+00
     vertex  1.293706e+02 -6.306296e+01  1.510000e+00
     vertex  1.295000e+02 -6.308000e+01  1.510000e+00
   endloop
 endfacet
 facet normal  1.305262e-01  9.914449e-01  0.000000e+00
   outer loop
     vertex  1.295000e+02 -6.308000e+01  0.000000e+00
     vertex  1.293706e+02 -6.306296e+01  0.000000e+00
     vertex  1.293706e+02 -6.306296e+01  1.510000e+00
   endloop
 endfacet
 facet normal -1.305262e-01  9.914449e-01  0.000000e+00
   outer loop
     vertex  1.296294e+02 -6.052296e+01  0.000000e+00
     vertex  1.295000e+02 -6.054000e+01  0.000000e+00
     vertex  1.295000e+02 -6.054000e+01  1.510000e+00
   endloop
 endfacet
 facet normal -1.305262e-01  9.914449e-01  0.000000e+00
   outer loop
     vertex  1.296294e+02 -6.052296e+01  0.000000e+00
     vertex  1.295000e+02 -6.054000e+01  1.510000e+00
     vertex  1.296294e+02 -6.052296e+01  1.510000e+00
   endloop
 endfacet
 facet normal -3.826834e-01  9.238795e-01  0.000000e+00
   outer loop
     vertex  1.297500e+02 -6.047301e+01  0.000000e+00
     vertex  1.296294e+02 -6.052296e+01  1.510000e+00
     vertex  1.297500e+02 -6.047301e+01  1.510000e+00
   endloop
 endfacet
 facet normal -3.826834e-01  9.238795e-01  0.000000e+00
   outer loop
     vertex  1.297500e+02 -6.047301e+01  0.000000e+00
     vertex  1.296294e+02 -6.052296e+01  0.000000e+00
     vertex  1.296294e+02 -6.052296e+01  1.510000e+00
   endloop
 endfacet
 facet normal -6.087614e-01  7.933533e-01  0.000000e+00
   outer loop
     vertex  1.298536e+02 -6.039355e+01  0.000000e+00
     vertex  1.297500e+02 -6.047301e+01  1.510000e+00
     vertex  1.298536e+02 -6.039355e+01  1.510000e+00
   endloop
 endfacet
 facet normal -6.087614e-01  7.933533e-01  0.000000e+00
   outer loop
     vertex  1.298536e+02 -6.039355e+01  0.000000e+00
     vertex  1.297500e+02 -6.047301e+01  0.000000e+00
     vertex  1.297500e+02 -6.047301e+01  1.510000e+00
   endloop
 endfacet
 facet normal -7.933533e-01  6.087614e-01  0.000000e+00
   outer loop
     vertex  1.299330e+02 -6.029000e+01  0.000000e+00
     vertex  1.298536e+02 -6.039355e+01  1.510000e+00
     vertex  1.299330e+02 -6.029000e+01  1.510000e+00
   endloop
 endfacet
 facet normal -7.933533e-01  6.087614e-01  0.000000e+00
   outer loop
     vertex  1.299330e+02 -6.029000e+01  0.000000e+00
     vertex  1.298536e+02 -6.039355e+01  0.000000e+00
     vertex  1.298536e+02 -6.039355e+01  1.510000e+00
   endloop
 endfacet
 facet normal -9.238795e-01  3.826834e-01  0.000000e+00
   outer loop
     vertex  1.299830e+02 -6.016941e+01  0.000000e+00
     vertex  1.299330e+02 -6.029000e+01  1.510000e+00
     vertex  1.299830e+02 -6.016941e+01  1.510000e+00
   endloop
 endfacet
 facet normal -9.238795e-01  3.826834e-01  0.000000e+00
   outer loop
     vertex  1.299830e+02 -6.016941e+01  0.000000e+00
     vertex  1.299330e+02 -6.029000e+01  0.000000e+00
     vertex  1.299330e+02 -6.029000e+01  1.510000e+00
   endloop
 endfacet
 facet normal -9.914449e-01  1.305262e-01  0.000000e+00
   outer loop
     vertex  1.300000e+02 -6.004000e+01  0.000000e+00
     vertex  1.299830e+02 -6.016941e+01  1.510000e+00
     vertex  1.300000e+02 -6.004000e+01  1.510000e+00
   endloop
 endfacet
 facet normal -9.914449e-01  1.305262e-01  0.000000e+00
   outer loop
     vertex  1.300000e+02 -6.004000e+01  0.000000e+00
     vertex  1.299830e+02 -6.016941e+01  0.000000e+00
     vertex  1.299830e+02 -6.016941e+01  1.510000e+00
   endloop
 endfacet
 facet normal -9.914449e-01 -1.305262e-01  0.000000e+00
   outer loop
     vertex  1.299830e+02 -5.991059e+01  0.000000e+00
     vertex  1.300000e+02 -6.004000e+01  1.510000e+00
     vertex  1.299830e+02 -5.991059e+01  1.510000e+00
   endloop
 endfacet
 facet normal -9.914449e-01 -1.305262e-01  0.000000e+00
   outer loop
     vertex  1.299830e+02 -5.991059e+01  0.000000e+00
     vertex  1.300000e+02 -6.004000e+01  0.000000e+00
     vertex  1.300000e+02 -6.004000e+01  1.510000e+00
   endloop
 endfacet
 facet normal -9.238795e-01 -3.826834e-01  0.000000e+00
   outer loop
     vertex  1.299330e+02 -5.979000e+01  0.000000e+00
     vertex  1.299830e+02 -5.991059e+01  1.510000e+00
     vertex  1.299330e+02 -5.979000e+01  1.510000e+00
   endloop
 endfacet
 facet normal -9.238795e-01 -3.826834e-01  0.000000e+00
   outer loop
     vertex  1.299330e+02 -5.979000e+01  0.000000e+00
     vertex  1.299830e+02 -5.991059e+01  0.000000e+00
     vertex  1.299830e+02 -5.991059e+01  1.510000e+00
   endloop
 endfacet
 facet normal -7.933533e-01 -6.087614e-01  0.000000e+00
   outer loop
     vertex  1.298536e+02 -5.968645e+01  0.000000e+00
     vertex  1.299330e+02 -5.979000e+01  1.510000e+00
     vertex  1.298536e+02 -5.968645e+01  1.510000e+00
   endloop
 endfacet
 facet normal -7.933533e-01 -6.087614e-01  0.000000e+00
   outer loop
     vertex  1.298536e+02 -5.968645e+01  0.000000e+00
     vertex  1.299330e+02 -5.979000e+01  0.000000e+00
     vertex  1.299330e+02 -5.979000e+01  1.510000e+00
   endloop
 endfacet
 facet normal -6.087614e-01 -7.933533e-01  0.000000e+00
   outer loop
     vertex  1.297500e+02 -5.960699e+01  0.000000e+00
     vertex  1.298536e+02 -5.968645e+01  1.510000e+00
     vertex  1.297500e+02 -5.960699e+01  1.510000e+00
   endloop
 endfacet
 facet normal -6.087614e-01 -7.933533e-01  0.000000e+00
   outer loop
     vertex  1.297500e+02 -5.960699e+01  0.000000e+00
     vertex  1.298536e+02 -5.968645e+01  0.000000e+00
     vertex  1.298536e+02 -5.968645e+01  1.510000e+00
   endloop
 endfacet
 facet normal -3.826834e-01 -9.238795e-01  0.000000e+00
   outer loop
     vertex  1.296294e+02 -5.955704e+01  0.000000e+00
     vertex  1.297500e+02 -5.960699e+01  1.510000e+00
     vertex  1.296294e+02 -5.955704e+01  1.510000e+00
   endloop
 endfacet
 facet normal -3.826834e-01 -9.238795e-01  0.000000e+00
   outer loop
     vertex  1.296294e+02 -5.955704e+01  0.000000e+00
     vertex  1.297500e+02 -5.960699e+01  0.000000e+00
     vertex  1.297500e+02 -5.960699e+01  1.510000e+00
   endloop
 endfacet
 facet normal -1.305262e-01 -9.914449e-01  0.000000e+00
   outer loop
     vertex  1.295000e+02 -5.954000e+01  0.000000e+00
     vertex  1.296294e+02 -5.955704e+01  1.510000e+00
     vertex  1.295000e+02 -5.954000e+01  1.510000e+00
   endloop
 endfacet
 facet normal -1.305262e-01 -9.914449e-01  0.000000e+00
   outer loop
     vertex  1.295000e+02 -5.954000e+01  0.000000e+00
     vertex  1.296294e+02 -5.955704e+01  0.000000e+00
     vertex  1.296294e+02 -5.955704e+01  1.510000e+00
   endloop
 endfacet
 facet normal  1.305262e-01 -9.914449e-01  0.000000e+00
   outer loop
     vertex  1.293706e+02 -5.955704e+01  0.000000e+00
     vertex  1.295000e+02 -5.954000e+01  1.510000e+00
     vertex  1.293706e+02 -5.955704e+01  1.510000e+00
   endloop
 endfacet
 facet normal  1.305262e-01 -9.914449e-01  0.000000e+00
   outer loop
     vertex  1.293706e+02 -5.955704e+01  0.000000e+00
     vertex  1.295000e+02 -5.954000e+01  0.000000e+00
     vertex  1.295000e+02 -5.954000e+01  1.510000e+00
   endloop
 endfacet
 facet normal  3.826834e-01 -9.238795e-01  0.000000e+00
   outer loop
     vertex  1.292500e+02 -5.960699e+01  0.000000e+00
     vertex  1.293706e+02 -5.955704e+01  0.000000e+00
     vertex  1.293706e+02 -5.955704e+01  1.510000e+00
   endloop
 endfacet
 facet normal  3.826834e-01 -9.238795e-01  0.000000e+00
   outer loop
     vertex  1.292500e+02 -5.960699e+01  0.000000e+00
     vertex  1.293706e+02 -5.955704e+01  1.510000e+00
     vertex  1.292500e+02 -5.960699e+01  1.510000e+00
   endloop
 endfacet
 facet normal  6.087614e-01 -7.933533e-01  0.000000e+00
   outer loop
     vertex  1.291464e+02 -5.968645e+01  0.000000e+00
     vertex  1.292500e+02 -5.960699e+01  0.000000e+00
     vertex  1.292500e+02 -5.960699e+01  1.510000e+00
   endloop
 endfacet
 facet normal  7.933533e-01 -6.087614e-01  0.000000e+00
   outer loop
     vertex  1.291464e+02 -5.968645e+01  0.000000e+00
     vertex  1.291464e+02 -5.968645e+01  1.510000e+00
     vertex  1.290670e+02 -5.979000e+01  1.510000e+00
   endloop
 endfacet
 facet normal  6.087614e-01 -7.933533e-01  0.000000e+00
   outer loop
     vertex  1.291464e+02 -5.968645e+01  0.000000e+00
     vertex  1.292500e+02 -5.960699e+01  1.510000e+00
     vertex  1.291464e+02 -5.968645e+01  1.510000e+00
   endloop
 endfacet
 facet normal  7.933533e-01 -6.087614e-01  0.000000e+00
   outer loop
     vertex  1.290670e+02 -5.979000e+01  0.000000e+00
     vertex  1.291464e+02 -5.968645e+01  0.000000e+00
     vertex  1.290670e+02 -5.979000e+01  1.510000e+00
   endloop
 endfacet
 facet normal  9.238795e-01 -3.826834e-01  0.000000e+00
   outer loop
     vertex  1.290670e+02 -5.979000e+01  0.000000e+00
     vertex  1.290670e+02 -5.979000e+01  1.510000e+00
     vertex  1.290170e+02 -5.991059e+01  1.510000e+00
   endloop
 endfacet
 facet normal  9.238795e-01 -3.826834e-01  0.000000e+00
   outer loop
     vertex  1.290170e+02 -5.991059e+01  0.000000e+00
     vertex  1.290670e+02 -5.979000e+01  0.000000e+00
     vertex  1.290170e+02 -5.991059e+01  1.510000e+00
   endloop
 endfacet
 facet normal  9.914449e-01 -1.305262e-01  0.000000e+00
   outer loop
     vertex  1.290000e+02 -6.004000e+01  0.000000e+00
     vertex  1.290170e+02 -5.991059e+01  0.000000e+00
     vertex  1.290170e+02 -5.991059e+01  1.510000e+00
   endloop
 endfacet
 facet normal  9.914449e-01 -1.305262e-01  0.000000e+00
   outer loop
     vertex  1.290000e+02 -6.004000e+01  0.000000e+00
     vertex  1.290170e+02 -5.991059e+01  1.510000e+00
     vertex  1.290000e+02 -6.004000e+01  1.510000e+00
   endloop
 endfacet
 facet normal  9.914449e-01  1.305262e-01 -0.000000e+00
   outer loop
     vertex  1.290170e+02 -6.016941e+01  0.000000e+00
     vertex  1.290000e+02 -6.004000e+01  1.510000e+00
     vertex  1.290170e+02 -6.016941e+01  1.510000e+00
   endloop
 endfacet
 facet normal  9.914449e-01  1.305262e-01  0.000000e+00
   outer loop
     vertex  1.290170e+02 -6.016941e+01  0.000000e+00
     vertex  1.290000e+02 -6.004000e+01  0.000000e+00
     vertex  1.290000e+02 -6.004000e+01  1.510000e+00
   endloop
 endfacet
 facet normal  9.238795e-01  3.826834e-01 -0.000000e+00
   outer loop
     vertex  1.290670e+02 -6.029000e+01  0.000000e+00
     vertex  1.290170e+02 -6.016941e+01  1.510000e+00
     vertex  1.290670e+02 -6.029000e+01  1.510000e+00
   endloop
 endfacet
 facet normal  9.238795e-01  3.826834e-01  0.000000e+00
   outer loop
     vertex  1.290670e+02 -6.029000e+01  0.000000e+00
     vertex  1.290170e+02 -6.016941e+01  0.000000e+00
     vertex  1.290170e+02 -6.016941e+01  1.510000e+00
   endloop
 endfacet
 facet normal  6.087614e-01  7.933533e-01 -0.000000e+00
   outer loop
     vertex  1.291464e+02 -6.039355e+01  0.000000e+00
     vertex  1.291464e+02 -6.039355e+01  1.510000e+00
     vertex  1.292500e+02 -6.047301e+01  1.510000e+00
   endloop
 endfacet
 facet normal  7.933533e-01  6.087614e-01 -0.000000e+00
   outer loop
     vertex  1.291464e+02 -6.039355e+01  0.000000e+00
     vertex  1.290670e+02 -6.029000e+01  1.510000e+00
     vertex  1.291464e+02 -6.039355e+01  1.510000e+00
   endloop
 endfacet
 facet normal  7.933533e-01  6.087614e-01  0.000000e+00
   outer loop
     vertex  1.291464e+02 -6.039355e+01  0.000000e+00
     vertex  1.290670e+02 -6.029000e+01  0.000000e+00
     vertex  1.290670e+02 -6.029000e+01  1.510000e+00
   endloop
 endfacet
 facet normal  6.087614e-01  7.933533e-01 -0.000000e+00
   outer loop
     vertex  1.292500e+02 -6.047301e+01  0.000000e+00
     vertex  1.291464e+02 -6.039355e+01  0.000000e+00
     vertex  1.292500e+02 -6.047301e+01  1.510000e+00
   endloop
 endfacet
 facet normal  3.826834e-01  9.238795e-01 -0.000000e+00
   outer loop
     vertex  1.293706e+02 -6.052296e+01  0.000000e+00
     vertex  1.292500e+02 -6.047301e+01  1.510000e+00
     vertex  1.293706e+02 -6.052296e+01  1.510000e+00
   endloop
 endfacet
 facet normal  3.826834e-01  9.238795e-01  0.000000e+00
   outer loop
     vertex  1.293706e+02 -6.052296e+01  0.000000e+00
     vertex  1.292500e+02 -6.047301e+01  0.000000e+00
     vertex  1.292500e+02 -6.047301e+01  1.510000e+00
   endloop
 endfacet
 facet normal  1.305262e-01  9.914449e-01 -0.000000e+00
   outer loop
     vertex  1.295000e+02 -6.054000e+01  0.000000e+00
     vertex  1.293706e+02 -6.052296e+01  1.510000e+00
     vertex  1.295000e+02 -6.054000e+01  1.510000e+00
   endloop
 endfacet
 facet normal  1.305262e-01  9.914449e-01  0.000000e+00
   outer loop
     vertex  1.295000e+02 -6.054000e+01  0.000000e+00
     vertex  1.293706e+02 -6.052296e+01  0.000000e+00
     vertex  1.293706e+02 -6.052296e+01  1.510000e+00
   endloop
 endfacet
 facet normal -1.305262e-01  9.914449e-01  0.000000e+00
   outer loop
     vertex  1.296294e+02 -5.798296e+01  0.000000e+00
     vertex  1.295000e+02 -5.800000e+01  0.000000e+00
     vertex  1.295000e+02 -5.800000e+01  1.510000e+00
   endloop
 endfacet
 facet normal -1.305262e-01  9.914449e-01  0.000000e+00
   outer loop
     vertex  1.296294e+02 -5.798296e+01  0.000000e+00
     vertex  1.295000e+02 -5.800000e+01  1.510000e+00
     vertex  1.296294e+02 -5.798296e+01  1.510000e+00
   endloop
 endfacet
 facet normal -3.826834e-01  9.238795e-01  0.000000e+00
   outer loop
     vertex  1.297500e+02 -5.793301e+01  0.000000e+00
     vertex  1.296294e+02 -5.798296e+01  1.510000e+00
     vertex  1.297500e+02 -5.793301e+01  1.510000e+00
   endloop
 endfacet
 facet normal -3.826834e-01  9.238795e-01  0.000000e+00
   outer loop
     vertex  1.297500e+02 -5.793301e+01  0.000000e+00
     vertex  1.296294e+02 -5.798296e+01  0.000000e+00
     vertex  1.296294e+02 -5.798296e+01  1.510000e+00
   endloop
 endfacet
 facet normal -6.087614e-01  7.933533e-01  0.000000e+00
   outer loop
     vertex  1.298536e+02 -5.785355e+01  0.000000e+00
     vertex  1.297500e+02 -5.793301e+01  1.510000e+00
     vertex  1.298536e+02 -5.785355e+01  1.510000e+00
   endloop
 endfacet
 facet normal -6.087614e-01  7.933533e-01  0.000000e+00
   outer loop
     vertex  1.298536e+02 -5.785355e+01  0.000000e+00
     vertex  1.297500e+02 -5.793301e+01  0.000000e+00
     vertex  1.297500e+02 -5.793301e+01  1.510000e+00
   endloop
 endfacet
 facet normal -7.933533e-01  6.087614e-01  0.000000e+00
   outer loop
     vertex  1.299330e+02 -5.775000e+01  0.000000e+00
     vertex  1.298536e+02 -5.785355e+01  1.510000e+00
     vertex  1.299330e+02 -5.775000e+01  1.510000e+00
   endloop
 endfacet
 facet normal -7.933533e-01  6.087614e-01  0.000000e+00
   outer loop
     vertex  1.299330e+02 -5.775000e+01  0.000000e+00
     vertex  1.298536e+02 -5.785355e+01  0.000000e+00
     vertex  1.298536e+02 -5.785355e+01  1.510000e+00
   endloop
 endfacet
 facet normal -9.238795e-01  3.826834e-01  0.000000e+00
   outer loop
     vertex  1.299830e+02 -5.762941e+01  0.000000e+00
     vertex  1.299330e+02 -5.775000e+01  1.510000e+00
     vertex  1.299830e+02 -5.762941e+01  1.510000e+00
   endloop
 endfacet
 facet normal -9.238795e-01  3.826834e-01  0.000000e+00
   outer loop
     vertex  1.299830e+02 -5.762941e+01  0.000000e+00
     vertex  1.299330e+02 -5.775000e+01  0.000000e+00
     vertex  1.299330e+02 -5.775000e+01  1.510000e+00
   endloop
 endfacet
 facet normal -9.914449e-01  1.305262e-01  0.000000e+00
   outer loop
     vertex  1.300000e+02 -5.750000e+01  0.000000e+00
     vertex  1.299830e+02 -5.762941e+01  1.510000e+00
     vertex  1.300000e+02 -5.750000e+01  1.510000e+00
   endloop
 endfacet
 facet normal -9.914449e-01  1.305262e-01  0.000000e+00
   outer loop
     vertex  1.300000e+02 -5.750000e+01  0.000000e+00
     vertex  1.299830e+02 -5.762941e+01  0.000000e+00
     vertex  1.299830e+02 -5.762941e+01  1.510000e+00
   endloop
 endfacet
 facet normal -9.914449e-01 -1.305262e-01  0.000000e+00
   outer loop
     vertex  1.299830e+02 -5.737059e+01  0.000000e+00
     vertex  1.300000e+02 -5.750000e+01  1.510000e+00
     vertex  1.299830e+02 -5.737059e+01  1.510000e+00
   endloop
 endfacet
 facet normal -9.914449e-01 -1.305262e-01  0.000000e+00
   outer loop
     vertex  1.299830e+02 -5.737059e+01  0.000000e+00
     vertex  1.300000e+02 -5.750000e+01  0.000000e+00
     vertex  1.300000e+02 -5.750000e+01  1.510000e+00
   endloop
 endfacet
 facet normal -9.238795e-01 -3.826834e-01  0.000000e+00
   outer loop
     vertex  1.299330e+02 -5.725000e+01  0.000000e+00
     vertex  1.299830e+02 -5.737059e+01  1.510000e+00
     vertex  1.299330e+02 -5.725000e+01  1.510000e+00
   endloop
 endfacet
 facet normal -9.238795e-01 -3.826834e-01  0.000000e+00
   outer loop
     vertex  1.299330e+02 -5.725000e+01  0.000000e+00
     vertex  1.299830e+02 -5.737059e+01  0.000000e+00
     vertex  1.299830e+02 -5.737059e+01  1.510000e+00
   endloop
 endfacet
 facet normal -7.933533e-01 -6.087614e-01  0.000000e+00
   outer loop
     vertex  1.298536e+02 -5.714645e+01  0.000000e+00
     vertex  1.299330e+02 -5.725000e+01  1.510000e+00
     vertex  1.298536e+02 -5.714645e+01  1.510000e+00
   endloop
 endfacet
 facet normal -7.933533e-01 -6.087614e-01  0.000000e+00
   outer loop
     vertex  1.298536e+02 -5.714645e+01  0.000000e+00
     vertex  1.299330e+02 -5.725000e+01  0.000000e+00
     vertex  1.299330e+02 -5.725000e+01  1.510000e+00
   endloop
 endfacet
 facet normal -6.087614e-01 -7.933533e-01  0.000000e+00
   outer loop
     vertex  1.297500e+02 -5.706699e+01  0.000000e+00
     vertex  1.298536e+02 -5.714645e+01  1.510000e+00
     vertex  1.297500e+02 -5.706699e+01  1.510000e+00
   endloop
 endfacet
 facet normal -6.087614e-01 -7.933533e-01  0.000000e+00
   outer loop
     vertex  1.297500e+02 -5.706699e+01  0.000000e+00
     vertex  1.298536e+02 -5.714645e+01  0.000000e+00
     vertex  1.298536e+02 -5.714645e+01  1.510000e+00
   endloop
 endfacet
 facet normal -3.826834e-01 -9.238795e-01  0.000000e+00
   outer loop
     vertex  1.296294e+02 -5.701704e+01  0.000000e+00
     vertex  1.297500e+02 -5.706699e+01  1.510000e+00
     vertex  1.296294e+02 -5.701704e+01  1.510000e+00
   endloop
 endfacet
 facet normal -3.826834e-01 -9.238795e-01  0.000000e+00
   outer loop
     vertex  1.296294e+02 -5.701704e+01  0.000000e+00
     vertex  1.297500e+02 -5.706699e+01  0.000000e+00
     vertex  1.297500e+02 -5.706699e+01  1.510000e+00
   endloop
 endfacet
 facet normal -1.305262e-01 -9.914449e-01  0.000000e+00
   outer loop
     vertex  1.295000e+02 -5.700000e+01  0.000000e+00
     vertex  1.296294e+02 -5.701704e+01  1.510000e+00
     vertex  1.295000e+02 -5.700000e+01  1.510000e+00
   endloop
 endfacet
 facet normal -1.305262e-01 -9.914449e-01  0.000000e+00
   outer loop
     vertex  1.295000e+02 -5.700000e+01  0.000000e+00
     vertex  1.296294e+02 -5.701704e+01  0.000000e+00
     vertex  1.296294e+02 -5.701704e+01  1.510000e+00
   endloop
 endfacet
 facet normal  1.305262e-01 -9.914449e-01  0.000000e+00
   outer loop
     vertex  1.293706e+02 -5.701704e+01  0.000000e+00
     vertex  1.295000e+02 -5.700000e+01  1.510000e+00
     vertex  1.293706e+02 -5.701704e+01  1.510000e+00
   endloop
 endfacet
 facet normal  1.305262e-01 -9.914449e-01  0.000000e+00
   outer loop
     vertex  1.293706e+02 -5.701704e+01  0.000000e+00
     vertex  1.295000e+02 -5.700000e+01  0.000000e+00
     vertex  1.295000e+02 -5.700000e+01  1.510000e+00
   endloop
 endfacet
 facet normal  3.826834e-01 -9.238795e-01  0.000000e+00
   outer loop
     vertex  1.292500e+02 -5.706699e+01  0.000000e+00
     vertex  1.293706e+02 -5.701704e+01  0.000000e+00
     vertex  1.293706e+02 -5.701704e+01  1.510000e+00
   endloop
 endfacet
 facet normal  3.826834e-01 -9.238795e-01  0.000000e+00
   outer loop
     vertex  1.292500e+02 -5.706699e+01  0.000000e+00
     vertex  1.293706e+02 -5.701704e+01  1.510000e+00
     vertex  1.292500e+02 -5.706699e+01  1.510000e+00
   endloop
 endfacet
 facet normal  6.087614e-01 -7.933533e-01  0.000000e+00
   outer loop
     vertex  1.291464e+02 -5.714645e+01  0.000000e+00
     vertex  1.292500e+02 -5.706699e+01  0.000000e+00
     vertex  1.292500e+02 -5.706699e+01  1.510000e+00
   endloop
 endfacet
 facet normal  7.933533e-01 -6.087614e-01  0.000000e+00
   outer loop
     vertex  1.291464e+02 -5.714645e+01  0.000000e+00
     vertex  1.291464e+02 -5.714645e+01  1.510000e+00
     vertex  1.290670e+02 -5.725000e+01  1.510000e+00
   endloop
 endfacet
 facet normal  6.087614e-01 -7.933533e-01  0.000000e+00
   outer loop
     vertex  1.291464e+02 -5.714645e+01  0.000000e+00
     vertex  1.292500e+02 -5.706699e+01  1.510000e+00
     vertex  1.291464e+02 -5.714645e+01  1.510000e+00
   endloop
 endfacet
 facet normal  7.933533e-01 -6.087614e-01  0.000000e+00
   outer loop
     vertex  1.290670e+02 -5.725000e+01  0.000000e+00
     vertex  1.291464e+02 -5.714645e+01  0.000000e+00
     vertex  1.290670e+02 -5.725000e+01  1.510000e+00
   endloop
 endfacet
 facet normal  9.238795e-01 -3.826834e-01  0.000000e+00
   outer loop
     vertex  1.290670e+02 -5.725000e+01  0.000000e+00
     vertex  1.290670e+02 -5.725000e+01  1.510000e+00
     vertex  1.290170e+02 -5.737059e+01  1.510000e+00
   endloop
 endfacet
 facet normal  9.238795e-01 -3.826834e-01  0.000000e+00
   outer loop
     vertex  1.290170e+02 -5.737059e+01  0.000000e+00
     vertex  1.290670e+02 -5.725000e+01  0.000000e+00
     vertex  1.290170e+02 -5.737059e+01  1.510000e+00
   endloop
 endfacet
 facet normal  9.914449e-01 -1.305262e-01  0.000000e+00
   outer loop
     vertex  1.290000e+02 -5.750000e+01  0.000000e+00
     vertex  1.290170e+02 -5.737059e+01  0.000000e+00
     vertex  1.290170e+02 -5.737059e+01  1.510000e+00
   endloop
 endfacet
 facet normal  9.914449e-01 -1.305262e-01  0.000000e+00
   outer loop
     vertex  1.290000e+02 -5.750000e+01  0.000000e+00
     vertex  1.290170e+02 -5.737059e+01  1.510000e+00
     vertex  1.290000e+02 -5.750000e+01  1.510000e+00
   endloop
 endfacet
 facet normal  9.914449e-01  1.305262e-01 -0.000000e+00
   outer loop
     vertex  1.290170e+02 -5.762941e+01  0.000000e+00
     vertex  1.290000e+02 -5.750000e+01  1.510000e+00
     vertex  1.290170e+02 -5.762941e+01  1.510000e+00
   endloop
 endfacet
 facet normal  9.914449e-01  1.305262e-01  0.000000e+00
   outer loop
     vertex  1.290170e+02 -5.762941e+01  0.000000e+00
     vertex  1.290000e+02 -5.750000e+01  0.000000e+00
     vertex  1.290000e+02 -5.750000e+01  1.510000e+00
   endloop
 endfacet
 facet normal  9.238795e-01  3.826834e-01 -0.000000e+00
   outer loop
     vertex  1.290670e+02 -5.775000e+01  0.000000e+00
     vertex  1.290170e+02 -5.762941e+01  1.510000e+00
     vertex  1.290670e+02 -5.775000e+01  1.510000e+00
   endloop
 endfacet
 facet normal  9.238795e-01  3.826834e-01  0.000000e+00
   outer loop
     vertex  1.290670e+02 -5.775000e+01  0.000000e+00
     vertex  1.290170e+02 -5.762941e+01  0.000000e+00
     vertex  1.290170e+02 -5.762941e+01  1.510000e+00
   endloop
 endfacet
 facet normal  6.087614e-01  7.933533e-01 -0.000000e+00
   outer loop
     vertex  1.291464e+02 -5.785355e+01  0.000000e+00
     vertex  1.291464e+02 -5.785355e+01  1.510000e+00
     vertex  1.292500e+02 -5.793301e+01  1.510000e+00
   endloop
 endfacet
 facet normal  7.933533e-01  6.087614e-01 -0.000000e+00
   outer loop
     vertex  1.291464e+02 -5.785355e+01  0.000000e+00
     vertex  1.290670e+02 -5.775000e+01  1.510000e+00
     vertex  1.291464e+02 -5.785355e+01  1.510000e+00
   endloop
 endfacet
 facet normal  7.933533e-01  6.087614e-01  0.000000e+00
   outer loop
     vertex  1.291464e+02 -5.785355e+01  0.000000e+00
     vertex  1.290670e+02 -5.775000e+01  0.000000e+00
     vertex  1.290670e+02 -5.775000e+01  1.510000e+00
   endloop
 endfacet
 facet normal  6.087614e-01  7.933533e-01 -0.000000e+00
   outer loop
     vertex  1.292500e+02 -5.793301e+01  0.000000e+00
     vertex  1.291464e+02 -5.785355e+01  0.000000e+00
     vertex  1.292500e+02 -5.793301e+01  1.510000e+00
   endloop
 endfacet
 facet normal  3.826834e-01  9.238795e-01 -0.000000e+00
   outer loop
     vertex  1.293706e+02 -5.798296e+01  0.000000e+00
     vertex  1.292500e+02 -5.793301e+01  1.510000e+00
     vertex  1.293706e+02 -5.798296e+01  1.510000e+00
   endloop
 endfacet
 facet normal  3.826834e-01  9.238795e-01  0.000000e+00
   outer loop
     vertex  1.293706e+02 -5.798296e+01  0.000000e+00
     vertex  1.292500e+02 -5.793301e+01  0.000000e+00
     vertex  1.292500e+02 -5.793301e+01  1.510000e+00
   endloop
 endfacet
 facet normal  1.305262e-01  9.914449e-01 -0.000000e+00
   outer loop
     vertex  1.295000e+02 -5.800000e+01  0.000000e+00
     vertex  1.293706e+02 -5.798296e+01  1.510000e+00
     vertex  1.295000e+02 -5.800000e+01  1.510000e+00
   endloop
 endfacet
 facet normal  1.305262e-01  9.914449e-01  0.000000e+00
   outer loop
     vertex  1.295000e+02 -5.800000e+01  0.000000e+00
     vertex  1.293706e+02 -5.798296e+01  0.000000e+00
     vertex  1.293706e+02 -5.798296e+01  1.510000e+00
   endloop
 endfacet
 facet normal -1.305262e-01  9.914449e-01  0.000000e+00
   outer loop
     vertex  1.296294e+02 -5.544296e+01  0.000000e+00
     vertex  1.295000e+02 -5.546000e+01  0.000000e+00
     vertex  1.295000e+02 -5.546000e+01  1.510000e+00
   endloop
 endfacet
 facet normal -1.305262e-01  9.914449e-01  0.000000e+00
   outer loop
     vertex  1.296294e+02 -5.544296e+01  0.000000e+00
     vertex  1.295000e+02 -5.546000e+01  1.510000e+00
     vertex  1.296294e+02 -5.544296e+01  1.510000e+00
   endloop
 endfacet
 facet normal -3.826834e-01  9.238795e-01  0.000000e+00
   outer loop
     vertex  1.297500e+02 -5.539301e+01  0.000000e+00
     vertex  1.296294e+02 -5.544296e+01  1.510000e+00
     vertex  1.297500e+02 -5.539301e+01  1.510000e+00
   endloop
 endfacet
 facet normal -3.826834e-01  9.238795e-01  0.000000e+00
   outer loop
     vertex  1.297500e+02 -5.539301e+01  0.000000e+00
     vertex  1.296294e+02 -5.544296e+01  0.000000e+00
     vertex  1.296294e+02 -5.544296e+01  1.510000e+00
   endloop
 endfacet
 facet normal -6.087614e-01  7.933533e-01  0.000000e+00
   outer loop
     vertex  1.298536e+02 -5.531355e+01  0.000000e+00
     vertex  1.297500e+02 -5.539301e+01  1.510000e+00
     vertex  1.298536e+02 -5.531355e+01  1.510000e+00
   endloop
 endfacet
 facet normal -6.087614e-01  7.933533e-01  0.000000e+00
   outer loop
     vertex  1.298536e+02 -5.531355e+01  0.000000e+00
     vertex  1.297500e+02 -5.539301e+01  0.000000e+00
     vertex  1.297500e+02 -5.539301e+01  1.510000e+00
   endloop
 endfacet
 facet normal -7.933533e-01  6.087614e-01  0.000000e+00
   outer loop
     vertex  1.299330e+02 -5.521000e+01  0.000000e+00
     vertex  1.298536e+02 -5.531355e+01  1.510000e+00
     vertex  1.299330e+02 -5.521000e+01  1.510000e+00
   endloop
 endfacet
 facet normal -7.933533e-01  6.087614e-01  0.000000e+00
   outer loop
     vertex  1.299330e+02 -5.521000e+01  0.000000e+00
     vertex  1.298536e+02 -5.531355e+01  0.000000e+00
     vertex  1.298536e+02 -5.531355e+01  1.510000e+00
   endloop
 endfacet
 facet normal -9.238795e-01  3.826834e-01  0.000000e+00
   outer loop
     vertex  1.299830e+02 -5.508941e+01  0.000000e+00
     vertex  1.299330e+02 -5.521000e+01  1.510000e+00
     vertex  1.299830e+02 -5.508941e+01  1.510000e+00
   endloop
 endfacet
 facet normal -9.238795e-01  3.826834e-01  0.000000e+00
   outer loop
     vertex  1.299830e+02 -5.508941e+01  0.000000e+00
     vertex  1.299330e+02 -5.521000e+01  0.000000e+00
     vertex  1.299330e+02 -5.521000e+01  1.510000e+00
   endloop
 endfacet
 facet normal -9.914449e-01  1.305262e-01  0.000000e+00
   outer loop
     vertex  1.300000e+02 -5.496000e+01  0.000000e+00
     vertex  1.299830e+02 -5.508941e+01  1.510000e+00
     vertex  1.300000e+02 -5.496000e+01  1.510000e+00
   endloop
 endfacet
 facet normal -9.914449e-01  1.305262e-01  0.000000e+00
   outer loop
     vertex  1.300000e+02 -5.496000e+01  0.000000e+00
     vertex  1.299830e+02 -5.508941e+01  0.000000e+00
     vertex  1.299830e+02 -5.508941e+01  1.510000e+00
   endloop
 endfacet
 facet normal -9.914449e-01 -1.305262e-01  0.000000e+00
   outer loop
     vertex  1.299830e+02 -5.483059e+01  0.000000e+00
     vertex  1.300000e+02 -5.496000e+01  1.510000e+00
     vertex  1.299830e+02 -5.483059e+01  1.510000e+00
   endloop
 endfacet
 facet normal -9.914449e-01 -1.305262e-01  0.000000e+00
   outer loop
     vertex  1.299830e+02 -5.483059e+01  0.000000e+00
     vertex  1.300000e+02 -5.496000e+01  0.000000e+00
     vertex  1.300000e+02 -5.496000e+01  1.510000e+00
   endloop
 endfacet
 facet normal -9.238795e-01 -3.826834e-01  0.000000e+00
   outer loop
     vertex  1.299330e+02 -5.471000e+01  0.000000e+00
     vertex  1.299830e+02 -5.483059e+01  1.510000e+00
     vertex  1.299330e+02 -5.471000e+01  1.510000e+00
   endloop
 endfacet
 facet normal -9.238795e-01 -3.826834e-01  0.000000e+00
   outer loop
     vertex  1.299330e+02 -5.471000e+01  0.000000e+00
     vertex  1.299830e+02 -5.483059e+01  0.000000e+00
     vertex  1.299830e+02 -5.483059e+01  1.510000e+00
   endloop
 endfacet
 facet normal -7.933533e-01 -6.087614e-01  0.000000e+00
   outer loop
     vertex  1.298536e+02 -5.460645e+01  0.000000e+00
     vertex  1.299330e+02 -5.471000e+01  1.510000e+00
     vertex  1.298536e+02 -5.460645e+01  1.510000e+00
   endloop
 endfacet
 facet normal -7.933533e-01 -6.087614e-01  0.000000e+00
   outer loop
     vertex  1.298536e+02 -5.460645e+01  0.000000e+00
     vertex  1.299330e+02 -5.471000e+01  0.000000e+00
     vertex  1.299330e+02 -5.471000e+01  1.510000e+00
   endloop
 endfacet
 facet normal -6.087614e-01 -7.933533e-01  0.000000e+00
   outer loop
     vertex  1.297500e+02 -5.452699e+01  0.000000e+00
     vertex  1.298536e+02 -5.460645e+01  1.510000e+00
     vertex  1.297500e+02 -5.452699e+01  1.510000e+00
   endloop
 endfacet
 facet normal -6.087614e-01 -7.933533e-01  0.000000e+00
   outer loop
     vertex  1.297500e+02 -5.452699e+01  0.000000e+00
     vertex  1.298536e+02 -5.460645e+01  0.000000e+00
     vertex  1.298536e+02 -5.460645e+01  1.510000e+00
   endloop
 endfacet
 facet normal -3.826834e-01 -9.238795e-01  0.000000e+00
   outer loop
     vertex  1.296294e+02 -5.447704e+01  0.000000e+00
     vertex  1.297500e+02 -5.452699e+01  1.510000e+00
     vertex  1.296294e+02 -5.447704e+01  1.510000e+00
   endloop
 endfacet
 facet normal -3.826834e-01 -9.238795e-01  0.000000e+00
   outer loop
     vertex  1.296294e+02 -5.447704e+01  0.000000e+00
     vertex  1.297500e+02 -5.452699e+01  0.000000e+00
     vertex  1.297500e+02 -5.452699e+01  1.510000e+00
   endloop
 endfacet
 facet normal -1.305262e-01 -9.914449e-01  0.000000e+00
   outer loop
     vertex  1.295000e+02 -5.446000e+01  0.000000e+00
     vertex  1.296294e+02 -5.447704e+01  1.510000e+00
     vertex  1.295000e+02 -5.446000e+01  1.510000e+00
   endloop
 endfacet
 facet normal -1.305262e-01 -9.914449e-01  0.000000e+00
   outer loop
     vertex  1.295000e+02 -5.446000e+01  0.000000e+00
     vertex  1.296294e+02 -5.447704e+01  0.000000e+00
     vertex  1.296294e+02 -5.447704e+01  1.510000e+00
   endloop
 endfacet
 facet normal  1.305262e-01 -9.914449e-01  0.000000e+00
   outer loop
     vertex  1.293706e+02 -5.447704e+01  0.000000e+00
     vertex  1.295000e+02 -5.446000e+01  1.510000e+00
     vertex  1.293706e+02 -5.447704e+01  1.510000e+00
   endloop
 endfacet
 facet normal  1.305262e-01 -9.914449e-01  0.000000e+00
   outer loop
     vertex  1.293706e+02 -5.447704e+01  0.000000e+00
     vertex  1.295000e+02 -5.446000e+01  0.000000e+00
     vertex  1.295000e+02 -5.446000e+01  1.510000e+00
   endloop
 endfacet
 facet normal  3.826834e-01 -9.238795e-01  0.000000e+00
   outer loop
     vertex  1.292500e+02 -5.452699e+01  0.000000e+00
     vertex  1.293706e+02 -5.447704e+01  0.000000e+00
     vertex  1.293706e+02 -5.447704e+01  1.510000e+00
   endloop
 endfacet
 facet normal  3.826834e-01 -9.238795e-01  0.000000e+00
   outer loop
     vertex  1.292500e+02 -5.452699e+01  0.000000e+00
     vertex  1.293706e+02 -5.447704e+01  1.510000e+00
     vertex  1.292500e+02 -5.452699e+01  1.510000e+00
   endloop
 endfacet
 facet normal  6.087614e-01 -7.933533e-01  0.000000e+00
   outer loop
     vertex  1.291464e+02 -5.460645e+01  0.000000e+00
     vertex  1.292500e+02 -5.452699e+01  0.000000e+00
     vertex  1.292500e+02 -5.452699e+01  1.510000e+00
   endloop
 endfacet
 facet normal  7.933533e-01 -6.087614e-01  0.000000e+00
   outer loop
     vertex  1.291464e+02 -5.460645e+01  0.000000e+00
     vertex  1.291464e+02 -5.460645e+01  1.510000e+00
     vertex  1.290670e+02 -5.471000e+01  1.510000e+00
   endloop
 endfacet
 facet normal  6.087614e-01 -7.933533e-01  0.000000e+00
   outer loop
     vertex  1.291464e+02 -5.460645e+01  0.000000e+00
     vertex  1.292500e+02 -5.452699e+01  1.510000e+00
     vertex  1.291464e+02 -5.460645e+01  1.510000e+00
   endloop
 endfacet
 facet normal  7.933533e-01 -6.087614e-01  0.000000e+00
   outer loop
     vertex  1.290670e+02 -5.471000e+01  0.000000e+00
     vertex  1.291464e+02 -5.460645e+01  0.000000e+00
     vertex  1.290670e+02 -5.471000e+01  1.510000e+00
   endloop
 endfacet
 facet normal  9.238795e-01 -3.826834e-01  0.000000e+00
   outer loop
     vertex  1.290670e+02 -5.471000e+01  0.000000e+00
     vertex  1.290670e+02 -5.471000e+01  1.510000e+00
     vertex  1.290170e+02 -5.483059e+01  1.510000e+00
   endloop
 endfacet
 facet normal  9.238795e-01 -3.826834e-01  0.000000e+00
   outer loop
     vertex  1.290170e+02 -5.483059e+01  0.000000e+00
     vertex  1.290670e+02 -5.471000e+01  0.000000e+00
     vertex  1.290170e+02 -5.483059e+01  1.510000e+00
   endloop
 endfacet
 facet normal  9.914449e-01 -1.305262e-01  0.000000e+00
   outer loop
     vertex  1.290000e+02 -5.496000e+01  0.000000e+00
     vertex  1.290170e+02 -5.483059e+01  0.000000e+00
     vertex  1.290170e+02 -5.483059e+01  1.510000e+00
   endloop
 endfacet
 facet normal  9.914449e-01 -1.305262e-01  0.000000e+00
   outer loop
     vertex  1.290000e+02 -5.496000e+01  0.000000e+00
     vertex  1.290170e+02 -5.483059e+01  1.510000e+00
     vertex  1.290000e+02 -5.496000e+01  1.510000e+00
   endloop
 endfacet
 facet normal  9.914449e-01  1.305262e-01 -0.000000e+00
   outer loop
     vertex  1.290170e+02 -5.508941e+01  0.000000e+00
     vertex  1.290000e+02 -5.496000e+01  1.510000e+00
     vertex  1.290170e+02 -5.508941e+01  1.510000e+00
   endloop
 endfacet
 facet normal  9.914449e-01  1.305262e-01  0.000000e+00
   outer loop
     vertex  1.290170e+02 -5.508941e+01  0.000000e+00
     vertex  1.290000e+02 -5.496000e+01  0.000000e+00
     vertex  1.290000e+02 -5.496000e+01  1.510000e+00
   endloop
 endfacet
 facet normal  9.238795e-01  3.826834e-01 -0.000000e+00
   outer loop
     vertex  1.290670e+02 -5.521000e+01  0.000000e+00
     vertex  1.290170e+02 -5.508941e+01  1.510000e+00
     vertex  1.290670e+02 -5.521000e+01  1.510000e+00
   endloop
 endfacet
 facet normal  9.238795e-01  3.826834e-01  0.000000e+00
   outer loop
     vertex  1.290670e+02 -5.521000e+01  0.000000e+00
     vertex  1.290170e+02 -5.508941e+01  0.000000e+00
     vertex  1.290170e+02 -5.508941e+01  1.510000e+00
   endloop
 endfacet
 facet normal  6.087614e-01  7.933533e-01 -0.000000e+00
   outer loop
     vertex  1.291464e+02 -5.531355e+01  0.000000e+00
     vertex  1.291464e+02 -5.531355e+01  1.510000e+00
     vertex  1.292500e+02 -5.539301e+01  1.510000e+00
   endloop
 endfacet
 facet normal  7.933533e-01  6.087614e-01 -0.000000e+00
   outer loop
     vertex  1.291464e+02 -5.531355e+01  0.000000e+00
     vertex  1.290670e+02 -5.521000e+01  1.510000e+00
     vertex  1.291464e+02 -5.531355e+01  1.510000e+00
   endloop
 endfacet
 facet normal  7.933533e-01  6.087614e-01  0.000000e+00
   outer loop
     vertex  1.291464e+02 -5.531355e+01  0.000000e+00
     vertex  1.290670e+02 -5.521000e+01  0.000000e+00
     vertex  1.290670e+02 -5.521000e+01  1.510000e+00
   endloop
 endfacet
 facet normal  6.087614e-01  7.933533e-01 -0.000000e+00
   outer loop
     vertex  1.292500e+02 -5.539301e+01  0.000000e+00
     vertex  1.291464e+02 -5.531355e+01  0.000000e+00
     vertex  1.292500e+02 -5.539301e+01  1.510000e+00
   endloop
 endfacet
 facet normal  3.826834e-01  9.238795e-01 -0.000000e+00
   outer loop
     vertex  1.293706e+02 -5.544296e+01  0.000000e+00
     vertex  1.292500e+02 -5.539301e+01  1.510000e+00
     vertex  1.293706e+02 -5.544296e+01  1.510000e+00
   endloop
 endfacet
 facet normal  3.826834e-01  9.238795e-01  0.000000e+00
   outer loop
     vertex  1.293706e+02 -5.544296e+01  0.000000e+00
     vertex  1.292500e+02 -5.539301e+01  0.000000e+00
     vertex  1.292500e+02 -5.539301e+01  1.510000e+00
   endloop
 endfacet
 facet normal  1.305262e-01  9.914449e-01 -0.000000e+00
   outer loop
     vertex  1.295000e+02 -5.546000e+01  0.000000e+00
     vertex  1.293706e+02 -5.544296e+01  1.510000e+00
     vertex  1.295000e+02 -5.546000e+01  1.510000e+00
   endloop
 endfacet
 facet normal  1.305262e-01  9.914449e-01  0.000000e+00
   outer loop
     vertex  1.295000e+02 -5.546000e+01  0.000000e+00
     vertex  1.293706e+02 -5.544296e+01  0.000000e+00
     vertex  1.293706e+02 -5.544296e+01  1.510000e+00
   endloop
 endfacet
 facet normal -1.305262e-01  9.914449e-01  0.000000e+00
   outer loop
     vertex  1.324350e+02 -6.094104e+01  0.000000e+00
     vertex  1.322150e+02 -6.097000e+01  0.000000e+00
     vertex  1.322150e+02 -6.097000e+01  1.510000e+00
   endloop
 endfacet
 facet normal -1.305262e-01  9.914449e-01  0.000000e+00
   outer loop
     vertex  1.324350e+02 -6.094104e+01  0.000000e+00
     vertex  1.322150e+02 -6.097000e+01  1.510000e+00
     vertex  1.324350e+02 -6.094104e+01  1.510000e+00
   endloop
 endfacet
 facet normal -3.826834e-01  9.238795e-01  0.000000e+00
   outer loop
     vertex  1.326400e+02 -6.085612e+01  0.000000e+00
     vertex  1.324350e+02 -6.094104e+01  1.510000e+00
     vertex  1.326400e+02 -6.085612e+01  1.510000e+00
   endloop
 endfacet
 facet normal -3.826834e-01  9.238795e-01  0.000000e+00
   outer loop
     vertex  1.326400e+02 -6.085612e+01  0.000000e+00
     vertex  1.324350e+02 -6.094104e+01  0.000000e+00
     vertex  1.324350e+02 -6.094104e+01  1.510000e+00
   endloop
 endfacet
 facet normal -6.087614e-01  7.933533e-01  0.000000e+00
   outer loop
     vertex  1.328160e+02 -6.072104e+01  0.000000e+00
     vertex  1.326400e+02 -6.085612e+01  1.510000e+00
     vertex  1.328160e+02 -6.072104e+01  1.510000e+00
   endloop
 endfacet
 facet normal -6.087614e-01  7.933533e-01  0.000000e+00
   outer loop
     vertex  1.328160e+02 -6.072104e+01  0.000000e+00
     vertex  1.326400e+02 -6.085612e+01  0.000000e+00
     vertex  1.326400e+02 -6.085612e+01  1.510000e+00
   endloop
 endfacet
 facet normal -7.933533e-01  6.087614e-01  0.000000e+00
   outer loop
     vertex  1.329511e+02 -6.054500e+01  0.000000e+00
     vertex  1.328160e+02 -6.072104e+01  1.510000e+00
     vertex  1.329511e+02 -6.054500e+01  1.510000e+00
   endloop
 endfacet
 facet normal -7.933533e-01  6.087614e-01  0.000000e+00
   outer loop
     vertex  1.329511e+02 -6.054500e+01  0.000000e+00
     vertex  1.328160e+02 -6.072104e+01  0.000000e+00
     vertex  1.328160e+02 -6.072104e+01  1.510000e+00
   endloop
 endfacet
 facet normal -9.238795e-01  3.826834e-01  0.000000e+00
   outer loop
     vertex  1.330360e+02 -6.034000e+01  0.000000e+00
     vertex  1.329511e+02 -6.054500e+01  1.510000e+00
     vertex  1.330360e+02 -6.034000e+01  1.510000e+00
   endloop
 endfacet
 facet normal -9.238795e-01  3.826834e-01  0.000000e+00
   outer loop
     vertex  1.330360e+02 -6.034000e+01  0.000000e+00
     vertex  1.329511e+02 -6.054500e+01  0.000000e+00
     vertex  1.329511e+02 -6.054500e+01  1.510000e+00
   endloop
 endfacet
 facet normal -9.914449e-01  1.305262e-01  0.000000e+00
   outer loop
     vertex  1.330650e+02 -6.012000e+01  0.000000e+00
     vertex  1.330360e+02 -6.034000e+01  1.510000e+00
     vertex  1.330650e+02 -6.012000e+01  1.510000e+00
   endloop
 endfacet
 facet normal -9.914449e-01  1.305262e-01  0.000000e+00
   outer loop
     vertex  1.330650e+02 -6.012000e+01  0.000000e+00
     vertex  1.330360e+02 -6.034000e+01  0.000000e+00
     vertex  1.330360e+02 -6.034000e+01  1.510000e+00
   endloop
 endfacet
 facet normal -9.914449e-01 -1.305262e-01  0.000000e+00
   outer loop
     vertex  1.330360e+02 -5.990000e+01  0.000000e+00
     vertex  1.330650e+02 -6.012000e+01  1.510000e+00
     vertex  1.330360e+02 -5.990000e+01  1.510000e+00
   endloop
 endfacet
 facet normal -9.914449e-01 -1.305262e-01  0.000000e+00
   outer loop
     vertex  1.330360e+02 -5.990000e+01  0.000000e+00
     vertex  1.330650e+02 -6.012000e+01  0.000000e+00
     vertex  1.330650e+02 -6.012000e+01  1.510000e+00
   endloop
 endfacet
 facet normal -9.238795e-01 -3.826834e-01  0.000000e+00
   outer loop
     vertex  1.329511e+02 -5.969500e+01  0.000000e+00
     vertex  1.330360e+02 -5.990000e+01  1.510000e+00
     vertex  1.329511e+02 -5.969500e+01  1.510000e+00
   endloop
 endfacet
 facet normal -9.238795e-01 -3.826834e-01  0.000000e+00
   outer loop
     vertex  1.329511e+02 -5.969500e+01  0.000000e+00
     vertex  1.330360e+02 -5.990000e+01  0.000000e+00
     vertex  1.330360e+02 -5.990000e+01  1.510000e+00
   endloop
 endfacet
 facet normal -7.933533e-01 -6.087614e-01  0.000000e+00
   outer loop
     vertex  1.328160e+02 -5.951896e+01  0.000000e+00
     vertex  1.329511e+02 -5.969500e+01  1.510000e+00
     vertex  1.328160e+02 -5.951896e+01  1.510000e+00
   endloop
 endfacet
 facet normal -7.933533e-01 -6.087614e-01  0.000000e+00
   outer loop
     vertex  1.328160e+02 -5.951896e+01  0.000000e+00
     vertex  1.329511e+02 -5.969500e+01  0.000000e+00
     vertex  1.329511e+02 -5.969500e+01  1.510000e+00
   endloop
 endfacet
 facet normal -6.087614e-01 -7.933533e-01  0.000000e+00
   outer loop
     vertex  1.326400e+02 -5.938388e+01  0.000000e+00
     vertex  1.328160e+02 -5.951896e+01  1.510000e+00
     vertex  1.326400e+02 -5.938388e+01  1.510000e+00
   endloop
 endfacet
 facet normal -6.087614e-01 -7.933533e-01  0.000000e+00
   outer loop
     vertex  1.326400e+02 -5.938388e+01  0.000000e+00
     vertex  1.328160e+02 -5.951896e+01  0.000000e+00
     vertex  1.328160e+02 -5.951896e+01  1.510000e+00
   endloop
 endfacet
 facet normal -3.826834e-01 -9.238795e-01  0.000000e+00
   outer loop
     vertex  1.324350e+02 -5.929896e+01  0.000000e+00
     vertex  1.326400e+02 -5.938388e+01  1.510000e+00
     vertex  1.324350e+02 -5.929896e+01  1.510000e+00
   endloop
 endfacet
 facet normal -3.826834e-01 -9.238795e-01  0.000000e+00
   outer loop
     vertex  1.324350e+02 -5.929896e+01  0.000000e+00
     vertex  1.326400e+02 -5.938388e+01  0.000000e+00
     vertex  1.326400e+02 -5.938388e+01  1.510000e+00
   endloop
 endfacet
 facet normal -1.305262e-01 -9.914449e-01  0.000000e+00
   outer loop
     vertex  1.322150e+02 -5.927000e+01  0.000000e+00
     vertex  1.324350e+02 -5.929896e+01  1.510000e+00
     vertex  1.322150e+02 -5.927000e+01  1.510000e+00
   endloop
 endfacet
 facet normal -1.305262e-01 -9.914449e-01  0.000000e+00
   outer loop
     vertex  1.322150e+02 -5.927000e+01  0.000000e+00
     vertex  1.324350e+02 -5.929896e+01  0.000000e+00
     vertex  1.324350e+02 -5.929896e+01  1.510000e+00
   endloop
 endfacet
 facet normal  1.305262e-01 -9.914449e-01  0.000000e+00
   outer loop
     vertex  1.319950e+02 -5.929896e+01  0.000000e+00
     vertex  1.322150e+02 -5.927000e+01  1.510000e+00
     vertex  1.319950e+02 -5.929896e+01  1.510000e+00
   endloop
 endfacet
 facet normal  1.305262e-01 -9.914449e-01  0.000000e+00
   outer loop
     vertex  1.319950e+02 -5.929896e+01  0.000000e+00
     vertex  1.322150e+02 -5.927000e+01  0.000000e+00
     vertex  1.322150e+02 -5.927000e+01  1.510000e+00
   endloop
 endfacet
 facet normal  3.826834e-01 -9.238795e-01  0.000000e+00
   outer loop
     vertex  1.317900e+02 -5.938388e+01  0.000000e+00
     vertex  1.319950e+02 -5.929896e+01  0.000000e+00
     vertex  1.319950e+02 -5.929896e+01  1.510000e+00
   endloop
 endfacet
 facet normal  3.826834e-01 -9.238795e-01  0.000000e+00
   outer loop
     vertex  1.317900e+02 -5.938388e+01  0.000000e+00
     vertex  1.319950e+02 -5.929896e+01  1.510000e+00
     vertex  1.317900e+02 -5.938388e+01  1.510000e+00
   endloop
 endfacet
 facet normal  6.087614e-01 -7.933533e-01  0.000000e+00
   outer loop
     vertex  1.316140e+02 -5.951896e+01  0.000000e+00
     vertex  1.317900e+02 -5.938388e+01  0.000000e+00
     vertex  1.317900e+02 -5.938388e+01  1.510000e+00
   endloop
 endfacet
 facet normal  7.933533e-01 -6.087614e-01  0.000000e+00
   outer loop
     vertex  1.316140e+02 -5.951896e+01  0.000000e+00
     vertex  1.316140e+02 -5.951896e+01  1.510000e+00
     vertex  1.314789e+02 -5.969500e+01  1.510000e+00
   endloop
 endfacet
 facet normal  6.087614e-01 -7.933533e-01  0.000000e+00
   outer loop
     vertex  1.316140e+02 -5.951896e+01  0.000000e+00
     vertex  1.317900e+02 -5.938388e+01  1.510000e+00
     vertex  1.316140e+02 -5.951896e+01  1.510000e+00
   endloop
 endfacet
 facet normal  7.933533e-01 -6.087614e-01  0.000000e+00
   outer loop
     vertex  1.314789e+02 -5.969500e+01  0.000000e+00
     vertex  1.316140e+02 -5.951896e+01  0.000000e+00
     vertex  1.314789e+02 -5.969500e+01  1.510000e+00
   endloop
 endfacet
 facet normal  9.238795e-01 -3.826834e-01  0.000000e+00
   outer loop
     vertex  1.314789e+02 -5.969500e+01  0.000000e+00
     vertex  1.314789e+02 -5.969500e+01  1.510000e+00
     vertex  1.313940e+02 -5.990000e+01  1.510000e+00
   endloop
 endfacet
 facet normal  9.238795e-01 -3.826834e-01  0.000000e+00
   outer loop
     vertex  1.313940e+02 -5.990000e+01  0.000000e+00
     vertex  1.314789e+02 -5.969500e+01  0.000000e+00
     vertex  1.313940e+02 -5.990000e+01  1.510000e+00
   endloop
 endfacet
 facet normal  9.914449e-01 -1.305262e-01  0.000000e+00
   outer loop
     vertex  1.313650e+02 -6.012000e+01  0.000000e+00
     vertex  1.313940e+02 -5.990000e+01  0.000000e+00
     vertex  1.313940e+02 -5.990000e+01  1.510000e+00
   endloop
 endfacet
 facet normal  9.914449e-01 -1.305262e-01  0.000000e+00
   outer loop
     vertex  1.313650e+02 -6.012000e+01  0.000000e+00
     vertex  1.313940e+02 -5.990000e+01  1.510000e+00
     vertex  1.313650e+02 -6.012000e+01  1.510000e+00
   endloop
 endfacet
 facet normal  9.914449e-01  1.305262e-01 -0.000000e+00
   outer loop
     vertex  1.313940e+02 -6.034000e+01  0.000000e+00
     vertex  1.313650e+02 -6.012000e+01  1.510000e+00
     vertex  1.313940e+02 -6.034000e+01  1.510000e+00
   endloop
 endfacet
 facet normal  9.914449e-01  1.305262e-01  0.000000e+00
   outer loop
     vertex  1.313940e+02 -6.034000e+01  0.000000e+00
     vertex  1.313650e+02 -6.012000e+01  0.000000e+00
     vertex  1.313650e+02 -6.012000e+01  1.510000e+00
   endloop
 endfacet
 facet normal  9.238795e-01  3.826834e-01 -0.000000e+00
   outer loop
     vertex  1.314789e+02 -6.054500e+01  0.000000e+00
     vertex  1.313940e+02 -6.034000e+01  1.510000e+00
     vertex  1.314789e+02 -6.054500e+01  1.510000e+00
   endloop
 endfacet
 facet normal  9.238795e-01  3.826834e-01  0.000000e+00
   outer loop
     vertex  1.314789e+02 -6.054500e+01  0.000000e+00
     vertex  1.313940e+02 -6.034000e+01  0.000000e+00
     vertex  1.313940e+02 -6.034000e+01  1.510000e+00
   endloop
 endfacet
 facet normal  6.087614e-01  7.933533e-01 -0.000000e+00
   outer loop
     vertex  1.316140e+02 -6.072104e+01  0.000000e+00
     vertex  1.316140e+02 -6.072104e+01  1.510000e+00
     vertex  1.317900e+02 -6.085612e+01  1.510000e+00
   endloop
 endfacet
 facet normal  7.933533e-01  6.087614e-01 -0.000000e+00
   outer loop
     vertex  1.316140e+02 -6.072104e+01  0.000000e+00
     vertex  1.314789e+02 -6.054500e+01  1.510000e+00
     vertex  1.316140e+02 -6.072104e+01  1.510000e+00
   endloop
 endfacet
 facet normal  7.933533e-01  6.087614e-01  0.000000e+00
   outer loop
     vertex  1.316140e+02 -6.072104e+01  0.000000e+00
     vertex  1.314789e+02 -6.054500e+01  0.000000e+00
     vertex  1.314789e+02 -6.054500e+01  1.510000e+00
   endloop
 endfacet
 facet normal  6.087614e-01  7.933533e-01 -0.000000e+00
   outer loop
     vertex  1.317900e+02 -6.085612e+01  0.000000e+00
     vertex  1.316140e+02 -6.072104e+01  0.000000e+00
     vertex  1.317900e+02 -6.085612e+01  1.510000e+00
   endloop
 endfacet
 facet normal  3.826834e-01  9.238795e-01 -0.000000e+00
   outer loop
     vertex  1.319950e+02 -6.094104e+01  0.000000e+00
     vertex  1.317900e+02 -6.085612e+01  1.510000e+00
     vertex  1.319950e+02 -6.094104e+01  1.510000e+00
   endloop
 endfacet
 facet normal  3.826834e-01  9.238795e-01  0.000000e+00
   outer loop
     vertex  1.319950e+02 -6.094104e+01  0.000000e+00
     vertex  1.317900e+02 -6.085612e+01  0.000000e+00
     vertex  1.317900e+02 -6.085612e+01  1.510000e+00
   endloop
 endfacet
 facet normal  1.305262e-01  9.914449e-01 -0.000000e+00
   outer loop
     vertex  1.322150e+02 -6.097000e+01  0.000000e+00
     vertex  1.319950e+02 -6.094104e+01  1.510000e+00
     vertex  1.322150e+02 -6.097000e+01  1.510000e+00
   endloop
 endfacet
 facet normal  1.305262e-01  9.914449e-01  0.000000e+00
   outer loop
     vertex  1.322150e+02 -6.097000e+01  0.000000e+00
     vertex  1.319950e+02 -6.094104e+01  0.000000e+00
     vertex  1.319950e+02 -6.094104e+01  1.510000e+00
   endloop
 endfacet
 facet normal -1.305262e-01  9.914449e-01  0.000000e+00
   outer loop
     vertex  1.336791e+02 -5.830444e+01  0.000000e+00
     vertex  1.334850e+02 -5.833000e+01  0.000000e+00
     vertex  1.334850e+02 -5.833000e+01  1.510000e+00
   endloop
 endfacet
 facet normal -1.305262e-01  9.914449e-01  0.000000e+00
   outer loop
     vertex  1.336791e+02 -5.830444e+01  0.000000e+00
     vertex  1.334850e+02 -5.833000e+01  1.510000e+00
     vertex  1.336791e+02 -5.830444e+01  1.510000e+00
   endloop
 endfacet
 facet normal -3.826834e-01  9.238795e-01  0.000000e+00
   outer loop
     vertex  1.338600e+02 -5.822952e+01  0.000000e+00
     vertex  1.336791e+02 -5.830444e+01  1.510000e+00
     vertex  1.338600e+02 -5.822952e+01  1.510000e+00
   endloop
 endfacet
 facet normal -3.826834e-01  9.238795e-01  0.000000e+00
   outer loop
     vertex  1.338600e+02 -5.822952e+01  0.000000e+00
     vertex  1.336791e+02 -5.830444e+01  0.000000e+00
     vertex  1.336791e+02 -5.830444e+01  1.510000e+00
   endloop
 endfacet
 facet normal -6.087614e-01  7.933533e-01  0.000000e+00
   outer loop
     vertex  1.340153e+02 -5.811033e+01  0.000000e+00
     vertex  1.338600e+02 -5.822952e+01  1.510000e+00
     vertex  1.340153e+02 -5.811033e+01  1.510000e+00
   endloop
 endfacet
 facet normal -6.087614e-01  7.933533e-01  0.000000e+00
   outer loop
     vertex  1.340153e+02 -5.811033e+01  0.000000e+00
     vertex  1.338600e+02 -5.822952e+01  0.000000e+00
     vertex  1.338600e+02 -5.822952e+01  1.510000e+00
   endloop
 endfacet
 facet normal -7.933533e-01  6.087614e-01  0.000000e+00
   outer loop
     vertex  1.341345e+02 -5.795500e+01  0.000000e+00
     vertex  1.340153e+02 -5.811033e+01  1.510000e+00
     vertex  1.341345e+02 -5.795500e+01  1.510000e+00
   endloop
 endfacet
 facet normal -7.933533e-01  6.087614e-01  0.000000e+00
   outer loop
     vertex  1.341345e+02 -5.795500e+01  0.000000e+00
     vertex  1.340153e+02 -5.811033e+01  0.000000e+00
     vertex  1.340153e+02 -5.811033e+01  1.510000e+00
   endloop
 endfacet
 facet normal -9.238795e-01  3.826834e-01  0.000000e+00
   outer loop
     vertex  1.342094e+02 -5.777411e+01  0.000000e+00
     vertex  1.341345e+02 -5.795500e+01  1.510000e+00
     vertex  1.342094e+02 -5.777411e+01  1.510000e+00
   endloop
 endfacet
 facet normal -9.238795e-01  3.826834e-01  0.000000e+00
   outer loop
     vertex  1.342094e+02 -5.777411e+01  0.000000e+00
     vertex  1.341345e+02 -5.795500e+01  0.000000e+00
     vertex  1.341345e+02 -5.795500e+01  1.510000e+00
   endloop
 endfacet
 facet normal -9.914449e-01  1.305262e-01  0.000000e+00
   outer loop
     vertex  1.342350e+02 -5.758000e+01  0.000000e+00
     vertex  1.342094e+02 -5.777411e+01  1.510000e+00
     vertex  1.342350e+02 -5.758000e+01  1.510000e+00
   endloop
 endfacet
 facet normal -9.914449e-01  1.305262e-01  0.000000e+00
   outer loop
     vertex  1.342350e+02 -5.758000e+01  0.000000e+00
     vertex  1.342094e+02 -5.777411e+01  0.000000e+00
     vertex  1.342094e+02 -5.777411e+01  1.510000e+00
   endloop
 endfacet
 facet normal -9.914449e-01 -1.305262e-01  0.000000e+00
   outer loop
     vertex  1.342094e+02 -5.738589e+01  0.000000e+00
     vertex  1.342350e+02 -5.758000e+01  1.510000e+00
     vertex  1.342094e+02 -5.738589e+01  1.510000e+00
   endloop
 endfacet
 facet normal -9.914449e-01 -1.305262e-01  0.000000e+00
   outer loop
     vertex  1.342094e+02 -5.738589e+01  0.000000e+00
     vertex  1.342350e+02 -5.758000e+01  0.000000e+00
     vertex  1.342350e+02 -5.758000e+01  1.510000e+00
   endloop
 endfacet
 facet normal -9.238795e-01 -3.826834e-01  0.000000e+00
   outer loop
     vertex  1.341345e+02 -5.720500e+01  0.000000e+00
     vertex  1.342094e+02 -5.738589e+01  1.510000e+00
     vertex  1.341345e+02 -5.720500e+01  1.510000e+00
   endloop
 endfacet
 facet normal -9.238795e-01 -3.826834e-01  0.000000e+00
   outer loop
     vertex  1.341345e+02 -5.720500e+01  0.000000e+00
     vertex  1.342094e+02 -5.738589e+01  0.000000e+00
     vertex  1.342094e+02 -5.738589e+01  1.510000e+00
   endloop
 endfacet
 facet normal -7.933533e-01 -6.087614e-01  0.000000e+00
   outer loop
     vertex  1.340153e+02 -5.704967e+01  0.000000e+00
     vertex  1.341345e+02 -5.720500e+01  1.510000e+00
     vertex  1.340153e+02 -5.704967e+01  1.510000e+00
   endloop
 endfacet
 facet normal -7.933533e-01 -6.087614e-01  0.000000e+00
   outer loop
     vertex  1.340153e+02 -5.704967e+01  0.000000e+00
     vertex  1.341345e+02 -5.720500e+01  0.000000e+00
     vertex  1.341345e+02 -5.720500e+01  1.510000e+00
   endloop
 endfacet
 facet normal -6.087614e-01 -7.933533e-01  0.000000e+00
   outer loop
     vertex  1.338600e+02 -5.693048e+01  0.000000e+00
     vertex  1.340153e+02 -5.704967e+01  1.510000e+00
     vertex  1.338600e+02 -5.693048e+01  1.510000e+00
   endloop
 endfacet
 facet normal -6.087614e-01 -7.933533e-01  0.000000e+00
   outer loop
     vertex  1.338600e+02 -5.693048e+01  0.000000e+00
     vertex  1.340153e+02 -5.704967e+01  0.000000e+00
     vertex  1.340153e+02 -5.704967e+01  1.510000e+00
   endloop
 endfacet
 facet normal -3.826834e-01 -9.238795e-01  0.000000e+00
   outer loop
     vertex  1.336791e+02 -5.685556e+01  0.000000e+00
     vertex  1.338600e+02 -5.693048e+01  1.510000e+00
     vertex  1.336791e+02 -5.685556e+01  1.510000e+00
   endloop
 endfacet
 facet normal -3.826834e-01 -9.238795e-01  0.000000e+00
   outer loop
     vertex  1.336791e+02 -5.685556e+01  0.000000e+00
     vertex  1.338600e+02 -5.693048e+01  0.000000e+00
     vertex  1.338600e+02 -5.693048e+01  1.510000e+00
   endloop
 endfacet
 facet normal -1.305262e-01 -9.914449e-01  0.000000e+00
   outer loop
     vertex  1.334850e+02 -5.683000e+01  0.000000e+00
     vertex  1.336791e+02 -5.685556e+01  1.510000e+00
     vertex  1.334850e+02 -5.683000e+01  1.510000e+00
   endloop
 endfacet
 facet normal -1.305262e-01 -9.914449e-01  0.000000e+00
   outer loop
     vertex  1.334850e+02 -5.683000e+01  0.000000e+00
     vertex  1.336791e+02 -5.685556e+01  0.000000e+00
     vertex  1.336791e+02 -5.685556e+01  1.510000e+00
   endloop
 endfacet
 facet normal  1.305262e-01 -9.914449e-01  0.000000e+00
   outer loop
     vertex  1.332909e+02 -5.685556e+01  0.000000e+00
     vertex  1.334850e+02 -5.683000e+01  1.510000e+00
     vertex  1.332909e+02 -5.685556e+01  1.510000e+00
   endloop
 endfacet
 facet normal  1.305262e-01 -9.914449e-01  0.000000e+00
   outer loop
     vertex  1.332909e+02 -5.685556e+01  0.000000e+00
     vertex  1.334850e+02 -5.683000e+01  0.000000e+00
     vertex  1.334850e+02 -5.683000e+01  1.510000e+00
   endloop
 endfacet
 facet normal  3.826834e-01 -9.238795e-01  0.000000e+00
   outer loop
     vertex  1.331100e+02 -5.693048e+01  0.000000e+00
     vertex  1.332909e+02 -5.685556e+01  0.000000e+00
     vertex  1.332909e+02 -5.685556e+01  1.510000e+00
   endloop
 endfacet
 facet normal  3.826834e-01 -9.238795e-01  0.000000e+00
   outer loop
     vertex  1.331100e+02 -5.693048e+01  0.000000e+00
     vertex  1.332909e+02 -5.685556e+01  1.510000e+00
     vertex  1.331100e+02 -5.693048e+01  1.510000e+00
   endloop
 endfacet
 facet normal  6.087614e-01 -7.933533e-01  0.000000e+00
   outer loop
     vertex  1.329547e+02 -5.704967e+01  0.000000e+00
     vertex  1.331100e+02 -5.693048e+01  0.000000e+00
     vertex  1.331100e+02 -5.693048e+01  1.510000e+00
   endloop
 endfacet
 facet normal  7.933533e-01 -6.087614e-01  0.000000e+00
   outer loop
     vertex  1.329547e+02 -5.704967e+01  0.000000e+00
     vertex  1.329547e+02 -5.704967e+01  1.510000e+00
     vertex  1.328355e+02 -5.720500e+01  1.510000e+00
   endloop
 endfacet
 facet normal  6.087614e-01 -7.933533e-01  0.000000e+00
   outer loop
     vertex  1.329547e+02 -5.704967e+01  0.000000e+00
     vertex  1.331100e+02 -5.693048e+01  1.510000e+00
     vertex  1.329547e+02 -5.704967e+01  1.510000e+00
   endloop
 endfacet
 facet normal  7.933533e-01 -6.087614e-01  0.000000e+00
   outer loop
     vertex  1.328355e+02 -5.720500e+01  0.000000e+00
     vertex  1.329547e+02 -5.704967e+01  0.000000e+00
     vertex  1.328355e+02 -5.720500e+01  1.510000e+00
   endloop
 endfacet
 facet normal  9.238795e-01 -3.826834e-01  0.000000e+00
   outer loop
     vertex  1.328355e+02 -5.720500e+01  0.000000e+00
     vertex  1.328355e+02 -5.720500e+01  1.510000e+00
     vertex  1.327606e+02 -5.738589e+01  1.510000e+00
   endloop
 endfacet
 facet normal  9.238795e-01 -3.826834e-01  0.000000e+00
   outer loop
     vertex  1.327606e+02 -5.738589e+01  0.000000e+00
     vertex  1.328355e+02 -5.720500e+01  0.000000e+00
     vertex  1.327606e+02 -5.738589e+01  1.510000e+00
   endloop
 endfacet
 facet normal  9.914449e-01 -1.305262e-01  0.000000e+00
   outer loop
     vertex  1.327350e+02 -5.758000e+01  0.000000e+00
     vertex  1.327606e+02 -5.738589e+01  0.000000e+00
     vertex  1.327606e+02 -5.738589e+01  1.510000e+00
   endloop
 endfacet
 facet normal  9.914449e-01 -1.305262e-01  0.000000e+00
   outer loop
     vertex  1.327350e+02 -5.758000e+01  0.000000e+00
     vertex  1.327606e+02 -5.738589e+01  1.510000e+00
     vertex  1.327350e+02 -5.758000e+01  1.510000e+00
   endloop
 endfacet
 facet normal  9.914449e-01  1.305262e-01 -0.000000e+00
   outer loop
     vertex  1.327606e+02 -5.777411e+01  0.000000e+00
     vertex  1.327350e+02 -5.758000e+01  1.510000e+00
     vertex  1.327606e+02 -5.777411e+01  1.510000e+00
   endloop
 endfacet
 facet normal  9.914449e-01  1.305262e-01  0.000000e+00
   outer loop
     vertex  1.327606e+02 -5.777411e+01  0.000000e+00
     vertex  1.327350e+02 -5.758000e+01  0.000000e+00
     vertex  1.327350e+02 -5.758000e+01  1.510000e+00
   endloop
 endfacet
 facet normal  9.238795e-01  3.826834e-01 -0.000000e+00
   outer loop
     vertex  1.328355e+02 -5.795500e+01  0.000000e+00
     vertex  1.327606e+02 -5.777411e+01  1.510000e+00
     vertex  1.328355e+02 -5.795500e+01  1.510000e+00
   endloop
 endfacet
 facet normal  9.238795e-01  3.826834e-01  0.000000e+00
   outer loop
     vertex  1.328355e+02 -5.795500e+01  0.000000e+00
     vertex  1.327606e+02 -5.777411e+01  0.000000e+00
     vertex  1.327606e+02 -5.777411e+01  1.510000e+00
   endloop
 endfacet
 facet normal  6.087614e-01  7.933533e-01 -0.000000e+00
   outer loop
     vertex  1.329547e+02 -5.811033e+01  0.000000e+00
     vertex  1.329547e+02 -5.811033e+01  1.510000e+00
     vertex  1.331100e+02 -5.822952e+01  1.510000e+00
   endloop
 endfacet
 facet normal  7.933533e-01  6.087614e-01 -0.000000e+00
   outer loop
     vertex  1.329547e+02 -5.811033e+01  0.000000e+00
     vertex  1.328355e+02 -5.795500e+01  1.510000e+00
     vertex  1.329547e+02 -5.811033e+01  1.510000e+00
   endloop
 endfacet
 facet normal  7.933533e-01  6.087614e-01  0.000000e+00
   outer loop
     vertex  1.329547e+02 -5.811033e+01  0.000000e+00
     vertex  1.328355e+02 -5.795500e+01  0.000000e+00
     vertex  1.328355e+02 -5.795500e+01  1.510000e+00
   endloop
 endfacet
 facet normal  6.087614e-01  7.933533e-01 -0.000000e+00
   outer loop
     vertex  1.331100e+02 -5.822952e+01  0.000000e+00
     vertex  1.329547e+02 -5.811033e+01  0.000000e+00
     vertex  1.331100e+02 -5.822952e+01  1.510000e+00
   endloop
 endfacet
 facet normal  3.826834e-01  9.238795e-01 -0.000000e+00
   outer loop
     vertex  1.332909e+02 -5.830444e+01  0.000000e+00
     vertex  1.331100e+02 -5.822952e+01  1.510000e+00
     vertex  1.332909e+02 -5.830444e+01  1.510000e+00
   endloop
 endfacet
 facet normal  3.826834e-01  9.238795e-01  0.000000e+00
   outer loop
     vertex  1.332909e+02 -5.830444e+01  0.000000e+00
     vertex  1.331100e+02 -5.822952e+01  0.000000e+00
     vertex  1.331100e+02 -5.822952e+01  1.510000e+00
   endloop
 endfacet
 facet normal  1.305262e-01  9.914449e-01 -0.000000e+00
   outer loop
     vertex  1.334850e+02 -5.833000e+01  0.000000e+00
     vertex  1.332909e+02 -5.830444e+01  1.510000e+00
     vertex  1.334850e+02 -5.833000e+01  1.510000e+00
   endloop
 endfacet
 facet normal  1.305262e-01  9.914449e-01  0.000000e+00
   outer loop
     vertex  1.334850e+02 -5.833000e+01  0.000000e+00
     vertex  1.332909e+02 -5.830444e+01  0.000000e+00
     vertex  1.332909e+02 -5.830444e+01  1.510000e+00
   endloop
 endfacet
 facet normal -1.305262e-01  9.914449e-01  0.000000e+00
   outer loop
     vertex  1.378126e+02 -8.118685e+01  0.000000e+00
     vertex  1.372950e+02 -8.125500e+01  0.000000e+00
     vertex  1.372950e+02 -8.125500e+01  1.510000e+00
   endloop
 endfacet
 facet normal -1.305262e-01  9.914449e-01  0.000000e+00
   outer loop
     vertex  1.378126e+02 -8.118685e+01  0.000000e+00
     vertex  1.372950e+02 -8.125500e+01  1.510000e+00
     vertex  1.378126e+02 -8.118685e+01  1.510000e+00
   endloop
 endfacet
 facet normal -3.826834e-01  9.238795e-01  0.000000e+00
   outer loop
     vertex  1.382950e+02 -8.098705e+01  0.000000e+00
     vertex  1.378126e+02 -8.118685e+01  1.510000e+00
     vertex  1.382950e+02 -8.098705e+01  1.510000e+00
   endloop
 endfacet
 facet normal -3.826834e-01  9.238795e-01  0.000000e+00
   outer loop
     vertex  1.382950e+02 -8.098705e+01  0.000000e+00
     vertex  1.378126e+02 -8.118685e+01  0.000000e+00
     vertex  1.378126e+02 -8.118685e+01  1.510000e+00
   endloop
 endfacet
 facet normal -6.087614e-01  7.933533e-01  0.000000e+00
   outer loop
     vertex  1.387092e+02 -8.066921e+01  0.000000e+00
     vertex  1.382950e+02 -8.098705e+01  1.510000e+00
     vertex  1.387092e+02 -8.066921e+01  1.510000e+00
   endloop
 endfacet
 facet normal -6.087614e-01  7.933533e-01  0.000000e+00
   outer loop
     vertex  1.387092e+02 -8.066921e+01  0.000000e+00
     vertex  1.382950e+02 -8.098705e+01  0.000000e+00
     vertex  1.382950e+02 -8.098705e+01  1.510000e+00
   endloop
 endfacet
 facet normal -7.933533e-01  6.087614e-01  0.000000e+00
   outer loop
     vertex  1.390271e+02 -8.025500e+01  0.000000e+00
     vertex  1.387092e+02 -8.066921e+01  1.510000e+00
     vertex  1.390271e+02 -8.025500e+01  1.510000e+00
   endloop
 endfacet
 facet normal -7.933533e-01  6.087614e-01  0.000000e+00
   outer loop
     vertex  1.390271e+02 -8.025500e+01  0.000000e+00
     vertex  1.387092e+02 -8.066921e+01  0.000000e+00
     vertex  1.387092e+02 -8.066921e+01  1.510000e+00
   endloop
 endfacet
 facet normal -9.238795e-01  3.826834e-01  0.000000e+00
   outer loop
     vertex  1.392269e+02 -7.977264e+01  0.000000e+00
     vertex  1.390271e+02 -8.025500e+01  1.510000e+00
     vertex  1.392269e+02 -7.977264e+01  1.510000e+00
   endloop
 endfacet
 facet normal -9.238795e-01  3.826834e-01  0.000000e+00
   outer loop
     vertex  1.392269e+02 -7.977264e+01  0.000000e+00
     vertex  1.390271e+02 -8.025500e+01  0.000000e+00
     vertex  1.390271e+02 -8.025500e+01  1.510000e+00
   endloop
 endfacet
 facet normal -9.914449e-01  1.305262e-01  0.000000e+00
   outer loop
     vertex  1.392950e+02 -7.925500e+01  0.000000e+00
     vertex  1.392269e+02 -7.977264e+01  1.510000e+00
     vertex  1.392950e+02 -7.925500e+01  1.510000e+00
   endloop
 endfacet
 facet normal -9.914449e-01  1.305262e-01  0.000000e+00
   outer loop
     vertex  1.392950e+02 -7.925500e+01  0.000000e+00
     vertex  1.392269e+02 -7.977264e+01  0.000000e+00
     vertex  1.392269e+02 -7.977264e+01  1.510000e+00
   endloop
 endfacet
 facet normal -9.914449e-01 -1.305262e-01  0.000000e+00
   outer loop
     vertex  1.392269e+02 -7.873736e+01  0.000000e+00
     vertex  1.392950e+02 -7.925500e+01  1.510000e+00
     vertex  1.392269e+02 -7.873736e+01  1.510000e+00
   endloop
 endfacet
 facet normal -9.914449e-01 -1.305262e-01  0.000000e+00
   outer loop
     vertex  1.392269e+02 -7.873736e+01  0.000000e+00
     vertex  1.392950e+02 -7.925500e+01  0.000000e+00
     vertex  1.392950e+02 -7.925500e+01  1.510000e+00
   endloop
 endfacet
 facet normal -9.238795e-01 -3.826834e-01  0.000000e+00
   outer loop
     vertex  1.390271e+02 -7.825500e+01  0.000000e+00
     vertex  1.392269e+02 -7.873736e+01  1.510000e+00
     vertex  1.390271e+02 -7.825500e+01  1.510000e+00
   endloop
 endfacet
 facet normal -9.238795e-01 -3.826834e-01  0.000000e+00
   outer loop
     vertex  1.390271e+02 -7.825500e+01  0.000000e+00
     vertex  1.392269e+02 -7.873736e+01  0.000000e+00
     vertex  1.392269e+02 -7.873736e+01  1.510000e+00
   endloop
 endfacet
 facet normal -7.933533e-01 -6.087614e-01  0.000000e+00
   outer loop
     vertex  1.387092e+02 -7.784079e+01  0.000000e+00
     vertex  1.390271e+02 -7.825500e+01  1.510000e+00
     vertex  1.387092e+02 -7.784079e+01  1.510000e+00
   endloop
 endfacet
 facet normal -7.933533e-01 -6.087614e-01  0.000000e+00
   outer loop
     vertex  1.387092e+02 -7.784079e+01  0.000000e+00
     vertex  1.390271e+02 -7.825500e+01  0.000000e+00
     vertex  1.390271e+02 -7.825500e+01  1.510000e+00
   endloop
 endfacet
 facet normal -6.087614e-01 -7.933533e-01  0.000000e+00
   outer loop
     vertex  1.382950e+02 -7.752295e+01  0.000000e+00
     vertex  1.387092e+02 -7.784079e+01  1.510000e+00
     vertex  1.382950e+02 -7.752295e+01  1.510000e+00
   endloop
 endfacet
 facet normal -6.087614e-01 -7.933533e-01  0.000000e+00
   outer loop
     vertex  1.382950e+02 -7.752295e+01  0.000000e+00
     vertex  1.387092e+02 -7.784079e+01  0.000000e+00
     vertex  1.387092e+02 -7.784079e+01  1.510000e+00
   endloop
 endfacet
 facet normal -3.826834e-01 -9.238795e-01  0.000000e+00
   outer loop
     vertex  1.378126e+02 -7.732315e+01  0.000000e+00
     vertex  1.382950e+02 -7.752295e+01  1.510000e+00
     vertex  1.378126e+02 -7.732315e+01  1.510000e+00
   endloop
 endfacet
 facet normal -3.826834e-01 -9.238795e-01  0.000000e+00
   outer loop
     vertex  1.378126e+02 -7.732315e+01  0.000000e+00
     vertex  1.382950e+02 -7.752295e+01  0.000000e+00
     vertex  1.382950e+02 -7.752295e+01  1.510000e+00
   endloop
 endfacet
 facet normal -1.305262e-01 -9.914449e-01  0.000000e+00
   outer loop
     vertex  1.372950e+02 -7.725500e+01  0.000000e+00
     vertex  1.378126e+02 -7.732315e+01  1.510000e+00
     vertex  1.372950e+02 -7.725500e+01  1.510000e+00
   endloop
 endfacet
 facet normal -1.305262e-01 -9.914449e-01  0.000000e+00
   outer loop
     vertex  1.372950e+02 -7.725500e+01  0.000000e+00
     vertex  1.378126e+02 -7.732315e+01  0.000000e+00
     vertex  1.378126e+02 -7.732315e+01  1.510000e+00
   endloop
 endfacet
 facet normal  1.305262e-01 -9.914449e-01  0.000000e+00
   outer loop
     vertex  1.367774e+02 -7.732315e+01  0.000000e+00
     vertex  1.372950e+02 -7.725500e+01  1.510000e+00
     vertex  1.367774e+02 -7.732315e+01  1.510000e+00
   endloop
 endfacet
 facet normal  1.305262e-01 -9.914449e-01  0.000000e+00
   outer loop
     vertex  1.367774e+02 -7.732315e+01  0.000000e+00
     vertex  1.372950e+02 -7.725500e+01  0.000000e+00
     vertex  1.372950e+02 -7.725500e+01  1.510000e+00
   endloop
 endfacet
 facet normal  3.826834e-01 -9.238795e-01  0.000000e+00
   outer loop
     vertex  1.362950e+02 -7.752295e+01  0.000000e+00
     vertex  1.367774e+02 -7.732315e+01  0.000000e+00
     vertex  1.367774e+02 -7.732315e+01  1.510000e+00
   endloop
 endfacet
 facet normal  3.826834e-01 -9.238795e-01  0.000000e+00
   outer loop
     vertex  1.362950e+02 -7.752295e+01  0.000000e+00
     vertex  1.367774e+02 -7.732315e+01  1.510000e+00
     vertex  1.362950e+02 -7.752295e+01  1.510000e+00
   endloop
 endfacet
 facet normal  6.087614e-01 -7.933533e-01  0.000000e+00
   outer loop
     vertex  1.358808e+02 -7.784079e+01  0.000000e+00
     vertex  1.362950e+02 -7.752295e+01  0.000000e+00
     vertex  1.362950e+02 -7.752295e+01  1.510000e+00
   endloop
 endfacet
 facet normal  7.933533e-01 -6.087614e-01  0.000000e+00
   outer loop
     vertex  1.358808e+02 -7.784079e+01  0.000000e+00
     vertex  1.358808e+02 -7.784079e+01  1.510000e+00
     vertex  1.355629e+02 -7.825500e+01  1.510000e+00
   endloop
 endfacet
 facet normal  6.087614e-01 -7.933533e-01  0.000000e+00
   outer loop
     vertex  1.358808e+02 -7.784079e+01  0.000000e+00
     vertex  1.362950e+02 -7.752295e+01  1.510000e+00
     vertex  1.358808e+02 -7.784079e+01  1.510000e+00
   endloop
 endfacet
 facet normal  7.933533e-01 -6.087614e-01  0.000000e+00
   outer loop
     vertex  1.355629e+02 -7.825500e+01  0.000000e+00
     vertex  1.358808e+02 -7.784079e+01  0.000000e+00
     vertex  1.355629e+02 -7.825500e+01  1.510000e+00
   endloop
 endfacet
 facet normal  9.238795e-01 -3.826834e-01  0.000000e+00
   outer loop
     vertex  1.355629e+02 -7.825500e+01  0.000000e+00
     vertex  1.355629e+02 -7.825500e+01  1.510000e+00
     vertex  1.353631e+02 -7.873736e+01  1.510000e+00
   endloop
 endfacet
 facet normal  9.238795e-01 -3.826834e-01  0.000000e+00
   outer loop
     vertex  1.353631e+02 -7.873736e+01  0.000000e+00
     vertex  1.355629e+02 -7.825500e+01  0.000000e+00
     vertex  1.353631e+02 -7.873736e+01  1.510000e+00
   endloop
 endfacet
 facet normal  9.914449e-01 -1.305262e-01  0.000000e+00
   outer loop
     vertex  1.352950e+02 -7.925500e+01  0.000000e+00
     vertex  1.353631e+02 -7.873736e+01  0.000000e+00
     vertex  1.353631e+02 -7.873736e+01  1.510000e+00
   endloop
 endfacet
 facet normal  9.914449e-01 -1.305262e-01  0.000000e+00
   outer loop
     vertex  1.352950e+02 -7.925500e+01  0.000000e+00
     vertex  1.353631e+02 -7.873736e+01  1.510000e+00
     vertex  1.352950e+02 -7.925500e+01  1.510000e+00
   endloop
 endfacet
 facet normal  9.914449e-01  1.305262e-01 -0.000000e+00
   outer loop
     vertex  1.353631e+02 -7.977264e+01  0.000000e+00
     vertex  1.352950e+02 -7.925500e+01  1.510000e+00
     vertex  1.353631e+02 -7.977264e+01  1.510000e+00
   endloop
 endfacet
 facet normal  9.914449e-01  1.305262e-01  0.000000e+00
   outer loop
     vertex  1.353631e+02 -7.977264e+01  0.000000e+00
     vertex  1.352950e+02 -7.925500e+01  0.000000e+00
     vertex  1.352950e+02 -7.925500e+01  1.510000e+00
   endloop
 endfacet
 facet normal  9.238795e-01  3.826834e-01 -0.000000e+00
   outer loop
     vertex  1.355629e+02 -8.025500e+01  0.000000e+00
     vertex  1.353631e+02 -7.977264e+01  1.510000e+00
     vertex  1.355629e+02 -8.025500e+01  1.510000e+00
   endloop
 endfacet
 facet normal  9.238795e-01  3.826834e-01  0.000000e+00
   outer loop
     vertex  1.355629e+02 -8.025500e+01  0.000000e+00
     vertex  1.353631e+02 -7.977264e+01  0.000000e+00
     vertex  1.353631e+02 -7.977264e+01  1.510000e+00
   endloop
 endfacet
 facet normal  6.087614e-01  7.933533e-01 -0.000000e+00
   outer loop
     vertex  1.358808e+02 -8.066921e+01  0.000000e+00
     vertex  1.358808e+02 -8.066921e+01  1.510000e+00
     vertex  1.362950e+02 -8.098705e+01  1.510000e+00
   endloop
 endfacet
 facet normal  7.933533e-01  6.087614e-01 -0.000000e+00
   outer loop
     vertex  1.358808e+02 -8.066921e+01  0.000000e+00
     vertex  1.355629e+02 -8.025500e+01  1.510000e+00
     vertex  1.358808e+02 -8.066921e+01  1.510000e+00
   endloop
 endfacet
 facet normal  7.933533e-01  6.087614e-01  0.000000e+00
   outer loop
     vertex  1.358808e+02 -8.066921e+01  0.000000e+00
     vertex  1.355629e+02 -8.025500e+01  0.000000e+00
     vertex  1.355629e+02 -8.025500e+01  1.510000e+00
   endloop
 endfacet
 facet normal  6.087614e-01  7.933533e-01 -0.000000e+00
   outer loop
     vertex  1.362950e+02 -8.098705e+01  0.000000e+00
     vertex  1.358808e+02 -8.066921e+01  0.000000e+00
     vertex  1.362950e+02 -8.098705e+01  1.510000e+00
   endloop
 endfacet
 facet normal  3.826834e-01  9.238795e-01 -0.000000e+00
   outer loop
     vertex  1.367774e+02 -8.118685e+01  0.000000e+00
     vertex  1.362950e+02 -8.098705e+01  1.510000e+00
     vertex  1.367774e+02 -8.118685e+01  1.510000e+00
   endloop
 endfacet
 facet normal  3.826834e-01  9.238795e-01  0.000000e+00
   outer loop
     vertex  1.367774e+02 -8.118685e+01  0.000000e+00
     vertex  1.362950e+02 -8.098705e+01  0.000000e+00
     vertex  1.362950e+02 -8.098705e+01  1.510000e+00
   endloop
 endfacet
 facet normal  1.305262e-01  9.914449e-01 -0.000000e+00
   outer loop
     vertex  1.372950e+02 -8.125500e+01  0.000000e+00
     vertex  1.367774e+02 -8.118685e+01  1.510000e+00
     vertex  1.372950e+02 -8.125500e+01  1.510000e+00
   endloop
 endfacet
 facet normal  1.305262e-01  9.914449e-01  0.000000e+00
   outer loop
     vertex  1.372950e+02 -8.125500e+01  0.000000e+00
     vertex  1.367774e+02 -8.118685e+01  0.000000e+00
     vertex  1.367774e+02 -8.118685e+01  1.510000e+00
   endloop
 endfacet
 facet normal -1.305262e-01  9.914449e-01  0.000000e+00
   outer loop
     vertex  1.400291e+02 -7.489944e+01  0.000000e+00
     vertex  1.398350e+02 -7.492500e+01  0.000000e+00
     vertex  1.398350e+02 -7.492500e+01  1.510000e+00
   endloop
 endfacet
 facet normal -1.305262e-01  9.914449e-01  0.000000e+00
   outer loop
     vertex  1.400291e+02 -7.489944e+01  0.000000e+00
     vertex  1.398350e+02 -7.492500e+01  1.510000e+00
     vertex  1.400291e+02 -7.489944e+01  1.510000e+00
   endloop
 endfacet
 facet normal -3.826834e-01  9.238795e-01  0.000000e+00
   outer loop
     vertex  1.402100e+02 -7.482452e+01  0.000000e+00
     vertex  1.400291e+02 -7.489944e+01  1.510000e+00
     vertex  1.402100e+02 -7.482452e+01  1.510000e+00
   endloop
 endfacet
 facet normal -3.826834e-01  9.238795e-01  0.000000e+00
   outer loop
     vertex  1.402100e+02 -7.482452e+01  0.000000e+00
     vertex  1.400291e+02 -7.489944e+01  0.000000e+00
     vertex  1.400291e+02 -7.489944e+01  1.510000e+00
   endloop
 endfacet
 facet normal -6.087614e-01  7.933533e-01  0.000000e+00
   outer loop
     vertex  1.403653e+02 -7.470533e+01  0.000000e+00
     vertex  1.402100e+02 -7.482452e+01  1.510000e+00
     vertex  1.403653e+02 -7.470533e+01  1.510000e+00
   endloop
 endfacet
 facet normal -6.087614e-01  7.933533e-01  0.000000e+00
   outer loop
     vertex  1.403653e+02 -7.470533e+01  0.000000e+00
     vertex  1.402100e+02 -7.482452e+01  0.000000e+00
     vertex  1.402100e+02 -7.482452e+01  1.510000e+00
   endloop
 endfacet
 facet normal -7.933533e-01  6.087614e-01  0.000000e+00
   outer loop
     vertex  1.404845e+02 -7.455000e+01  0.000000e+00
     vertex  1.403653e+02 -7.470533e+01  1.510000e+00
     vertex  1.404845e+02 -7.455000e+01  1.510000e+00
   endloop
 endfacet
 facet normal -7.933533e-01  6.087614e-01  0.000000e+00
   outer loop
     vertex  1.404845e+02 -7.455000e+01  0.000000e+00
     vertex  1.403653e+02 -7.470533e+01  0.000000e+00
     vertex  1.403653e+02 -7.470533e+01  1.510000e+00
   endloop
 endfacet
 facet normal -9.238795e-01  3.826834e-01  0.000000e+00
   outer loop
     vertex  1.405594e+02 -7.436911e+01  0.000000e+00
     vertex  1.404845e+02 -7.455000e+01  1.510000e+00
     vertex  1.405594e+02 -7.436911e+01  1.510000e+00
   endloop
 endfacet
 facet normal -9.238795e-01  3.826834e-01  0.000000e+00
   outer loop
     vertex  1.405594e+02 -7.436911e+01  0.000000e+00
     vertex  1.404845e+02 -7.455000e+01  0.000000e+00
     vertex  1.404845e+02 -7.455000e+01  1.510000e+00
   endloop
 endfacet
 facet normal -9.914449e-01  1.305262e-01  0.000000e+00
   outer loop
     vertex  1.405850e+02 -7.417500e+01  0.000000e+00
     vertex  1.405594e+02 -7.436911e+01  1.510000e+00
     vertex  1.405850e+02 -7.417500e+01  1.510000e+00
   endloop
 endfacet
 facet normal -9.914449e-01  1.305262e-01  0.000000e+00
   outer loop
     vertex  1.405850e+02 -7.417500e+01  0.000000e+00
     vertex  1.405594e+02 -7.436911e+01  0.000000e+00
     vertex  1.405594e+02 -7.436911e+01  1.510000e+00
   endloop
 endfacet
 facet normal -9.914449e-01 -1.305262e-01  0.000000e+00
   outer loop
     vertex  1.405594e+02 -7.398089e+01  0.000000e+00
     vertex  1.405850e+02 -7.417500e+01  1.510000e+00
     vertex  1.405594e+02 -7.398089e+01  1.510000e+00
   endloop
 endfacet
 facet normal -9.914449e-01 -1.305262e-01  0.000000e+00
   outer loop
     vertex  1.405594e+02 -7.398089e+01  0.000000e+00
     vertex  1.405850e+02 -7.417500e+01  0.000000e+00
     vertex  1.405850e+02 -7.417500e+01  1.510000e+00
   endloop
 endfacet
 facet normal -9.238795e-01 -3.826834e-01  0.000000e+00
   outer loop
     vertex  1.404845e+02 -7.380000e+01  0.000000e+00
     vertex  1.405594e+02 -7.398089e+01  1.510000e+00
     vertex  1.404845e+02 -7.380000e+01  1.510000e+00
   endloop
 endfacet
 facet normal -9.238795e-01 -3.826834e-01  0.000000e+00
   outer loop
     vertex  1.404845e+02 -7.380000e+01  0.000000e+00
     vertex  1.405594e+02 -7.398089e+01  0.000000e+00
     vertex  1.405594e+02 -7.398089e+01  1.510000e+00
   endloop
 endfacet
 facet normal -7.933533e-01 -6.087614e-01  0.000000e+00
   outer loop
     vertex  1.403653e+02 -7.364467e+01  0.000000e+00
     vertex  1.404845e+02 -7.380000e+01  1.510000e+00
     vertex  1.403653e+02 -7.364467e+01  1.510000e+00
   endloop
 endfacet
 facet normal -7.933533e-01 -6.087614e-01  0.000000e+00
   outer loop
     vertex  1.403653e+02 -7.364467e+01  0.000000e+00
     vertex  1.404845e+02 -7.380000e+01  0.000000e+00
     vertex  1.404845e+02 -7.380000e+01  1.510000e+00
   endloop
 endfacet
 facet normal -6.087614e-01 -7.933533e-01  0.000000e+00
   outer loop
     vertex  1.402100e+02 -7.352548e+01  0.000000e+00
     vertex  1.403653e+02 -7.364467e+01  1.510000e+00
     vertex  1.402100e+02 -7.352548e+01  1.510000e+00
   endloop
 endfacet
 facet normal -6.087614e-01 -7.933533e-01  0.000000e+00
   outer loop
     vertex  1.402100e+02 -7.352548e+01  0.000000e+00
     vertex  1.403653e+02 -7.364467e+01  0.000000e+00
     vertex  1.403653e+02 -7.364467e+01  1.510000e+00
   endloop
 endfacet
 facet normal -3.826834e-01 -9.238795e-01  0.000000e+00
   outer loop
     vertex  1.400291e+02 -7.345056e+01  0.000000e+00
     vertex  1.402100e+02 -7.352548e+01  1.510000e+00
     vertex  1.400291e+02 -7.345056e+01  1.510000e+00
   endloop
 endfacet
 facet normal -3.826834e-01 -9.238795e-01  0.000000e+00
   outer loop
     vertex  1.400291e+02 -7.345056e+01  0.000000e+00
     vertex  1.402100e+02 -7.352548e+01  0.000000e+00
     vertex  1.402100e+02 -7.352548e+01  1.510000e+00
   endloop
 endfacet
 facet normal -1.305262e-01 -9.914449e-01  0.000000e+00
   outer loop
     vertex  1.398350e+02 -7.342500e+01  0.000000e+00
     vertex  1.400291e+02 -7.345056e+01  1.510000e+00
     vertex  1.398350e+02 -7.342500e+01  1.510000e+00
   endloop
 endfacet
 facet normal -1.305262e-01 -9.914449e-01  0.000000e+00
   outer loop
     vertex  1.398350e+02 -7.342500e+01  0.000000e+00
     vertex  1.400291e+02 -7.345056e+01  0.000000e+00
     vertex  1.400291e+02 -7.345056e+01  1.510000e+00
   endloop
 endfacet
 facet normal  1.305262e-01 -9.914449e-01  0.000000e+00
   outer loop
     vertex  1.396409e+02 -7.345056e+01  0.000000e+00
     vertex  1.398350e+02 -7.342500e+01  1.510000e+00
     vertex  1.396409e+02 -7.345056e+01  1.510000e+00
   endloop
 endfacet
 facet normal  1.305262e-01 -9.914449e-01  0.000000e+00
   outer loop
     vertex  1.396409e+02 -7.345056e+01  0.000000e+00
     vertex  1.398350e+02 -7.342500e+01  0.000000e+00
     vertex  1.398350e+02 -7.342500e+01  1.510000e+00
   endloop
 endfacet
 facet normal  3.826834e-01 -9.238795e-01  0.000000e+00
   outer loop
     vertex  1.394600e+02 -7.352548e+01  0.000000e+00
     vertex  1.396409e+02 -7.345056e+01  0.000000e+00
     vertex  1.396409e+02 -7.345056e+01  1.510000e+00
   endloop
 endfacet
 facet normal  3.826834e-01 -9.238795e-01  0.000000e+00
   outer loop
     vertex  1.394600e+02 -7.352548e+01  0.000000e+00
     vertex  1.396409e+02 -7.345056e+01  1.510000e+00
     vertex  1.394600e+02 -7.352548e+01  1.510000e+00
   endloop
 endfacet
 facet normal  6.087614e-01 -7.933533e-01  0.000000e+00
   outer loop
     vertex  1.393047e+02 -7.364467e+01  0.000000e+00
     vertex  1.394600e+02 -7.352548e+01  0.000000e+00
     vertex  1.394600e+02 -7.352548e+01  1.510000e+00
   endloop
 endfacet
 facet normal  7.933533e-01 -6.087614e-01  0.000000e+00
   outer loop
     vertex  1.393047e+02 -7.364467e+01  0.000000e+00
     vertex  1.393047e+02 -7.364467e+01  1.510000e+00
     vertex  1.391855e+02 -7.380000e+01  1.510000e+00
   endloop
 endfacet
 facet normal  6.087614e-01 -7.933533e-01  0.000000e+00
   outer loop
     vertex  1.393047e+02 -7.364467e+01  0.000000e+00
     vertex  1.394600e+02 -7.352548e+01  1.510000e+00
     vertex  1.393047e+02 -7.364467e+01  1.510000e+00
   endloop
 endfacet
 facet normal  7.933533e-01 -6.087614e-01  0.000000e+00
   outer loop
     vertex  1.391855e+02 -7.380000e+01  0.000000e+00
     vertex  1.393047e+02 -7.364467e+01  0.000000e+00
     vertex  1.391855e+02 -7.380000e+01  1.510000e+00
   endloop
 endfacet
 facet normal  9.238795e-01 -3.826834e-01  0.000000e+00
   outer loop
     vertex  1.391855e+02 -7.380000e+01  0.000000e+00
     vertex  1.391855e+02 -7.380000e+01  1.510000e+00
     vertex  1.391106e+02 -7.398089e+01  1.510000e+00
   endloop
 endfacet
 facet normal  9.238795e-01 -3.826834e-01  0.000000e+00
   outer loop
     vertex  1.391106e+02 -7.398089e+01  0.000000e+00
     vertex  1.391855e+02 -7.380000e+01  0.000000e+00
     vertex  1.391106e+02 -7.398089e+01  1.510000e+00
   endloop
 endfacet
 facet normal  9.914449e-01 -1.305262e-01  0.000000e+00
   outer loop
     vertex  1.390850e+02 -7.417500e+01  0.000000e+00
     vertex  1.391106e+02 -7.398089e+01  0.000000e+00
     vertex  1.391106e+02 -7.398089e+01  1.510000e+00
   endloop
 endfacet
 facet normal  9.914449e-01 -1.305262e-01  0.000000e+00
   outer loop
     vertex  1.390850e+02 -7.417500e+01  0.000000e+00
     vertex  1.391106e+02 -7.398089e+01  1.510000e+00
     vertex  1.390850e+02 -7.417500e+01  1.510000e+00
   endloop
 endfacet
 facet normal  9.914449e-01  1.305262e-01 -0.000000e+00
   outer loop
     vertex  1.391106e+02 -7.436911e+01  0.000000e+00
     vertex  1.390850e+02 -7.417500e+01  1.510000e+00
     vertex  1.391106e+02 -7.436911e+01  1.510000e+00
   endloop
 endfacet
 facet normal  9.914449e-01  1.305262e-01  0.000000e+00
   outer loop
     vertex  1.391106e+02 -7.436911e+01  0.000000e+00
     vertex  1.390850e+02 -7.417500e+01  0.000000e+00
     vertex  1.390850e+02 -7.417500e+01  1.510000e+00
   endloop
 endfacet
 facet normal  9.238795e-01  3.826834e-01 -0.000000e+00
   outer loop
     vertex  1.391855e+02 -7.455000e+01  0.000000e+00
     vertex  1.391106e+02 -7.436911e+01  1.510000e+00
     vertex  1.391855e+02 -7.455000e+01  1.510000e+00
   endloop
 endfacet
 facet normal  9.238795e-01  3.826834e-01  0.000000e+00
   outer loop
     vertex  1.391855e+02 -7.455000e+01  0.000000e+00
     vertex  1.391106e+02 -7.436911e+01  0.000000e+00
     vertex  1.391106e+02 -7.436911e+01  1.510000e+00
   endloop
 endfacet
 facet normal  6.087614e-01  7.933533e-01 -0.000000e+00
   outer loop
     vertex  1.393047e+02 -7.470533e+01  0.000000e+00
     vertex  1.393047e+02 -7.470533e+01  1.510000e+00
     vertex  1.394600e+02 -7.482452e+01  1.510000e+00
   endloop
 endfacet
 facet normal  7.933533e-01  6.087614e-01 -0.000000e+00
   outer loop
     vertex  1.393047e+02 -7.470533e+01  0.000000e+00
     vertex  1.391855e+02 -7.455000e+01  1.510000e+00
     vertex  1.393047e+02 -7.470533e+01  1.510000e+00
   endloop
 endfacet
 facet normal  7.933533e-01  6.087614e-01  0.000000e+00
   outer loop
     vertex  1.393047e+02 -7.470533e+01  0.000000e+00
     vertex  1.391855e+02 -7.455000e+01  0.000000e+00
     vertex  1.391855e+02 -7.455000e+01  1.510000e+00
   endloop
 endfacet
 facet normal  6.087614e-01  7.933533e-01 -0.000000e+00
   outer loop
     vertex  1.394600e+02 -7.482452e+01  0.000000e+00
     vertex  1.393047e+02 -7.470533e+01  0.000000e+00
     vertex  1.394600e+02 -7.482452e+01  1.510000e+00
   endloop
 endfacet
 facet normal  3.826834e-01  9.238795e-01 -0.000000e+00
   outer loop
     vertex  1.396409e+02 -7.489944e+01  0.000000e+00
     vertex  1.394600e+02 -7.482452e+01  1.510000e+00
     vertex  1.396409e+02 -7.489944e+01  1.510000e+00
   endloop
 endfacet
 facet normal  3.826834e-01  9.238795e-01  0.000000e+00
   outer loop
     vertex  1.396409e+02 -7.489944e+01  0.000000e+00
     vertex  1.394600e+02 -7.482452e+01  0.000000e+00
     vertex  1.394600e+02 -7.482452e+01  1.510000e+00
   endloop
 endfacet
 facet normal  1.305262e-01  9.914449e-01 -0.000000e+00
   outer loop
     vertex  1.398350e+02 -7.492500e+01  0.000000e+00
     vertex  1.396409e+02 -7.489944e+01  1.510000e+00
     vertex  1.398350e+02 -7.492500e+01  1.510000e+00
   endloop
 endfacet
 facet normal  1.305262e-01  9.914449e-01  0.000000e+00
   outer loop
     vertex  1.398350e+02 -7.492500e+01  0.000000e+00
     vertex  1.396409e+02 -7.489944e+01  0.000000e+00
     vertex  1.396409e+02 -7.489944e+01  1.510000e+00
   endloop
 endfacet
 facet normal -1.305262e-01  9.914449e-01  0.000000e+00
   outer loop
     vertex  1.425950e+02 -8.007604e+01  0.000000e+00
     vertex  1.423750e+02 -8.010500e+01  0.000000e+00
     vertex  1.423750e+02 -8.010500e+01  1.510000e+00
   endloop
 endfacet
 facet normal -1.305262e-01  9.914449e-01  0.000000e+00
   outer loop
     vertex  1.425950e+02 -8.007604e+01  0.000000e+00
     vertex  1.423750e+02 -8.010500e+01  1.510000e+00
     vertex  1.425950e+02 -8.007604e+01  1.510000e+00
   endloop
 endfacet
 facet normal -3.826834e-01  9.238795e-01  0.000000e+00
   outer loop
     vertex  1.428000e+02 -7.999112e+01  0.000000e+00
     vertex  1.425950e+02 -8.007604e+01  1.510000e+00
     vertex  1.428000e+02 -7.999112e+01  1.510000e+00
   endloop
 endfacet
 facet normal -3.826834e-01  9.238795e-01  0.000000e+00
   outer loop
     vertex  1.428000e+02 -7.999112e+01  0.000000e+00
     vertex  1.425950e+02 -8.007604e+01  0.000000e+00
     vertex  1.425950e+02 -8.007604e+01  1.510000e+00
   endloop
 endfacet
 facet normal -6.087614e-01  7.933533e-01  0.000000e+00
   outer loop
     vertex  1.429760e+02 -7.985604e+01  0.000000e+00
     vertex  1.428000e+02 -7.999112e+01  1.510000e+00
     vertex  1.429760e+02 -7.985604e+01  1.510000e+00
   endloop
 endfacet
 facet normal -6.087614e-01  7.933533e-01  0.000000e+00
   outer loop
     vertex  1.429760e+02 -7.985604e+01  0.000000e+00
     vertex  1.428000e+02 -7.999112e+01  0.000000e+00
     vertex  1.428000e+02 -7.999112e+01  1.510000e+00
   endloop
 endfacet
 facet normal -7.933533e-01  6.087614e-01  0.000000e+00
   outer loop
     vertex  1.431111e+02 -7.968000e+01  0.000000e+00
     vertex  1.429760e+02 -7.985604e+01  1.510000e+00
     vertex  1.431111e+02 -7.968000e+01  1.510000e+00
   endloop
 endfacet
 facet normal -7.933533e-01  6.087614e-01  0.000000e+00
   outer loop
     vertex  1.431111e+02 -7.968000e+01  0.000000e+00
     vertex  1.429760e+02 -7.985604e+01  0.000000e+00
     vertex  1.429760e+02 -7.985604e+01  1.510000e+00
   endloop
 endfacet
 facet normal -9.238795e-01  3.826834e-01  0.000000e+00
   outer loop
     vertex  1.431960e+02 -7.947500e+01  0.000000e+00
     vertex  1.431111e+02 -7.968000e+01  1.510000e+00
     vertex  1.431960e+02 -7.947500e+01  1.510000e+00
   endloop
 endfacet
 facet normal -9.238795e-01  3.826834e-01  0.000000e+00
   outer loop
     vertex  1.431960e+02 -7.947500e+01  0.000000e+00
     vertex  1.431111e+02 -7.968000e+01  0.000000e+00
     vertex  1.431111e+02 -7.968000e+01  1.510000e+00
   endloop
 endfacet
 facet normal -9.914449e-01  1.305262e-01  0.000000e+00
   outer loop
     vertex  1.432250e+02 -7.925500e+01  0.000000e+00
     vertex  1.431960e+02 -7.947500e+01  1.510000e+00
     vertex  1.432250e+02 -7.925500e+01  1.510000e+00
   endloop
 endfacet
 facet normal -9.914449e-01  1.305262e-01  0.000000e+00
   outer loop
     vertex  1.432250e+02 -7.925500e+01  0.000000e+00
     vertex  1.431960e+02 -7.947500e+01  0.000000e+00
     vertex  1.431960e+02 -7.947500e+01  1.510000e+00
   endloop
 endfacet
 facet normal -9.914449e-01 -1.305262e-01  0.000000e+00
   outer loop
     vertex  1.431960e+02 -7.903500e+01  0.000000e+00
     vertex  1.432250e+02 -7.925500e+01  1.510000e+00
     vertex  1.431960e+02 -7.903500e+01  1.510000e+00
   endloop
 endfacet
 facet normal -9.914449e-01 -1.305262e-01  0.000000e+00
   outer loop
     vertex  1.431960e+02 -7.903500e+01  0.000000e+00
     vertex  1.432250e+02 -7.925500e+01  0.000000e+00
     vertex  1.432250e+02 -7.925500e+01  1.510000e+00
   endloop
 endfacet
 facet normal -9.238795e-01 -3.826834e-01  0.000000e+00
   outer loop
     vertex  1.431111e+02 -7.883000e+01  0.000000e+00
     vertex  1.431960e+02 -7.903500e+01  1.510000e+00
     vertex  1.431111e+02 -7.883000e+01  1.510000e+00
   endloop
 endfacet
 facet normal -9.238795e-01 -3.826834e-01  0.000000e+00
   outer loop
     vertex  1.431111e+02 -7.883000e+01  0.000000e+00
     vertex  1.431960e+02 -7.903500e+01  0.000000e+00
     vertex  1.431960e+02 -7.903500e+01  1.510000e+00
   endloop
 endfacet
 facet normal -7.933533e-01 -6.087614e-01  0.000000e+00
   outer loop
     vertex  1.429760e+02 -7.865396e+01  0.000000e+00
     vertex  1.431111e+02 -7.883000e+01  1.510000e+00
     vertex  1.429760e+02 -7.865396e+01  1.510000e+00
   endloop
 endfacet
 facet normal -7.933533e-01 -6.087614e-01  0.000000e+00
   outer loop
     vertex  1.429760e+02 -7.865396e+01  0.000000e+00
     vertex  1.431111e+02 -7.883000e+01  0.000000e+00
     vertex  1.431111e+02 -7.883000e+01  1.510000e+00
   endloop
 endfacet
 facet normal -6.087614e-01 -7.933533e-01  0.000000e+00
   outer loop
     vertex  1.428000e+02 -7.851888e+01  0.000000e+00
     vertex  1.429760e+02 -7.865396e+01  1.510000e+00
     vertex  1.428000e+02 -7.851888e+01  1.510000e+00
   endloop
 endfacet
 facet normal -6.087614e-01 -7.933533e-01  0.000000e+00
   outer loop
     vertex  1.428000e+02 -7.851888e+01  0.000000e+00
     vertex  1.429760e+02 -7.865396e+01  0.000000e+00
     vertex  1.429760e+02 -7.865396e+01  1.510000e+00
   endloop
 endfacet
 facet normal -3.826834e-01 -9.238795e-01  0.000000e+00
   outer loop
     vertex  1.425950e+02 -7.843396e+01  0.000000e+00
     vertex  1.428000e+02 -7.851888e+01  1.510000e+00
     vertex  1.425950e+02 -7.843396e+01  1.510000e+00
   endloop
 endfacet
 facet normal -3.826834e-01 -9.238795e-01  0.000000e+00
   outer loop
     vertex  1.425950e+02 -7.843396e+01  0.000000e+00
     vertex  1.428000e+02 -7.851888e+01  0.000000e+00
     vertex  1.428000e+02 -7.851888e+01  1.510000e+00
   endloop
 endfacet
 facet normal -1.305262e-01 -9.914449e-01  0.000000e+00
   outer loop
     vertex  1.423750e+02 -7.840500e+01  0.000000e+00
     vertex  1.425950e+02 -7.843396e+01  1.510000e+00
     vertex  1.423750e+02 -7.840500e+01  1.510000e+00
   endloop
 endfacet
 facet normal -1.305262e-01 -9.914449e-01  0.000000e+00
   outer loop
     vertex  1.423750e+02 -7.840500e+01  0.000000e+00
     vertex  1.425950e+02 -7.843396e+01  0.000000e+00
     vertex  1.425950e+02 -7.843396e+01  1.510000e+00
   endloop
 endfacet
 facet normal  1.305262e-01 -9.914449e-01  0.000000e+00
   outer loop
     vertex  1.421550e+02 -7.843396e+01  0.000000e+00
     vertex  1.423750e+02 -7.840500e+01  1.510000e+00
     vertex  1.421550e+02 -7.843396e+01  1.510000e+00
   endloop
 endfacet
 facet normal  1.305262e-01 -9.914449e-01  0.000000e+00
   outer loop
     vertex  1.421550e+02 -7.843396e+01  0.000000e+00
     vertex  1.423750e+02 -7.840500e+01  0.000000e+00
     vertex  1.423750e+02 -7.840500e+01  1.510000e+00
   endloop
 endfacet
 facet normal  3.826834e-01 -9.238795e-01  0.000000e+00
   outer loop
     vertex  1.419500e+02 -7.851888e+01  0.000000e+00
     vertex  1.421550e+02 -7.843396e+01  0.000000e+00
     vertex  1.421550e+02 -7.843396e+01  1.510000e+00
   endloop
 endfacet
 facet normal  3.826834e-01 -9.238795e-01  0.000000e+00
   outer loop
     vertex  1.419500e+02 -7.851888e+01  0.000000e+00
     vertex  1.421550e+02 -7.843396e+01  1.510000e+00
     vertex  1.419500e+02 -7.851888e+01  1.510000e+00
   endloop
 endfacet
 facet normal  6.087614e-01 -7.933533e-01  0.000000e+00
   outer loop
     vertex  1.417740e+02 -7.865396e+01  0.000000e+00
     vertex  1.419500e+02 -7.851888e+01  0.000000e+00
     vertex  1.419500e+02 -7.851888e+01  1.510000e+00
   endloop
 endfacet
 facet normal  7.933533e-01 -6.087614e-01  0.000000e+00
   outer loop
     vertex  1.417740e+02 -7.865396e+01  0.000000e+00
     vertex  1.417740e+02 -7.865396e+01  1.510000e+00
     vertex  1.416389e+02 -7.883000e+01  1.510000e+00
   endloop
 endfacet
 facet normal  6.087614e-01 -7.933533e-01  0.000000e+00
   outer loop
     vertex  1.417740e+02 -7.865396e+01  0.000000e+00
     vertex  1.419500e+02 -7.851888e+01  1.510000e+00
     vertex  1.417740e+02 -7.865396e+01  1.510000e+00
   endloop
 endfacet
 facet normal  7.933533e-01 -6.087614e-01  0.000000e+00
   outer loop
     vertex  1.416389e+02 -7.883000e+01  0.000000e+00
     vertex  1.417740e+02 -7.865396e+01  0.000000e+00
     vertex  1.416389e+02 -7.883000e+01  1.510000e+00
   endloop
 endfacet
 facet normal  9.238795e-01 -3.826834e-01  0.000000e+00
   outer loop
     vertex  1.416389e+02 -7.883000e+01  0.000000e+00
     vertex  1.416389e+02 -7.883000e+01  1.510000e+00
     vertex  1.415540e+02 -7.903500e+01  1.510000e+00
   endloop
 endfacet
 facet normal  9.238795e-01 -3.826834e-01  0.000000e+00
   outer loop
     vertex  1.415540e+02 -7.903500e+01  0.000000e+00
     vertex  1.416389e+02 -7.883000e+01  0.000000e+00
     vertex  1.415540e+02 -7.903500e+01  1.510000e+00
   endloop
 endfacet
 facet normal  9.914449e-01 -1.305262e-01  0.000000e+00
   outer loop
     vertex  1.415250e+02 -7.925500e+01  0.000000e+00
     vertex  1.415540e+02 -7.903500e+01  0.000000e+00
     vertex  1.415540e+02 -7.903500e+01  1.510000e+00
   endloop
 endfacet
 facet normal  9.914449e-01 -1.305262e-01  0.000000e+00
   outer loop
     vertex  1.415250e+02 -7.925500e+01  0.000000e+00
     vertex  1.415540e+02 -7.903500e+01  1.510000e+00
     vertex  1.415250e+02 -7.925500e+01  1.510000e+00
   endloop
 endfacet
 facet normal  9.914449e-01  1.305262e-01 -0.000000e+00
   outer loop
     vertex  1.415540e+02 -7.947500e+01  0.000000e+00
     vertex  1.415250e+02 -7.925500e+01  1.510000e+00
     vertex  1.415540e+02 -7.947500e+01  1.510000e+00
   endloop
 endfacet
 facet normal  9.914449e-01  1.305262e-01  0.000000e+00
   outer loop
     vertex  1.415540e+02 -7.947500e+01  0.000000e+00
     vertex  1.415250e+02 -7.925500e+01  0.000000e+00
     vertex  1.415250e+02 -7.925500e+01  1.510000e+00
   endloop
 endfacet
 facet normal  9.238795e-01  3.826834e-01 -0.000000e+00
   outer loop
     vertex  1.416389e+02 -7.968000e+01  0.000000e+00
     vertex  1.415540e+02 -7.947500e+01  1.510000e+00
     vertex  1.416389e+02 -7.968000e+01  1.510000e+00
   endloop
 endfacet
 facet normal  9.238795e-01  3.826834e-01  0.000000e+00
   outer loop
     vertex  1.416389e+02 -7.968000e+01  0.000000e+00
     vertex  1.415540e+02 -7.947500e+01  0.000000e+00
     vertex  1.415540e+02 -7.947500e+01  1.510000e+00
   endloop
 endfacet
 facet normal  6.087614e-01  7.933533e-01 -0.000000e+00
   outer loop
     vertex  1.417740e+02 -7.985604e+01  0.000000e+00
     vertex  1.417740e+02 -7.985604e+01  1.510000e+00
     vertex  1.419500e+02 -7.999112e+01  1.510000e+00
   endloop
 endfacet
 facet normal  7.933533e-01  6.087614e-01 -0.000000e+00
   outer loop
     vertex  1.417740e+02 -7.985604e+01  0.000000e+00
     vertex  1.416389e+02 -7.968000e+01  1.510000e+00
     vertex  1.417740e+02 -7.985604e+01  1.510000e+00
   endloop
 endfacet
 facet normal  7.933533e-01  6.087614e-01  0.000000e+00
   outer loop
     vertex  1.417740e+02 -7.985604e+01  0.000000e+00
     vertex  1.416389e+02 -7.968000e+01  0.000000e+00
     vertex  1.416389e+02 -7.968000e+01  1.510000e+00
   endloop
 endfacet
 facet normal  6.087614e-01  7.933533e-01 -0.000000e+00
   outer loop
     vertex  1.419500e+02 -7.999112e+01  0.000000e+00
     vertex  1.417740e+02 -7.985604e+01  0.000000e+00
     vertex  1.419500e+02 -7.999112e+01  1.510000e+00
   endloop
 endfacet
 facet normal  3.826834e-01  9.238795e-01 -0.000000e+00
   outer loop
     vertex  1.421550e+02 -8.007604e+01  0.000000e+00
     vertex  1.419500e+02 -7.999112e+01  1.510000e+00
     vertex  1.421550e+02 -8.007604e+01  1.510000e+00
   endloop
 endfacet
 facet normal  3.826834e-01  9.238795e-01  0.000000e+00
   outer loop
     vertex  1.421550e+02 -8.007604e+01  0.000000e+00
     vertex  1.419500e+02 -7.999112e+01  0.000000e+00
     vertex  1.419500e+02 -7.999112e+01  1.510000e+00
   endloop
 endfacet
 facet normal  1.305262e-01  9.914449e-01 -0.000000e+00
   outer loop
     vertex  1.423750e+02 -8.010500e+01  0.000000e+00
     vertex  1.421550e+02 -8.007604e+01  1.510000e+00
     vertex  1.423750e+02 -8.010500e+01  1.510000e+00
   endloop
 endfacet
 facet normal  1.305262e-01  9.914449e-01  0.000000e+00
   outer loop
     vertex  1.423750e+02 -8.010500e+01  0.000000e+00
     vertex  1.421550e+02 -8.007604e+01  0.000000e+00
     vertex  1.421550e+02 -8.007604e+01  1.510000e+00
   endloop
 endfacet
 facet normal -1.305262e-01  9.914449e-01  0.000000e+00
   outer loop
     vertex  1.378126e+02 -6.205185e+01  0.000000e+00
     vertex  1.372950e+02 -6.212000e+01  0.000000e+00
     vertex  1.372950e+02 -6.212000e+01  1.510000e+00
   endloop
 endfacet
 facet normal -1.305262e-01  9.914449e-01  0.000000e+00
   outer loop
     vertex  1.378126e+02 -6.205185e+01  0.000000e+00
     vertex  1.372950e+02 -6.212000e+01  1.510000e+00
     vertex  1.378126e+02 -6.205185e+01  1.510000e+00
   endloop
 endfacet
 facet normal -3.826834e-01  9.238795e-01  0.000000e+00
   outer loop
     vertex  1.382950e+02 -6.185205e+01  0.000000e+00
     vertex  1.378126e+02 -6.205185e+01  1.510000e+00
     vertex  1.382950e+02 -6.185205e+01  1.510000e+00
   endloop
 endfacet
 facet normal -3.826834e-01  9.238795e-01  0.000000e+00
   outer loop
     vertex  1.382950e+02 -6.185205e+01  0.000000e+00
     vertex  1.378126e+02 -6.205185e+01  0.000000e+00
     vertex  1.378126e+02 -6.205185e+01  1.510000e+00
   endloop
 endfacet
 facet normal -6.087614e-01  7.933533e-01  0.000000e+00
   outer loop
     vertex  1.387092e+02 -6.153421e+01  0.000000e+00
     vertex  1.382950e+02 -6.185205e+01  1.510000e+00
     vertex  1.387092e+02 -6.153421e+01  1.510000e+00
   endloop
 endfacet
 facet normal -6.087614e-01  7.933533e-01  0.000000e+00
   outer loop
     vertex  1.387092e+02 -6.153421e+01  0.000000e+00
     vertex  1.382950e+02 -6.185205e+01  0.000000e+00
     vertex  1.382950e+02 -6.185205e+01  1.510000e+00
   endloop
 endfacet
 facet normal -7.933533e-01  6.087614e-01  0.000000e+00
   outer loop
     vertex  1.390271e+02 -6.112000e+01  0.000000e+00
     vertex  1.387092e+02 -6.153421e+01  1.510000e+00
     vertex  1.390271e+02 -6.112000e+01  1.510000e+00
   endloop
 endfacet
 facet normal -7.933533e-01  6.087614e-01  0.000000e+00
   outer loop
     vertex  1.390271e+02 -6.112000e+01  0.000000e+00
     vertex  1.387092e+02 -6.153421e+01  0.000000e+00
     vertex  1.387092e+02 -6.153421e+01  1.510000e+00
   endloop
 endfacet
 facet normal -9.238795e-01  3.826834e-01  0.000000e+00
   outer loop
     vertex  1.392269e+02 -6.063764e+01  0.000000e+00
     vertex  1.390271e+02 -6.112000e+01  1.510000e+00
     vertex  1.392269e+02 -6.063764e+01  1.510000e+00
   endloop
 endfacet
 facet normal -9.238795e-01  3.826834e-01  0.000000e+00
   outer loop
     vertex  1.392269e+02 -6.063764e+01  0.000000e+00
     vertex  1.390271e+02 -6.112000e+01  0.000000e+00
     vertex  1.390271e+02 -6.112000e+01  1.510000e+00
   endloop
 endfacet
 facet normal -9.914449e-01  1.305262e-01  0.000000e+00
   outer loop
     vertex  1.392950e+02 -6.012000e+01  0.000000e+00
     vertex  1.392269e+02 -6.063764e+01  1.510000e+00
     vertex  1.392950e+02 -6.012000e+01  1.510000e+00
   endloop
 endfacet
 facet normal -9.914449e-01  1.305262e-01  0.000000e+00
   outer loop
     vertex  1.392950e+02 -6.012000e+01  0.000000e+00
     vertex  1.392269e+02 -6.063764e+01  0.000000e+00
     vertex  1.392269e+02 -6.063764e+01  1.510000e+00
   endloop
 endfacet
 facet normal -9.914449e-01 -1.305262e-01  0.000000e+00
   outer loop
     vertex  1.392269e+02 -5.960236e+01  0.000000e+00
     vertex  1.392950e+02 -6.012000e+01  1.510000e+00
     vertex  1.392269e+02 -5.960236e+01  1.510000e+00
   endloop
 endfacet
 facet normal -9.914449e-01 -1.305262e-01  0.000000e+00
   outer loop
     vertex  1.392269e+02 -5.960236e+01  0.000000e+00
     vertex  1.392950e+02 -6.012000e+01  0.000000e+00
     vertex  1.392950e+02 -6.012000e+01  1.510000e+00
   endloop
 endfacet
 facet normal -9.238795e-01 -3.826834e-01  0.000000e+00
   outer loop
     vertex  1.390271e+02 -5.912000e+01  0.000000e+00
     vertex  1.392269e+02 -5.960236e+01  1.510000e+00
     vertex  1.390271e+02 -5.912000e+01  1.510000e+00
   endloop
 endfacet
 facet normal -9.238795e-01 -3.826834e-01  0.000000e+00
   outer loop
     vertex  1.390271e+02 -5.912000e+01  0.000000e+00
     vertex  1.392269e+02 -5.960236e+01  0.000000e+00
     vertex  1.392269e+02 -5.960236e+01  1.510000e+00
   endloop
 endfacet
 facet normal -7.933533e-01 -6.087614e-01  0.000000e+00
   outer loop
     vertex  1.387092e+02 -5.870579e+01  0.000000e+00
     vertex  1.390271e+02 -5.912000e+01  1.510000e+00
     vertex  1.387092e+02 -5.870579e+01  1.510000e+00
   endloop
 endfacet
 facet normal -7.933533e-01 -6.087614e-01  0.000000e+00
   outer loop
     vertex  1.387092e+02 -5.870579e+01  0.000000e+00
     vertex  1.390271e+02 -5.912000e+01  0.000000e+00
     vertex  1.390271e+02 -5.912000e+01  1.510000e+00
   endloop
 endfacet
 facet normal -6.087614e-01 -7.933533e-01  0.000000e+00
   outer loop
     vertex  1.382950e+02 -5.838795e+01  0.000000e+00
     vertex  1.387092e+02 -5.870579e+01  1.510000e+00
     vertex  1.382950e+02 -5.838795e+01  1.510000e+00
   endloop
 endfacet
 facet normal -6.087614e-01 -7.933533e-01  0.000000e+00
   outer loop
     vertex  1.382950e+02 -5.838795e+01  0.000000e+00
     vertex  1.387092e+02 -5.870579e+01  0.000000e+00
     vertex  1.387092e+02 -5.870579e+01  1.510000e+00
   endloop
 endfacet
 facet normal -3.826834e-01 -9.238795e-01  0.000000e+00
   outer loop
     vertex  1.378126e+02 -5.818815e+01  0.000000e+00
     vertex  1.382950e+02 -5.838795e+01  1.510000e+00
     vertex  1.378126e+02 -5.818815e+01  1.510000e+00
   endloop
 endfacet
 facet normal -3.826834e-01 -9.238795e-01  0.000000e+00
   outer loop
     vertex  1.378126e+02 -5.818815e+01  0.000000e+00
     vertex  1.382950e+02 -5.838795e+01  0.000000e+00
     vertex  1.382950e+02 -5.838795e+01  1.510000e+00
   endloop
 endfacet
 facet normal -1.305262e-01 -9.914449e-01  0.000000e+00
   outer loop
     vertex  1.372950e+02 -5.812000e+01  0.000000e+00
     vertex  1.378126e+02 -5.818815e+01  1.510000e+00
     vertex  1.372950e+02 -5.812000e+01  1.510000e+00
   endloop
 endfacet
 facet normal -1.305262e-01 -9.914449e-01  0.000000e+00
   outer loop
     vertex  1.372950e+02 -5.812000e+01  0.000000e+00
     vertex  1.378126e+02 -5.818815e+01  0.000000e+00
     vertex  1.378126e+02 -5.818815e+01  1.510000e+00
   endloop
 endfacet
 facet normal  1.305262e-01 -9.914449e-01  0.000000e+00
   outer loop
     vertex  1.367774e+02 -5.818815e+01  0.000000e+00
     vertex  1.372950e+02 -5.812000e+01  1.510000e+00
     vertex  1.367774e+02 -5.818815e+01  1.510000e+00
   endloop
 endfacet
 facet normal  1.305262e-01 -9.914449e-01  0.000000e+00
   outer loop
     vertex  1.367774e+02 -5.818815e+01  0.000000e+00
     vertex  1.372950e+02 -5.812000e+01  0.000000e+00
     vertex  1.372950e+02 -5.812000e+01  1.510000e+00
   endloop
 endfacet
 facet normal  3.826834e-01 -9.238795e-01  0.000000e+00
   outer loop
     vertex  1.362950e+02 -5.838795e+01  0.000000e+00
     vertex  1.367774e+02 -5.818815e+01  0.000000e+00
     vertex  1.367774e+02 -5.818815e+01  1.510000e+00
   endloop
 endfacet
 facet normal  3.826834e-01 -9.238795e-01  0.000000e+00
   outer loop
     vertex  1.362950e+02 -5.838795e+01  0.000000e+00
     vertex  1.367774e+02 -5.818815e+01  1.510000e+00
     vertex  1.362950e+02 -5.838795e+01  1.510000e+00
   endloop
 endfacet
 facet normal  6.087614e-01 -7.933533e-01  0.000000e+00
   outer loop
     vertex  1.358808e+02 -5.870579e+01  0.000000e+00
     vertex  1.362950e+02 -5.838795e+01  0.000000e+00
     vertex  1.362950e+02 -5.838795e+01  1.510000e+00
   endloop
 endfacet
 facet normal  7.933533e-01 -6.087614e-01  0.000000e+00
   outer loop
     vertex  1.358808e+02 -5.870579e+01  0.000000e+00
     vertex  1.358808e+02 -5.870579e+01  1.510000e+00
     vertex  1.355629e+02 -5.912000e+01  1.510000e+00
   endloop
 endfacet
 facet normal  6.087614e-01 -7.933533e-01  0.000000e+00
   outer loop
     vertex  1.358808e+02 -5.870579e+01  0.000000e+00
     vertex  1.362950e+02 -5.838795e+01  1.510000e+00
     vertex  1.358808e+02 -5.870579e+01  1.510000e+00
   endloop
 endfacet
 facet normal  7.933533e-01 -6.087614e-01  0.000000e+00
   outer loop
     vertex  1.355629e+02 -5.912000e+01  0.000000e+00
     vertex  1.358808e+02 -5.870579e+01  0.000000e+00
     vertex  1.355629e+02 -5.912000e+01  1.510000e+00
   endloop
 endfacet
 facet normal  9.238795e-01 -3.826834e-01  0.000000e+00
   outer loop
     vertex  1.355629e+02 -5.912000e+01  0.000000e+00
     vertex  1.355629e+02 -5.912000e+01  1.510000e+00
     vertex  1.353631e+02 -5.960236e+01  1.510000e+00
   endloop
 endfacet
 facet normal  9.238795e-01 -3.826834e-01  0.000000e+00
   outer loop
     vertex  1.353631e+02 -5.960236e+01  0.000000e+00
     vertex  1.355629e+02 -5.912000e+01  0.000000e+00
     vertex  1.353631e+02 -5.960236e+01  1.510000e+00
   endloop
 endfacet
 facet normal  9.914449e-01 -1.305262e-01  0.000000e+00
   outer loop
     vertex  1.352950e+02 -6.012000e+01  0.000000e+00
     vertex  1.353631e+02 -5.960236e+01  0.000000e+00
     vertex  1.353631e+02 -5.960236e+01  1.510000e+00
   endloop
 endfacet
 facet normal  9.914449e-01 -1.305262e-01  0.000000e+00
   outer loop
     vertex  1.352950e+02 -6.012000e+01  0.000000e+00
     vertex  1.353631e+02 -5.960236e+01  1.510000e+00
     vertex  1.352950e+02 -6.012000e+01  1.510000e+00
   endloop
 endfacet
 facet normal  9.914449e-01  1.305262e-01 -0.000000e+00
   outer loop
     vertex  1.353631e+02 -6.063764e+01  0.000000e+00
     vertex  1.352950e+02 -6.012000e+01  1.510000e+00
     vertex  1.353631e+02 -6.063764e+01  1.510000e+00
   endloop
 endfacet
 facet normal  9.914449e-01  1.305262e-01  0.000000e+00
   outer loop
     vertex  1.353631e+02 -6.063764e+01  0.000000e+00
     vertex  1.352950e+02 -6.012000e+01  0.000000e+00
     vertex  1.352950e+02 -6.012000e+01  1.510000e+00
   endloop
 endfacet
 facet normal  9.238795e-01  3.826834e-01 -0.000000e+00
   outer loop
     vertex  1.355629e+02 -6.112000e+01  0.000000e+00
     vertex  1.353631e+02 -6.063764e+01  1.510000e+00
     vertex  1.355629e+02 -6.112000e+01  1.510000e+00
   endloop
 endfacet
 facet normal  9.238795e-01  3.826834e-01  0.000000e+00
   outer loop
     vertex  1.355629e+02 -6.112000e+01  0.000000e+00
     vertex  1.353631e+02 -6.063764e+01  0.000000e+00
     vertex  1.353631e+02 -6.063764e+01  1.510000e+00
   endloop
 endfacet
 facet normal  6.087614e-01  7.933533e-01 -0.000000e+00
   outer loop
     vertex  1.358808e+02 -6.153421e+01  0.000000e+00
     vertex  1.358808e+02 -6.153421e+01  1.510000e+00
     vertex  1.362950e+02 -6.185205e+01  1.510000e+00
   endloop
 endfacet
 facet normal  7.933533e-01  6.087614e-01 -0.000000e+00
   outer loop
     vertex  1.358808e+02 -6.153421e+01  0.000000e+00
     vertex  1.355629e+02 -6.112000e+01  1.510000e+00
     vertex  1.358808e+02 -6.153421e+01  1.510000e+00
   endloop
 endfacet
 facet normal  7.933533e-01  6.087614e-01  0.000000e+00
   outer loop
     vertex  1.358808e+02 -6.153421e+01  0.000000e+00
     vertex  1.355629e+02 -6.112000e+01  0.000000e+00
     vertex  1.355629e+02 -6.112000e+01  1.510000e+00
   endloop
 endfacet
 facet normal  6.087614e-01  7.933533e-01 -0.000000e+00
   outer loop
     vertex  1.362950e+02 -6.185205e+01  0.000000e+00
     vertex  1.358808e+02 -6.153421e+01  0.000000e+00
     vertex  1.362950e+02 -6.185205e+01  1.510000e+00
   endloop
 endfacet
 facet normal  3.826834e-01  9.238795e-01 -0.000000e+00
   outer loop
     vertex  1.367774e+02 -6.205185e+01  0.000000e+00
     vertex  1.362950e+02 -6.185205e+01  1.510000e+00
     vertex  1.367774e+02 -6.205185e+01  1.510000e+00
   endloop
 endfacet
 facet normal  3.826834e-01  9.238795e-01  0.000000e+00
   outer loop
     vertex  1.367774e+02 -6.205185e+01  0.000000e+00
     vertex  1.362950e+02 -6.185205e+01  0.000000e+00
     vertex  1.362950e+02 -6.185205e+01  1.510000e+00
   endloop
 endfacet
 facet normal  1.305262e-01  9.914449e-01 -0.000000e+00
   outer loop
     vertex  1.372950e+02 -6.212000e+01  0.000000e+00
     vertex  1.367774e+02 -6.205185e+01  1.510000e+00
     vertex  1.372950e+02 -6.212000e+01  1.510000e+00
   endloop
 endfacet
 facet normal  1.305262e-01  9.914449e-01  0.000000e+00
   outer loop
     vertex  1.372950e+02 -6.212000e+01  0.000000e+00
     vertex  1.367774e+02 -6.205185e+01  0.000000e+00
     vertex  1.367774e+02 -6.205185e+01  1.510000e+00
   endloop
 endfacet
 facet normal -1.305262e-01  9.914449e-01  0.000000e+00
   outer loop
     vertex  1.400291e+02 -5.576444e+01  0.000000e+00
     vertex  1.398350e+02 -5.579000e+01  0.000000e+00
     vertex  1.398350e+02 -5.579000e+01  1.510000e+00
   endloop
 endfacet
 facet normal -1.305262e-01  9.914449e-01  0.000000e+00
   outer loop
     vertex  1.400291e+02 -5.576444e+01  0.000000e+00
     vertex  1.398350e+02 -5.579000e+01  1.510000e+00
     vertex  1.400291e+02 -5.576444e+01  1.510000e+00
   endloop
 endfacet
 facet normal -3.826834e-01  9.238795e-01  0.000000e+00
   outer loop
     vertex  1.402100e+02 -5.568952e+01  0.000000e+00
     vertex  1.400291e+02 -5.576444e+01  1.510000e+00
     vertex  1.402100e+02 -5.568952e+01  1.510000e+00
   endloop
 endfacet
 facet normal -3.826834e-01  9.238795e-01  0.000000e+00
   outer loop
     vertex  1.402100e+02 -5.568952e+01  0.000000e+00
     vertex  1.400291e+02 -5.576444e+01  0.000000e+00
     vertex  1.400291e+02 -5.576444e+01  1.510000e+00
   endloop
 endfacet
 facet normal -6.087614e-01  7.933533e-01  0.000000e+00
   outer loop
     vertex  1.403653e+02 -5.557033e+01  0.000000e+00
     vertex  1.402100e+02 -5.568952e+01  1.510000e+00
     vertex  1.403653e+02 -5.557033e+01  1.510000e+00
   endloop
 endfacet
 facet normal -6.087614e-01  7.933533e-01  0.000000e+00
   outer loop
     vertex  1.403653e+02 -5.557033e+01  0.000000e+00
     vertex  1.402100e+02 -5.568952e+01  0.000000e+00
     vertex  1.402100e+02 -5.568952e+01  1.510000e+00
   endloop
 endfacet
 facet normal -7.933533e-01  6.087614e-01  0.000000e+00
   outer loop
     vertex  1.404845e+02 -5.541500e+01  0.000000e+00
     vertex  1.403653e+02 -5.557033e+01  1.510000e+00
     vertex  1.404845e+02 -5.541500e+01  1.510000e+00
   endloop
 endfacet
 facet normal -7.933533e-01  6.087614e-01  0.000000e+00
   outer loop
     vertex  1.404845e+02 -5.541500e+01  0.000000e+00
     vertex  1.403653e+02 -5.557033e+01  0.000000e+00
     vertex  1.403653e+02 -5.557033e+01  1.510000e+00
   endloop
 endfacet
 facet normal -9.238795e-01  3.826834e-01  0.000000e+00
   outer loop
     vertex  1.405594e+02 -5.523411e+01  0.000000e+00
     vertex  1.404845e+02 -5.541500e+01  1.510000e+00
     vertex  1.405594e+02 -5.523411e+01  1.510000e+00
   endloop
 endfacet
 facet normal -9.238795e-01  3.826834e-01  0.000000e+00
   outer loop
     vertex  1.405594e+02 -5.523411e+01  0.000000e+00
     vertex  1.404845e+02 -5.541500e+01  0.000000e+00
     vertex  1.404845e+02 -5.541500e+01  1.510000e+00
   endloop
 endfacet
 facet normal -9.914449e-01  1.305262e-01  0.000000e+00
   outer loop
     vertex  1.405850e+02 -5.504000e+01  0.000000e+00
     vertex  1.405594e+02 -5.523411e+01  1.510000e+00
     vertex  1.405850e+02 -5.504000e+01  1.510000e+00
   endloop
 endfacet
 facet normal -9.914449e-01  1.305262e-01  0.000000e+00
   outer loop
     vertex  1.405850e+02 -5.504000e+01  0.000000e+00
     vertex  1.405594e+02 -5.523411e+01  0.000000e+00
     vertex  1.405594e+02 -5.523411e+01  1.510000e+00
   endloop
 endfacet
 facet normal -9.914449e-01 -1.305262e-01  0.000000e+00
   outer loop
     vertex  1.405594e+02 -5.484589e+01  0.000000e+00
     vertex  1.405850e+02 -5.504000e+01  1.510000e+00
     vertex  1.405594e+02 -5.484589e+01  1.510000e+00
   endloop
 endfacet
 facet normal -9.914449e-01 -1.305262e-01  0.000000e+00
   outer loop
     vertex  1.405594e+02 -5.484589e+01  0.000000e+00
     vertex  1.405850e+02 -5.504000e+01  0.000000e+00
     vertex  1.405850e+02 -5.504000e+01  1.510000e+00
   endloop
 endfacet
 facet normal -9.238795e-01 -3.826834e-01  0.000000e+00
   outer loop
     vertex  1.404845e+02 -5.466500e+01  0.000000e+00
     vertex  1.405594e+02 -5.484589e+01  1.510000e+00
     vertex  1.404845e+02 -5.466500e+01  1.510000e+00
   endloop
 endfacet
 facet normal -9.238795e-01 -3.826834e-01  0.000000e+00
   outer loop
     vertex  1.404845e+02 -5.466500e+01  0.000000e+00
     vertex  1.405594e+02 -5.484589e+01  0.000000e+00
     vertex  1.405594e+02 -5.484589e+01  1.510000e+00
   endloop
 endfacet
 facet normal -7.933533e-01 -6.087614e-01  0.000000e+00
   outer loop
     vertex  1.403653e+02 -5.450967e+01  0.000000e+00
     vertex  1.404845e+02 -5.466500e+01  1.510000e+00
     vertex  1.403653e+02 -5.450967e+01  1.510000e+00
   endloop
 endfacet
 facet normal -7.933533e-01 -6.087614e-01  0.000000e+00
   outer loop
     vertex  1.403653e+02 -5.450967e+01  0.000000e+00
     vertex  1.404845e+02 -5.466500e+01  0.000000e+00
     vertex  1.404845e+02 -5.466500e+01  1.510000e+00
   endloop
 endfacet
 facet normal -6.087614e-01 -7.933533e-01  0.000000e+00
   outer loop
     vertex  1.402100e+02 -5.439048e+01  0.000000e+00
     vertex  1.403653e+02 -5.450967e+01  1.510000e+00
     vertex  1.402100e+02 -5.439048e+01  1.510000e+00
   endloop
 endfacet
 facet normal -6.087614e-01 -7.933533e-01  0.000000e+00
   outer loop
     vertex  1.402100e+02 -5.439048e+01  0.000000e+00
     vertex  1.403653e+02 -5.450967e+01  0.000000e+00
     vertex  1.403653e+02 -5.450967e+01  1.510000e+00
   endloop
 endfacet
 facet normal -3.826834e-01 -9.238795e-01  0.000000e+00
   outer loop
     vertex  1.400291e+02 -5.431556e+01  0.000000e+00
     vertex  1.402100e+02 -5.439048e+01  1.510000e+00
     vertex  1.400291e+02 -5.431556e+01  1.510000e+00
   endloop
 endfacet
 facet normal -3.826834e-01 -9.238795e-01  0.000000e+00
   outer loop
     vertex  1.400291e+02 -5.431556e+01  0.000000e+00
     vertex  1.402100e+02 -5.439048e+01  0.000000e+00
     vertex  1.402100e+02 -5.439048e+01  1.510000e+00
   endloop
 endfacet
 facet normal -1.305262e-01 -9.914449e-01  0.000000e+00
   outer loop
     vertex  1.398350e+02 -5.429000e+01  0.000000e+00
     vertex  1.400291e+02 -5.431556e+01  1.510000e+00
     vertex  1.398350e+02 -5.429000e+01  1.510000e+00
   endloop
 endfacet
 facet normal -1.305262e-01 -9.914449e-01  0.000000e+00
   outer loop
     vertex  1.398350e+02 -5.429000e+01  0.000000e+00
     vertex  1.400291e+02 -5.431556e+01  0.000000e+00
     vertex  1.400291e+02 -5.431556e+01  1.510000e+00
   endloop
 endfacet
 facet normal  1.305262e-01 -9.914449e-01  0.000000e+00
   outer loop
     vertex  1.396409e+02 -5.431556e+01  0.000000e+00
     vertex  1.398350e+02 -5.429000e+01  1.510000e+00
     vertex  1.396409e+02 -5.431556e+01  1.510000e+00
   endloop
 endfacet
 facet normal  1.305262e-01 -9.914449e-01  0.000000e+00
   outer loop
     vertex  1.396409e+02 -5.431556e+01  0.000000e+00
     vertex  1.398350e+02 -5.429000e+01  0.000000e+00
     vertex  1.398350e+02 -5.429000e+01  1.510000e+00
   endloop
 endfacet
 facet normal  3.826834e-01 -9.238795e-01  0.000000e+00
   outer loop
     vertex  1.394600e+02 -5.439048e+01  0.000000e+00
     vertex  1.396409e+02 -5.431556e+01  0.000000e+00
     vertex  1.396409e+02 -5.431556e+01  1.510000e+00
   endloop
 endfacet
 facet normal  3.826834e-01 -9.238795e-01  0.000000e+00
   outer loop
     vertex  1.394600e+02 -5.439048e+01  0.000000e+00
     vertex  1.396409e+02 -5.431556e+01  1.510000e+00
     vertex  1.394600e+02 -5.439048e+01  1.510000e+00
   endloop
 endfacet
 facet normal  6.087614e-01 -7.933533e-01  0.000000e+00
   outer loop
     vertex  1.393047e+02 -5.450967e+01  0.000000e+00
     vertex  1.394600e+02 -5.439048e+01  0.000000e+00
     vertex  1.394600e+02 -5.439048e+01  1.510000e+00
   endloop
 endfacet
 facet normal  7.933533e-01 -6.087614e-01  0.000000e+00
   outer loop
     vertex  1.393047e+02 -5.450967e+01  0.000000e+00
     vertex  1.393047e+02 -5.450967e+01  1.510000e+00
     vertex  1.391855e+02 -5.466500e+01  1.510000e+00
   endloop
 endfacet
 facet normal  6.087614e-01 -7.933533e-01  0.000000e+00
   outer loop
     vertex  1.393047e+02 -5.450967e+01  0.000000e+00
     vertex  1.394600e+02 -5.439048e+01  1.510000e+00
     vertex  1.393047e+02 -5.450967e+01  1.510000e+00
   endloop
 endfacet
 facet normal  7.933533e-01 -6.087614e-01  0.000000e+00
   outer loop
     vertex  1.391855e+02 -5.466500e+01  0.000000e+00
     vertex  1.393047e+02 -5.450967e+01  0.000000e+00
     vertex  1.391855e+02 -5.466500e+01  1.510000e+00
   endloop
 endfacet
 facet normal  9.238795e-01 -3.826834e-01  0.000000e+00
   outer loop
     vertex  1.391855e+02 -5.466500e+01  0.000000e+00
     vertex  1.391855e+02 -5.466500e+01  1.510000e+00
     vertex  1.391106e+02 -5.484589e+01  1.510000e+00
   endloop
 endfacet
 facet normal  9.238795e-01 -3.826834e-01  0.000000e+00
   outer loop
     vertex  1.391106e+02 -5.484589e+01  0.000000e+00
     vertex  1.391855e+02 -5.466500e+01  0.000000e+00
     vertex  1.391106e+02 -5.484589e+01  1.510000e+00
   endloop
 endfacet
 facet normal  9.914449e-01 -1.305262e-01  0.000000e+00
   outer loop
     vertex  1.390850e+02 -5.504000e+01  0.000000e+00
     vertex  1.391106e+02 -5.484589e+01  0.000000e+00
     vertex  1.391106e+02 -5.484589e+01  1.510000e+00
   endloop
 endfacet
 facet normal  9.914449e-01 -1.305262e-01  0.000000e+00
   outer loop
     vertex  1.390850e+02 -5.504000e+01  0.000000e+00
     vertex  1.391106e+02 -5.484589e+01  1.510000e+00
     vertex  1.390850e+02 -5.504000e+01  1.510000e+00
   endloop
 endfacet
 facet normal  9.914449e-01  1.305262e-01 -0.000000e+00
   outer loop
     vertex  1.391106e+02 -5.523411e+01  0.000000e+00
     vertex  1.390850e+02 -5.504000e+01  1.510000e+00
     vertex  1.391106e+02 -5.523411e+01  1.510000e+00
   endloop
 endfacet
 facet normal  9.914449e-01  1.305262e-01  0.000000e+00
   outer loop
     vertex  1.391106e+02 -5.523411e+01  0.000000e+00
     vertex  1.390850e+02 -5.504000e+01  0.000000e+00
     vertex  1.390850e+02 -5.504000e+01  1.510000e+00
   endloop
 endfacet
 facet normal  9.238795e-01  3.826834e-01 -0.000000e+00
   outer loop
     vertex  1.391855e+02 -5.541500e+01  0.000000e+00
     vertex  1.391106e+02 -5.523411e+01  1.510000e+00
     vertex  1.391855e+02 -5.541500e+01  1.510000e+00
   endloop
 endfacet
 facet normal  9.238795e-01  3.826834e-01  0.000000e+00
   outer loop
     vertex  1.391855e+02 -5.541500e+01  0.000000e+00
     vertex  1.391106e+02 -5.523411e+01  0.000000e+00
     vertex  1.391106e+02 -5.523411e+01  1.510000e+00
   endloop
 endfacet
 facet normal  6.087614e-01  7.933533e-01 -0.000000e+00
   outer loop
     vertex  1.393047e+02 -5.557033e+01  0.000000e+00
     vertex  1.393047e+02 -5.557033e+01  1.510000e+00
     vertex  1.394600e+02 -5.568952e+01  1.510000e+00
   endloop
 endfacet
 facet normal  7.933533e-01  6.087614e-01 -0.000000e+00
   outer loop
     vertex  1.393047e+02 -5.557033e+01  0.000000e+00
     vertex  1.391855e+02 -5.541500e+01  1.510000e+00
     vertex  1.393047e+02 -5.557033e+01  1.510000e+00
   endloop
 endfacet
 facet normal  7.933533e-01  6.087614e-01  0.000000e+00
   outer loop
     vertex  1.393047e+02 -5.557033e+01  0.000000e+00
     vertex  1.391855e+02 -5.541500e+01  0.000000e+00
     vertex  1.391855e+02 -5.541500e+01  1.510000e+00
   endloop
 endfacet
 facet normal  6.087614e-01  7.933533e-01 -0.000000e+00
   outer loop
     vertex  1.394600e+02 -5.568952e+01  0.000000e+00
     vertex  1.393047e+02 -5.557033e+01  0.000000e+00
     vertex  1.394600e+02 -5.568952e+01  1.510000e+00
   endloop
 endfacet
 facet normal  3.826834e-01  9.238795e-01 -0.000000e+00
   outer loop
     vertex  1.396409e+02 -5.576444e+01  0.000000e+00
     vertex  1.394600e+02 -5.568952e+01  1.510000e+00
     vertex  1.396409e+02 -5.576444e+01  1.510000e+00
   endloop
 endfacet
 facet normal  3.826834e-01  9.238795e-01  0.000000e+00
   outer loop
     vertex  1.396409e+02 -5.576444e+01  0.000000e+00
     vertex  1.394600e+02 -5.568952e+01  0.000000e+00
     vertex  1.394600e+02 -5.568952e+01  1.510000e+00
   endloop
 endfacet
 facet normal  1.305262e-01  9.914449e-01 -0.000000e+00
   outer loop
     vertex  1.398350e+02 -5.579000e+01  0.000000e+00
     vertex  1.396409e+02 -5.576444e+01  1.510000e+00
     vertex  1.398350e+02 -5.579000e+01  1.510000e+00
   endloop
 endfacet
 facet normal  1.305262e-01  9.914449e-01  0.000000e+00
   outer loop
     vertex  1.398350e+02 -5.579000e+01  0.000000e+00
     vertex  1.396409e+02 -5.576444e+01  0.000000e+00
     vertex  1.396409e+02 -5.576444e+01  1.510000e+00
   endloop
 endfacet
 facet normal -1.305262e-01  9.914449e-01  0.000000e+00
   outer loop
     vertex  1.448794e+02 -7.068296e+01  0.000000e+00
     vertex  1.447500e+02 -7.070000e+01  0.000000e+00
     vertex  1.447500e+02 -7.070000e+01  1.510000e+00
   endloop
 endfacet
 facet normal -1.305262e-01  9.914449e-01  0.000000e+00
   outer loop
     vertex  1.448794e+02 -7.068296e+01  0.000000e+00
     vertex  1.447500e+02 -7.070000e+01  1.510000e+00
     vertex  1.448794e+02 -7.068296e+01  1.510000e+00
   endloop
 endfacet
 facet normal -3.826834e-01  9.238795e-01  0.000000e+00
   outer loop
     vertex  1.450000e+02 -7.063301e+01  0.000000e+00
     vertex  1.448794e+02 -7.068296e+01  1.510000e+00
     vertex  1.450000e+02 -7.063301e+01  1.510000e+00
   endloop
 endfacet
 facet normal -3.826834e-01  9.238795e-01  0.000000e+00
   outer loop
     vertex  1.450000e+02 -7.063301e+01  0.000000e+00
     vertex  1.448794e+02 -7.068296e+01  0.000000e+00
     vertex  1.448794e+02 -7.068296e+01  1.510000e+00
   endloop
 endfacet
 facet normal -6.087614e-01  7.933533e-01  0.000000e+00
   outer loop
     vertex  1.451036e+02 -7.055355e+01  0.000000e+00
     vertex  1.450000e+02 -7.063301e+01  1.510000e+00
     vertex  1.451036e+02 -7.055355e+01  1.510000e+00
   endloop
 endfacet
 facet normal -6.087614e-01  7.933533e-01  0.000000e+00
   outer loop
     vertex  1.451036e+02 -7.055355e+01  0.000000e+00
     vertex  1.450000e+02 -7.063301e+01  0.000000e+00
     vertex  1.450000e+02 -7.063301e+01  1.510000e+00
   endloop
 endfacet
 facet normal -7.933533e-01  6.087614e-01  0.000000e+00
   outer loop
     vertex  1.451830e+02 -7.045000e+01  0.000000e+00
     vertex  1.451036e+02 -7.055355e+01  1.510000e+00
     vertex  1.451830e+02 -7.045000e+01  1.510000e+00
   endloop
 endfacet
 facet normal -7.933533e-01  6.087614e-01  0.000000e+00
   outer loop
     vertex  1.451830e+02 -7.045000e+01  0.000000e+00
     vertex  1.451036e+02 -7.055355e+01  0.000000e+00
     vertex  1.451036e+02 -7.055355e+01  1.510000e+00
   endloop
 endfacet
 facet normal -9.238795e-01  3.826834e-01  0.000000e+00
   outer loop
     vertex  1.452330e+02 -7.032941e+01  0.000000e+00
     vertex  1.451830e+02 -7.045000e+01  1.510000e+00
     vertex  1.452330e+02 -7.032941e+01  1.510000e+00
   endloop
 endfacet
 facet normal -9.238795e-01  3.826834e-01  0.000000e+00
   outer loop
     vertex  1.452330e+02 -7.032941e+01  0.000000e+00
     vertex  1.451830e+02 -7.045000e+01  0.000000e+00
     vertex  1.451830e+02 -7.045000e+01  1.510000e+00
   endloop
 endfacet
 facet normal -9.914449e-01  1.305262e-01  0.000000e+00
   outer loop
     vertex  1.452500e+02 -7.020000e+01  0.000000e+00
     vertex  1.452330e+02 -7.032941e+01  1.510000e+00
     vertex  1.452500e+02 -7.020000e+01  1.510000e+00
   endloop
 endfacet
 facet normal -9.914449e-01  1.305262e-01  0.000000e+00
   outer loop
     vertex  1.452500e+02 -7.020000e+01  0.000000e+00
     vertex  1.452330e+02 -7.032941e+01  0.000000e+00
     vertex  1.452330e+02 -7.032941e+01  1.510000e+00
   endloop
 endfacet
 facet normal -9.914449e-01 -1.305262e-01  0.000000e+00
   outer loop
     vertex  1.452330e+02 -7.007059e+01  0.000000e+00
     vertex  1.452500e+02 -7.020000e+01  1.510000e+00
     vertex  1.452330e+02 -7.007059e+01  1.510000e+00
   endloop
 endfacet
 facet normal -9.914449e-01 -1.305262e-01  0.000000e+00
   outer loop
     vertex  1.452330e+02 -7.007059e+01  0.000000e+00
     vertex  1.452500e+02 -7.020000e+01  0.000000e+00
     vertex  1.452500e+02 -7.020000e+01  1.510000e+00
   endloop
 endfacet
 facet normal -9.238795e-01 -3.826834e-01  0.000000e+00
   outer loop
     vertex  1.451830e+02 -6.995000e+01  0.000000e+00
     vertex  1.452330e+02 -7.007059e+01  1.510000e+00
     vertex  1.451830e+02 -6.995000e+01  1.510000e+00
   endloop
 endfacet
 facet normal -9.238795e-01 -3.826834e-01  0.000000e+00
   outer loop
     vertex  1.451830e+02 -6.995000e+01  0.000000e+00
     vertex  1.452330e+02 -7.007059e+01  0.000000e+00
     vertex  1.452330e+02 -7.007059e+01  1.510000e+00
   endloop
 endfacet
 facet normal -7.933533e-01 -6.087614e-01  0.000000e+00
   outer loop
     vertex  1.451036e+02 -6.984645e+01  0.000000e+00
     vertex  1.451830e+02 -6.995000e+01  1.510000e+00
     vertex  1.451036e+02 -6.984645e+01  1.510000e+00
   endloop
 endfacet
 facet normal -7.933533e-01 -6.087614e-01  0.000000e+00
   outer loop
     vertex  1.451036e+02 -6.984645e+01  0.000000e+00
     vertex  1.451830e+02 -6.995000e+01  0.000000e+00
     vertex  1.451830e+02 -6.995000e+01  1.510000e+00
   endloop
 endfacet
 facet normal -6.087614e-01 -7.933533e-01  0.000000e+00
   outer loop
     vertex  1.450000e+02 -6.976699e+01  0.000000e+00
     vertex  1.451036e+02 -6.984645e+01  1.510000e+00
     vertex  1.450000e+02 -6.976699e+01  1.510000e+00
   endloop
 endfacet
 facet normal -6.087614e-01 -7.933533e-01  0.000000e+00
   outer loop
     vertex  1.450000e+02 -6.976699e+01  0.000000e+00
     vertex  1.451036e+02 -6.984645e+01  0.000000e+00
     vertex  1.451036e+02 -6.984645e+01  1.510000e+00
   endloop
 endfacet
 facet normal -3.826834e-01 -9.238795e-01  0.000000e+00
   outer loop
     vertex  1.448794e+02 -6.971704e+01  0.000000e+00
     vertex  1.450000e+02 -6.976699e+01  1.510000e+00
     vertex  1.448794e+02 -6.971704e+01  1.510000e+00
   endloop
 endfacet
 facet normal -3.826834e-01 -9.238795e-01  0.000000e+00
   outer loop
     vertex  1.448794e+02 -6.971704e+01  0.000000e+00
     vertex  1.450000e+02 -6.976699e+01  0.000000e+00
     vertex  1.450000e+02 -6.976699e+01  1.510000e+00
   endloop
 endfacet
 facet normal -1.305262e-01 -9.914449e-01  0.000000e+00
   outer loop
     vertex  1.447500e+02 -6.970000e+01  0.000000e+00
     vertex  1.448794e+02 -6.971704e+01  1.510000e+00
     vertex  1.447500e+02 -6.970000e+01  1.510000e+00
   endloop
 endfacet
 facet normal -1.305262e-01 -9.914449e-01  0.000000e+00
   outer loop
     vertex  1.447500e+02 -6.970000e+01  0.000000e+00
     vertex  1.448794e+02 -6.971704e+01  0.000000e+00
     vertex  1.448794e+02 -6.971704e+01  1.510000e+00
   endloop
 endfacet
 facet normal  1.305262e-01 -9.914449e-01  0.000000e+00
   outer loop
     vertex  1.446206e+02 -6.971704e+01  0.000000e+00
     vertex  1.447500e+02 -6.970000e+01  1.510000e+00
     vertex  1.446206e+02 -6.971704e+01  1.510000e+00
   endloop
 endfacet
 facet normal  1.305262e-01 -9.914449e-01  0.000000e+00
   outer loop
     vertex  1.446206e+02 -6.971704e+01  0.000000e+00
     vertex  1.447500e+02 -6.970000e+01  0.000000e+00
     vertex  1.447500e+02 -6.970000e+01  1.510000e+00
   endloop
 endfacet
 facet normal  3.826834e-01 -9.238795e-01  0.000000e+00
   outer loop
     vertex  1.445000e+02 -6.976699e+01  0.000000e+00
     vertex  1.446206e+02 -6.971704e+01  0.000000e+00
     vertex  1.446206e+02 -6.971704e+01  1.510000e+00
   endloop
 endfacet
 facet normal  3.826834e-01 -9.238795e-01  0.000000e+00
   outer loop
     vertex  1.445000e+02 -6.976699e+01  0.000000e+00
     vertex  1.446206e+02 -6.971704e+01  1.510000e+00
     vertex  1.445000e+02 -6.976699e+01  1.510000e+00
   endloop
 endfacet
 facet normal  6.087614e-01 -7.933533e-01  0.000000e+00
   outer loop
     vertex  1.443964e+02 -6.984645e+01  0.000000e+00
     vertex  1.445000e+02 -6.976699e+01  0.000000e+00
     vertex  1.445000e+02 -6.976699e+01  1.510000e+00
   endloop
 endfacet
 facet normal  7.933533e-01 -6.087614e-01  0.000000e+00
   outer loop
     vertex  1.443964e+02 -6.984645e+01  0.000000e+00
     vertex  1.443964e+02 -6.984645e+01  1.510000e+00
     vertex  1.443170e+02 -6.995000e+01  1.510000e+00
   endloop
 endfacet
 facet normal  6.087614e-01 -7.933533e-01  0.000000e+00
   outer loop
     vertex  1.443964e+02 -6.984645e+01  0.000000e+00
     vertex  1.445000e+02 -6.976699e+01  1.510000e+00
     vertex  1.443964e+02 -6.984645e+01  1.510000e+00
   endloop
 endfacet
 facet normal  7.933533e-01 -6.087614e-01  0.000000e+00
   outer loop
     vertex  1.443170e+02 -6.995000e+01  0.000000e+00
     vertex  1.443964e+02 -6.984645e+01  0.000000e+00
     vertex  1.443170e+02 -6.995000e+01  1.510000e+00
   endloop
 endfacet
 facet normal  9.238795e-01 -3.826834e-01  0.000000e+00
   outer loop
     vertex  1.443170e+02 -6.995000e+01  0.000000e+00
     vertex  1.443170e+02 -6.995000e+01  1.510000e+00
     vertex  1.442670e+02 -7.007059e+01  1.510000e+00
   endloop
 endfacet
 facet normal  9.238795e-01 -3.826834e-01  0.000000e+00
   outer loop
     vertex  1.442670e+02 -7.007059e+01  0.000000e+00
     vertex  1.443170e+02 -6.995000e+01  0.000000e+00
     vertex  1.442670e+02 -7.007059e+01  1.510000e+00
   endloop
 endfacet
 facet normal  9.914449e-01 -1.305262e-01  0.000000e+00
   outer loop
     vertex  1.442500e+02 -7.020000e+01  0.000000e+00
     vertex  1.442670e+02 -7.007059e+01  0.000000e+00
     vertex  1.442670e+02 -7.007059e+01  1.510000e+00
   endloop
 endfacet
 facet normal  9.914449e-01 -1.305262e-01  0.000000e+00
   outer loop
     vertex  1.442500e+02 -7.020000e+01  0.000000e+00
     vertex  1.442670e+02 -7.007059e+01  1.510000e+00
     vertex  1.442500e+02 -7.020000e+01  1.510000e+00
   endloop
 endfacet
 facet normal  9.914449e-01  1.305262e-01 -0.000000e+00
   outer loop
     vertex  1.442670e+02 -7.032941e+01  0.000000e+00
     vertex  1.442500e+02 -7.020000e+01  1.510000e+00
     vertex  1.442670e+02 -7.032941e+01  1.510000e+00
   endloop
 endfacet
 facet normal  9.914449e-01  1.305262e-01  0.000000e+00
   outer loop
     vertex  1.442670e+02 -7.032941e+01  0.000000e+00
     vertex  1.442500e+02 -7.020000e+01  0.000000e+00
     vertex  1.442500e+02 -7.020000e+01  1.510000e+00
   endloop
 endfacet
 facet normal  9.238795e-01  3.826834e-01 -0.000000e+00
   outer loop
     vertex  1.443170e+02 -7.045000e+01  0.000000e+00
     vertex  1.442670e+02 -7.032941e+01  1.510000e+00
     vertex  1.443170e+02 -7.045000e+01  1.510000e+00
   endloop
 endfacet
 facet normal  9.238795e-01  3.826834e-01  0.000000e+00
   outer loop
     vertex  1.443170e+02 -7.045000e+01  0.000000e+00
     vertex  1.442670e+02 -7.032941e+01  0.000000e+00
     vertex  1.442670e+02 -7.032941e+01  1.510000e+00
   endloop
 endfacet
 facet normal  6.087614e-01  7.933533e-01 -0.000000e+00
   outer loop
     vertex  1.443964e+02 -7.055355e+01  0.000000e+00
     vertex  1.443964e+02 -7.055355e+01  1.510000e+00
     vertex  1.445000e+02 -7.063301e+01  1.510000e+00
   endloop
 endfacet
 facet normal  7.933533e-01  6.087614e-01 -0.000000e+00
   outer loop
     vertex  1.443964e+02 -7.055355e+01  0.000000e+00
     vertex  1.443170e+02 -7.045000e+01  1.510000e+00
     vertex  1.443964e+02 -7.055355e+01  1.510000e+00
   endloop
 endfacet
 facet normal  7.933533e-01  6.087614e-01  0.000000e+00
   outer loop
     vertex  1.443964e+02 -7.055355e+01  0.000000e+00
     vertex  1.443170e+02 -7.045000e+01  0.000000e+00
     vertex  1.443170e+02 -7.045000e+01  1.510000e+00
   endloop
 endfacet
 facet normal  6.087614e-01  7.933533e-01 -0.000000e+00
   outer loop
     vertex  1.445000e+02 -7.063301e+01  0.000000e+00
     vertex  1.443964e+02 -7.055355e+01  0.000000e+00
     vertex  1.445000e+02 -7.063301e+01  1.510000e+00
   endloop
 endfacet
 facet normal  3.826834e-01  9.238795e-01 -0.000000e+00
   outer loop
     vertex  1.446206e+02 -7.068296e+01  0.000000e+00
     vertex  1.445000e+02 -7.063301e+01  1.510000e+00
     vertex  1.446206e+02 -7.068296e+01  1.510000e+00
   endloop
 endfacet
 facet normal  3.826834e-01  9.238795e-01  0.000000e+00
   outer loop
     vertex  1.446206e+02 -7.068296e+01  0.000000e+00
     vertex  1.445000e+02 -7.063301e+01  0.000000e+00
     vertex  1.445000e+02 -7.063301e+01  1.510000e+00
   endloop
 endfacet
 facet normal  1.305262e-01  9.914449e-01 -0.000000e+00
   outer loop
     vertex  1.447500e+02 -7.070000e+01  0.000000e+00
     vertex  1.446206e+02 -7.068296e+01  1.510000e+00
     vertex  1.447500e+02 -7.070000e+01  1.510000e+00
   endloop
 endfacet
 facet normal  1.305262e-01  9.914449e-01  0.000000e+00
   outer loop
     vertex  1.447500e+02 -7.070000e+01  0.000000e+00
     vertex  1.446206e+02 -7.068296e+01  0.000000e+00
     vertex  1.446206e+02 -7.068296e+01  1.510000e+00
   endloop
 endfacet
 facet normal -1.305262e-01  9.914449e-01  0.000000e+00
   outer loop
     vertex  1.448794e+02 -6.814296e+01  0.000000e+00
     vertex  1.447500e+02 -6.816000e+01  0.000000e+00
     vertex  1.447500e+02 -6.816000e+01  1.510000e+00
   endloop
 endfacet
 facet normal -1.305262e-01  9.914449e-01  0.000000e+00
   outer loop
     vertex  1.448794e+02 -6.814296e+01  0.000000e+00
     vertex  1.447500e+02 -6.816000e+01  1.510000e+00
     vertex  1.448794e+02 -6.814296e+01  1.510000e+00
   endloop
 endfacet
 facet normal -3.826834e-01  9.238795e-01  0.000000e+00
   outer loop
     vertex  1.450000e+02 -6.809301e+01  0.000000e+00
     vertex  1.448794e+02 -6.814296e+01  1.510000e+00
     vertex  1.450000e+02 -6.809301e+01  1.510000e+00
   endloop
 endfacet
 facet normal -3.826834e-01  9.238795e-01  0.000000e+00
   outer loop
     vertex  1.450000e+02 -6.809301e+01  0.000000e+00
     vertex  1.448794e+02 -6.814296e+01  0.000000e+00
     vertex  1.448794e+02 -6.814296e+01  1.510000e+00
   endloop
 endfacet
 facet normal -6.087614e-01  7.933533e-01  0.000000e+00
   outer loop
     vertex  1.451036e+02 -6.801355e+01  0.000000e+00
     vertex  1.450000e+02 -6.809301e+01  1.510000e+00
     vertex  1.451036e+02 -6.801355e+01  1.510000e+00
   endloop
 endfacet
 facet normal -6.087614e-01  7.933533e-01  0.000000e+00
   outer loop
     vertex  1.451036e+02 -6.801355e+01  0.000000e+00
     vertex  1.450000e+02 -6.809301e+01  0.000000e+00
     vertex  1.450000e+02 -6.809301e+01  1.510000e+00
   endloop
 endfacet
 facet normal -7.933533e-01  6.087614e-01  0.000000e+00
   outer loop
     vertex  1.451830e+02 -6.791000e+01  0.000000e+00
     vertex  1.451036e+02 -6.801355e+01  1.510000e+00
     vertex  1.451830e+02 -6.791000e+01  1.510000e+00
   endloop
 endfacet
 facet normal -7.933533e-01  6.087614e-01  0.000000e+00
   outer loop
     vertex  1.451830e+02 -6.791000e+01  0.000000e+00
     vertex  1.451036e+02 -6.801355e+01  0.000000e+00
     vertex  1.451036e+02 -6.801355e+01  1.510000e+00
   endloop
 endfacet
 facet normal -9.238795e-01  3.826834e-01  0.000000e+00
   outer loop
     vertex  1.452330e+02 -6.778941e+01  0.000000e+00
     vertex  1.451830e+02 -6.791000e+01  1.510000e+00
     vertex  1.452330e+02 -6.778941e+01  1.510000e+00
   endloop
 endfacet
 facet normal -9.238795e-01  3.826834e-01  0.000000e+00
   outer loop
     vertex  1.452330e+02 -6.778941e+01  0.000000e+00
     vertex  1.451830e+02 -6.791000e+01  0.000000e+00
     vertex  1.451830e+02 -6.791000e+01  1.510000e+00
   endloop
 endfacet
 facet normal -9.914449e-01  1.305262e-01  0.000000e+00
   outer loop
     vertex  1.452500e+02 -6.766000e+01  0.000000e+00
     vertex  1.452330e+02 -6.778941e+01  1.510000e+00
     vertex  1.452500e+02 -6.766000e+01  1.510000e+00
   endloop
 endfacet
 facet normal -9.914449e-01  1.305262e-01  0.000000e+00
   outer loop
     vertex  1.452500e+02 -6.766000e+01  0.000000e+00
     vertex  1.452330e+02 -6.778941e+01  0.000000e+00
     vertex  1.452330e+02 -6.778941e+01  1.510000e+00
   endloop
 endfacet
 facet normal -9.914449e-01 -1.305262e-01  0.000000e+00
   outer loop
     vertex  1.452330e+02 -6.753059e+01  0.000000e+00
     vertex  1.452500e+02 -6.766000e+01  1.510000e+00
     vertex  1.452330e+02 -6.753059e+01  1.510000e+00
   endloop
 endfacet
 facet normal -9.914449e-01 -1.305262e-01  0.000000e+00
   outer loop
     vertex  1.452330e+02 -6.753059e+01  0.000000e+00
     vertex  1.452500e+02 -6.766000e+01  0.000000e+00
     vertex  1.452500e+02 -6.766000e+01  1.510000e+00
   endloop
 endfacet
 facet normal -9.238795e-01 -3.826834e-01  0.000000e+00
   outer loop
     vertex  1.451830e+02 -6.741000e+01  0.000000e+00
     vertex  1.452330e+02 -6.753059e+01  1.510000e+00
     vertex  1.451830e+02 -6.741000e+01  1.510000e+00
   endloop
 endfacet
 facet normal -9.238795e-01 -3.826834e-01  0.000000e+00
   outer loop
     vertex  1.451830e+02 -6.741000e+01  0.000000e+00
     vertex  1.452330e+02 -6.753059e+01  0.000000e+00
     vertex  1.452330e+02 -6.753059e+01  1.510000e+00
   endloop
 endfacet
 facet normal -7.933533e-01 -6.087614e-01  0.000000e+00
   outer loop
     vertex  1.451036e+02 -6.730645e+01  0.000000e+00
     vertex  1.451830e+02 -6.741000e+01  1.510000e+00
     vertex  1.451036e+02 -6.730645e+01  1.510000e+00
   endloop
 endfacet
 facet normal -7.933533e-01 -6.087614e-01  0.000000e+00
   outer loop
     vertex  1.451036e+02 -6.730645e+01  0.000000e+00
     vertex  1.451830e+02 -6.741000e+01  0.000000e+00
     vertex  1.451830e+02 -6.741000e+01  1.510000e+00
   endloop
 endfacet
 facet normal -6.087614e-01 -7.933533e-01  0.000000e+00
   outer loop
     vertex  1.450000e+02 -6.722699e+01  0.000000e+00
     vertex  1.451036e+02 -6.730645e+01  1.510000e+00
     vertex  1.450000e+02 -6.722699e+01  1.510000e+00
   endloop
 endfacet
 facet normal -6.087614e-01 -7.933533e-01  0.000000e+00
   outer loop
     vertex  1.450000e+02 -6.722699e+01  0.000000e+00
     vertex  1.451036e+02 -6.730645e+01  0.000000e+00
     vertex  1.451036e+02 -6.730645e+01  1.510000e+00
   endloop
 endfacet
 facet normal -3.826834e-01 -9.238795e-01  0.000000e+00
   outer loop
     vertex  1.448794e+02 -6.717704e+01  0.000000e+00
     vertex  1.450000e+02 -6.722699e+01  1.510000e+00
     vertex  1.448794e+02 -6.717704e+01  1.510000e+00
   endloop
 endfacet
 facet normal -3.826834e-01 -9.238795e-01  0.000000e+00
   outer loop
     vertex  1.448794e+02 -6.717704e+01  0.000000e+00
     vertex  1.450000e+02 -6.722699e+01  0.000000e+00
     vertex  1.450000e+02 -6.722699e+01  1.510000e+00
   endloop
 endfacet
 facet normal -1.305262e-01 -9.914449e-01  0.000000e+00
   outer loop
     vertex  1.447500e+02 -6.716000e+01  0.000000e+00
     vertex  1.448794e+02 -6.717704e+01  1.510000e+00
     vertex  1.447500e+02 -6.716000e+01  1.510000e+00
   endloop
 endfacet
 facet normal -1.305262e-01 -9.914449e-01  0.000000e+00
   outer loop
     vertex  1.447500e+02 -6.716000e+01  0.000000e+00
     vertex  1.448794e+02 -6.717704e+01  0.000000e+00
     vertex  1.448794e+02 -6.717704e+01  1.510000e+00
   endloop
 endfacet
 facet normal  1.305262e-01 -9.914449e-01  0.000000e+00
   outer loop
     vertex  1.446206e+02 -6.717704e+01  0.000000e+00
     vertex  1.447500e+02 -6.716000e+01  1.510000e+00
     vertex  1.446206e+02 -6.717704e+01  1.510000e+00
   endloop
 endfacet
 facet normal  1.305262e-01 -9.914449e-01  0.000000e+00
   outer loop
     vertex  1.446206e+02 -6.717704e+01  0.000000e+00
     vertex  1.447500e+02 -6.716000e+01  0.000000e+00
     vertex  1.447500e+02 -6.716000e+01  1.510000e+00
   endloop
 endfacet
 facet normal  3.826834e-01 -9.238795e-01  0.000000e+00
   outer loop
     vertex  1.445000e+02 -6.722699e+01  0.000000e+00
     vertex  1.446206e+02 -6.717704e+01  0.000000e+00
     vertex  1.446206e+02 -6.717704e+01  1.510000e+00
   endloop
 endfacet
 facet normal  3.826834e-01 -9.238795e-01  0.000000e+00
   outer loop
     vertex  1.445000e+02 -6.722699e+01  0.000000e+00
     vertex  1.446206e+02 -6.717704e+01  1.510000e+00
     vertex  1.445000e+02 -6.722699e+01  1.510000e+00
   endloop
 endfacet
 facet normal  6.087614e-01 -7.933533e-01  0.000000e+00
   outer loop
     vertex  1.443964e+02 -6.730645e+01  0.000000e+00
     vertex  1.445000e+02 -6.722699e+01  0.000000e+00
     vertex  1.445000e+02 -6.722699e+01  1.510000e+00
   endloop
 endfacet
 facet normal  7.933533e-01 -6.087614e-01  0.000000e+00
   outer loop
     vertex  1.443964e+02 -6.730645e+01  0.000000e+00
     vertex  1.443964e+02 -6.730645e+01  1.510000e+00
     vertex  1.443170e+02 -6.741000e+01  1.510000e+00
   endloop
 endfacet
 facet normal  6.087614e-01 -7.933533e-01  0.000000e+00
   outer loop
     vertex  1.443964e+02 -6.730645e+01  0.000000e+00
     vertex  1.445000e+02 -6.722699e+01  1.510000e+00
     vertex  1.443964e+02 -6.730645e+01  1.510000e+00
   endloop
 endfacet
 facet normal  7.933533e-01 -6.087614e-01  0.000000e+00
   outer loop
     vertex  1.443170e+02 -6.741000e+01  0.000000e+00
     vertex  1.443964e+02 -6.730645e+01  0.000000e+00
     vertex  1.443170e+02 -6.741000e+01  1.510000e+00
   endloop
 endfacet
 facet normal  9.238795e-01 -3.826834e-01  0.000000e+00
   outer loop
     vertex  1.443170e+02 -6.741000e+01  0.000000e+00
     vertex  1.443170e+02 -6.741000e+01  1.510000e+00
     vertex  1.442670e+02 -6.753059e+01  1.510000e+00
   endloop
 endfacet
 facet normal  9.238795e-01 -3.826834e-01  0.000000e+00
   outer loop
     vertex  1.442670e+02 -6.753059e+01  0.000000e+00
     vertex  1.443170e+02 -6.741000e+01  0.000000e+00
     vertex  1.442670e+02 -6.753059e+01  1.510000e+00
   endloop
 endfacet
 facet normal  9.914449e-01 -1.305262e-01  0.000000e+00
   outer loop
     vertex  1.442500e+02 -6.766000e+01  0.000000e+00
     vertex  1.442670e+02 -6.753059e+01  0.000000e+00
     vertex  1.442670e+02 -6.753059e+01  1.510000e+00
   endloop
 endfacet
 facet normal  9.914449e-01 -1.305262e-01  0.000000e+00
   outer loop
     vertex  1.442500e+02 -6.766000e+01  0.000000e+00
     vertex  1.442670e+02 -6.753059e+01  1.510000e+00
     vertex  1.442500e+02 -6.766000e+01  1.510000e+00
   endloop
 endfacet
 facet normal  9.914449e-01  1.305262e-01 -0.000000e+00
   outer loop
     vertex  1.442670e+02 -6.778941e+01  0.000000e+00
     vertex  1.442500e+02 -6.766000e+01  1.510000e+00
     vertex  1.442670e+02 -6.778941e+01  1.510000e+00
   endloop
 endfacet
 facet normal  9.914449e-01  1.305262e-01  0.000000e+00
   outer loop
     vertex  1.442670e+02 -6.778941e+01  0.000000e+00
     vertex  1.442500e+02 -6.766000e+01  0.000000e+00
     vertex  1.442500e+02 -6.766000e+01  1.510000e+00
   endloop
 endfacet
 facet normal  9.238795e-01  3.826834e-01 -0.000000e+00
   outer loop
     vertex  1.443170e+02 -6.791000e+01  0.000000e+00
     vertex  1.442670e+02 -6.778941e+01  1.510000e+00
     vertex  1.443170e+02 -6.791000e+01  1.510000e+00
   endloop
 endfacet
 facet normal  9.238795e-01  3.826834e-01  0.000000e+00
   outer loop
     vertex  1.443170e+02 -6.791000e+01  0.000000e+00
     vertex  1.442670e+02 -6.778941e+01  0.000000e+00
     vertex  1.442670e+02 -6.778941e+01  1.510000e+00
   endloop
 endfacet
 facet normal  6.087614e-01  7.933533e-01 -0.000000e+00
   outer loop
     vertex  1.443964e+02 -6.801355e+01  0.000000e+00
     vertex  1.443964e+02 -6.801355e+01  1.510000e+00
     vertex  1.445000e+02 -6.809301e+01  1.510000e+00
   endloop
 endfacet
 facet normal  7.933533e-01  6.087614e-01 -0.000000e+00
   outer loop
     vertex  1.443964e+02 -6.801355e+01  0.000000e+00
     vertex  1.443170e+02 -6.791000e+01  1.510000e+00
     vertex  1.443964e+02 -6.801355e+01  1.510000e+00
   endloop
 endfacet
 facet normal  7.933533e-01  6.087614e-01  0.000000e+00
   outer loop
     vertex  1.443964e+02 -6.801355e+01  0.000000e+00
     vertex  1.443170e+02 -6.791000e+01  0.000000e+00
     vertex  1.443170e+02 -6.791000e+01  1.510000e+00
   endloop
 endfacet
 facet normal  6.087614e-01  7.933533e-01 -0.000000e+00
   outer loop
     vertex  1.445000e+02 -6.809301e+01  0.000000e+00
     vertex  1.443964e+02 -6.801355e+01  0.000000e+00
     vertex  1.445000e+02 -6.809301e+01  1.510000e+00
   endloop
 endfacet
 facet normal  3.826834e-01  9.238795e-01 -0.000000e+00
   outer loop
     vertex  1.446206e+02 -6.814296e+01  0.000000e+00
     vertex  1.445000e+02 -6.809301e+01  1.510000e+00
     vertex  1.446206e+02 -6.814296e+01  1.510000e+00
   endloop
 endfacet
 facet normal  3.826834e-01  9.238795e-01  0.000000e+00
   outer loop
     vertex  1.446206e+02 -6.814296e+01  0.000000e+00
     vertex  1.445000e+02 -6.809301e+01  0.000000e+00
     vertex  1.445000e+02 -6.809301e+01  1.510000e+00
   endloop
 endfacet
 facet normal  1.305262e-01  9.914449e-01 -0.000000e+00
   outer loop
     vertex  1.447500e+02 -6.816000e+01  0.000000e+00
     vertex  1.446206e+02 -6.814296e+01  1.510000e+00
     vertex  1.447500e+02 -6.816000e+01  1.510000e+00
   endloop
 endfacet
 facet normal  1.305262e-01  9.914449e-01  0.000000e+00
   outer loop
     vertex  1.447500e+02 -6.816000e+01  0.000000e+00
     vertex  1.446206e+02 -6.814296e+01  0.000000e+00
     vertex  1.446206e+02 -6.814296e+01  1.510000e+00
   endloop
 endfacet
 facet normal -1.305262e-01  9.914449e-01  0.000000e+00
   outer loop
     vertex  1.448794e+02 -6.560296e+01  0.000000e+00
     vertex  1.447500e+02 -6.562000e+01  0.000000e+00
     vertex  1.447500e+02 -6.562000e+01  1.510000e+00
   endloop
 endfacet
 facet normal -1.305262e-01  9.914449e-01  0.000000e+00
   outer loop
     vertex  1.448794e+02 -6.560296e+01  0.000000e+00
     vertex  1.447500e+02 -6.562000e+01  1.510000e+00
     vertex  1.448794e+02 -6.560296e+01  1.510000e+00
   endloop
 endfacet
 facet normal -3.826834e-01  9.238795e-01  0.000000e+00
   outer loop
     vertex  1.450000e+02 -6.555301e+01  0.000000e+00
     vertex  1.448794e+02 -6.560296e+01  1.510000e+00
     vertex  1.450000e+02 -6.555301e+01  1.510000e+00
   endloop
 endfacet
 facet normal -3.826834e-01  9.238795e-01  0.000000e+00
   outer loop
     vertex  1.450000e+02 -6.555301e+01  0.000000e+00
     vertex  1.448794e+02 -6.560296e+01  0.000000e+00
     vertex  1.448794e+02 -6.560296e+01  1.510000e+00
   endloop
 endfacet
 facet normal -6.087614e-01  7.933533e-01  0.000000e+00
   outer loop
     vertex  1.451036e+02 -6.547355e+01  0.000000e+00
     vertex  1.450000e+02 -6.555301e+01  1.510000e+00
     vertex  1.451036e+02 -6.547355e+01  1.510000e+00
   endloop
 endfacet
 facet normal -6.087614e-01  7.933533e-01  0.000000e+00
   outer loop
     vertex  1.451036e+02 -6.547355e+01  0.000000e+00
     vertex  1.450000e+02 -6.555301e+01  0.000000e+00
     vertex  1.450000e+02 -6.555301e+01  1.510000e+00
   endloop
 endfacet
 facet normal -7.933533e-01  6.087614e-01  0.000000e+00
   outer loop
     vertex  1.451830e+02 -6.537000e+01  0.000000e+00
     vertex  1.451036e+02 -6.547355e+01  1.510000e+00
     vertex  1.451830e+02 -6.537000e+01  1.510000e+00
   endloop
 endfacet
 facet normal -7.933533e-01  6.087614e-01  0.000000e+00
   outer loop
     vertex  1.451830e+02 -6.537000e+01  0.000000e+00
     vertex  1.451036e+02 -6.547355e+01  0.000000e+00
     vertex  1.451036e+02 -6.547355e+01  1.510000e+00
   endloop
 endfacet
 facet normal -9.238795e-01  3.826834e-01  0.000000e+00
   outer loop
     vertex  1.452330e+02 -6.524941e+01  0.000000e+00
     vertex  1.451830e+02 -6.537000e+01  1.510000e+00
     vertex  1.452330e+02 -6.524941e+01  1.510000e+00
   endloop
 endfacet
 facet normal -9.238795e-01  3.826834e-01  0.000000e+00
   outer loop
     vertex  1.452330e+02 -6.524941e+01  0.000000e+00
     vertex  1.451830e+02 -6.537000e+01  0.000000e+00
     vertex  1.451830e+02 -6.537000e+01  1.510000e+00
   endloop
 endfacet
 facet normal -9.914449e-01  1.305262e-01  0.000000e+00
   outer loop
     vertex  1.452500e+02 -6.512000e+01  0.000000e+00
     vertex  1.452330e+02 -6.524941e+01  1.510000e+00
     vertex  1.452500e+02 -6.512000e+01  1.510000e+00
   endloop
 endfacet
 facet normal -9.914449e-01  1.305262e-01  0.000000e+00
   outer loop
     vertex  1.452500e+02 -6.512000e+01  0.000000e+00
     vertex  1.452330e+02 -6.524941e+01  0.000000e+00
     vertex  1.452330e+02 -6.524941e+01  1.510000e+00
   endloop
 endfacet
 facet normal -9.914449e-01 -1.305262e-01  0.000000e+00
   outer loop
     vertex  1.452330e+02 -6.499059e+01  0.000000e+00
     vertex  1.452500e+02 -6.512000e+01  1.510000e+00
     vertex  1.452330e+02 -6.499059e+01  1.510000e+00
   endloop
 endfacet
 facet normal -9.914449e-01 -1.305262e-01  0.000000e+00
   outer loop
     vertex  1.452330e+02 -6.499059e+01  0.000000e+00
     vertex  1.452500e+02 -6.512000e+01  0.000000e+00
     vertex  1.452500e+02 -6.512000e+01  1.510000e+00
   endloop
 endfacet
 facet normal -9.238795e-01 -3.826834e-01  0.000000e+00
   outer loop
     vertex  1.451830e+02 -6.487000e+01  0.000000e+00
     vertex  1.452330e+02 -6.499059e+01  1.510000e+00
     vertex  1.451830e+02 -6.487000e+01  1.510000e+00
   endloop
 endfacet
 facet normal -9.238795e-01 -3.826834e-01  0.000000e+00
   outer loop
     vertex  1.451830e+02 -6.487000e+01  0.000000e+00
     vertex  1.452330e+02 -6.499059e+01  0.000000e+00
     vertex  1.452330e+02 -6.499059e+01  1.510000e+00
   endloop
 endfacet
 facet normal -7.933533e-01 -6.087614e-01  0.000000e+00
   outer loop
     vertex  1.451036e+02 -6.476645e+01  0.000000e+00
     vertex  1.451830e+02 -6.487000e+01  1.510000e+00
     vertex  1.451036e+02 -6.476645e+01  1.510000e+00
   endloop
 endfacet
 facet normal -7.933533e-01 -6.087614e-01  0.000000e+00
   outer loop
     vertex  1.451036e+02 -6.476645e+01  0.000000e+00
     vertex  1.451830e+02 -6.487000e+01  0.000000e+00
     vertex  1.451830e+02 -6.487000e+01  1.510000e+00
   endloop
 endfacet
 facet normal -6.087614e-01 -7.933533e-01  0.000000e+00
   outer loop
     vertex  1.450000e+02 -6.468699e+01  0.000000e+00
     vertex  1.451036e+02 -6.476645e+01  1.510000e+00
     vertex  1.450000e+02 -6.468699e+01  1.510000e+00
   endloop
 endfacet
 facet normal -6.087614e-01 -7.933533e-01  0.000000e+00
   outer loop
     vertex  1.450000e+02 -6.468699e+01  0.000000e+00
     vertex  1.451036e+02 -6.476645e+01  0.000000e+00
     vertex  1.451036e+02 -6.476645e+01  1.510000e+00
   endloop
 endfacet
 facet normal -3.826834e-01 -9.238795e-01  0.000000e+00
   outer loop
     vertex  1.448794e+02 -6.463704e+01  0.000000e+00
     vertex  1.450000e+02 -6.468699e+01  1.510000e+00
     vertex  1.448794e+02 -6.463704e+01  1.510000e+00
   endloop
 endfacet
 facet normal -3.826834e-01 -9.238795e-01  0.000000e+00
   outer loop
     vertex  1.448794e+02 -6.463704e+01  0.000000e+00
     vertex  1.450000e+02 -6.468699e+01  0.000000e+00
     vertex  1.450000e+02 -6.468699e+01  1.510000e+00
   endloop
 endfacet
 facet normal -1.305262e-01 -9.914449e-01  0.000000e+00
   outer loop
     vertex  1.447500e+02 -6.462000e+01  0.000000e+00
     vertex  1.448794e+02 -6.463704e+01  1.510000e+00
     vertex  1.447500e+02 -6.462000e+01  1.510000e+00
   endloop
 endfacet
 facet normal -1.305262e-01 -9.914449e-01  0.000000e+00
   outer loop
     vertex  1.447500e+02 -6.462000e+01  0.000000e+00
     vertex  1.448794e+02 -6.463704e+01  0.000000e+00
     vertex  1.448794e+02 -6.463704e+01  1.510000e+00
   endloop
 endfacet
 facet normal  1.305262e-01 -9.914449e-01  0.000000e+00
   outer loop
     vertex  1.446206e+02 -6.463704e+01  0.000000e+00
     vertex  1.447500e+02 -6.462000e+01  1.510000e+00
     vertex  1.446206e+02 -6.463704e+01  1.510000e+00
   endloop
 endfacet
 facet normal  1.305262e-01 -9.914449e-01  0.000000e+00
   outer loop
     vertex  1.446206e+02 -6.463704e+01  0.000000e+00
     vertex  1.447500e+02 -6.462000e+01  0.000000e+00
     vertex  1.447500e+02 -6.462000e+01  1.510000e+00
   endloop
 endfacet
 facet normal  3.826834e-01 -9.238795e-01  0.000000e+00
   outer loop
     vertex  1.445000e+02 -6.468699e+01  0.000000e+00
     vertex  1.446206e+02 -6.463704e+01  0.000000e+00
     vertex  1.446206e+02 -6.463704e+01  1.510000e+00
   endloop
 endfacet
 facet normal  3.826834e-01 -9.238795e-01  0.000000e+00
   outer loop
     vertex  1.445000e+02 -6.468699e+01  0.000000e+00
     vertex  1.446206e+02 -6.463704e+01  1.510000e+00
     vertex  1.445000e+02 -6.468699e+01  1.510000e+00
   endloop
 endfacet
 facet normal  6.087614e-01 -7.933533e-01  0.000000e+00
   outer loop
     vertex  1.443964e+02 -6.476645e+01  0.000000e+00
     vertex  1.445000e+02 -6.468699e+01  0.000000e+00
     vertex  1.445000e+02 -6.468699e+01  1.510000e+00
   endloop
 endfacet
 facet normal  7.933533e-01 -6.087614e-01  0.000000e+00
   outer loop
     vertex  1.443964e+02 -6.476645e+01  0.000000e+00
     vertex  1.443964e+02 -6.476645e+01  1.510000e+00
     vertex  1.443170e+02 -6.487000e+01  1.510000e+00
   endloop
 endfacet
 facet normal  6.087614e-01 -7.933533e-01  0.000000e+00
   outer loop
     vertex  1.443964e+02 -6.476645e+01  0.000000e+00
     vertex  1.445000e+02 -6.468699e+01  1.510000e+00
     vertex  1.443964e+02 -6.476645e+01  1.510000e+00
   endloop
 endfacet
 facet normal  7.933533e-01 -6.087614e-01  0.000000e+00
   outer loop
     vertex  1.443170e+02 -6.487000e+01  0.000000e+00
     vertex  1.443964e+02 -6.476645e+01  0.000000e+00
     vertex  1.443170e+02 -6.487000e+01  1.510000e+00
   endloop
 endfacet
 facet normal  9.238795e-01 -3.826834e-01  0.000000e+00
   outer loop
     vertex  1.443170e+02 -6.487000e+01  0.000000e+00
     vertex  1.443170e+02 -6.487000e+01  1.510000e+00
     vertex  1.442670e+02 -6.499059e+01  1.510000e+00
   endloop
 endfacet
 facet normal  9.238795e-01 -3.826834e-01  0.000000e+00
   outer loop
     vertex  1.442670e+02 -6.499059e+01  0.000000e+00
     vertex  1.443170e+02 -6.487000e+01  0.000000e+00
     vertex  1.442670e+02 -6.499059e+01  1.510000e+00
   endloop
 endfacet
 facet normal  9.914449e-01 -1.305262e-01  0.000000e+00
   outer loop
     vertex  1.442500e+02 -6.512000e+01  0.000000e+00
     vertex  1.442670e+02 -6.499059e+01  0.000000e+00
     vertex  1.442670e+02 -6.499059e+01  1.510000e+00
   endloop
 endfacet
 facet normal  9.914449e-01 -1.305262e-01  0.000000e+00
   outer loop
     vertex  1.442500e+02 -6.512000e+01  0.000000e+00
     vertex  1.442670e+02 -6.499059e+01  1.510000e+00
     vertex  1.442500e+02 -6.512000e+01  1.510000e+00
   endloop
 endfacet
 facet normal  9.914449e-01  1.305262e-01 -0.000000e+00
   outer loop
     vertex  1.442670e+02 -6.524941e+01  0.000000e+00
     vertex  1.442500e+02 -6.512000e+01  1.510000e+00
     vertex  1.442670e+02 -6.524941e+01  1.510000e+00
   endloop
 endfacet
 facet normal  9.914449e-01  1.305262e-01  0.000000e+00
   outer loop
     vertex  1.442670e+02 -6.524941e+01  0.000000e+00
     vertex  1.442500e+02 -6.512000e+01  0.000000e+00
     vertex  1.442500e+02 -6.512000e+01  1.510000e+00
   endloop
 endfacet
 facet normal  9.238795e-01  3.826834e-01 -0.000000e+00
   outer loop
     vertex  1.443170e+02 -6.537000e+01  0.000000e+00
     vertex  1.442670e+02 -6.524941e+01  1.510000e+00
     vertex  1.443170e+02 -6.537000e+01  1.510000e+00
   endloop
 endfacet
 facet normal  9.238795e-01  3.826834e-01  0.000000e+00
   outer loop
     vertex  1.443170e+02 -6.537000e+01  0.000000e+00
     vertex  1.442670e+02 -6.524941e+01  0.000000e+00
     vertex  1.442670e+02 -6.524941e+01  1.510000e+00
   endloop
 endfacet
 facet normal  6.087614e-01  7.933533e-01 -0.000000e+00
   outer loop
     vertex  1.443964e+02 -6.547355e+01  0.000000e+00
     vertex  1.443964e+02 -6.547355e+01  1.510000e+00
     vertex  1.445000e+02 -6.555301e+01  1.510000e+00
   endloop
 endfacet
 facet normal  7.933533e-01  6.087614e-01 -0.000000e+00
   outer loop
     vertex  1.443964e+02 -6.547355e+01  0.000000e+00
     vertex  1.443170e+02 -6.537000e+01  1.510000e+00
     vertex  1.443964e+02 -6.547355e+01  1.510000e+00
   endloop
 endfacet
 facet normal  7.933533e-01  6.087614e-01  0.000000e+00
   outer loop
     vertex  1.443964e+02 -6.547355e+01  0.000000e+00
     vertex  1.443170e+02 -6.537000e+01  0.000000e+00
     vertex  1.443170e+02 -6.537000e+01  1.510000e+00
   endloop
 endfacet
 facet normal  6.087614e-01  7.933533e-01 -0.000000e+00
   outer loop
     vertex  1.445000e+02 -6.555301e+01  0.000000e+00
     vertex  1.443964e+02 -6.547355e+01  0.000000e+00
     vertex  1.445000e+02 -6.555301e+01  1.510000e+00
   endloop
 endfacet
 facet normal  3.826834e-01  9.238795e-01 -0.000000e+00
   outer loop
     vertex  1.446206e+02 -6.560296e+01  0.000000e+00
     vertex  1.445000e+02 -6.555301e+01  1.510000e+00
     vertex  1.446206e+02 -6.560296e+01  1.510000e+00
   endloop
 endfacet
 facet normal  3.826834e-01  9.238795e-01  0.000000e+00
   outer loop
     vertex  1.446206e+02 -6.560296e+01  0.000000e+00
     vertex  1.445000e+02 -6.555301e+01  0.000000e+00
     vertex  1.445000e+02 -6.555301e+01  1.510000e+00
   endloop
 endfacet
 facet normal  1.305262e-01  9.914449e-01 -0.000000e+00
   outer loop
     vertex  1.447500e+02 -6.562000e+01  0.000000e+00
     vertex  1.446206e+02 -6.560296e+01  1.510000e+00
     vertex  1.447500e+02 -6.562000e+01  1.510000e+00
   endloop
 endfacet
 facet normal  1.305262e-01  9.914449e-01  0.000000e+00
   outer loop
     vertex  1.447500e+02 -6.562000e+01  0.000000e+00
     vertex  1.446206e+02 -6.560296e+01  0.000000e+00
     vertex  1.446206e+02 -6.560296e+01  1.510000e+00
   endloop
 endfacet
 facet normal -1.305262e-01  9.914449e-01  0.000000e+00
   outer loop
     vertex  1.448794e+02 -6.306296e+01  0.000000e+00
     vertex  1.447500e+02 -6.308000e+01  0.000000e+00
     vertex  1.447500e+02 -6.308000e+01  1.510000e+00
   endloop
 endfacet
 facet normal -1.305262e-01  9.914449e-01  0.000000e+00
   outer loop
     vertex  1.448794e+02 -6.306296e+01  0.000000e+00
     vertex  1.447500e+02 -6.308000e+01  1.510000e+00
     vertex  1.448794e+02 -6.306296e+01  1.510000e+00
   endloop
 endfacet
 facet normal -3.826834e-01  9.238795e-01  0.000000e+00
   outer loop
     vertex  1.450000e+02 -6.301301e+01  0.000000e+00
     vertex  1.448794e+02 -6.306296e+01  1.510000e+00
     vertex  1.450000e+02 -6.301301e+01  1.510000e+00
   endloop
 endfacet
 facet normal -3.826834e-01  9.238795e-01  0.000000e+00
   outer loop
     vertex  1.450000e+02 -6.301301e+01  0.000000e+00
     vertex  1.448794e+02 -6.306296e+01  0.000000e+00
     vertex  1.448794e+02 -6.306296e+01  1.510000e+00
   endloop
 endfacet
 facet normal -6.087614e-01  7.933533e-01  0.000000e+00
   outer loop
     vertex  1.451036e+02 -6.293355e+01  0.000000e+00
     vertex  1.450000e+02 -6.301301e+01  1.510000e+00
     vertex  1.451036e+02 -6.293355e+01  1.510000e+00
   endloop
 endfacet
 facet normal -6.087614e-01  7.933533e-01  0.000000e+00
   outer loop
     vertex  1.451036e+02 -6.293355e+01  0.000000e+00
     vertex  1.450000e+02 -6.301301e+01  0.000000e+00
     vertex  1.450000e+02 -6.301301e+01  1.510000e+00
   endloop
 endfacet
 facet normal -7.933533e-01  6.087614e-01  0.000000e+00
   outer loop
     vertex  1.451830e+02 -6.283000e+01  0.000000e+00
     vertex  1.451036e+02 -6.293355e+01  1.510000e+00
     vertex  1.451830e+02 -6.283000e+01  1.510000e+00
   endloop
 endfacet
 facet normal -7.933533e-01  6.087614e-01  0.000000e+00
   outer loop
     vertex  1.451830e+02 -6.283000e+01  0.000000e+00
     vertex  1.451036e+02 -6.293355e+01  0.000000e+00
     vertex  1.451036e+02 -6.293355e+01  1.510000e+00
   endloop
 endfacet
 facet normal -9.238795e-01  3.826834e-01  0.000000e+00
   outer loop
     vertex  1.452330e+02 -6.270941e+01  0.000000e+00
     vertex  1.451830e+02 -6.283000e+01  1.510000e+00
     vertex  1.452330e+02 -6.270941e+01  1.510000e+00
   endloop
 endfacet
 facet normal -9.238795e-01  3.826834e-01  0.000000e+00
   outer loop
     vertex  1.452330e+02 -6.270941e+01  0.000000e+00
     vertex  1.451830e+02 -6.283000e+01  0.000000e+00
     vertex  1.451830e+02 -6.283000e+01  1.510000e+00
   endloop
 endfacet
 facet normal -9.914449e-01  1.305262e-01  0.000000e+00
   outer loop
     vertex  1.452500e+02 -6.258000e+01  0.000000e+00
     vertex  1.452330e+02 -6.270941e+01  1.510000e+00
     vertex  1.452500e+02 -6.258000e+01  1.510000e+00
   endloop
 endfacet
 facet normal -9.914449e-01  1.305262e-01  0.000000e+00
   outer loop
     vertex  1.452500e+02 -6.258000e+01  0.000000e+00
     vertex  1.452330e+02 -6.270941e+01  0.000000e+00
     vertex  1.452330e+02 -6.270941e+01  1.510000e+00
   endloop
 endfacet
 facet normal -9.914449e-01 -1.305262e-01  0.000000e+00
   outer loop
     vertex  1.452330e+02 -6.245059e+01  0.000000e+00
     vertex  1.452500e+02 -6.258000e+01  1.510000e+00
     vertex  1.452330e+02 -6.245059e+01  1.510000e+00
   endloop
 endfacet
 facet normal -9.914449e-01 -1.305262e-01  0.000000e+00
   outer loop
     vertex  1.452330e+02 -6.245059e+01  0.000000e+00
     vertex  1.452500e+02 -6.258000e+01  0.000000e+00
     vertex  1.452500e+02 -6.258000e+01  1.510000e+00
   endloop
 endfacet
 facet normal -9.238795e-01 -3.826834e-01  0.000000e+00
   outer loop
     vertex  1.451830e+02 -6.233000e+01  0.000000e+00
     vertex  1.452330e+02 -6.245059e+01  1.510000e+00
     vertex  1.451830e+02 -6.233000e+01  1.510000e+00
   endloop
 endfacet
 facet normal -9.238795e-01 -3.826834e-01  0.000000e+00
   outer loop
     vertex  1.451830e+02 -6.233000e+01  0.000000e+00
     vertex  1.452330e+02 -6.245059e+01  0.000000e+00
     vertex  1.452330e+02 -6.245059e+01  1.510000e+00
   endloop
 endfacet
 facet normal -7.933533e-01 -6.087614e-01  0.000000e+00
   outer loop
     vertex  1.451036e+02 -6.222645e+01  0.000000e+00
     vertex  1.451830e+02 -6.233000e+01  1.510000e+00
     vertex  1.451036e+02 -6.222645e+01  1.510000e+00
   endloop
 endfacet
 facet normal -7.933533e-01 -6.087614e-01  0.000000e+00
   outer loop
     vertex  1.451036e+02 -6.222645e+01  0.000000e+00
     vertex  1.451830e+02 -6.233000e+01  0.000000e+00
     vertex  1.451830e+02 -6.233000e+01  1.510000e+00
   endloop
 endfacet
 facet normal -6.087614e-01 -7.933533e-01  0.000000e+00
   outer loop
     vertex  1.450000e+02 -6.214699e+01  0.000000e+00
     vertex  1.451036e+02 -6.222645e+01  1.510000e+00
     vertex  1.450000e+02 -6.214699e+01  1.510000e+00
   endloop
 endfacet
 facet normal -6.087614e-01 -7.933533e-01  0.000000e+00
   outer loop
     vertex  1.450000e+02 -6.214699e+01  0.000000e+00
     vertex  1.451036e+02 -6.222645e+01  0.000000e+00
     vertex  1.451036e+02 -6.222645e+01  1.510000e+00
   endloop
 endfacet
 facet normal -3.826834e-01 -9.238795e-01  0.000000e+00
   outer loop
     vertex  1.448794e+02 -6.209704e+01  0.000000e+00
     vertex  1.450000e+02 -6.214699e+01  1.510000e+00
     vertex  1.448794e+02 -6.209704e+01  1.510000e+00
   endloop
 endfacet
 facet normal -3.826834e-01 -9.238795e-01  0.000000e+00
   outer loop
     vertex  1.448794e+02 -6.209704e+01  0.000000e+00
     vertex  1.450000e+02 -6.214699e+01  0.000000e+00
     vertex  1.450000e+02 -6.214699e+01  1.510000e+00
   endloop
 endfacet
 facet normal -1.305262e-01 -9.914449e-01  0.000000e+00
   outer loop
     vertex  1.447500e+02 -6.208000e+01  0.000000e+00
     vertex  1.448794e+02 -6.209704e+01  1.510000e+00
     vertex  1.447500e+02 -6.208000e+01  1.510000e+00
   endloop
 endfacet
 facet normal -1.305262e-01 -9.914449e-01  0.000000e+00
   outer loop
     vertex  1.447500e+02 -6.208000e+01  0.000000e+00
     vertex  1.448794e+02 -6.209704e+01  0.000000e+00
     vertex  1.448794e+02 -6.209704e+01  1.510000e+00
   endloop
 endfacet
 facet normal  1.305262e-01 -9.914449e-01  0.000000e+00
   outer loop
     vertex  1.446206e+02 -6.209704e+01  0.000000e+00
     vertex  1.447500e+02 -6.208000e+01  1.510000e+00
     vertex  1.446206e+02 -6.209704e+01  1.510000e+00
   endloop
 endfacet
 facet normal  1.305262e-01 -9.914449e-01  0.000000e+00
   outer loop
     vertex  1.446206e+02 -6.209704e+01  0.000000e+00
     vertex  1.447500e+02 -6.208000e+01  0.000000e+00
     vertex  1.447500e+02 -6.208000e+01  1.510000e+00
   endloop
 endfacet
 facet normal  3.826834e-01 -9.238795e-01  0.000000e+00
   outer loop
     vertex  1.445000e+02 -6.214699e+01  0.000000e+00
     vertex  1.446206e+02 -6.209704e+01  0.000000e+00
     vertex  1.446206e+02 -6.209704e+01  1.510000e+00
   endloop
 endfacet
 facet normal  3.826834e-01 -9.238795e-01  0.000000e+00
   outer loop
     vertex  1.445000e+02 -6.214699e+01  0.000000e+00
     vertex  1.446206e+02 -6.209704e+01  1.510000e+00
     vertex  1.445000e+02 -6.214699e+01  1.510000e+00
   endloop
 endfacet
 facet normal  6.087614e-01 -7.933533e-01  0.000000e+00
   outer loop
     vertex  1.443964e+02 -6.222645e+01  0.000000e+00
     vertex  1.445000e+02 -6.214699e+01  0.000000e+00
     vertex  1.445000e+02 -6.214699e+01  1.510000e+00
   endloop
 endfacet
 facet normal  7.933533e-01 -6.087614e-01  0.000000e+00
   outer loop
     vertex  1.443964e+02 -6.222645e+01  0.000000e+00
     vertex  1.443964e+02 -6.222645e+01  1.510000e+00
     vertex  1.443170e+02 -6.233000e+01  1.510000e+00
   endloop
 endfacet
 facet normal  6.087614e-01 -7.933533e-01  0.000000e+00
   outer loop
     vertex  1.443964e+02 -6.222645e+01  0.000000e+00
     vertex  1.445000e+02 -6.214699e+01  1.510000e+00
     vertex  1.443964e+02 -6.222645e+01  1.510000e+00
   endloop
 endfacet
 facet normal  7.933533e-01 -6.087614e-01  0.000000e+00
   outer loop
     vertex  1.443170e+02 -6.233000e+01  0.000000e+00
     vertex  1.443964e+02 -6.222645e+01  0.000000e+00
     vertex  1.443170e+02 -6.233000e+01  1.510000e+00
   endloop
 endfacet
 facet normal  9.238795e-01 -3.826834e-01  0.000000e+00
   outer loop
     vertex  1.443170e+02 -6.233000e+01  0.000000e+00
     vertex  1.443170e+02 -6.233000e+01  1.510000e+00
     vertex  1.442670e+02 -6.245059e+01  1.510000e+00
   endloop
 endfacet
 facet normal  9.238795e-01 -3.826834e-01  0.000000e+00
   outer loop
     vertex  1.442670e+02 -6.245059e+01  0.000000e+00
     vertex  1.443170e+02 -6.233000e+01  0.000000e+00
     vertex  1.442670e+02 -6.245059e+01  1.510000e+00
   endloop
 endfacet
 facet normal  9.914449e-01 -1.305262e-01  0.000000e+00
   outer loop
     vertex  1.442500e+02 -6.258000e+01  0.000000e+00
     vertex  1.442670e+02 -6.245059e+01  0.000000e+00
     vertex  1.442670e+02 -6.245059e+01  1.510000e+00
   endloop
 endfacet
 facet normal  9.914449e-01 -1.305262e-01  0.000000e+00
   outer loop
     vertex  1.442500e+02 -6.258000e+01  0.000000e+00
     vertex  1.442670e+02 -6.245059e+01  1.510000e+00
     vertex  1.442500e+02 -6.258000e+01  1.510000e+00
   endloop
 endfacet
 facet normal  9.914449e-01  1.305262e-01 -0.000000e+00
   outer loop
     vertex  1.442670e+02 -6.270941e+01  0.000000e+00
     vertex  1.442500e+02 -6.258000e+01  1.510000e+00
     vertex  1.442670e+02 -6.270941e+01  1.510000e+00
   endloop
 endfacet
 facet normal  9.914449e-01  1.305262e-01  0.000000e+00
   outer loop
     vertex  1.442670e+02 -6.270941e+01  0.000000e+00
     vertex  1.442500e+02 -6.258000e+01  0.000000e+00
     vertex  1.442500e+02 -6.258000e+01  1.510000e+00
   endloop
 endfacet
 facet normal  9.238795e-01  3.826834e-01 -0.000000e+00
   outer loop
     vertex  1.443170e+02 -6.283000e+01  0.000000e+00
     vertex  1.442670e+02 -6.270941e+01  1.510000e+00
     vertex  1.443170e+02 -6.283000e+01  1.510000e+00
   endloop
 endfacet
 facet normal  9.238795e-01  3.826834e-01  0.000000e+00
   outer loop
     vertex  1.443170e+02 -6.283000e+01  0.000000e+00
     vertex  1.442670e+02 -6.270941e+01  0.000000e+00
     vertex  1.442670e+02 -6.270941e+01  1.510000e+00
   endloop
 endfacet
 facet normal  6.087614e-01  7.933533e-01 -0.000000e+00
   outer loop
     vertex  1.443964e+02 -6.293355e+01  0.000000e+00
     vertex  1.443964e+02 -6.293355e+01  1.510000e+00
     vertex  1.445000e+02 -6.301301e+01  1.510000e+00
   endloop
 endfacet
 facet normal  7.933533e-01  6.087614e-01 -0.000000e+00
   outer loop
     vertex  1.443964e+02 -6.293355e+01  0.000000e+00
     vertex  1.443170e+02 -6.283000e+01  1.510000e+00
     vertex  1.443964e+02 -6.293355e+01  1.510000e+00
   endloop
 endfacet
 facet normal  7.933533e-01  6.087614e-01  0.000000e+00
   outer loop
     vertex  1.443964e+02 -6.293355e+01  0.000000e+00
     vertex  1.443170e+02 -6.283000e+01  0.000000e+00
     vertex  1.443170e+02 -6.283000e+01  1.510000e+00
   endloop
 endfacet
 facet normal  6.087614e-01  7.933533e-01 -0.000000e+00
   outer loop
     vertex  1.445000e+02 -6.301301e+01  0.000000e+00
     vertex  1.443964e+02 -6.293355e+01  0.000000e+00
     vertex  1.445000e+02 -6.301301e+01  1.510000e+00
   endloop
 endfacet
 facet normal  3.826834e-01  9.238795e-01 -0.000000e+00
   outer loop
     vertex  1.446206e+02 -6.306296e+01  0.000000e+00
     vertex  1.445000e+02 -6.301301e+01  1.510000e+00
     vertex  1.446206e+02 -6.306296e+01  1.510000e+00
   endloop
 endfacet
 facet normal  3.826834e-01  9.238795e-01  0.000000e+00
   outer loop
     vertex  1.446206e+02 -6.306296e+01  0.000000e+00
     vertex  1.445000e+02 -6.301301e+01  0.000000e+00
     vertex  1.445000e+02 -6.301301e+01  1.510000e+00
   endloop
 endfacet
 facet normal  1.305262e-01  9.914449e-01 -0.000000e+00
   outer loop
     vertex  1.447500e+02 -6.308000e+01  0.000000e+00
     vertex  1.446206e+02 -6.306296e+01  1.510000e+00
     vertex  1.447500e+02 -6.308000e+01  1.510000e+00
   endloop
 endfacet
 facet normal  1.305262e-01  9.914449e-01  0.000000e+00
   outer loop
     vertex  1.447500e+02 -6.308000e+01  0.000000e+00
     vertex  1.446206e+02 -6.306296e+01  0.000000e+00
     vertex  1.446206e+02 -6.306296e+01  1.510000e+00
   endloop
 endfacet
 facet normal -1.305262e-01  9.914449e-01  0.000000e+00
   outer loop
     vertex  1.425950e+02 -6.094104e+01  0.000000e+00
     vertex  1.423750e+02 -6.097000e+01  0.000000e+00
     vertex  1.423750e+02 -6.097000e+01  1.510000e+00
   endloop
 endfacet
 facet normal -1.305262e-01  9.914449e-01  0.000000e+00
   outer loop
     vertex  1.425950e+02 -6.094104e+01  0.000000e+00
     vertex  1.423750e+02 -6.097000e+01  1.510000e+00
     vertex  1.425950e+02 -6.094104e+01  1.510000e+00
   endloop
 endfacet
 facet normal -3.826834e-01  9.238795e-01  0.000000e+00
   outer loop
     vertex  1.428000e+02 -6.085612e+01  0.000000e+00
     vertex  1.425950e+02 -6.094104e+01  1.510000e+00
     vertex  1.428000e+02 -6.085612e+01  1.510000e+00
   endloop
 endfacet
 facet normal -3.826834e-01  9.238795e-01  0.000000e+00
   outer loop
     vertex  1.428000e+02 -6.085612e+01  0.000000e+00
     vertex  1.425950e+02 -6.094104e+01  0.000000e+00
     vertex  1.425950e+02 -6.094104e+01  1.510000e+00
   endloop
 endfacet
 facet normal -6.087614e-01  7.933533e-01  0.000000e+00
   outer loop
     vertex  1.429760e+02 -6.072104e+01  0.000000e+00
     vertex  1.428000e+02 -6.085612e+01  1.510000e+00
     vertex  1.429760e+02 -6.072104e+01  1.510000e+00
   endloop
 endfacet
 facet normal -6.087614e-01  7.933533e-01  0.000000e+00
   outer loop
     vertex  1.429760e+02 -6.072104e+01  0.000000e+00
     vertex  1.428000e+02 -6.085612e+01  0.000000e+00
     vertex  1.428000e+02 -6.085612e+01  1.510000e+00
   endloop
 endfacet
 facet normal -7.933533e-01  6.087614e-01  0.000000e+00
   outer loop
     vertex  1.431111e+02 -6.054500e+01  0.000000e+00
     vertex  1.429760e+02 -6.072104e+01  1.510000e+00
     vertex  1.431111e+02 -6.054500e+01  1.510000e+00
   endloop
 endfacet
 facet normal -7.933533e-01  6.087614e-01  0.000000e+00
   outer loop
     vertex  1.431111e+02 -6.054500e+01  0.000000e+00
     vertex  1.429760e+02 -6.072104e+01  0.000000e+00
     vertex  1.429760e+02 -6.072104e+01  1.510000e+00
   endloop
 endfacet
 facet normal -9.238795e-01  3.826834e-01  0.000000e+00
   outer loop
     vertex  1.431960e+02 -6.034000e+01  0.000000e+00
     vertex  1.431111e+02 -6.054500e+01  1.510000e+00
     vertex  1.431960e+02 -6.034000e+01  1.510000e+00
   endloop
 endfacet
 facet normal -9.238795e-01  3.826834e-01  0.000000e+00
   outer loop
     vertex  1.431960e+02 -6.034000e+01  0.000000e+00
     vertex  1.431111e+02 -6.054500e+01  0.000000e+00
     vertex  1.431111e+02 -6.054500e+01  1.510000e+00
   endloop
 endfacet
 facet normal -9.914449e-01  1.305262e-01  0.000000e+00
   outer loop
     vertex  1.432250e+02 -6.012000e+01  0.000000e+00
     vertex  1.431960e+02 -6.034000e+01  1.510000e+00
     vertex  1.432250e+02 -6.012000e+01  1.510000e+00
   endloop
 endfacet
 facet normal -9.914449e-01  1.305262e-01  0.000000e+00
   outer loop
     vertex  1.432250e+02 -6.012000e+01  0.000000e+00
     vertex  1.431960e+02 -6.034000e+01  0.000000e+00
     vertex  1.431960e+02 -6.034000e+01  1.510000e+00
   endloop
 endfacet
 facet normal -9.914449e-01 -1.305262e-01  0.000000e+00
   outer loop
     vertex  1.431960e+02 -5.990000e+01  0.000000e+00
     vertex  1.432250e+02 -6.012000e+01  1.510000e+00
     vertex  1.431960e+02 -5.990000e+01  1.510000e+00
   endloop
 endfacet
 facet normal -9.914449e-01 -1.305262e-01  0.000000e+00
   outer loop
     vertex  1.431960e+02 -5.990000e+01  0.000000e+00
     vertex  1.432250e+02 -6.012000e+01  0.000000e+00
     vertex  1.432250e+02 -6.012000e+01  1.510000e+00
   endloop
 endfacet
 facet normal -9.238795e-01 -3.826834e-01  0.000000e+00
   outer loop
     vertex  1.431111e+02 -5.969500e+01  0.000000e+00
     vertex  1.431960e+02 -5.990000e+01  1.510000e+00
     vertex  1.431111e+02 -5.969500e+01  1.510000e+00
   endloop
 endfacet
 facet normal -9.238795e-01 -3.826834e-01  0.000000e+00
   outer loop
     vertex  1.431111e+02 -5.969500e+01  0.000000e+00
     vertex  1.431960e+02 -5.990000e+01  0.000000e+00
     vertex  1.431960e+02 -5.990000e+01  1.510000e+00
   endloop
 endfacet
 facet normal -7.933533e-01 -6.087614e-01  0.000000e+00
   outer loop
     vertex  1.429760e+02 -5.951896e+01  0.000000e+00
     vertex  1.431111e+02 -5.969500e+01  1.510000e+00
     vertex  1.429760e+02 -5.951896e+01  1.510000e+00
   endloop
 endfacet
 facet normal -7.933533e-01 -6.087614e-01  0.000000e+00
   outer loop
     vertex  1.429760e+02 -5.951896e+01  0.000000e+00
     vertex  1.431111e+02 -5.969500e+01  0.000000e+00
     vertex  1.431111e+02 -5.969500e+01  1.510000e+00
   endloop
 endfacet
 facet normal -6.087614e-01 -7.933533e-01  0.000000e+00
   outer loop
     vertex  1.428000e+02 -5.938388e+01  0.000000e+00
     vertex  1.429760e+02 -5.951896e+01  1.510000e+00
     vertex  1.428000e+02 -5.938388e+01  1.510000e+00
   endloop
 endfacet
 facet normal -6.087614e-01 -7.933533e-01  0.000000e+00
   outer loop
     vertex  1.428000e+02 -5.938388e+01  0.000000e+00
     vertex  1.429760e+02 -5.951896e+01  0.000000e+00
     vertex  1.429760e+02 -5.951896e+01  1.510000e+00
   endloop
 endfacet
 facet normal -3.826834e-01 -9.238795e-01  0.000000e+00
   outer loop
     vertex  1.425950e+02 -5.929896e+01  0.000000e+00
     vertex  1.428000e+02 -5.938388e+01  1.510000e+00
     vertex  1.425950e+02 -5.929896e+01  1.510000e+00
   endloop
 endfacet
 facet normal -3.826834e-01 -9.238795e-01  0.000000e+00
   outer loop
     vertex  1.425950e+02 -5.929896e+01  0.000000e+00
     vertex  1.428000e+02 -5.938388e+01  0.000000e+00
     vertex  1.428000e+02 -5.938388e+01  1.510000e+00
   endloop
 endfacet
 facet normal -1.305262e-01 -9.914449e-01  0.000000e+00
   outer loop
     vertex  1.423750e+02 -5.927000e+01  0.000000e+00
     vertex  1.425950e+02 -5.929896e+01  1.510000e+00
     vertex  1.423750e+02 -5.927000e+01  1.510000e+00
   endloop
 endfacet
 facet normal -1.305262e-01 -9.914449e-01  0.000000e+00
   outer loop
     vertex  1.423750e+02 -5.927000e+01  0.000000e+00
     vertex  1.425950e+02 -5.929896e+01  0.000000e+00
     vertex  1.425950e+02 -5.929896e+01  1.510000e+00
   endloop
 endfacet
 facet normal  1.305262e-01 -9.914449e-01  0.000000e+00
   outer loop
     vertex  1.421550e+02 -5.929896e+01  0.000000e+00
     vertex  1.423750e+02 -5.927000e+01  1.510000e+00
     vertex  1.421550e+02 -5.929896e+01  1.510000e+00
   endloop
 endfacet
 facet normal  1.305262e-01 -9.914449e-01  0.000000e+00
   outer loop
     vertex  1.421550e+02 -5.929896e+01  0.000000e+00
     vertex  1.423750e+02 -5.927000e+01  0.000000e+00
     vertex  1.423750e+02 -5.927000e+01  1.510000e+00
   endloop
 endfacet
 facet normal  3.826834e-01 -9.238795e-01  0.000000e+00
   outer loop
     vertex  1.419500e+02 -5.938388e+01  0.000000e+00
     vertex  1.421550e+02 -5.929896e+01  0.000000e+00
     vertex  1.421550e+02 -5.929896e+01  1.510000e+00
   endloop
 endfacet
 facet normal  3.826834e-01 -9.238795e-01  0.000000e+00
   outer loop
     vertex  1.419500e+02 -5.938388e+01  0.000000e+00
     vertex  1.421550e+02 -5.929896e+01  1.510000e+00
     vertex  1.419500e+02 -5.938388e+01  1.510000e+00
   endloop
 endfacet
 facet normal  6.087614e-01 -7.933533e-01  0.000000e+00
   outer loop
     vertex  1.417740e+02 -5.951896e+01  0.000000e+00
     vertex  1.419500e+02 -5.938388e+01  0.000000e+00
     vertex  1.419500e+02 -5.938388e+01  1.510000e+00
   endloop
 endfacet
 facet normal  7.933533e-01 -6.087614e-01  0.000000e+00
   outer loop
     vertex  1.417740e+02 -5.951896e+01  0.000000e+00
     vertex  1.417740e+02 -5.951896e+01  1.510000e+00
     vertex  1.416389e+02 -5.969500e+01  1.510000e+00
   endloop
 endfacet
 facet normal  6.087614e-01 -7.933533e-01  0.000000e+00
   outer loop
     vertex  1.417740e+02 -5.951896e+01  0.000000e+00
     vertex  1.419500e+02 -5.938388e+01  1.510000e+00
     vertex  1.417740e+02 -5.951896e+01  1.510000e+00
   endloop
 endfacet
 facet normal  7.933533e-01 -6.087614e-01  0.000000e+00
   outer loop
     vertex  1.416389e+02 -5.969500e+01  0.000000e+00
     vertex  1.417740e+02 -5.951896e+01  0.000000e+00
     vertex  1.416389e+02 -5.969500e+01  1.510000e+00
   endloop
 endfacet
 facet normal  9.238795e-01 -3.826834e-01  0.000000e+00
   outer loop
     vertex  1.416389e+02 -5.969500e+01  0.000000e+00
     vertex  1.416389e+02 -5.969500e+01  1.510000e+00
     vertex  1.415540e+02 -5.990000e+01  1.510000e+00
   endloop
 endfacet
 facet normal  9.238795e-01 -3.826834e-01  0.000000e+00
   outer loop
     vertex  1.415540e+02 -5.990000e+01  0.000000e+00
     vertex  1.416389e+02 -5.969500e+01  0.000000e+00
     vertex  1.415540e+02 -5.990000e+01  1.510000e+00
   endloop
 endfacet
 facet normal  9.914449e-01 -1.305262e-01  0.000000e+00
   outer loop
     vertex  1.415250e+02 -6.012000e+01  0.000000e+00
     vertex  1.415540e+02 -5.990000e+01  0.000000e+00
     vertex  1.415540e+02 -5.990000e+01  1.510000e+00
   endloop
 endfacet
 facet normal  9.914449e-01 -1.305262e-01  0.000000e+00
   outer loop
     vertex  1.415250e+02 -6.012000e+01  0.000000e+00
     vertex  1.415540e+02 -5.990000e+01  1.510000e+00
     vertex  1.415250e+02 -6.012000e+01  1.510000e+00
   endloop
 endfacet
 facet normal  9.914449e-01  1.305262e-01 -0.000000e+00
   outer loop
     vertex  1.415540e+02 -6.034000e+01  0.000000e+00
     vertex  1.415250e+02 -6.012000e+01  1.510000e+00
     vertex  1.415540e+02 -6.034000e+01  1.510000e+00
   endloop
 endfacet
 facet normal  9.914449e-01  1.305262e-01  0.000000e+00
   outer loop
     vertex  1.415540e+02 -6.034000e+01  0.000000e+00
     vertex  1.415250e+02 -6.012000e+01  0.000000e+00
     vertex  1.415250e+02 -6.012000e+01  1.510000e+00
   endloop
 endfacet
 facet normal  9.238795e-01  3.826834e-01 -0.000000e+00
   outer loop
     vertex  1.416389e+02 -6.054500e+01  0.000000e+00
     vertex  1.415540e+02 -6.034000e+01  1.510000e+00
     vertex  1.416389e+02 -6.054500e+01  1.510000e+00
   endloop
 endfacet
 facet normal  9.238795e-01  3.826834e-01  0.000000e+00
   outer loop
     vertex  1.416389e+02 -6.054500e+01  0.000000e+00
     vertex  1.415540e+02 -6.034000e+01  0.000000e+00
     vertex  1.415540e+02 -6.034000e+01  1.510000e+00
   endloop
 endfacet
 facet normal  6.087614e-01  7.933533e-01 -0.000000e+00
   outer loop
     vertex  1.417740e+02 -6.072104e+01  0.000000e+00
     vertex  1.417740e+02 -6.072104e+01  1.510000e+00
     vertex  1.419500e+02 -6.085612e+01  1.510000e+00
   endloop
 endfacet
 facet normal  7.933533e-01  6.087614e-01 -0.000000e+00
   outer loop
     vertex  1.417740e+02 -6.072104e+01  0.000000e+00
     vertex  1.416389e+02 -6.054500e+01  1.510000e+00
     vertex  1.417740e+02 -6.072104e+01  1.510000e+00
   endloop
 endfacet
 facet normal  7.933533e-01  6.087614e-01  0.000000e+00
   outer loop
     vertex  1.417740e+02 -6.072104e+01  0.000000e+00
     vertex  1.416389e+02 -6.054500e+01  0.000000e+00
     vertex  1.416389e+02 -6.054500e+01  1.510000e+00
   endloop
 endfacet
 facet normal  6.087614e-01  7.933533e-01 -0.000000e+00
   outer loop
     vertex  1.419500e+02 -6.085612e+01  0.000000e+00
     vertex  1.417740e+02 -6.072104e+01  0.000000e+00
     vertex  1.419500e+02 -6.085612e+01  1.510000e+00
   endloop
 endfacet
 facet normal  3.826834e-01  9.238795e-01 -0.000000e+00
   outer loop
     vertex  1.421550e+02 -6.094104e+01  0.000000e+00
     vertex  1.419500e+02 -6.085612e+01  1.510000e+00
     vertex  1.421550e+02 -6.094104e+01  1.510000e+00
   endloop
 endfacet
 facet normal  3.826834e-01  9.238795e-01  0.000000e+00
   outer loop
     vertex  1.421550e+02 -6.094104e+01  0.000000e+00
     vertex  1.419500e+02 -6.085612e+01  0.000000e+00
     vertex  1.419500e+02 -6.085612e+01  1.510000e+00
   endloop
 endfacet
 facet normal  1.305262e-01  9.914449e-01 -0.000000e+00
   outer loop
     vertex  1.423750e+02 -6.097000e+01  0.000000e+00
     vertex  1.421550e+02 -6.094104e+01  1.510000e+00
     vertex  1.423750e+02 -6.097000e+01  1.510000e+00
   endloop
 endfacet
 facet normal  1.305262e-01  9.914449e-01  0.000000e+00
   outer loop
     vertex  1.423750e+02 -6.097000e+01  0.000000e+00
     vertex  1.421550e+02 -6.094104e+01  0.000000e+00
     vertex  1.421550e+02 -6.094104e+01  1.510000e+00
   endloop
 endfacet
 facet normal -1.305262e-01  9.914449e-01  0.000000e+00
   outer loop
     vertex  1.448794e+02 -6.052296e+01  0.000000e+00
     vertex  1.447500e+02 -6.054000e+01  0.000000e+00
     vertex  1.447500e+02 -6.054000e+01  1.510000e+00
   endloop
 endfacet
 facet normal -1.305262e-01  9.914449e-01  0.000000e+00
   outer loop
     vertex  1.448794e+02 -6.052296e+01  0.000000e+00
     vertex  1.447500e+02 -6.054000e+01  1.510000e+00
     vertex  1.448794e+02 -6.052296e+01  1.510000e+00
   endloop
 endfacet
 facet normal -3.826834e-01  9.238795e-01  0.000000e+00
   outer loop
     vertex  1.450000e+02 -6.047301e+01  0.000000e+00
     vertex  1.448794e+02 -6.052296e+01  1.510000e+00
     vertex  1.450000e+02 -6.047301e+01  1.510000e+00
   endloop
 endfacet
 facet normal -3.826834e-01  9.238795e-01  0.000000e+00
   outer loop
     vertex  1.450000e+02 -6.047301e+01  0.000000e+00
     vertex  1.448794e+02 -6.052296e+01  0.000000e+00
     vertex  1.448794e+02 -6.052296e+01  1.510000e+00
   endloop
 endfacet
 facet normal -6.087614e-01  7.933533e-01  0.000000e+00
   outer loop
     vertex  1.451036e+02 -6.039355e+01  0.000000e+00
     vertex  1.450000e+02 -6.047301e+01  1.510000e+00
     vertex  1.451036e+02 -6.039355e+01  1.510000e+00
   endloop
 endfacet
 facet normal -6.087614e-01  7.933533e-01  0.000000e+00
   outer loop
     vertex  1.451036e+02 -6.039355e+01  0.000000e+00
     vertex  1.450000e+02 -6.047301e+01  0.000000e+00
     vertex  1.450000e+02 -6.047301e+01  1.510000e+00
   endloop
 endfacet
 facet normal -7.933533e-01  6.087614e-01  0.000000e+00
   outer loop
     vertex  1.451830e+02 -6.029000e+01  0.000000e+00
     vertex  1.451036e+02 -6.039355e+01  1.510000e+00
     vertex  1.451830e+02 -6.029000e+01  1.510000e+00
   endloop
 endfacet
 facet normal -7.933533e-01  6.087614e-01  0.000000e+00
   outer loop
     vertex  1.451830e+02 -6.029000e+01  0.000000e+00
     vertex  1.451036e+02 -6.039355e+01  0.000000e+00
     vertex  1.451036e+02 -6.039355e+01  1.510000e+00
   endloop
 endfacet
 facet normal -9.238795e-01  3.826834e-01  0.000000e+00
   outer loop
     vertex  1.452330e+02 -6.016941e+01  0.000000e+00
     vertex  1.451830e+02 -6.029000e+01  1.510000e+00
     vertex  1.452330e+02 -6.016941e+01  1.510000e+00
   endloop
 endfacet
 facet normal -9.238795e-01  3.826834e-01  0.000000e+00
   outer loop
     vertex  1.452330e+02 -6.016941e+01  0.000000e+00
     vertex  1.451830e+02 -6.029000e+01  0.000000e+00
     vertex  1.451830e+02 -6.029000e+01  1.510000e+00
   endloop
 endfacet
 facet normal -9.914449e-01  1.305262e-01  0.000000e+00
   outer loop
     vertex  1.452500e+02 -6.004000e+01  0.000000e+00
     vertex  1.452330e+02 -6.016941e+01  1.510000e+00
     vertex  1.452500e+02 -6.004000e+01  1.510000e+00
   endloop
 endfacet
 facet normal -9.914449e-01  1.305262e-01  0.000000e+00
   outer loop
     vertex  1.452500e+02 -6.004000e+01  0.000000e+00
     vertex  1.452330e+02 -6.016941e+01  0.000000e+00
     vertex  1.452330e+02 -6.016941e+01  1.510000e+00
   endloop
 endfacet
 facet normal -9.914449e-01 -1.305262e-01  0.000000e+00
   outer loop
     vertex  1.452330e+02 -5.991059e+01  0.000000e+00
     vertex  1.452500e+02 -6.004000e+01  1.510000e+00
     vertex  1.452330e+02 -5.991059e+01  1.510000e+00
   endloop
 endfacet
 facet normal -9.914449e-01 -1.305262e-01  0.000000e+00
   outer loop
     vertex  1.452330e+02 -5.991059e+01  0.000000e+00
     vertex  1.452500e+02 -6.004000e+01  0.000000e+00
     vertex  1.452500e+02 -6.004000e+01  1.510000e+00
   endloop
 endfacet
 facet normal -9.238795e-01 -3.826834e-01  0.000000e+00
   outer loop
     vertex  1.451830e+02 -5.979000e+01  0.000000e+00
     vertex  1.452330e+02 -5.991059e+01  1.510000e+00
     vertex  1.451830e+02 -5.979000e+01  1.510000e+00
   endloop
 endfacet
 facet normal -9.238795e-01 -3.826834e-01  0.000000e+00
   outer loop
     vertex  1.451830e+02 -5.979000e+01  0.000000e+00
     vertex  1.452330e+02 -5.991059e+01  0.000000e+00
     vertex  1.452330e+02 -5.991059e+01  1.510000e+00
   endloop
 endfacet
 facet normal -7.933533e-01 -6.087614e-01  0.000000e+00
   outer loop
     vertex  1.451036e+02 -5.968645e+01  0.000000e+00
     vertex  1.451830e+02 -5.979000e+01  1.510000e+00
     vertex  1.451036e+02 -5.968645e+01  1.510000e+00
   endloop
 endfacet
 facet normal -7.933533e-01 -6.087614e-01  0.000000e+00
   outer loop
     vertex  1.451036e+02 -5.968645e+01  0.000000e+00
     vertex  1.451830e+02 -5.979000e+01  0.000000e+00
     vertex  1.451830e+02 -5.979000e+01  1.510000e+00
   endloop
 endfacet
 facet normal -6.087614e-01 -7.933533e-01  0.000000e+00
   outer loop
     vertex  1.450000e+02 -5.960699e+01  0.000000e+00
     vertex  1.451036e+02 -5.968645e+01  1.510000e+00
     vertex  1.450000e+02 -5.960699e+01  1.510000e+00
   endloop
 endfacet
 facet normal -6.087614e-01 -7.933533e-01  0.000000e+00
   outer loop
     vertex  1.450000e+02 -5.960699e+01  0.000000e+00
     vertex  1.451036e+02 -5.968645e+01  0.000000e+00
     vertex  1.451036e+02 -5.968645e+01  1.510000e+00
   endloop
 endfacet
 facet normal -3.826834e-01 -9.238795e-01  0.000000e+00
   outer loop
     vertex  1.448794e+02 -5.955704e+01  0.000000e+00
     vertex  1.450000e+02 -5.960699e+01  1.510000e+00
     vertex  1.448794e+02 -5.955704e+01  1.510000e+00
   endloop
 endfacet
 facet normal -3.826834e-01 -9.238795e-01  0.000000e+00
   outer loop
     vertex  1.448794e+02 -5.955704e+01  0.000000e+00
     vertex  1.450000e+02 -5.960699e+01  0.000000e+00
     vertex  1.450000e+02 -5.960699e+01  1.510000e+00
   endloop
 endfacet
 facet normal -1.305262e-01 -9.914449e-01  0.000000e+00
   outer loop
     vertex  1.447500e+02 -5.954000e+01  0.000000e+00
     vertex  1.448794e+02 -5.955704e+01  1.510000e+00
     vertex  1.447500e+02 -5.954000e+01  1.510000e+00
   endloop
 endfacet
 facet normal -1.305262e-01 -9.914449e-01  0.000000e+00
   outer loop
     vertex  1.447500e+02 -5.954000e+01  0.000000e+00
     vertex  1.448794e+02 -5.955704e+01  0.000000e+00
     vertex  1.448794e+02 -5.955704e+01  1.510000e+00
   endloop
 endfacet
 facet normal  1.305262e-01 -9.914449e-01  0.000000e+00
   outer loop
     vertex  1.446206e+02 -5.955704e+01  0.000000e+00
     vertex  1.447500e+02 -5.954000e+01  1.510000e+00
     vertex  1.446206e+02 -5.955704e+01  1.510000e+00
   endloop
 endfacet
 facet normal  1.305262e-01 -9.914449e-01  0.000000e+00
   outer loop
     vertex  1.446206e+02 -5.955704e+01  0.000000e+00
     vertex  1.447500e+02 -5.954000e+01  0.000000e+00
     vertex  1.447500e+02 -5.954000e+01  1.510000e+00
   endloop
 endfacet
 facet normal  3.826834e-01 -9.238795e-01  0.000000e+00
   outer loop
     vertex  1.445000e+02 -5.960699e+01  0.000000e+00
     vertex  1.446206e+02 -5.955704e+01  0.000000e+00
     vertex  1.446206e+02 -5.955704e+01  1.510000e+00
   endloop
 endfacet
 facet normal  3.826834e-01 -9.238795e-01  0.000000e+00
   outer loop
     vertex  1.445000e+02 -5.960699e+01  0.000000e+00
     vertex  1.446206e+02 -5.955704e+01  1.510000e+00
     vertex  1.445000e+02 -5.960699e+01  1.510000e+00
   endloop
 endfacet
 facet normal  6.087614e-01 -7.933533e-01  0.000000e+00
   outer loop
     vertex  1.443964e+02 -5.968645e+01  0.000000e+00
     vertex  1.445000e+02 -5.960699e+01  0.000000e+00
     vertex  1.445000e+02 -5.960699e+01  1.510000e+00
   endloop
 endfacet
 facet normal  7.933533e-01 -6.087614e-01  0.000000e+00
   outer loop
     vertex  1.443964e+02 -5.968645e+01  0.000000e+00
     vertex  1.443964e+02 -5.968645e+01  1.510000e+00
     vertex  1.443170e+02 -5.979000e+01  1.510000e+00
   endloop
 endfacet
 facet normal  6.087614e-01 -7.933533e-01  0.000000e+00
   outer loop
     vertex  1.443964e+02 -5.968645e+01  0.000000e+00
     vertex  1.445000e+02 -5.960699e+01  1.510000e+00
     vertex  1.443964e+02 -5.968645e+01  1.510000e+00
   endloop
 endfacet
 facet normal  7.933533e-01 -6.087614e-01  0.000000e+00
   outer loop
     vertex  1.443170e+02 -5.979000e+01  0.000000e+00
     vertex  1.443964e+02 -5.968645e+01  0.000000e+00
     vertex  1.443170e+02 -5.979000e+01  1.510000e+00
   endloop
 endfacet
 facet normal  9.238795e-01 -3.826834e-01  0.000000e+00
   outer loop
     vertex  1.443170e+02 -5.979000e+01  0.000000e+00
     vertex  1.443170e+02 -5.979000e+01  1.510000e+00
     vertex  1.442670e+02 -5.991059e+01  1.510000e+00
   endloop
 endfacet
 facet normal  9.238795e-01 -3.826834e-01  0.000000e+00
   outer loop
     vertex  1.442670e+02 -5.991059e+01  0.000000e+00
     vertex  1.443170e+02 -5.979000e+01  0.000000e+00
     vertex  1.442670e+02 -5.991059e+01  1.510000e+00
   endloop
 endfacet
 facet normal  9.914449e-01 -1.305262e-01  0.000000e+00
   outer loop
     vertex  1.442500e+02 -6.004000e+01  0.000000e+00
     vertex  1.442670e+02 -5.991059e+01  0.000000e+00
     vertex  1.442670e+02 -5.991059e+01  1.510000e+00
   endloop
 endfacet
 facet normal  9.914449e-01 -1.305262e-01  0.000000e+00
   outer loop
     vertex  1.442500e+02 -6.004000e+01  0.000000e+00
     vertex  1.442670e+02 -5.991059e+01  1.510000e+00
     vertex  1.442500e+02 -6.004000e+01  1.510000e+00
   endloop
 endfacet
 facet normal  9.914449e-01  1.305262e-01 -0.000000e+00
   outer loop
     vertex  1.442670e+02 -6.016941e+01  0.000000e+00
     vertex  1.442500e+02 -6.004000e+01  1.510000e+00
     vertex  1.442670e+02 -6.016941e+01  1.510000e+00
   endloop
 endfacet
 facet normal  9.914449e-01  1.305262e-01  0.000000e+00
   outer loop
     vertex  1.442670e+02 -6.016941e+01  0.000000e+00
     vertex  1.442500e+02 -6.004000e+01  0.000000e+00
     vertex  1.442500e+02 -6.004000e+01  1.510000e+00
   endloop
 endfacet
 facet normal  9.238795e-01  3.826834e-01 -0.000000e+00
   outer loop
     vertex  1.443170e+02 -6.029000e+01  0.000000e+00
     vertex  1.442670e+02 -6.016941e+01  1.510000e+00
     vertex  1.443170e+02 -6.029000e+01  1.510000e+00
   endloop
 endfacet
 facet normal  9.238795e-01  3.826834e-01  0.000000e+00
   outer loop
     vertex  1.443170e+02 -6.029000e+01  0.000000e+00
     vertex  1.442670e+02 -6.016941e+01  0.000000e+00
     vertex  1.442670e+02 -6.016941e+01  1.510000e+00
   endloop
 endfacet
 facet normal  6.087614e-01  7.933533e-01 -0.000000e+00
   outer loop
     vertex  1.443964e+02 -6.039355e+01  0.000000e+00
     vertex  1.443964e+02 -6.039355e+01  1.510000e+00
     vertex  1.445000e+02 -6.047301e+01  1.510000e+00
   endloop
 endfacet
 facet normal  7.933533e-01  6.087614e-01 -0.000000e+00
   outer loop
     vertex  1.443964e+02 -6.039355e+01  0.000000e+00
     vertex  1.443170e+02 -6.029000e+01  1.510000e+00
     vertex  1.443964e+02 -6.039355e+01  1.510000e+00
   endloop
 endfacet
 facet normal  7.933533e-01  6.087614e-01  0.000000e+00
   outer loop
     vertex  1.443964e+02 -6.039355e+01  0.000000e+00
     vertex  1.443170e+02 -6.029000e+01  0.000000e+00
     vertex  1.443170e+02 -6.029000e+01  1.510000e+00
   endloop
 endfacet
 facet normal  6.087614e-01  7.933533e-01 -0.000000e+00
   outer loop
     vertex  1.445000e+02 -6.047301e+01  0.000000e+00
     vertex  1.443964e+02 -6.039355e+01  0.000000e+00
     vertex  1.445000e+02 -6.047301e+01  1.510000e+00
   endloop
 endfacet
 facet normal  3.826834e-01  9.238795e-01 -0.000000e+00
   outer loop
     vertex  1.446206e+02 -6.052296e+01  0.000000e+00
     vertex  1.445000e+02 -6.047301e+01  1.510000e+00
     vertex  1.446206e+02 -6.052296e+01  1.510000e+00
   endloop
 endfacet
 facet normal  3.826834e-01  9.238795e-01  0.000000e+00
   outer loop
     vertex  1.446206e+02 -6.052296e+01  0.000000e+00
     vertex  1.445000e+02 -6.047301e+01  0.000000e+00
     vertex  1.445000e+02 -6.047301e+01  1.510000e+00
   endloop
 endfacet
 facet normal  1.305262e-01  9.914449e-01 -0.000000e+00
   outer loop
     vertex  1.447500e+02 -6.054000e+01  0.000000e+00
     vertex  1.446206e+02 -6.052296e+01  1.510000e+00
     vertex  1.447500e+02 -6.054000e+01  1.510000e+00
   endloop
 endfacet
 facet normal  1.305262e-01  9.914449e-01  0.000000e+00
   outer loop
     vertex  1.447500e+02 -6.054000e+01  0.000000e+00
     vertex  1.446206e+02 -6.052296e+01  0.000000e+00
     vertex  1.446206e+02 -6.052296e+01  1.510000e+00
   endloop
 endfacet
 facet normal -1.305262e-01  9.914449e-01  0.000000e+00
   outer loop
     vertex  1.448794e+02 -5.798296e+01  0.000000e+00
     vertex  1.447500e+02 -5.800000e+01  0.000000e+00
     vertex  1.447500e+02 -5.800000e+01  1.510000e+00
   endloop
 endfacet
 facet normal -1.305262e-01  9.914449e-01  0.000000e+00
   outer loop
     vertex  1.448794e+02 -5.798296e+01  0.000000e+00
     vertex  1.447500e+02 -5.800000e+01  1.510000e+00
     vertex  1.448794e+02 -5.798296e+01  1.510000e+00
   endloop
 endfacet
 facet normal -3.826834e-01  9.238795e-01  0.000000e+00
   outer loop
     vertex  1.450000e+02 -5.793301e+01  0.000000e+00
     vertex  1.448794e+02 -5.798296e+01  1.510000e+00
     vertex  1.450000e+02 -5.793301e+01  1.510000e+00
   endloop
 endfacet
 facet normal -3.826834e-01  9.238795e-01  0.000000e+00
   outer loop
     vertex  1.450000e+02 -5.793301e+01  0.000000e+00
     vertex  1.448794e+02 -5.798296e+01  0.000000e+00
     vertex  1.448794e+02 -5.798296e+01  1.510000e+00
   endloop
 endfacet
 facet normal -6.087614e-01  7.933533e-01  0.000000e+00
   outer loop
     vertex  1.451036e+02 -5.785355e+01  0.000000e+00
     vertex  1.450000e+02 -5.793301e+01  1.510000e+00
     vertex  1.451036e+02 -5.785355e+01  1.510000e+00
   endloop
 endfacet
 facet normal -6.087614e-01  7.933533e-01  0.000000e+00
   outer loop
     vertex  1.451036e+02 -5.785355e+01  0.000000e+00
     vertex  1.450000e+02 -5.793301e+01  0.000000e+00
     vertex  1.450000e+02 -5.793301e+01  1.510000e+00
   endloop
 endfacet
 facet normal -7.933533e-01  6.087614e-01  0.000000e+00
   outer loop
     vertex  1.451830e+02 -5.775000e+01  0.000000e+00
     vertex  1.451036e+02 -5.785355e+01  1.510000e+00
     vertex  1.451830e+02 -5.775000e+01  1.510000e+00
   endloop
 endfacet
 facet normal -7.933533e-01  6.087614e-01  0.000000e+00
   outer loop
     vertex  1.451830e+02 -5.775000e+01  0.000000e+00
     vertex  1.451036e+02 -5.785355e+01  0.000000e+00
     vertex  1.451036e+02 -5.785355e+01  1.510000e+00
   endloop
 endfacet
 facet normal -9.238795e-01  3.826834e-01  0.000000e+00
   outer loop
     vertex  1.452330e+02 -5.762941e+01  0.000000e+00
     vertex  1.451830e+02 -5.775000e+01  1.510000e+00
     vertex  1.452330e+02 -5.762941e+01  1.510000e+00
   endloop
 endfacet
 facet normal -9.238795e-01  3.826834e-01  0.000000e+00
   outer loop
     vertex  1.452330e+02 -5.762941e+01  0.000000e+00
     vertex  1.451830e+02 -5.775000e+01  0.000000e+00
     vertex  1.451830e+02 -5.775000e+01  1.510000e+00
   endloop
 endfacet
 facet normal -9.914449e-01  1.305262e-01  0.000000e+00
   outer loop
     vertex  1.452500e+02 -5.750000e+01  0.000000e+00
     vertex  1.452330e+02 -5.762941e+01  1.510000e+00
     vertex  1.452500e+02 -5.750000e+01  1.510000e+00
   endloop
 endfacet
 facet normal -9.914449e-01  1.305262e-01  0.000000e+00
   outer loop
     vertex  1.452500e+02 -5.750000e+01  0.000000e+00
     vertex  1.452330e+02 -5.762941e+01  0.000000e+00
     vertex  1.452330e+02 -5.762941e+01  1.510000e+00
   endloop
 endfacet
 facet normal -9.914449e-01 -1.305262e-01  0.000000e+00
   outer loop
     vertex  1.452330e+02 -5.737059e+01  0.000000e+00
     vertex  1.452500e+02 -5.750000e+01  1.510000e+00
     vertex  1.452330e+02 -5.737059e+01  1.510000e+00
   endloop
 endfacet
 facet normal -9.914449e-01 -1.305262e-01  0.000000e+00
   outer loop
     vertex  1.452330e+02 -5.737059e+01  0.000000e+00
     vertex  1.452500e+02 -5.750000e+01  0.000000e+00
     vertex  1.452500e+02 -5.750000e+01  1.510000e+00
   endloop
 endfacet
 facet normal -9.238795e-01 -3.826834e-01  0.000000e+00
   outer loop
     vertex  1.451830e+02 -5.725000e+01  0.000000e+00
     vertex  1.452330e+02 -5.737059e+01  1.510000e+00
     vertex  1.451830e+02 -5.725000e+01  1.510000e+00
   endloop
 endfacet
 facet normal -9.238795e-01 -3.826834e-01  0.000000e+00
   outer loop
     vertex  1.451830e+02 -5.725000e+01  0.000000e+00
     vertex  1.452330e+02 -5.737059e+01  0.000000e+00
     vertex  1.452330e+02 -5.737059e+01  1.510000e+00
   endloop
 endfacet
 facet normal -7.933533e-01 -6.087614e-01  0.000000e+00
   outer loop
     vertex  1.451036e+02 -5.714645e+01  0.000000e+00
     vertex  1.451830e+02 -5.725000e+01  1.510000e+00
     vertex  1.451036e+02 -5.714645e+01  1.510000e+00
   endloop
 endfacet
 facet normal -7.933533e-01 -6.087614e-01  0.000000e+00
   outer loop
     vertex  1.451036e+02 -5.714645e+01  0.000000e+00
     vertex  1.451830e+02 -5.725000e+01  0.000000e+00
     vertex  1.451830e+02 -5.725000e+01  1.510000e+00
   endloop
 endfacet
 facet normal -6.087614e-01 -7.933533e-01  0.000000e+00
   outer loop
     vertex  1.450000e+02 -5.706699e+01  0.000000e+00
     vertex  1.451036e+02 -5.714645e+01  1.510000e+00
     vertex  1.450000e+02 -5.706699e+01  1.510000e+00
   endloop
 endfacet
 facet normal -6.087614e-01 -7.933533e-01  0.000000e+00
   outer loop
     vertex  1.450000e+02 -5.706699e+01  0.000000e+00
     vertex  1.451036e+02 -5.714645e+01  0.000000e+00
     vertex  1.451036e+02 -5.714645e+01  1.510000e+00
   endloop
 endfacet
 facet normal -3.826834e-01 -9.238795e-01  0.000000e+00
   outer loop
     vertex  1.448794e+02 -5.701704e+01  0.000000e+00
     vertex  1.450000e+02 -5.706699e+01  1.510000e+00
     vertex  1.448794e+02 -5.701704e+01  1.510000e+00
   endloop
 endfacet
 facet normal -3.826834e-01 -9.238795e-01  0.000000e+00
   outer loop
     vertex  1.448794e+02 -5.701704e+01  0.000000e+00
     vertex  1.450000e+02 -5.706699e+01  0.000000e+00
     vertex  1.450000e+02 -5.706699e+01  1.510000e+00
   endloop
 endfacet
 facet normal -1.305262e-01 -9.914449e-01  0.000000e+00
   outer loop
     vertex  1.447500e+02 -5.700000e+01  0.000000e+00
     vertex  1.448794e+02 -5.701704e+01  1.510000e+00
     vertex  1.447500e+02 -5.700000e+01  1.510000e+00
   endloop
 endfacet
 facet normal -1.305262e-01 -9.914449e-01  0.000000e+00
   outer loop
     vertex  1.447500e+02 -5.700000e+01  0.000000e+00
     vertex  1.448794e+02 -5.701704e+01  0.000000e+00
     vertex  1.448794e+02 -5.701704e+01  1.510000e+00
   endloop
 endfacet
 facet normal  1.305262e-01 -9.914449e-01  0.000000e+00
   outer loop
     vertex  1.446206e+02 -5.701704e+01  0.000000e+00
     vertex  1.447500e+02 -5.700000e+01  1.510000e+00
     vertex  1.446206e+02 -5.701704e+01  1.510000e+00
   endloop
 endfacet
 facet normal  1.305262e-01 -9.914449e-01  0.000000e+00
   outer loop
     vertex  1.446206e+02 -5.701704e+01  0.000000e+00
     vertex  1.447500e+02 -5.700000e+01  0.000000e+00
     vertex  1.447500e+02 -5.700000e+01  1.510000e+00
   endloop
 endfacet
 facet normal  3.826834e-01 -9.238795e-01  0.000000e+00
   outer loop
     vertex  1.445000e+02 -5.706699e+01  0.000000e+00
     vertex  1.446206e+02 -5.701704e+01  0.000000e+00
     vertex  1.446206e+02 -5.701704e+01  1.510000e+00
   endloop
 endfacet
 facet normal  3.826834e-01 -9.238795e-01  0.000000e+00
   outer loop
     vertex  1.445000e+02 -5.706699e+01  0.000000e+00
     vertex  1.446206e+02 -5.701704e+01  1.510000e+00
     vertex  1.445000e+02 -5.706699e+01  1.510000e+00
   endloop
 endfacet
 facet normal  6.087614e-01 -7.933533e-01  0.000000e+00
   outer loop
     vertex  1.443964e+02 -5.714645e+01  0.000000e+00
     vertex  1.445000e+02 -5.706699e+01  0.000000e+00
     vertex  1.445000e+02 -5.706699e+01  1.510000e+00
   endloop
 endfacet
 facet normal  7.933533e-01 -6.087614e-01  0.000000e+00
   outer loop
     vertex  1.443964e+02 -5.714645e+01  0.000000e+00
     vertex  1.443964e+02 -5.714645e+01  1.510000e+00
     vertex  1.443170e+02 -5.725000e+01  1.510000e+00
   endloop
 endfacet
 facet normal  6.087614e-01 -7.933533e-01  0.000000e+00
   outer loop
     vertex  1.443964e+02 -5.714645e+01  0.000000e+00
     vertex  1.445000e+02 -5.706699e+01  1.510000e+00
     vertex  1.443964e+02 -5.714645e+01  1.510000e+00
   endloop
 endfacet
 facet normal  7.933533e-01 -6.087614e-01  0.000000e+00
   outer loop
     vertex  1.443170e+02 -5.725000e+01  0.000000e+00
     vertex  1.443964e+02 -5.714645e+01  0.000000e+00
     vertex  1.443170e+02 -5.725000e+01  1.510000e+00
   endloop
 endfacet
 facet normal  9.238795e-01 -3.826834e-01  0.000000e+00
   outer loop
     vertex  1.443170e+02 -5.725000e+01  0.000000e+00
     vertex  1.443170e+02 -5.725000e+01  1.510000e+00
     vertex  1.442670e+02 -5.737059e+01  1.510000e+00
   endloop
 endfacet
 facet normal  9.238795e-01 -3.826834e-01  0.000000e+00
   outer loop
     vertex  1.442670e+02 -5.737059e+01  0.000000e+00
     vertex  1.443170e+02 -5.725000e+01  0.000000e+00
     vertex  1.442670e+02 -5.737059e+01  1.510000e+00
   endloop
 endfacet
 facet normal  9.914449e-01 -1.305262e-01  0.000000e+00
   outer loop
     vertex  1.442500e+02 -5.750000e+01  0.000000e+00
     vertex  1.442670e+02 -5.737059e+01  0.000000e+00
     vertex  1.442670e+02 -5.737059e+01  1.510000e+00
   endloop
 endfacet
 facet normal  9.914449e-01 -1.305262e-01  0.000000e+00
   outer loop
     vertex  1.442500e+02 -5.750000e+01  0.000000e+00
     vertex  1.442670e+02 -5.737059e+01  1.510000e+00
     vertex  1.442500e+02 -5.750000e+01  1.510000e+00
   endloop
 endfacet
 facet normal  9.914449e-01  1.305262e-01 -0.000000e+00
   outer loop
     vertex  1.442670e+02 -5.762941e+01  0.000000e+00
     vertex  1.442500e+02 -5.750000e+01  1.510000e+00
     vertex  1.442670e+02 -5.762941e+01  1.510000e+00
   endloop
 endfacet
 facet normal  9.914449e-01  1.305262e-01  0.000000e+00
   outer loop
     vertex  1.442670e+02 -5.762941e+01  0.000000e+00
     vertex  1.442500e+02 -5.750000e+01  0.000000e+00
     vertex  1.442500e+02 -5.750000e+01  1.510000e+00
   endloop
 endfacet
 facet normal  9.238795e-01  3.826834e-01 -0.000000e+00
   outer loop
     vertex  1.443170e+02 -5.775000e+01  0.000000e+00
     vertex  1.442670e+02 -5.762941e+01  1.510000e+00
     vertex  1.443170e+02 -5.775000e+01  1.510000e+00
   endloop
 endfacet
 facet normal  9.238795e-01  3.826834e-01  0.000000e+00
   outer loop
     vertex  1.443170e+02 -5.775000e+01  0.000000e+00
     vertex  1.442670e+02 -5.762941e+01  0.000000e+00
     vertex  1.442670e+02 -5.762941e+01  1.510000e+00
   endloop
 endfacet
 facet normal  6.087614e-01  7.933533e-01 -0.000000e+00
   outer loop
     vertex  1.443964e+02 -5.785355e+01  0.000000e+00
     vertex  1.443964e+02 -5.785355e+01  1.510000e+00
     vertex  1.445000e+02 -5.793301e+01  1.510000e+00
   endloop
 endfacet
 facet normal  7.933533e-01  6.087614e-01 -0.000000e+00
   outer loop
     vertex  1.443964e+02 -5.785355e+01  0.000000e+00
     vertex  1.443170e+02 -5.775000e+01  1.510000e+00
     vertex  1.443964e+02 -5.785355e+01  1.510000e+00
   endloop
 endfacet
 facet normal  7.933533e-01  6.087614e-01  0.000000e+00
   outer loop
     vertex  1.443964e+02 -5.785355e+01  0.000000e+00
     vertex  1.443170e+02 -5.775000e+01  0.000000e+00
     vertex  1.443170e+02 -5.775000e+01  1.510000e+00
   endloop
 endfacet
 facet normal  6.087614e-01  7.933533e-01 -0.000000e+00
   outer loop
     vertex  1.445000e+02 -5.793301e+01  0.000000e+00
     vertex  1.443964e+02 -5.785355e+01  0.000000e+00
     vertex  1.445000e+02 -5.793301e+01  1.510000e+00
   endloop
 endfacet
 facet normal  3.826834e-01  9.238795e-01 -0.000000e+00
   outer loop
     vertex  1.446206e+02 -5.798296e+01  0.000000e+00
     vertex  1.445000e+02 -5.793301e+01  1.510000e+00
     vertex  1.446206e+02 -5.798296e+01  1.510000e+00
   endloop
 endfacet
 facet normal  3.826834e-01  9.238795e-01  0.000000e+00
   outer loop
     vertex  1.446206e+02 -5.798296e+01  0.000000e+00
     vertex  1.445000e+02 -5.793301e+01  0.000000e+00
     vertex  1.445000e+02 -5.793301e+01  1.510000e+00
   endloop
 endfacet
 facet normal  1.305262e-01  9.914449e-01 -0.000000e+00
   outer loop
     vertex  1.447500e+02 -5.800000e+01  0.000000e+00
     vertex  1.446206e+02 -5.798296e+01  1.510000e+00
     vertex  1.447500e+02 -5.800000e+01  1.510000e+00
   endloop
 endfacet
 facet normal  1.305262e-01  9.914449e-01  0.000000e+00
   outer loop
     vertex  1.447500e+02 -5.800000e+01  0.000000e+00
     vertex  1.446206e+02 -5.798296e+01  0.000000e+00
     vertex  1.446206e+02 -5.798296e+01  1.510000e+00
   endloop
 endfacet
 facet normal -1.305262e-01  9.914449e-01  0.000000e+00
   outer loop
     vertex  1.448794e+02 -5.544296e+01  0.000000e+00
     vertex  1.447500e+02 -5.546000e+01  0.000000e+00
     vertex  1.447500e+02 -5.546000e+01  1.510000e+00
   endloop
 endfacet
 facet normal -1.305262e-01  9.914449e-01  0.000000e+00
   outer loop
     vertex  1.448794e+02 -5.544296e+01  0.000000e+00
     vertex  1.447500e+02 -5.546000e+01  1.510000e+00
     vertex  1.448794e+02 -5.544296e+01  1.510000e+00
   endloop
 endfacet
 facet normal -3.826834e-01  9.238795e-01  0.000000e+00
   outer loop
     vertex  1.450000e+02 -5.539301e+01  0.000000e+00
     vertex  1.448794e+02 -5.544296e+01  1.510000e+00
     vertex  1.450000e+02 -5.539301e+01  1.510000e+00
   endloop
 endfacet
 facet normal -3.826834e-01  9.238795e-01  0.000000e+00
   outer loop
     vertex  1.450000e+02 -5.539301e+01  0.000000e+00
     vertex  1.448794e+02 -5.544296e+01  0.000000e+00
     vertex  1.448794e+02 -5.544296e+01  1.510000e+00
   endloop
 endfacet
 facet normal -6.087614e-01  7.933533e-01  0.000000e+00
   outer loop
     vertex  1.451036e+02 -5.531355e+01  0.000000e+00
     vertex  1.450000e+02 -5.539301e+01  1.510000e+00
     vertex  1.451036e+02 -5.531355e+01  1.510000e+00
   endloop
 endfacet
 facet normal -6.087614e-01  7.933533e-01  0.000000e+00
   outer loop
     vertex  1.451036e+02 -5.531355e+01  0.000000e+00
     vertex  1.450000e+02 -5.539301e+01  0.000000e+00
     vertex  1.450000e+02 -5.539301e+01  1.510000e+00
   endloop
 endfacet
 facet normal -7.933533e-01  6.087614e-01  0.000000e+00
   outer loop
     vertex  1.451830e+02 -5.521000e+01  0.000000e+00
     vertex  1.451036e+02 -5.531355e+01  1.510000e+00
     vertex  1.451830e+02 -5.521000e+01  1.510000e+00
   endloop
 endfacet
 facet normal -7.933533e-01  6.087614e-01  0.000000e+00
   outer loop
     vertex  1.451830e+02 -5.521000e+01  0.000000e+00
     vertex  1.451036e+02 -5.531355e+01  0.000000e+00
     vertex  1.451036e+02 -5.531355e+01  1.510000e+00
   endloop
 endfacet
 facet normal -9.238795e-01  3.826834e-01  0.000000e+00
   outer loop
     vertex  1.452330e+02 -5.508941e+01  0.000000e+00
     vertex  1.451830e+02 -5.521000e+01  1.510000e+00
     vertex  1.452330e+02 -5.508941e+01  1.510000e+00
   endloop
 endfacet
 facet normal -9.238795e-01  3.826834e-01  0.000000e+00
   outer loop
     vertex  1.452330e+02 -5.508941e+01  0.000000e+00
     vertex  1.451830e+02 -5.521000e+01  0.000000e+00
     vertex  1.451830e+02 -5.521000e+01  1.510000e+00
   endloop
 endfacet
 facet normal -9.914449e-01  1.305262e-01  0.000000e+00
   outer loop
     vertex  1.452500e+02 -5.496000e+01  0.000000e+00
     vertex  1.452330e+02 -5.508941e+01  1.510000e+00
     vertex  1.452500e+02 -5.496000e+01  1.510000e+00
   endloop
 endfacet
 facet normal -9.914449e-01  1.305262e-01  0.000000e+00
   outer loop
     vertex  1.452500e+02 -5.496000e+01  0.000000e+00
     vertex  1.452330e+02 -5.508941e+01  0.000000e+00
     vertex  1.452330e+02 -5.508941e+01  1.510000e+00
   endloop
 endfacet
 facet normal -9.914449e-01 -1.305262e-01  0.000000e+00
   outer loop
     vertex  1.452330e+02 -5.483059e+01  0.000000e+00
     vertex  1.452500e+02 -5.496000e+01  1.510000e+00
     vertex  1.452330e+02 -5.483059e+01  1.510000e+00
   endloop
 endfacet
 facet normal -9.914449e-01 -1.305262e-01  0.000000e+00
   outer loop
     vertex  1.452330e+02 -5.483059e+01  0.000000e+00
     vertex  1.452500e+02 -5.496000e+01  0.000000e+00
     vertex  1.452500e+02 -5.496000e+01  1.510000e+00
   endloop
 endfacet
 facet normal -9.238795e-01 -3.826834e-01  0.000000e+00
   outer loop
     vertex  1.451830e+02 -5.471000e+01  0.000000e+00
     vertex  1.452330e+02 -5.483059e+01  1.510000e+00
     vertex  1.451830e+02 -5.471000e+01  1.510000e+00
   endloop
 endfacet
 facet normal -9.238795e-01 -3.826834e-01  0.000000e+00
   outer loop
     vertex  1.451830e+02 -5.471000e+01  0.000000e+00
     vertex  1.452330e+02 -5.483059e+01  0.000000e+00
     vertex  1.452330e+02 -5.483059e+01  1.510000e+00
   endloop
 endfacet
 facet normal -7.933533e-01 -6.087614e-01  0.000000e+00
   outer loop
     vertex  1.451036e+02 -5.460645e+01  0.000000e+00
     vertex  1.451830e+02 -5.471000e+01  1.510000e+00
     vertex  1.451036e+02 -5.460645e+01  1.510000e+00
   endloop
 endfacet
 facet normal -7.933533e-01 -6.087614e-01  0.000000e+00
   outer loop
     vertex  1.451036e+02 -5.460645e+01  0.000000e+00
     vertex  1.451830e+02 -5.471000e+01  0.000000e+00
     vertex  1.451830e+02 -5.471000e+01  1.510000e+00
   endloop
 endfacet
 facet normal -6.087614e-01 -7.933533e-01  0.000000e+00
   outer loop
     vertex  1.450000e+02 -5.452699e+01  0.000000e+00
     vertex  1.451036e+02 -5.460645e+01  1.510000e+00
     vertex  1.450000e+02 -5.452699e+01  1.510000e+00
   endloop
 endfacet
 facet normal -6.087614e-01 -7.933533e-01  0.000000e+00
   outer loop
     vertex  1.450000e+02 -5.452699e+01  0.000000e+00
     vertex  1.451036e+02 -5.460645e+01  0.000000e+00
     vertex  1.451036e+02 -5.460645e+01  1.510000e+00
   endloop
 endfacet
 facet normal -3.826834e-01 -9.238795e-01  0.000000e+00
   outer loop
     vertex  1.448794e+02 -5.447704e+01  0.000000e+00
     vertex  1.450000e+02 -5.452699e+01  1.510000e+00
     vertex  1.448794e+02 -5.447704e+01  1.510000e+00
   endloop
 endfacet
 facet normal -3.826834e-01 -9.238795e-01  0.000000e+00
   outer loop
     vertex  1.448794e+02 -5.447704e+01  0.000000e+00
     vertex  1.450000e+02 -5.452699e+01  0.000000e+00
     vertex  1.450000e+02 -5.452699e+01  1.510000e+00
   endloop
 endfacet
 facet normal -1.305262e-01 -9.914449e-01  0.000000e+00
   outer loop
     vertex  1.447500e+02 -5.446000e+01  0.000000e+00
     vertex  1.448794e+02 -5.447704e+01  1.510000e+00
     vertex  1.447500e+02 -5.446000e+01  1.510000e+00
   endloop
 endfacet
 facet normal -1.305262e-01 -9.914449e-01  0.000000e+00
   outer loop
     vertex  1.447500e+02 -5.446000e+01  0.000000e+00
     vertex  1.448794e+02 -5.447704e+01  0.000000e+00
     vertex  1.448794e+02 -5.447704e+01  1.510000e+00
   endloop
 endfacet
 facet normal  1.305262e-01 -9.914449e-01  0.000000e+00
   outer loop
     vertex  1.446206e+02 -5.447704e+01  0.000000e+00
     vertex  1.447500e+02 -5.446000e+01  1.510000e+00
     vertex  1.446206e+02 -5.447704e+01  1.510000e+00
   endloop
 endfacet
 facet normal  1.305262e-01 -9.914449e-01  0.000000e+00
   outer loop
     vertex  1.446206e+02 -5.447704e+01  0.000000e+00
     vertex  1.447500e+02 -5.446000e+01  0.000000e+00
     vertex  1.447500e+02 -5.446000e+01  1.510000e+00
   endloop
 endfacet
 facet normal  3.826834e-01 -9.238795e-01  0.000000e+00
   outer loop
     vertex  1.445000e+02 -5.452699e+01  0.000000e+00
     vertex  1.446206e+02 -5.447704e+01  0.000000e+00
     vertex  1.446206e+02 -5.447704e+01  1.510000e+00
   endloop
 endfacet
 facet normal  3.826834e-01 -9.238795e-01  0.000000e+00
   outer loop
     vertex  1.445000e+02 -5.452699e+01  0.000000e+00
     vertex  1.446206e+02 -5.447704e+01  1.510000e+00
     vertex  1.445000e+02 -5.452699e+01  1.510000e+00
   endloop
 endfacet
 facet normal  6.087614e-01 -7.933533e-01  0.000000e+00
   outer loop
     vertex  1.443964e+02 -5.460645e+01  0.000000e+00
     vertex  1.445000e+02 -5.452699e+01  0.000000e+00
     vertex  1.445000e+02 -5.452699e+01  1.510000e+00
   endloop
 endfacet
 facet normal  7.933533e-01 -6.087614e-01  0.000000e+00
   outer loop
     vertex  1.443964e+02 -5.460645e+01  0.000000e+00
     vertex  1.443964e+02 -5.460645e+01  1.510000e+00
     vertex  1.443170e+02 -5.471000e+01  1.510000e+00
   endloop
 endfacet
 facet normal  6.087614e-01 -7.933533e-01  0.000000e+00
   outer loop
     vertex  1.443964e+02 -5.460645e+01  0.000000e+00
     vertex  1.445000e+02 -5.452699e+01  1.510000e+00
     vertex  1.443964e+02 -5.460645e+01  1.510000e+00
   endloop
 endfacet
 facet normal  7.933533e-01 -6.087614e-01  0.000000e+00
   outer loop
     vertex  1.443170e+02 -5.471000e+01  0.000000e+00
     vertex  1.443964e+02 -5.460645e+01  0.000000e+00
     vertex  1.443170e+02 -5.471000e+01  1.510000e+00
   endloop
 endfacet
 facet normal  9.238795e-01 -3.826834e-01  0.000000e+00
   outer loop
     vertex  1.443170e+02 -5.471000e+01  0.000000e+00
     vertex  1.443170e+02 -5.471000e+01  1.510000e+00
     vertex  1.442670e+02 -5.483059e+01  1.510000e+00
   endloop
 endfacet
 facet normal  9.238795e-01 -3.826834e-01  0.000000e+00
   outer loop
     vertex  1.442670e+02 -5.483059e+01  0.000000e+00
     vertex  1.443170e+02 -5.471000e+01  0.000000e+00
     vertex  1.442670e+02 -5.483059e+01  1.510000e+00
   endloop
 endfacet
 facet normal  9.914449e-01 -1.305262e-01  0.000000e+00
   outer loop
     vertex  1.442500e+02 -5.496000e+01  0.000000e+00
     vertex  1.442670e+02 -5.483059e+01  0.000000e+00
     vertex  1.442670e+02 -5.483059e+01  1.510000e+00
   endloop
 endfacet
 facet normal  9.914449e-01 -1.305262e-01  0.000000e+00
   outer loop
     vertex  1.442500e+02 -5.496000e+01  0.000000e+00
     vertex  1.442670e+02 -5.483059e+01  1.510000e+00
     vertex  1.442500e+02 -5.496000e+01  1.510000e+00
   endloop
 endfacet
 facet normal  9.914449e-01  1.305262e-01 -0.000000e+00
   outer loop
     vertex  1.442670e+02 -5.508941e+01  0.000000e+00
     vertex  1.442500e+02 -5.496000e+01  1.510000e+00
     vertex  1.442670e+02 -5.508941e+01  1.510000e+00
   endloop
 endfacet
 facet normal  9.914449e-01  1.305262e-01  0.000000e+00
   outer loop
     vertex  1.442670e+02 -5.508941e+01  0.000000e+00
     vertex  1.442500e+02 -5.496000e+01  0.000000e+00
     vertex  1.442500e+02 -5.496000e+01  1.510000e+00
   endloop
 endfacet
 facet normal  9.238795e-01  3.826834e-01 -0.000000e+00
   outer loop
     vertex  1.443170e+02 -5.521000e+01  0.000000e+00
     vertex  1.442670e+02 -5.508941e+01  1.510000e+00
     vertex  1.443170e+02 -5.521000e+01  1.510000e+00
   endloop
 endfacet
 facet normal  9.238795e-01  3.826834e-01  0.000000e+00
   outer loop
     vertex  1.443170e+02 -5.521000e+01  0.000000e+00
     vertex  1.442670e+02 -5.508941e+01  0.000000e+00
     vertex  1.442670e+02 -5.508941e+01  1.510000e+00
   endloop
 endfacet
 facet normal  6.087614e-01  7.933533e-01 -0.000000e+00
   outer loop
     vertex  1.443964e+02 -5.531355e+01  0.000000e+00
     vertex  1.443964e+02 -5.531355e+01  1.510000e+00
     vertex  1.445000e+02 -5.539301e+01  1.510000e+00
   endloop
 endfacet
 facet normal  7.933533e-01  6.087614e-01 -0.000000e+00
   outer loop
     vertex  1.443964e+02 -5.531355e+01  0.000000e+00
     vertex  1.443170e+02 -5.521000e+01  1.510000e+00
     vertex  1.443964e+02 -5.531355e+01  1.510000e+00
   endloop
 endfacet
 facet normal  7.933533e-01  6.087614e-01  0.000000e+00
   outer loop
     vertex  1.443964e+02 -5.531355e+01  0.000000e+00
     vertex  1.443170e+02 -5.521000e+01  0.000000e+00
     vertex  1.443170e+02 -5.521000e+01  1.510000e+00
   endloop
 endfacet
 facet normal  6.087614e-01  7.933533e-01 -0.000000e+00
   outer loop
     vertex  1.445000e+02 -5.539301e+01  0.000000e+00
     vertex  1.443964e+02 -5.531355e+01  0.000000e+00
     vertex  1.445000e+02 -5.539301e+01  1.510000e+00
   endloop
 endfacet
 facet normal  3.826834e-01  9.238795e-01 -0.000000e+00
   outer loop
     vertex  1.446206e+02 -5.544296e+01  0.000000e+00
     vertex  1.445000e+02 -5.539301e+01  1.510000e+00
     vertex  1.446206e+02 -5.544296e+01  1.510000e+00
   endloop
 endfacet
 facet normal  3.826834e-01  9.238795e-01  0.000000e+00
   outer loop
     vertex  1.446206e+02 -5.544296e+01  0.000000e+00
     vertex  1.445000e+02 -5.539301e+01  0.000000e+00
     vertex  1.445000e+02 -5.539301e+01  1.510000e+00
   endloop
 endfacet
 facet normal  1.305262e-01  9.914449e-01 -0.000000e+00
   outer loop
     vertex  1.447500e+02 -5.546000e+01  0.000000e+00
     vertex  1.446206e+02 -5.544296e+01  1.510000e+00
     vertex  1.447500e+02 -5.546000e+01  1.510000e+00
   endloop
 endfacet
 facet normal  1.305262e-01  9.914449e-01  0.000000e+00
   outer loop
     vertex  1.447500e+02 -5.546000e+01  0.000000e+00
     vertex  1.446206e+02 -5.544296e+01  0.000000e+00
     vertex  1.446206e+02 -5.544296e+01  1.510000e+00
   endloop
 endfacet
endsolid
