ISO-10303-21;
HEADER;
FILE_DESCRIPTION(('PrintNexus faceted mesh STEP'),'2;1');
FILE_NAME('Macropad-4v.step','2026-10-04T11:28:45.107Z',('PrintNexus'),('PrintNexus'),'PrintNexus','PrintNexus','');
FILE_SCHEMA(('CONFIG_CONTROL_DESIGN'));
ENDSEC;
DATA;
#10=APPLICATION_CONTEXT('configuration controlled 3D designs of mechanical parts and assemblies ');
#11=APPLICATION_PROTOCOL_DEFINITION('international standard','config_control_design',1994,#10);
#12=PERSON('1','PrintNexus','User',$,$,$);
#13=ORGANIZATION('PN','PrintNexus','');
#19=PERSON_AND_ORGANIZATION(#12,#13);
#32=PRODUCT_CATEGORY('part',$);
#33=DESIGN_CONTEXT('',#10,'design');
#34=MECHANICAL_CONTEXT('',#10,'mechanical');
#35=DIMENSIONAL_EXPONENTS(0.,0.,0.,0.,0.,0.,0.);
#36=(LENGTH_UNIT() NAMED_UNIT(*) SI_UNIT(.MILLI.,.METRE.));
#37=(NAMED_UNIT(*) PLANE_ANGLE_UNIT() SI_UNIT($,.RADIAN.));
#38=PLANE_ANGLE_MEASURE_WITH_UNIT(PLANE_ANGLE_MEASURE(0.0174532925199433),#37);
#39=(CONVERSION_BASED_UNIT('DEGREE',#38) NAMED_UNIT(#35) PLANE_ANGLE_UNIT());
#40=(NAMED_UNIT(*) SI_UNIT($,.STERADIAN.) SOLID_ANGLE_UNIT());
#41=PRODUCT('Macropad-4v','Macropad-4v','Macropad-4v',(#34));
#44=PRODUCT_DEFINITION_FORMATION_WITH_SPECIFIED_SOURCE('','',#41,.NOT_KNOWN.);
#50=PRODUCT_DEFINITION('','',#44,#33);
#53=PRODUCT_DEFINITION_SHAPE('','',#50);
#54=(GEOMETRIC_REPRESENTATION_CONTEXT(3) GLOBAL_UNCERTAINTY_ASSIGNED_CONTEXT((#55)) GLOBAL_UNIT_ASSIGNED_CONTEXT((#36,#39,#40)) REPRESENTATION_CONTEXT('ID1','3D'));
#55=UNCERTAINTY_MEASURE_WITH_UNIT(LENGTH_MEASURE(0.001),#36,'distance_accuracy_value','');
#56=CARTESIAN_POINT('NONE',(-49.395,30.749998,0));
#57=CARTESIAN_POINT('NONE',(-49.395,70.144997,0));
#58=CARTESIAN_POINT('NONE',(50,70.144997,0));
#59=CARTESIAN_POINT('NONE',(50,30.749998,0));
#60=CARTESIAN_POINT('NONE',(3.23,57.424,0));
#61=CARTESIAN_POINT('NONE',(3.148999,57.417,0));
#62=CARTESIAN_POINT('NONE',(3.072,57.398998,0));
#63=CARTESIAN_POINT('NONE',(3,57.368,0));
#64=CARTESIAN_POINT('NONE',(2.934999,57.327999,0));
#65=CARTESIAN_POINT('NONE',(2.875999,57.278,0));
#66=CARTESIAN_POINT('NONE',(2.825999,57.218998,0));
#67=CARTESIAN_POINT('NONE',(2.786,57.153999,0));
#68=CARTESIAN_POINT('NONE',(2.755,57.081997,0));
#69=CARTESIAN_POINT('NONE',(2.737,57.004997,0));
#70=CARTESIAN_POINT('NONE',(2.73,56.924,0));
#71=CARTESIAN_POINT('NONE',(2.73,43.924,0));
#72=CARTESIAN_POINT('NONE',(2.737,43.842999,0));
#73=CARTESIAN_POINT('NONE',(2.755,43.765999,0));
#74=CARTESIAN_POINT('NONE',(2.786,43.693996,0));
#75=CARTESIAN_POINT('NONE',(2.825999,43.628998,0));
#76=CARTESIAN_POINT('NONE',(2.875999,43.57,0));
#77=CARTESIAN_POINT('NONE',(2.934999,43.519997,0));
#78=CARTESIAN_POINT('NONE',(3,43.48,0));
#79=CARTESIAN_POINT('NONE',(3.072,43.448997,0));
#80=CARTESIAN_POINT('NONE',(3.148999,43.431,0));
#81=CARTESIAN_POINT('NONE',(3.23,43.424,0));
#82=CARTESIAN_POINT('NONE',(16.23,43.424,0));
#83=CARTESIAN_POINT('NONE',(16.310999,43.431,0));
#84=CARTESIAN_POINT('NONE',(16.388,43.448997,0));
#85=CARTESIAN_POINT('NONE',(16.459999,43.48,0));
#86=CARTESIAN_POINT('NONE',(16.525,43.519997,0));
#87=CARTESIAN_POINT('NONE',(16.584,43.57,0));
#88=CARTESIAN_POINT('NONE',(16.633999,43.628998,0));
#89=CARTESIAN_POINT('NONE',(16.674,43.693996,0));
#90=CARTESIAN_POINT('NONE',(16.705,43.765999,0));
#91=CARTESIAN_POINT('NONE',(16.723,43.842999,0));
#92=CARTESIAN_POINT('NONE',(16.73,43.924,0));
#93=CARTESIAN_POINT('NONE',(16.73,56.924,0));
#94=CARTESIAN_POINT('NONE',(16.723,57.004997,0));
#95=CARTESIAN_POINT('NONE',(16.705,57.081997,0));
#96=CARTESIAN_POINT('NONE',(16.674,57.153999,0));
#97=CARTESIAN_POINT('NONE',(16.633999,57.218998,0));
#98=CARTESIAN_POINT('NONE',(16.584,57.278,0));
#99=CARTESIAN_POINT('NONE',(16.525,57.327999,0));
#100=CARTESIAN_POINT('NONE',(16.459999,57.368,0));
#101=CARTESIAN_POINT('NONE',(16.388,57.398998,0));
#102=CARTESIAN_POINT('NONE',(16.310999,57.417,0));
#103=CARTESIAN_POINT('NONE',(16.23,57.424,0));
#104=CARTESIAN_POINT('NONE',(22.198999,57.417,0));
#105=CARTESIAN_POINT('NONE',(22.122,57.398998,0));
#106=CARTESIAN_POINT('NONE',(22.049999,57.368,0));
#107=CARTESIAN_POINT('NONE',(21.984999,57.327999,0));
#108=CARTESIAN_POINT('NONE',(21.925999,57.278,0));
#109=CARTESIAN_POINT('NONE',(21.875999,57.218998,0));
#110=CARTESIAN_POINT('NONE',(21.836,57.153999,0));
#111=CARTESIAN_POINT('NONE',(21.805,57.081997,0));
#112=CARTESIAN_POINT('NONE',(21.786999,57.004997,0));
#113=CARTESIAN_POINT('NONE',(21.779999,56.924,0));
#114=CARTESIAN_POINT('NONE',(21.779999,43.924,0));
#115=CARTESIAN_POINT('NONE',(21.786999,43.842999,0));
#116=CARTESIAN_POINT('NONE',(21.805,43.765999,0));
#117=CARTESIAN_POINT('NONE',(21.836,43.693996,0));
#118=CARTESIAN_POINT('NONE',(21.875999,43.628998,0));
#119=CARTESIAN_POINT('NONE',(21.925999,43.57,0));
#120=CARTESIAN_POINT('NONE',(21.984999,43.519997,0));
#121=CARTESIAN_POINT('NONE',(22.049999,43.48,0));
#122=CARTESIAN_POINT('NONE',(22.122,43.448997,0));
#123=CARTESIAN_POINT('NONE',(22.198999,43.431,0));
#124=CARTESIAN_POINT('NONE',(22.279999,43.424,0));
#125=CARTESIAN_POINT('NONE',(35.279999,43.424,0));
#126=CARTESIAN_POINT('NONE',(35.361,43.431,0));
#127=CARTESIAN_POINT('NONE',(35.438,43.448997,0));
#128=CARTESIAN_POINT('NONE',(35.509998,43.48,0));
#129=CARTESIAN_POINT('NONE',(35.575001,43.519997,0));
#130=CARTESIAN_POINT('NONE',(35.633999,43.57,0));
#131=CARTESIAN_POINT('NONE',(35.683998,43.628998,0));
#132=CARTESIAN_POINT('NONE',(35.723999,43.693996,0));
#133=CARTESIAN_POINT('NONE',(35.755001,43.765999,0));
#134=CARTESIAN_POINT('NONE',(35.772999,43.842999,0));
#135=CARTESIAN_POINT('NONE',(35.779999,43.924,0));
#136=CARTESIAN_POINT('NONE',(35.779999,56.924,0));
#137=CARTESIAN_POINT('NONE',(35.772999,57.004997,0));
#138=CARTESIAN_POINT('NONE',(35.755001,57.081997,0));
#139=CARTESIAN_POINT('NONE',(35.723999,57.153999,0));
#140=CARTESIAN_POINT('NONE',(35.683998,57.218998,0));
#141=CARTESIAN_POINT('NONE',(35.633999,57.278,0));
#142=CARTESIAN_POINT('NONE',(35.575001,57.327999,0));
#143=CARTESIAN_POINT('NONE',(35.509998,57.368,0));
#144=CARTESIAN_POINT('NONE',(35.438,57.398998,0));
#145=CARTESIAN_POINT('NONE',(35.361,57.417,0));
#146=CARTESIAN_POINT('NONE',(35.279999,57.424,0));
#147=CARTESIAN_POINT('NONE',(22.279999,57.424,0));
#148=CARTESIAN_POINT('NONE',(-15.978001,57.398998,0));
#149=CARTESIAN_POINT('NONE',(-16.050001,57.368,0));
#150=CARTESIAN_POINT('NONE',(-16.115,57.327999,0));
#151=CARTESIAN_POINT('NONE',(-16.174,57.278,0));
#152=CARTESIAN_POINT('NONE',(-16.224001,57.218998,0));
#153=CARTESIAN_POINT('NONE',(-16.264,57.153999,0));
#154=CARTESIAN_POINT('NONE',(-16.295,57.081997,0));
#155=CARTESIAN_POINT('NONE',(-16.313,57.004997,0));
#156=CARTESIAN_POINT('NONE',(-16.32,56.924,0));
#157=CARTESIAN_POINT('NONE',(-16.32,43.924,0));
#158=CARTESIAN_POINT('NONE',(-16.313,43.842999,0));
#159=CARTESIAN_POINT('NONE',(-16.295,43.765999,0));
#160=CARTESIAN_POINT('NONE',(-16.264,43.693996,0));
#161=CARTESIAN_POINT('NONE',(-16.224001,43.628998,0));
#162=CARTESIAN_POINT('NONE',(-16.174,43.57,0));
#163=CARTESIAN_POINT('NONE',(-16.115,43.519997,0));
#164=CARTESIAN_POINT('NONE',(-16.050001,43.48,0));
#165=CARTESIAN_POINT('NONE',(-15.978001,43.448997,0));
#166=CARTESIAN_POINT('NONE',(-15.901,43.431,0));
#167=CARTESIAN_POINT('NONE',(-15.820001,43.424,0));
#168=CARTESIAN_POINT('NONE',(-2.82,43.424,0));
#169=CARTESIAN_POINT('NONE',(-2.739001,43.431,0));
#170=CARTESIAN_POINT('NONE',(-2.662,43.448997,0));
#171=CARTESIAN_POINT('NONE',(-2.59,43.48,0));
#172=CARTESIAN_POINT('NONE',(-2.525001,43.519997,0));
#173=CARTESIAN_POINT('NONE',(-2.466001,43.57,0));
#174=CARTESIAN_POINT('NONE',(-2.416,43.628998,0));
#175=CARTESIAN_POINT('NONE',(-2.376,43.693996,0));
#176=CARTESIAN_POINT('NONE',(-2.345001,43.765999,0));
#177=CARTESIAN_POINT('NONE',(-2.327,43.842999,0));
#178=CARTESIAN_POINT('NONE',(-2.32,43.924,0));
#179=CARTESIAN_POINT('NONE',(-2.32,56.924,0));
#180=CARTESIAN_POINT('NONE',(-2.327,57.004997,0));
#181=CARTESIAN_POINT('NONE',(-2.345001,57.081997,0));
#182=CARTESIAN_POINT('NONE',(-2.376,57.153999,0));
#183=CARTESIAN_POINT('NONE',(-2.416,57.218998,0));
#184=CARTESIAN_POINT('NONE',(-2.466001,57.278,0));
#185=CARTESIAN_POINT('NONE',(-2.525001,57.327999,0));
#186=CARTESIAN_POINT('NONE',(-2.59,57.368,0));
#187=CARTESIAN_POINT('NONE',(-2.662,57.398998,0));
#188=CARTESIAN_POINT('NONE',(-2.739001,57.417,0));
#189=CARTESIAN_POINT('NONE',(-2.82,57.424,0));
#190=CARTESIAN_POINT('NONE',(-15.820001,57.424,0));
#191=CARTESIAN_POINT('NONE',(-15.901,57.417,0));
#192=CARTESIAN_POINT('NONE',(-35.369999,43.924,0));
#193=CARTESIAN_POINT('NONE',(-35.362999,43.842999,0));
#194=CARTESIAN_POINT('NONE',(-35.345001,43.765999,0));
#195=CARTESIAN_POINT('NONE',(-35.313999,43.693996,0));
#196=CARTESIAN_POINT('NONE',(-35.274002,43.628998,0));
#197=CARTESIAN_POINT('NONE',(-35.223999,43.57,0));
#198=CARTESIAN_POINT('NONE',(-35.165001,43.519997,0));
#199=CARTESIAN_POINT('NONE',(-35.100002,43.48,0));
#200=CARTESIAN_POINT('NONE',(-35.028,43.448997,0));
#201=CARTESIAN_POINT('NONE',(-34.951,43.431,0));
#202=CARTESIAN_POINT('NONE',(-34.869999,43.424,0));
#203=CARTESIAN_POINT('NONE',(-21.870001,43.424,0));
#204=CARTESIAN_POINT('NONE',(-21.789,43.431,0));
#205=CARTESIAN_POINT('NONE',(-21.712,43.448997,0));
#206=CARTESIAN_POINT('NONE',(-21.640001,43.48,0));
#207=CARTESIAN_POINT('NONE',(-21.575001,43.519997,0));
#208=CARTESIAN_POINT('NONE',(-21.516001,43.57,0));
#209=CARTESIAN_POINT('NONE',(-21.466,43.628998,0));
#210=CARTESIAN_POINT('NONE',(-21.426001,43.693996,0));
#211=CARTESIAN_POINT('NONE',(-21.395,43.765999,0));
#212=CARTESIAN_POINT('NONE',(-21.377001,43.842999,0));
#213=CARTESIAN_POINT('NONE',(-21.370001,43.924,0));
#214=CARTESIAN_POINT('NONE',(-21.370001,56.924,0));
#215=CARTESIAN_POINT('NONE',(-21.377001,57.004997,0));
#216=CARTESIAN_POINT('NONE',(-21.395,57.081997,0));
#217=CARTESIAN_POINT('NONE',(-21.426001,57.153999,0));
#218=CARTESIAN_POINT('NONE',(-21.466,57.218998,0));
#219=CARTESIAN_POINT('NONE',(-21.516001,57.278,0));
#220=CARTESIAN_POINT('NONE',(-21.575001,57.327999,0));
#221=CARTESIAN_POINT('NONE',(-21.640001,57.368,0));
#222=CARTESIAN_POINT('NONE',(-21.712,57.398998,0));
#223=CARTESIAN_POINT('NONE',(-21.789,57.417,0));
#224=CARTESIAN_POINT('NONE',(-21.870001,57.424,0));
#225=CARTESIAN_POINT('NONE',(-34.869999,57.424,0));
#226=CARTESIAN_POINT('NONE',(-34.951,57.417,0));
#227=CARTESIAN_POINT('NONE',(-35.028,57.398998,0));
#228=CARTESIAN_POINT('NONE',(-35.100002,57.368,0));
#229=CARTESIAN_POINT('NONE',(-35.165001,57.327999,0));
#230=CARTESIAN_POINT('NONE',(-35.223999,57.278,0));
#231=CARTESIAN_POINT('NONE',(-35.274002,57.218998,0));
#232=CARTESIAN_POINT('NONE',(-35.313999,57.153999,0));
#233=CARTESIAN_POINT('NONE',(-35.345001,57.081997,0));
#234=CARTESIAN_POINT('NONE',(-35.362999,57.004997,0));
#235=CARTESIAN_POINT('NONE',(-35.369999,56.924,0));
#236=CARTESIAN_POINT('NONE',(-44.862999,37.288998,0));
#237=CARTESIAN_POINT('NONE',(-44.929001,37.259998,0));
#238=CARTESIAN_POINT('NONE',(-44.992001,37.227997,0));
#239=CARTESIAN_POINT('NONE',(-45.054001,37.192997,0));
#240=CARTESIAN_POINT('NONE',(-45.114002,37.154999,0));
#241=CARTESIAN_POINT('NONE',(-45.173,37.113998,0));
#242=CARTESIAN_POINT('NONE',(-45.229,37.07,0));
#243=CARTESIAN_POINT('NONE',(-45.283001,37.022999,0));
#244=CARTESIAN_POINT('NONE',(-45.334999,36.973999,0));
#245=CARTESIAN_POINT('NONE',(-45.383999,36.921997,0));
#246=CARTESIAN_POINT('NONE',(-45.43,36.868,0));
#247=CARTESIAN_POINT('NONE',(-45.473999,36.811996,0));
#248=CARTESIAN_POINT('NONE',(-45.514999,36.753998,0));
#249=CARTESIAN_POINT('NONE',(-45.553001,36.693996,0));
#250=CARTESIAN_POINT('NONE',(-45.588001,36.632,0));
#251=CARTESIAN_POINT('NONE',(-45.621002,36.567997,0));
#252=CARTESIAN_POINT('NONE',(-45.649002,36.502998,0));
#253=CARTESIAN_POINT('NONE',(-45.674999,36.435997,0));
#254=CARTESIAN_POINT('NONE',(-45.696999,36.368999,0));
#255=CARTESIAN_POINT('NONE',(-45.716,36.299999,0));
#256=CARTESIAN_POINT('NONE',(-45.732002,36.23,0));
#257=CARTESIAN_POINT('NONE',(-45.743999,36.16,0));
#258=CARTESIAN_POINT('NONE',(-45.753002,36.088997,0));
#259=CARTESIAN_POINT('NONE',(-45.757999,36.017998,0));
#260=CARTESIAN_POINT('NONE',(-45.760002,35.946999,0));
#261=CARTESIAN_POINT('NONE',(-45.757999,35.875999,0));
#262=CARTESIAN_POINT('NONE',(-45.753002,35.804996,0));
#263=CARTESIAN_POINT('NONE',(-45.743999,35.733997,0));
#264=CARTESIAN_POINT('NONE',(-45.732002,35.663998,0));
#265=CARTESIAN_POINT('NONE',(-45.716,35.593998,0));
#266=CARTESIAN_POINT('NONE',(-45.696999,35.524998,0));
#267=CARTESIAN_POINT('NONE',(-45.674999,35.457996,0));
#268=CARTESIAN_POINT('NONE',(-45.649002,35.390999,0));
#269=CARTESIAN_POINT('NONE',(-45.621002,35.325996,0));
#270=CARTESIAN_POINT('NONE',(-45.588001,35.261997,0));
#271=CARTESIAN_POINT('NONE',(-45.553001,35.199997,0));
#272=CARTESIAN_POINT('NONE',(-45.514999,35.139999,0));
#273=CARTESIAN_POINT('NONE',(-45.473999,35.081997,0));
#274=CARTESIAN_POINT('NONE',(-45.43,35.025997,0));
#275=CARTESIAN_POINT('NONE',(-45.383999,34.972,0));
#276=CARTESIAN_POINT('NONE',(-45.334999,34.919998,0));
#277=CARTESIAN_POINT('NONE',(-45.283001,34.870998,0));
#278=CARTESIAN_POINT('NONE',(-45.229,34.823997,0));
#279=CARTESIAN_POINT('NONE',(-45.173,34.779999,0));
#280=CARTESIAN_POINT('NONE',(-45.114002,34.738998,0));
#281=CARTESIAN_POINT('NONE',(-45.054001,34.700996,0));
#282=CARTESIAN_POINT('NONE',(-44.992001,34.665997,0));
#283=CARTESIAN_POINT('NONE',(-44.929001,34.633999,0));
#284=CARTESIAN_POINT('NONE',(-44.862999,34.605,0));
#285=CARTESIAN_POINT('NONE',(-44.797001,34.578999,0));
#286=CARTESIAN_POINT('NONE',(-44.729,34.556999,0));
#287=CARTESIAN_POINT('NONE',(-44.66,34.537998,0));
#288=CARTESIAN_POINT('NONE',(-44.591,34.521999,0));
#289=CARTESIAN_POINT('NONE',(-44.521,34.509998,0));
#290=CARTESIAN_POINT('NONE',(-44.450001,34.500999,0));
#291=CARTESIAN_POINT('NONE',(-44.379002,34.495998,0));
#292=CARTESIAN_POINT('NONE',(-44.307999,34.494999,0));
#293=CARTESIAN_POINT('NONE',(-44.236,34.495998,0));
#294=CARTESIAN_POINT('NONE',(-44.165001,34.500999,0));
#295=CARTESIAN_POINT('NONE',(-44.094002,34.509998,0));
#296=CARTESIAN_POINT('NONE',(-44.024002,34.521999,0));
#297=CARTESIAN_POINT('NONE',(-43.955002,34.537998,0));
#298=CARTESIAN_POINT('NONE',(-43.886002,34.556999,0));
#299=CARTESIAN_POINT('NONE',(-43.818001,34.578999,0));
#300=CARTESIAN_POINT('NONE',(-43.751999,34.605,0));
#301=CARTESIAN_POINT('NONE',(-43.686001,34.633999,0));
#302=CARTESIAN_POINT('NONE',(-43.623001,34.665997,0));
#303=CARTESIAN_POINT('NONE',(-43.561001,34.700996,0));
#304=CARTESIAN_POINT('NONE',(-43.500999,34.738998,0));
#305=CARTESIAN_POINT('NONE',(-43.442001,34.779999,0));
#306=CARTESIAN_POINT('NONE',(-43.386002,34.823997,0));
#307=CARTESIAN_POINT('NONE',(-43.332001,34.870998,0));
#308=CARTESIAN_POINT('NONE',(-43.279999,34.919998,0));
#309=CARTESIAN_POINT('NONE',(-43.230999,34.972,0));
#310=CARTESIAN_POINT('NONE',(-43.185001,35.025997,0));
#311=CARTESIAN_POINT('NONE',(-43.140999,35.081997,0));
#312=CARTESIAN_POINT('NONE',(-43.100002,35.139999,0));
#313=CARTESIAN_POINT('NONE',(-43.062,35.199997,0));
#314=CARTESIAN_POINT('NONE',(-43.027,35.261997,0));
#315=CARTESIAN_POINT('NONE',(-42.993999,35.325996,0));
#316=CARTESIAN_POINT('NONE',(-42.966,35.390999,0));
#317=CARTESIAN_POINT('NONE',(-42.939999,35.457996,0));
#318=CARTESIAN_POINT('NONE',(-42.917999,35.524998,0));
#319=CARTESIAN_POINT('NONE',(-42.899002,35.593998,0));
#320=CARTESIAN_POINT('NONE',(-42.882999,35.663998,0));
#321=CARTESIAN_POINT('NONE',(-42.871002,35.733997,0));
#322=CARTESIAN_POINT('NONE',(-42.862,35.804996,0));
#323=CARTESIAN_POINT('NONE',(-42.857002,35.875999,0));
#324=CARTESIAN_POINT('NONE',(-42.855,35.946999,0));
#325=CARTESIAN_POINT('NONE',(-42.857002,36.017998,0));
#326=CARTESIAN_POINT('NONE',(-42.862,36.088997,0));
#327=CARTESIAN_POINT('NONE',(-42.871002,36.16,0));
#328=CARTESIAN_POINT('NONE',(-42.882999,36.23,0));
#329=CARTESIAN_POINT('NONE',(-42.899002,36.299999,0));
#330=CARTESIAN_POINT('NONE',(-42.917999,36.368999,0));
#331=CARTESIAN_POINT('NONE',(-42.939999,36.435997,0));
#332=CARTESIAN_POINT('NONE',(-42.966,36.502998,0));
#333=CARTESIAN_POINT('NONE',(-42.993999,36.567997,0));
#334=CARTESIAN_POINT('NONE',(-43.027,36.632,0));
#335=CARTESIAN_POINT('NONE',(-43.062,36.693996,0));
#336=CARTESIAN_POINT('NONE',(-43.100002,36.753998,0));
#337=CARTESIAN_POINT('NONE',(-43.140999,36.811996,0));
#338=CARTESIAN_POINT('NONE',(-43.185001,36.868,0));
#339=CARTESIAN_POINT('NONE',(-43.230999,36.921997,0));
#340=CARTESIAN_POINT('NONE',(-43.279999,36.973999,0));
#341=CARTESIAN_POINT('NONE',(-43.332001,37.022999,0));
#342=CARTESIAN_POINT('NONE',(-43.386002,37.07,0));
#343=CARTESIAN_POINT('NONE',(-43.442001,37.113998,0));
#344=CARTESIAN_POINT('NONE',(-43.500999,37.154999,0));
#345=CARTESIAN_POINT('NONE',(-43.561001,37.192997,0));
#346=CARTESIAN_POINT('NONE',(-43.623001,37.227997,0));
#347=CARTESIAN_POINT('NONE',(-43.686001,37.259998,0));
#348=CARTESIAN_POINT('NONE',(-43.751999,37.288998,0));
#349=CARTESIAN_POINT('NONE',(-43.818001,37.314999,0));
#350=CARTESIAN_POINT('NONE',(-43.886002,37.336998,0));
#351=CARTESIAN_POINT('NONE',(-43.955002,37.355999,0));
#352=CARTESIAN_POINT('NONE',(-44.024002,37.371998,0));
#353=CARTESIAN_POINT('NONE',(-44.094002,37.383999,0));
#354=CARTESIAN_POINT('NONE',(-44.165001,37.392998,0));
#355=CARTESIAN_POINT('NONE',(-44.236,37.397999,0));
#356=CARTESIAN_POINT('NONE',(-44.307999,37.399998,0));
#357=CARTESIAN_POINT('NONE',(-44.379002,37.397999,0));
#358=CARTESIAN_POINT('NONE',(-44.450001,37.392998,0));
#359=CARTESIAN_POINT('NONE',(-44.521,37.383999,0));
#360=CARTESIAN_POINT('NONE',(-44.591,37.371998,0));
#361=CARTESIAN_POINT('NONE',(-44.66,37.355999,0));
#362=CARTESIAN_POINT('NONE',(-44.729,37.336998,0));
#363=CARTESIAN_POINT('NONE',(-44.797001,37.314999,0));
#364=CARTESIAN_POINT('NONE',(43.672001,35.199997,0));
#365=CARTESIAN_POINT('NONE',(43.709999,35.139999,0));
#366=CARTESIAN_POINT('NONE',(43.750999,35.081997,0));
#367=CARTESIAN_POINT('NONE',(43.794998,35.025997,0));
#368=CARTESIAN_POINT('NONE',(43.841,34.972,0));
#369=CARTESIAN_POINT('NONE',(43.889999,34.919998,0));
#370=CARTESIAN_POINT('NONE',(43.942001,34.870998,0));
#371=CARTESIAN_POINT('NONE',(43.995998,34.823997,0));
#372=CARTESIAN_POINT('NONE',(44.051998,34.779999,0));
#373=CARTESIAN_POINT('NONE',(44.111,34.738998,0));
#374=CARTESIAN_POINT('NONE',(44.171001,34.700996,0));
#375=CARTESIAN_POINT('NONE',(44.232998,34.665997,0));
#376=CARTESIAN_POINT('NONE',(44.296001,34.633999,0));
#377=CARTESIAN_POINT('NONE',(44.362,34.605,0));
#378=CARTESIAN_POINT('NONE',(44.428001,34.578999,0));
#379=CARTESIAN_POINT('NONE',(44.495998,34.556999,0));
#380=CARTESIAN_POINT('NONE',(44.564999,34.537998,0));
#381=CARTESIAN_POINT('NONE',(44.633999,34.521999,0));
#382=CARTESIAN_POINT('NONE',(44.703999,34.509998,0));
#383=CARTESIAN_POINT('NONE',(44.774998,34.500999,0));
#384=CARTESIAN_POINT('NONE',(44.846001,34.495998,0));
#385=CARTESIAN_POINT('NONE',(44.917,34.494999,0));
#386=CARTESIAN_POINT('NONE',(44.988998,34.495998,0));
#387=CARTESIAN_POINT('NONE',(45.060001,34.500999,0));
#388=CARTESIAN_POINT('NONE',(45.131001,34.509998,0));
#389=CARTESIAN_POINT('NONE',(45.201,34.521999,0));
#390=CARTESIAN_POINT('NONE',(45.27,34.537998,0));
#391=CARTESIAN_POINT('NONE',(45.339001,34.556999,0));
#392=CARTESIAN_POINT('NONE',(45.406998,34.578999,0));
#393=CARTESIAN_POINT('NONE',(45.473,34.605,0));
#394=CARTESIAN_POINT('NONE',(45.538998,34.633999,0));
#395=CARTESIAN_POINT('NONE',(45.602001,34.665997,0));
#396=CARTESIAN_POINT('NONE',(45.663998,34.700996,0));
#397=CARTESIAN_POINT('NONE',(45.723999,34.738998,0));
#398=CARTESIAN_POINT('NONE',(45.783001,34.779999,0));
#399=CARTESIAN_POINT('NONE',(45.839001,34.823997,0));
#400=CARTESIAN_POINT('NONE',(45.892998,34.870998,0));
#401=CARTESIAN_POINT('NONE',(45.945,34.919998,0));
#402=CARTESIAN_POINT('NONE',(45.993999,34.972,0));
#403=CARTESIAN_POINT('NONE',(46.040001,35.025997,0));
#404=CARTESIAN_POINT('NONE',(46.084,35.081997,0));
#405=CARTESIAN_POINT('NONE',(46.125,35.139999,0));
#406=CARTESIAN_POINT('NONE',(46.162998,35.199997,0));
#407=CARTESIAN_POINT('NONE',(46.197998,35.261997,0));
#408=CARTESIAN_POINT('NONE',(46.230999,35.325996,0));
#409=CARTESIAN_POINT('NONE',(46.258999,35.390999,0));
#410=CARTESIAN_POINT('NONE',(46.285,35.457996,0));
#411=CARTESIAN_POINT('NONE',(46.306999,35.524998,0));
#412=CARTESIAN_POINT('NONE',(46.326,35.593998,0));
#413=CARTESIAN_POINT('NONE',(46.341999,35.663998,0));
#414=CARTESIAN_POINT('NONE',(46.354,35.733997,0));
#415=CARTESIAN_POINT('NONE',(46.362999,35.804996,0));
#416=CARTESIAN_POINT('NONE',(46.368,35.875999,0));
#417=CARTESIAN_POINT('NONE',(46.369999,35.946999,0));
#418=CARTESIAN_POINT('NONE',(46.368,36.017998,0));
#419=CARTESIAN_POINT('NONE',(46.362999,36.088997,0));
#420=CARTESIAN_POINT('NONE',(46.354,36.16,0));
#421=CARTESIAN_POINT('NONE',(46.341999,36.23,0));
#422=CARTESIAN_POINT('NONE',(46.326,36.299999,0));
#423=CARTESIAN_POINT('NONE',(46.306999,36.368999,0));
#424=CARTESIAN_POINT('NONE',(46.285,36.435997,0));
#425=CARTESIAN_POINT('NONE',(46.258999,36.502998,0));
#426=CARTESIAN_POINT('NONE',(46.230999,36.567997,0));
#427=CARTESIAN_POINT('NONE',(46.197998,36.632,0));
#428=CARTESIAN_POINT('NONE',(46.162998,36.693996,0));
#429=CARTESIAN_POINT('NONE',(46.125,36.753998,0));
#430=CARTESIAN_POINT('NONE',(46.084,36.811996,0));
#431=CARTESIAN_POINT('NONE',(46.040001,36.868,0));
#432=CARTESIAN_POINT('NONE',(45.993999,36.921997,0));
#433=CARTESIAN_POINT('NONE',(45.945,36.973999,0));
#434=CARTESIAN_POINT('NONE',(45.892998,37.022999,0));
#435=CARTESIAN_POINT('NONE',(45.839001,37.07,0));
#436=CARTESIAN_POINT('NONE',(45.783001,37.113998,0));
#437=CARTESIAN_POINT('NONE',(45.723999,37.154999,0));
#438=CARTESIAN_POINT('NONE',(45.663998,37.192997,0));
#439=CARTESIAN_POINT('NONE',(45.602001,37.227997,0));
#440=CARTESIAN_POINT('NONE',(45.538998,37.259998,0));
#441=CARTESIAN_POINT('NONE',(45.473,37.288998,0));
#442=CARTESIAN_POINT('NONE',(45.406998,37.314999,0));
#443=CARTESIAN_POINT('NONE',(45.339001,37.336998,0));
#444=CARTESIAN_POINT('NONE',(45.27,37.355999,0));
#445=CARTESIAN_POINT('NONE',(45.201,37.371998,0));
#446=CARTESIAN_POINT('NONE',(45.131001,37.383999,0));
#447=CARTESIAN_POINT('NONE',(45.060001,37.392998,0));
#448=CARTESIAN_POINT('NONE',(44.988998,37.397999,0));
#449=CARTESIAN_POINT('NONE',(44.917,37.399998,0));
#450=CARTESIAN_POINT('NONE',(44.846001,37.397999,0));
#451=CARTESIAN_POINT('NONE',(44.774998,37.392998,0));
#452=CARTESIAN_POINT('NONE',(44.703999,37.383999,0));
#453=CARTESIAN_POINT('NONE',(44.633999,37.371998,0));
#454=CARTESIAN_POINT('NONE',(44.564999,37.355999,0));
#455=CARTESIAN_POINT('NONE',(44.495998,37.336998,0));
#456=CARTESIAN_POINT('NONE',(44.428001,37.314999,0));
#457=CARTESIAN_POINT('NONE',(44.362,37.288998,0));
#458=CARTESIAN_POINT('NONE',(44.296001,37.259998,0));
#459=CARTESIAN_POINT('NONE',(44.232998,37.227997,0));
#460=CARTESIAN_POINT('NONE',(44.171001,37.192997,0));
#461=CARTESIAN_POINT('NONE',(44.111,37.154999,0));
#462=CARTESIAN_POINT('NONE',(44.051998,37.113998,0));
#463=CARTESIAN_POINT('NONE',(43.995998,37.07,0));
#464=CARTESIAN_POINT('NONE',(43.942001,37.022999,0));
#465=CARTESIAN_POINT('NONE',(43.889999,36.973999,0));
#466=CARTESIAN_POINT('NONE',(43.841,36.921997,0));
#467=CARTESIAN_POINT('NONE',(43.794998,36.868,0));
#468=CARTESIAN_POINT('NONE',(43.750999,36.811996,0));
#469=CARTESIAN_POINT('NONE',(43.709999,36.753998,0));
#470=CARTESIAN_POINT('NONE',(43.672001,36.693996,0));
#471=CARTESIAN_POINT('NONE',(43.637001,36.632,0));
#472=CARTESIAN_POINT('NONE',(43.604,36.567997,0));
#473=CARTESIAN_POINT('NONE',(43.576,36.502998,0));
#474=CARTESIAN_POINT('NONE',(43.549999,36.435997,0));
#475=CARTESIAN_POINT('NONE',(43.528,36.368999,0));
#476=CARTESIAN_POINT('NONE',(43.508999,36.299999,0));
#477=CARTESIAN_POINT('NONE',(43.493,36.23,0));
#478=CARTESIAN_POINT('NONE',(43.480999,36.16,0));
#479=CARTESIAN_POINT('NONE',(43.472,36.088997,0));
#480=CARTESIAN_POINT('NONE',(43.466999,36.017998,0));
#481=CARTESIAN_POINT('NONE',(43.465,35.946999,0));
#482=CARTESIAN_POINT('NONE',(43.466999,35.875999,0));
#483=CARTESIAN_POINT('NONE',(43.472,35.804996,0));
#484=CARTESIAN_POINT('NONE',(43.480999,35.733997,0));
#485=CARTESIAN_POINT('NONE',(43.493,35.663998,0));
#486=CARTESIAN_POINT('NONE',(43.508999,35.593998,0));
#487=CARTESIAN_POINT('NONE',(43.528,35.524998,0));
#488=CARTESIAN_POINT('NONE',(43.549999,35.457996,0));
#489=CARTESIAN_POINT('NONE',(43.576,35.390999,0));
#490=CARTESIAN_POINT('NONE',(43.604,35.325996,0));
#491=CARTESIAN_POINT('NONE',(43.637001,35.261997,0));
#492=CARTESIAN_POINT('NONE',(-45.123001,64.080002,0));
#493=CARTESIAN_POINT('NONE',(-45.063999,64.039001,0));
#494=CARTESIAN_POINT('NONE',(-45.004002,64.000999,0));
#495=CARTESIAN_POINT('NONE',(-44.942001,63.966,0));
#496=CARTESIAN_POINT('NONE',(-44.879002,63.933998,0));
#497=CARTESIAN_POINT('NONE',(-44.813,63.904999,0));
#498=CARTESIAN_POINT('NONE',(-44.747002,63.878998,0));
#499=CARTESIAN_POINT('NONE',(-44.679001,63.856998,0));
#500=CARTESIAN_POINT('NONE',(-44.610001,63.837997,0));
#501=CARTESIAN_POINT('NONE',(-44.541,63.821999,0));
#502=CARTESIAN_POINT('NONE',(-44.471001,63.809998,0));
#503=CARTESIAN_POINT('NONE',(-44.400002,63.801998,0));
#504=CARTESIAN_POINT('NONE',(-44.328999,63.795998,0));
#505=CARTESIAN_POINT('NONE',(-44.257999,63.794998,0));
#506=CARTESIAN_POINT('NONE',(-44.186001,63.795998,0));
#507=CARTESIAN_POINT('NONE',(-44.115002,63.801998,0));
#508=CARTESIAN_POINT('NONE',(-44.043999,63.809998,0));
#509=CARTESIAN_POINT('NONE',(-43.973999,63.821999,0));
#510=CARTESIAN_POINT('NONE',(-43.904999,63.837997,0));
#511=CARTESIAN_POINT('NONE',(-43.836002,63.856998,0));
#512=CARTESIAN_POINT('NONE',(-43.768002,63.878998,0));
#513=CARTESIAN_POINT('NONE',(-43.702,63.904999,0));
#514=CARTESIAN_POINT('NONE',(-43.636002,63.933998,0));
#515=CARTESIAN_POINT('NONE',(-43.573002,63.966,0));
#516=CARTESIAN_POINT('NONE',(-43.511002,64.000999,0));
#517=CARTESIAN_POINT('NONE',(-43.451,64.039001,0));
#518=CARTESIAN_POINT('NONE',(-43.392002,64.080002,0));
#519=CARTESIAN_POINT('NONE',(-43.336002,64.124001,0));
#520=CARTESIAN_POINT('NONE',(-43.282001,64.170998,0));
#521=CARTESIAN_POINT('NONE',(-43.23,64.220001,0));
#522=CARTESIAN_POINT('NONE',(-43.181,64.271996,0));
#523=CARTESIAN_POINT('NONE',(-43.135002,64.325996,0));
#524=CARTESIAN_POINT('NONE',(-43.091,64.381996,0));
#525=CARTESIAN_POINT('NONE',(-43.049999,64.439995,0));
#526=CARTESIAN_POINT('NONE',(-43.012001,64.5,0));
#527=CARTESIAN_POINT('NONE',(-42.977001,64.561996,0));
#528=CARTESIAN_POINT('NONE',(-42.944,64.625999,0));
#529=CARTESIAN_POINT('NONE',(-42.916,64.691002,0));
#530=CARTESIAN_POINT('NONE',(-42.889999,64.757996,0));
#531=CARTESIAN_POINT('NONE',(-42.868,64.824997,0));
#532=CARTESIAN_POINT('NONE',(-42.848999,64.893997,0));
#533=CARTESIAN_POINT('NONE',(-42.833,64.963997,0));
#534=CARTESIAN_POINT('NONE',(-42.820999,65.033997,0));
#535=CARTESIAN_POINT('NONE',(-42.812,65.104996,0));
#536=CARTESIAN_POINT('NONE',(-42.806999,65.175995,0));
#537=CARTESIAN_POINT('NONE',(-42.805,65.247002,0));
#538=CARTESIAN_POINT('NONE',(-42.806999,65.318001,0));
#539=CARTESIAN_POINT('NONE',(-42.812,65.389,0));
#540=CARTESIAN_POINT('NONE',(-42.820999,65.459999,0));
#541=CARTESIAN_POINT('NONE',(-42.833,65.529999,0));
#542=CARTESIAN_POINT('NONE',(-42.848999,65.599998,0));
#543=CARTESIAN_POINT('NONE',(-42.868,65.668999,0));
#544=CARTESIAN_POINT('NONE',(-42.889999,65.736,0));
#545=CARTESIAN_POINT('NONE',(-42.916,65.803001,0));
#546=CARTESIAN_POINT('NONE',(-42.944,65.867996,0));
#547=CARTESIAN_POINT('NONE',(-42.977001,65.931999,0));
#548=CARTESIAN_POINT('NONE',(-43.012001,65.993996,0));
#549=CARTESIAN_POINT('NONE',(-43.049999,66.054001,0));
#550=CARTESIAN_POINT('NONE',(-43.091,66.112,0));
#551=CARTESIAN_POINT('NONE',(-43.135002,66.167999,0));
#552=CARTESIAN_POINT('NONE',(-43.181,66.222,0));
#553=CARTESIAN_POINT('NONE',(-43.23,66.274002,0));
#554=CARTESIAN_POINT('NONE',(-43.282001,66.322998,0));
#555=CARTESIAN_POINT('NONE',(-43.336002,66.369995,0));
#556=CARTESIAN_POINT('NONE',(-43.392002,66.414001,0));
#557=CARTESIAN_POINT('NONE',(-43.451,66.455002,0));
#558=CARTESIAN_POINT('NONE',(-43.511002,66.492996,0));
#559=CARTESIAN_POINT('NONE',(-43.573002,66.528,0));
#560=CARTESIAN_POINT('NONE',(-43.636002,66.559998,0));
#561=CARTESIAN_POINT('NONE',(-43.702,66.588997,0));
#562=CARTESIAN_POINT('NONE',(-43.768002,66.614998,0));
#563=CARTESIAN_POINT('NONE',(-43.836002,66.637001,0));
#564=CARTESIAN_POINT('NONE',(-43.904999,66.655998,0));
#565=CARTESIAN_POINT('NONE',(-43.973999,66.671997,0));
#566=CARTESIAN_POINT('NONE',(-44.043999,66.683998,0));
#567=CARTESIAN_POINT('NONE',(-44.115002,66.693001,0));
#568=CARTESIAN_POINT('NONE',(-44.186001,66.697998,0));
#569=CARTESIAN_POINT('NONE',(-44.257999,66.699997,0));
#570=CARTESIAN_POINT('NONE',(-44.328999,66.697998,0));
#571=CARTESIAN_POINT('NONE',(-44.400002,66.693001,0));
#572=CARTESIAN_POINT('NONE',(-44.471001,66.683998,0));
#573=CARTESIAN_POINT('NONE',(-44.541,66.671997,0));
#574=CARTESIAN_POINT('NONE',(-44.610001,66.655998,0));
#575=CARTESIAN_POINT('NONE',(-44.679001,66.637001,0));
#576=CARTESIAN_POINT('NONE',(-44.747002,66.614998,0));
#577=CARTESIAN_POINT('NONE',(-44.813,66.588997,0));
#578=CARTESIAN_POINT('NONE',(-44.879002,66.559998,0));
#579=CARTESIAN_POINT('NONE',(-44.942001,66.528,0));
#580=CARTESIAN_POINT('NONE',(-45.004002,66.492996,0));
#581=CARTESIAN_POINT('NONE',(-45.063999,66.455002,0));
#582=CARTESIAN_POINT('NONE',(-45.123001,66.414001,0));
#583=CARTESIAN_POINT('NONE',(-45.179001,66.369995,0));
#584=CARTESIAN_POINT('NONE',(-45.233002,66.322998,0));
#585=CARTESIAN_POINT('NONE',(-45.285,66.274002,0));
#586=CARTESIAN_POINT('NONE',(-45.334,66.222,0));
#587=CARTESIAN_POINT('NONE',(-45.380001,66.167999,0));
#588=CARTESIAN_POINT('NONE',(-45.424,66.112,0));
#589=CARTESIAN_POINT('NONE',(-45.465,66.054001,0));
#590=CARTESIAN_POINT('NONE',(-45.503002,65.993996,0));
#591=CARTESIAN_POINT('NONE',(-45.538002,65.931999,0));
#592=CARTESIAN_POINT('NONE',(-45.570999,65.867996,0));
#593=CARTESIAN_POINT('NONE',(-45.598999,65.803001,0));
#594=CARTESIAN_POINT('NONE',(-45.625,65.736,0));
#595=CARTESIAN_POINT('NONE',(-45.646999,65.668999,0));
#596=CARTESIAN_POINT('NONE',(-45.666,65.599998,0));
#597=CARTESIAN_POINT('NONE',(-45.681999,65.529999,0));
#598=CARTESIAN_POINT('NONE',(-45.694,65.459999,0));
#599=CARTESIAN_POINT('NONE',(-45.702999,65.389,0));
#600=CARTESIAN_POINT('NONE',(-45.708,65.318001,0));
#601=CARTESIAN_POINT('NONE',(-45.709999,65.247002,0));
#602=CARTESIAN_POINT('NONE',(-45.708,65.175995,0));
#603=CARTESIAN_POINT('NONE',(-45.702999,65.104996,0));
#604=CARTESIAN_POINT('NONE',(-45.694,65.033997,0));
#605=CARTESIAN_POINT('NONE',(-45.681999,64.963997,0));
#606=CARTESIAN_POINT('NONE',(-45.666,64.893997,0));
#607=CARTESIAN_POINT('NONE',(-45.646999,64.824997,0));
#608=CARTESIAN_POINT('NONE',(-45.625,64.757996,0));
#609=CARTESIAN_POINT('NONE',(-45.598999,64.691002,0));
#610=CARTESIAN_POINT('NONE',(-45.570999,64.625999,0));
#611=CARTESIAN_POINT('NONE',(-45.538002,64.561996,0));
#612=CARTESIAN_POINT('NONE',(-45.503002,64.5,0));
#613=CARTESIAN_POINT('NONE',(-45.465,64.439995,0));
#614=CARTESIAN_POINT('NONE',(-45.424,64.381996,0));
#615=CARTESIAN_POINT('NONE',(-45.380001,64.325996,0));
#616=CARTESIAN_POINT('NONE',(-45.334,64.271996,0));
#617=CARTESIAN_POINT('NONE',(-45.285,64.220001,0));
#618=CARTESIAN_POINT('NONE',(-45.233002,64.170998,0));
#619=CARTESIAN_POINT('NONE',(-45.179001,64.124001,0));
#620=CARTESIAN_POINT('NONE',(43.516998,65.318001,0));
#621=CARTESIAN_POINT('NONE',(43.514999,65.247002,0));
#622=CARTESIAN_POINT('NONE',(43.516998,65.175995,0));
#623=CARTESIAN_POINT('NONE',(43.521999,65.104996,0));
#624=CARTESIAN_POINT('NONE',(43.530998,65.033997,0));
#625=CARTESIAN_POINT('NONE',(43.542999,64.963997,0));
#626=CARTESIAN_POINT('NONE',(43.558998,64.893997,0));
#627=CARTESIAN_POINT('NONE',(43.577999,64.824997,0));
#628=CARTESIAN_POINT('NONE',(43.599998,64.757996,0));
#629=CARTESIAN_POINT('NONE',(43.625999,64.691002,0));
#630=CARTESIAN_POINT('NONE',(43.653999,64.625999,0));
#631=CARTESIAN_POINT('NONE',(43.687,64.561996,0));
#632=CARTESIAN_POINT('NONE',(43.722,64.5,0));
#633=CARTESIAN_POINT('NONE',(43.759998,64.439995,0));
#634=CARTESIAN_POINT('NONE',(43.800999,64.381996,0));
#635=CARTESIAN_POINT('NONE',(43.845001,64.325996,0));
#636=CARTESIAN_POINT('NONE',(43.890999,64.271996,0));
#637=CARTESIAN_POINT('NONE',(43.939999,64.220001,0));
#638=CARTESIAN_POINT('NONE',(43.992001,64.170998,0));
#639=CARTESIAN_POINT('NONE',(44.046001,64.124001,0));
#640=CARTESIAN_POINT('NONE',(44.102001,64.080002,0));
#641=CARTESIAN_POINT('NONE',(44.160999,64.039001,0));
#642=CARTESIAN_POINT('NONE',(44.221001,64.000999,0));
#643=CARTESIAN_POINT('NONE',(44.283001,63.966,0));
#644=CARTESIAN_POINT('NONE',(44.346001,63.933998,0));
#645=CARTESIAN_POINT('NONE',(44.411999,63.904999,0));
#646=CARTESIAN_POINT('NONE',(44.478001,63.878998,0));
#647=CARTESIAN_POINT('NONE',(44.546001,63.856998,0));
#648=CARTESIAN_POINT('NONE',(44.614998,63.837997,0));
#649=CARTESIAN_POINT('NONE',(44.683998,63.821999,0));
#650=CARTESIAN_POINT('NONE',(44.753998,63.809998,0));
#651=CARTESIAN_POINT('NONE',(44.825001,63.801998,0));
#652=CARTESIAN_POINT('NONE',(44.896,63.795998,0));
#653=CARTESIAN_POINT('NONE',(44.966999,63.794998,0));
#654=CARTESIAN_POINT('NONE',(45.038998,63.795998,0));
#655=CARTESIAN_POINT('NONE',(45.110001,63.801998,0));
#656=CARTESIAN_POINT('NONE',(45.181,63.809998,0));
#657=CARTESIAN_POINT('NONE',(45.250999,63.821999,0));
#658=CARTESIAN_POINT('NONE',(45.32,63.837997,0));
#659=CARTESIAN_POINT('NONE',(45.389,63.856998,0));
#660=CARTESIAN_POINT('NONE',(45.457001,63.878998,0));
#661=CARTESIAN_POINT('NONE',(45.522999,63.904999,0));
#662=CARTESIAN_POINT('NONE',(45.589001,63.933998,0));
#663=CARTESIAN_POINT('NONE',(45.652,63.966,0));
#664=CARTESIAN_POINT('NONE',(45.714001,64.000999,0));
#665=CARTESIAN_POINT('NONE',(45.773998,64.039001,0));
#666=CARTESIAN_POINT('NONE',(45.833,64.080002,0));
#667=CARTESIAN_POINT('NONE',(45.889,64.124001,0));
#668=CARTESIAN_POINT('NONE',(45.943001,64.170998,0));
#669=CARTESIAN_POINT('NONE',(45.994999,64.220001,0));
#670=CARTESIAN_POINT('NONE',(46.043999,64.271996,0));
#671=CARTESIAN_POINT('NONE',(46.09,64.325996,0));
#672=CARTESIAN_POINT('NONE',(46.133999,64.381996,0));
#673=CARTESIAN_POINT('NONE',(46.174999,64.439995,0));
#674=CARTESIAN_POINT('NONE',(46.213001,64.5,0));
#675=CARTESIAN_POINT('NONE',(46.248001,64.561996,0));
#676=CARTESIAN_POINT('NONE',(46.280998,64.625999,0));
#677=CARTESIAN_POINT('NONE',(46.308998,64.691002,0));
#678=CARTESIAN_POINT('NONE',(46.334999,64.757996,0));
#679=CARTESIAN_POINT('NONE',(46.356998,64.824997,0));
#680=CARTESIAN_POINT('NONE',(46.375999,64.893997,0));
#681=CARTESIAN_POINT('NONE',(46.391998,64.963997,0));
#682=CARTESIAN_POINT('NONE',(46.403999,65.033997,0));
#683=CARTESIAN_POINT('NONE',(46.412998,65.104996,0));
#684=CARTESIAN_POINT('NONE',(46.417999,65.175995,0));
#685=CARTESIAN_POINT('NONE',(46.419998,65.247002,0));
#686=CARTESIAN_POINT('NONE',(46.417999,65.318001,0));
#687=CARTESIAN_POINT('NONE',(46.412998,65.389,0));
#688=CARTESIAN_POINT('NONE',(46.403999,65.459999,0));
#689=CARTESIAN_POINT('NONE',(46.391998,65.529999,0));
#690=CARTESIAN_POINT('NONE',(46.375999,65.599998,0));
#691=CARTESIAN_POINT('NONE',(46.356998,65.668999,0));
#692=CARTESIAN_POINT('NONE',(46.334999,65.736,0));
#693=CARTESIAN_POINT('NONE',(46.308998,65.803001,0));
#694=CARTESIAN_POINT('NONE',(46.280998,65.867996,0));
#695=CARTESIAN_POINT('NONE',(46.248001,65.931999,0));
#696=CARTESIAN_POINT('NONE',(46.213001,65.993996,0));
#697=CARTESIAN_POINT('NONE',(46.174999,66.054001,0));
#698=CARTESIAN_POINT('NONE',(46.133999,66.112,0));
#699=CARTESIAN_POINT('NONE',(46.09,66.167999,0));
#700=CARTESIAN_POINT('NONE',(46.043999,66.222,0));
#701=CARTESIAN_POINT('NONE',(45.994999,66.274002,0));
#702=CARTESIAN_POINT('NONE',(45.943001,66.322998,0));
#703=CARTESIAN_POINT('NONE',(45.889,66.369995,0));
#704=CARTESIAN_POINT('NONE',(45.833,66.414001,0));
#705=CARTESIAN_POINT('NONE',(45.773998,66.455002,0));
#706=CARTESIAN_POINT('NONE',(45.714001,66.492996,0));
#707=CARTESIAN_POINT('NONE',(45.652,66.528,0));
#708=CARTESIAN_POINT('NONE',(45.589001,66.559998,0));
#709=CARTESIAN_POINT('NONE',(45.522999,66.588997,0));
#710=CARTESIAN_POINT('NONE',(45.457001,66.614998,0));
#711=CARTESIAN_POINT('NONE',(45.389,66.637001,0));
#712=CARTESIAN_POINT('NONE',(45.32,66.655998,0));
#713=CARTESIAN_POINT('NONE',(45.250999,66.671997,0));
#714=CARTESIAN_POINT('NONE',(45.181,66.683998,0));
#715=CARTESIAN_POINT('NONE',(45.110001,66.693001,0));
#716=CARTESIAN_POINT('NONE',(45.038998,66.697998,0));
#717=CARTESIAN_POINT('NONE',(44.966999,66.699997,0));
#718=CARTESIAN_POINT('NONE',(44.896,66.697998,0));
#719=CARTESIAN_POINT('NONE',(44.825001,66.693001,0));
#720=CARTESIAN_POINT('NONE',(44.753998,66.683998,0));
#721=CARTESIAN_POINT('NONE',(44.683998,66.671997,0));
#722=CARTESIAN_POINT('NONE',(44.614998,66.655998,0));
#723=CARTESIAN_POINT('NONE',(44.546001,66.637001,0));
#724=CARTESIAN_POINT('NONE',(44.478001,66.614998,0));
#725=CARTESIAN_POINT('NONE',(44.411999,66.588997,0));
#726=CARTESIAN_POINT('NONE',(44.346001,66.559998,0));
#727=CARTESIAN_POINT('NONE',(44.283001,66.528,0));
#728=CARTESIAN_POINT('NONE',(44.221001,66.492996,0));
#729=CARTESIAN_POINT('NONE',(44.160999,66.455002,0));
#730=CARTESIAN_POINT('NONE',(44.102001,66.414001,0));
#731=CARTESIAN_POINT('NONE',(44.046001,66.369995,0));
#732=CARTESIAN_POINT('NONE',(43.992001,66.322998,0));
#733=CARTESIAN_POINT('NONE',(43.939999,66.274002,0));
#734=CARTESIAN_POINT('NONE',(43.890999,66.222,0));
#735=CARTESIAN_POINT('NONE',(43.845001,66.167999,0));
#736=CARTESIAN_POINT('NONE',(43.800999,66.112,0));
#737=CARTESIAN_POINT('NONE',(43.759998,66.054001,0));
#738=CARTESIAN_POINT('NONE',(43.722,65.993996,0));
#739=CARTESIAN_POINT('NONE',(43.687,65.931999,0));
#740=CARTESIAN_POINT('NONE',(43.653999,65.867996,0));
#741=CARTESIAN_POINT('NONE',(43.625999,65.803001,0));
#742=CARTESIAN_POINT('NONE',(43.599998,65.736,0));
#743=CARTESIAN_POINT('NONE',(43.577999,65.668999,0));
#744=CARTESIAN_POINT('NONE',(43.558998,65.599998,0));
#745=CARTESIAN_POINT('NONE',(43.542999,65.529999,0));
#746=CARTESIAN_POINT('NONE',(43.530998,65.459999,0));
#747=CARTESIAN_POINT('NONE',(43.521999,65.389,0));
#748=CARTESIAN_POINT('NONE',(50,30.749998,2.996));
#749=CARTESIAN_POINT('NONE',(-49.395,30.749998,2.996));
#750=CARTESIAN_POINT('NONE',(-49.395,70.144997,2.996));
#751=CARTESIAN_POINT('NONE',(50,70.144997,2.996));
#752=CARTESIAN_POINT('NONE',(-42.895,40.448997,2.996));
#753=CARTESIAN_POINT('NONE',(-42.895,40.448997,2.998));
#754=CARTESIAN_POINT('NONE',(-42.895,60.448997,2.998));
#755=CARTESIAN_POINT('NONE',(-42.895,60.448997,2.996));
#756=CARTESIAN_POINT('NONE',(-41.645,34.273998,2.996));
#757=CARTESIAN_POINT('NONE',(-41.645,34.273998,2.998));
#758=CARTESIAN_POINT('NONE',(-41.645,40.448997,2.998));
#759=CARTESIAN_POINT('NONE',(-41.645,40.448997,2.996));
#760=CARTESIAN_POINT('NONE',(-41.645,60.448997,2.996));
#761=CARTESIAN_POINT('NONE',(-41.645,60.448997,2.998));
#762=CARTESIAN_POINT('NONE',(-41.645,65.649002,2.998));
#763=CARTESIAN_POINT('NONE',(-41.645,65.649002,2.996));
#764=CARTESIAN_POINT('NONE',(-44.729,37.336998,2.996));
#765=CARTESIAN_POINT('NONE',(-44.797001,37.314999,2.996));
#766=CARTESIAN_POINT('NONE',(-44.66,37.355999,2.996));
#767=CARTESIAN_POINT('NONE',(-44.591,37.371998,2.996));
#768=CARTESIAN_POINT('NONE',(40.855,34.273998,2.998));
#769=CARTESIAN_POINT('NONE',(40.855,40.448997,2.998));
#770=CARTESIAN_POINT('NONE',(44.055,40.448997,2.998));
#771=CARTESIAN_POINT('NONE',(44.055,60.448997,2.998));
#772=CARTESIAN_POINT('NONE',(40.855,60.448997,2.998));
#773=CARTESIAN_POINT('NONE',(40.855,65.649002,2.998));
#774=CARTESIAN_POINT('NONE',(16.310999,43.431,2.998));
#775=CARTESIAN_POINT('NONE',(16.23,43.424,2.998));
#776=CARTESIAN_POINT('NONE',(3.23,43.424,2.998));
#777=CARTESIAN_POINT('NONE',(3.148999,43.431,2.998));
#778=CARTESIAN_POINT('NONE',(3.072,43.448997,2.998));
#779=CARTESIAN_POINT('NONE',(3,43.48,2.998));
#780=CARTESIAN_POINT('NONE',(2.934999,43.519997,2.998));
#781=CARTESIAN_POINT('NONE',(2.875999,43.57,2.998));
#782=CARTESIAN_POINT('NONE',(2.825999,43.628998,2.998));
#783=CARTESIAN_POINT('NONE',(2.786,43.693996,2.998));
#784=CARTESIAN_POINT('NONE',(2.755,43.765999,2.998));
#785=CARTESIAN_POINT('NONE',(2.737,43.842999,2.998));
#786=CARTESIAN_POINT('NONE',(2.73,43.924,2.998));
#787=CARTESIAN_POINT('NONE',(2.73,56.924,2.998));
#788=CARTESIAN_POINT('NONE',(2.737,57.004997,2.998));
#789=CARTESIAN_POINT('NONE',(2.755,57.081997,2.998));
#790=CARTESIAN_POINT('NONE',(2.786,57.153999,2.998));
#791=CARTESIAN_POINT('NONE',(2.825999,57.218998,2.998));
#792=CARTESIAN_POINT('NONE',(2.875999,57.278,2.998));
#793=CARTESIAN_POINT('NONE',(2.934999,57.327999,2.998));
#794=CARTESIAN_POINT('NONE',(3,57.368,2.998));
#795=CARTESIAN_POINT('NONE',(3.072,57.398998,2.998));
#796=CARTESIAN_POINT('NONE',(3.148999,57.417,2.998));
#797=CARTESIAN_POINT('NONE',(3.23,57.424,2.998));
#798=CARTESIAN_POINT('NONE',(16.23,57.424,2.998));
#799=CARTESIAN_POINT('NONE',(16.310999,57.417,2.998));
#800=CARTESIAN_POINT('NONE',(16.388,57.398998,2.998));
#801=CARTESIAN_POINT('NONE',(16.459999,57.368,2.998));
#802=CARTESIAN_POINT('NONE',(16.525,57.327999,2.998));
#803=CARTESIAN_POINT('NONE',(16.584,57.278,2.998));
#804=CARTESIAN_POINT('NONE',(16.633999,57.218998,2.998));
#805=CARTESIAN_POINT('NONE',(16.674,57.153999,2.998));
#806=CARTESIAN_POINT('NONE',(16.705,57.081997,2.998));
#807=CARTESIAN_POINT('NONE',(16.723,57.004997,2.998));
#808=CARTESIAN_POINT('NONE',(16.73,56.924,2.998));
#809=CARTESIAN_POINT('NONE',(16.73,43.924,2.998));
#810=CARTESIAN_POINT('NONE',(16.723,43.842999,2.998));
#811=CARTESIAN_POINT('NONE',(16.705,43.765999,2.998));
#812=CARTESIAN_POINT('NONE',(16.674,43.693996,2.998));
#813=CARTESIAN_POINT('NONE',(16.633999,43.628998,2.998));
#814=CARTESIAN_POINT('NONE',(16.584,43.57,2.998));
#815=CARTESIAN_POINT('NONE',(16.525,43.519997,2.998));
#816=CARTESIAN_POINT('NONE',(16.459999,43.48,2.998));
#817=CARTESIAN_POINT('NONE',(16.388,43.448997,2.998));
#818=CARTESIAN_POINT('NONE',(22.279999,43.424,2.998));
#819=CARTESIAN_POINT('NONE',(22.198999,43.431,2.998));
#820=CARTESIAN_POINT('NONE',(22.122,43.448997,2.998));
#821=CARTESIAN_POINT('NONE',(22.049999,43.48,2.998));
#822=CARTESIAN_POINT('NONE',(21.984999,43.519997,2.998));
#823=CARTESIAN_POINT('NONE',(21.925999,43.57,2.998));
#824=CARTESIAN_POINT('NONE',(21.875999,43.628998,2.998));
#825=CARTESIAN_POINT('NONE',(21.836,43.693996,2.998));
#826=CARTESIAN_POINT('NONE',(21.805,43.765999,2.998));
#827=CARTESIAN_POINT('NONE',(21.786999,43.842999,2.998));
#828=CARTESIAN_POINT('NONE',(21.779999,43.924,2.998));
#829=CARTESIAN_POINT('NONE',(21.779999,56.924,2.998));
#830=CARTESIAN_POINT('NONE',(21.786999,57.004997,2.998));
#831=CARTESIAN_POINT('NONE',(21.805,57.081997,2.998));
#832=CARTESIAN_POINT('NONE',(21.836,57.153999,2.998));
#833=CARTESIAN_POINT('NONE',(21.875999,57.218998,2.998));
#834=CARTESIAN_POINT('NONE',(21.925999,57.278,2.998));
#835=CARTESIAN_POINT('NONE',(21.984999,57.327999,2.998));
#836=CARTESIAN_POINT('NONE',(22.049999,57.368,2.998));
#837=CARTESIAN_POINT('NONE',(22.122,57.398998,2.998));
#838=CARTESIAN_POINT('NONE',(22.198999,57.417,2.998));
#839=CARTESIAN_POINT('NONE',(22.279999,57.424,2.998));
#840=CARTESIAN_POINT('NONE',(35.279999,57.424,2.998));
#841=CARTESIAN_POINT('NONE',(35.361,57.417,2.998));
#842=CARTESIAN_POINT('NONE',(35.438,57.398998,2.998));
#843=CARTESIAN_POINT('NONE',(35.509998,57.368,2.998));
#844=CARTESIAN_POINT('NONE',(35.575001,57.327999,2.998));
#845=CARTESIAN_POINT('NONE',(35.633999,57.278,2.998));
#846=CARTESIAN_POINT('NONE',(35.683998,57.218998,2.998));
#847=CARTESIAN_POINT('NONE',(35.723999,57.153999,2.998));
#848=CARTESIAN_POINT('NONE',(35.755001,57.081997,2.998));
#849=CARTESIAN_POINT('NONE',(35.772999,57.004997,2.998));
#850=CARTESIAN_POINT('NONE',(35.779999,56.924,2.998));
#851=CARTESIAN_POINT('NONE',(35.779999,43.924,2.998));
#852=CARTESIAN_POINT('NONE',(35.772999,43.842999,2.998));
#853=CARTESIAN_POINT('NONE',(35.755001,43.765999,2.998));
#854=CARTESIAN_POINT('NONE',(35.723999,43.693996,2.998));
#855=CARTESIAN_POINT('NONE',(35.683998,43.628998,2.998));
#856=CARTESIAN_POINT('NONE',(35.633999,43.57,2.998));
#857=CARTESIAN_POINT('NONE',(35.575001,43.519997,2.998));
#858=CARTESIAN_POINT('NONE',(35.509998,43.48,2.998));
#859=CARTESIAN_POINT('NONE',(35.438,43.448997,2.998));
#860=CARTESIAN_POINT('NONE',(35.361,43.431,2.998));
#861=CARTESIAN_POINT('NONE',(35.279999,43.424,2.998));
#862=CARTESIAN_POINT('NONE',(-16.050001,57.368,2.998));
#863=CARTESIAN_POINT('NONE',(-15.978001,57.398998,2.998));
#864=CARTESIAN_POINT('NONE',(-15.901,57.417,2.998));
#865=CARTESIAN_POINT('NONE',(-15.820001,57.424,2.998));
#866=CARTESIAN_POINT('NONE',(-2.82,57.424,2.998));
#867=CARTESIAN_POINT('NONE',(-2.739001,57.417,2.998));
#868=CARTESIAN_POINT('NONE',(-2.662,57.398998,2.998));
#869=CARTESIAN_POINT('NONE',(-2.59,57.368,2.998));
#870=CARTESIAN_POINT('NONE',(-2.525001,57.327999,2.998));
#871=CARTESIAN_POINT('NONE',(-2.466001,57.278,2.998));
#872=CARTESIAN_POINT('NONE',(-2.416,57.218998,2.998));
#873=CARTESIAN_POINT('NONE',(-2.376,57.153999,2.998));
#874=CARTESIAN_POINT('NONE',(-2.345001,57.081997,2.998));
#875=CARTESIAN_POINT('NONE',(-2.327,57.004997,2.998));
#876=CARTESIAN_POINT('NONE',(-2.32,56.924,2.998));
#877=CARTESIAN_POINT('NONE',(-2.32,43.924,2.998));
#878=CARTESIAN_POINT('NONE',(-2.327,43.842999,2.998));
#879=CARTESIAN_POINT('NONE',(-2.345001,43.765999,2.998));
#880=CARTESIAN_POINT('NONE',(-2.376,43.693996,2.998));
#881=CARTESIAN_POINT('NONE',(-2.416,43.628998,2.998));
#882=CARTESIAN_POINT('NONE',(-2.466001,43.57,2.998));
#883=CARTESIAN_POINT('NONE',(-2.525001,43.519997,2.998));
#884=CARTESIAN_POINT('NONE',(-2.59,43.48,2.998));
#885=CARTESIAN_POINT('NONE',(-2.662,43.448997,2.998));
#886=CARTESIAN_POINT('NONE',(-2.739001,43.431,2.998));
#887=CARTESIAN_POINT('NONE',(-2.82,43.424,2.998));
#888=CARTESIAN_POINT('NONE',(-15.820001,43.424,2.998));
#889=CARTESIAN_POINT('NONE',(-15.901,43.431,2.998));
#890=CARTESIAN_POINT('NONE',(-15.978001,43.448997,2.998));
#891=CARTESIAN_POINT('NONE',(-16.050001,43.48,2.998));
#892=CARTESIAN_POINT('NONE',(-16.115,43.519997,2.998));
#893=CARTESIAN_POINT('NONE',(-16.174,43.57,2.998));
#894=CARTESIAN_POINT('NONE',(-16.224001,43.628998,2.998));
#895=CARTESIAN_POINT('NONE',(-16.264,43.693996,2.998));
#896=CARTESIAN_POINT('NONE',(-16.295,43.765999,2.998));
#897=CARTESIAN_POINT('NONE',(-16.313,43.842999,2.998));
#898=CARTESIAN_POINT('NONE',(-16.32,43.924,2.998));
#899=CARTESIAN_POINT('NONE',(-16.32,56.924,2.998));
#900=CARTESIAN_POINT('NONE',(-16.313,57.004997,2.998));
#901=CARTESIAN_POINT('NONE',(-16.295,57.081997,2.998));
#902=CARTESIAN_POINT('NONE',(-16.264,57.153999,2.998));
#903=CARTESIAN_POINT('NONE',(-16.224001,57.218998,2.998));
#904=CARTESIAN_POINT('NONE',(-16.174,57.278,2.998));
#905=CARTESIAN_POINT('NONE',(-16.115,57.327999,2.998));
#906=CARTESIAN_POINT('NONE',(-35.369999,43.924,2.998));
#907=CARTESIAN_POINT('NONE',(-35.369999,56.924,2.998));
#908=CARTESIAN_POINT('NONE',(-35.362999,57.004997,2.998));
#909=CARTESIAN_POINT('NONE',(-35.345001,57.081997,2.998));
#910=CARTESIAN_POINT('NONE',(-35.313999,57.153999,2.998));
#911=CARTESIAN_POINT('NONE',(-35.274002,57.218998,2.998));
#912=CARTESIAN_POINT('NONE',(-35.223999,57.278,2.998));
#913=CARTESIAN_POINT('NONE',(-35.165001,57.327999,2.998));
#914=CARTESIAN_POINT('NONE',(-35.100002,57.368,2.998));
#915=CARTESIAN_POINT('NONE',(-35.028,57.398998,2.998));
#916=CARTESIAN_POINT('NONE',(-34.951,57.417,2.998));
#917=CARTESIAN_POINT('NONE',(-34.869999,57.424,2.998));
#918=CARTESIAN_POINT('NONE',(-21.870001,57.424,2.998));
#919=CARTESIAN_POINT('NONE',(-21.789,57.417,2.998));
#920=CARTESIAN_POINT('NONE',(-21.712,57.398998,2.998));
#921=CARTESIAN_POINT('NONE',(-21.640001,57.368,2.998));
#922=CARTESIAN_POINT('NONE',(-21.575001,57.327999,2.998));
#923=CARTESIAN_POINT('NONE',(-21.516001,57.278,2.998));
#924=CARTESIAN_POINT('NONE',(-21.466,57.218998,2.998));
#925=CARTESIAN_POINT('NONE',(-21.426001,57.153999,2.998));
#926=CARTESIAN_POINT('NONE',(-21.395,57.081997,2.998));
#927=CARTESIAN_POINT('NONE',(-21.377001,57.004997,2.998));
#928=CARTESIAN_POINT('NONE',(-21.370001,56.924,2.998));
#929=CARTESIAN_POINT('NONE',(-21.370001,43.924,2.998));
#930=CARTESIAN_POINT('NONE',(-21.377001,43.842999,2.998));
#931=CARTESIAN_POINT('NONE',(-21.395,43.765999,2.998));
#932=CARTESIAN_POINT('NONE',(-21.426001,43.693996,2.998));
#933=CARTESIAN_POINT('NONE',(-21.466,43.628998,2.998));
#934=CARTESIAN_POINT('NONE',(-21.516001,43.57,2.998));
#935=CARTESIAN_POINT('NONE',(-21.575001,43.519997,2.998));
#936=CARTESIAN_POINT('NONE',(-21.640001,43.48,2.998));
#937=CARTESIAN_POINT('NONE',(-21.712,43.448997,2.998));
#938=CARTESIAN_POINT('NONE',(-21.789,43.431,2.998));
#939=CARTESIAN_POINT('NONE',(-21.870001,43.424,2.998));
#940=CARTESIAN_POINT('NONE',(-34.869999,43.424,2.998));
#941=CARTESIAN_POINT('NONE',(-34.951,43.431,2.998));
#942=CARTESIAN_POINT('NONE',(-35.028,43.448997,2.998));
#943=CARTESIAN_POINT('NONE',(-35.100002,43.48,2.998));
#944=CARTESIAN_POINT('NONE',(-35.165001,43.519997,2.998));
#945=CARTESIAN_POINT('NONE',(-35.223999,43.57,2.998));
#946=CARTESIAN_POINT('NONE',(-35.274002,43.628998,2.998));
#947=CARTESIAN_POINT('NONE',(-35.313999,43.693996,2.998));
#948=CARTESIAN_POINT('NONE',(-35.345001,43.765999,2.998));
#949=CARTESIAN_POINT('NONE',(-35.362999,43.842999,2.998));
#950=CARTESIAN_POINT('NONE',(40.855,65.649002,2.996));
#951=CARTESIAN_POINT('NONE',(40.855,60.448997,2.996));
#952=CARTESIAN_POINT('NONE',(44.055,60.448997,2.996));
#953=CARTESIAN_POINT('NONE',(44.055,40.448997,2.996));
#954=CARTESIAN_POINT('NONE',(40.855,40.448997,2.996));
#955=CARTESIAN_POINT('NONE',(40.855,34.273998,2.996));
#956=CARTESIAN_POINT('NONE',(-45.283001,37.022999,2.996));
#957=CARTESIAN_POINT('NONE',(-45.229,37.07,2.996));
#958=CARTESIAN_POINT('NONE',(-45.173,37.113998,2.996));
#959=CARTESIAN_POINT('NONE',(-45.114002,37.154999,2.996));
#960=CARTESIAN_POINT('NONE',(-45.054001,37.192997,2.996));
#961=CARTESIAN_POINT('NONE',(-44.992001,37.227997,2.996));
#962=CARTESIAN_POINT('NONE',(-44.929001,37.259998,2.996));
#963=CARTESIAN_POINT('NONE',(-44.862999,37.288998,2.996));
#964=CARTESIAN_POINT('NONE',(-44.521,37.383999,2.996));
#965=CARTESIAN_POINT('NONE',(-44.450001,37.392998,2.996));
#966=CARTESIAN_POINT('NONE',(-44.379002,37.397999,2.996));
#967=CARTESIAN_POINT('NONE',(-44.307999,37.399998,2.996));
#968=CARTESIAN_POINT('NONE',(-44.236,37.397999,2.996));
#969=CARTESIAN_POINT('NONE',(-44.165001,37.392998,2.996));
#970=CARTESIAN_POINT('NONE',(-44.094002,37.383999,2.996));
#971=CARTESIAN_POINT('NONE',(-44.024002,37.371998,2.996));
#972=CARTESIAN_POINT('NONE',(-43.955002,37.355999,2.996));
#973=CARTESIAN_POINT('NONE',(-43.886002,37.336998,2.996));
#974=CARTESIAN_POINT('NONE',(-43.818001,37.314999,2.996));
#975=CARTESIAN_POINT('NONE',(-43.751999,37.288998,2.996));
#976=CARTESIAN_POINT('NONE',(-43.686001,37.259998,2.996));
#977=CARTESIAN_POINT('NONE',(-43.623001,37.227997,2.996));
#978=CARTESIAN_POINT('NONE',(-43.561001,37.192997,2.996));
#979=CARTESIAN_POINT('NONE',(-43.500999,37.154999,2.996));
#980=CARTESIAN_POINT('NONE',(-43.442001,37.113998,2.996));
#981=CARTESIAN_POINT('NONE',(-43.386002,37.07,2.996));
#982=CARTESIAN_POINT('NONE',(-43.332001,37.022999,2.996));
#983=CARTESIAN_POINT('NONE',(-43.279999,36.973999,2.996));
#984=CARTESIAN_POINT('NONE',(-43.230999,36.921997,2.996));
#985=CARTESIAN_POINT('NONE',(-43.185001,36.868,2.996));
#986=CARTESIAN_POINT('NONE',(-43.140999,36.811996,2.996));
#987=CARTESIAN_POINT('NONE',(-43.100002,36.753998,2.996));
#988=CARTESIAN_POINT('NONE',(-43.062,36.693996,2.996));
#989=CARTESIAN_POINT('NONE',(-43.027,36.632,2.996));
#990=CARTESIAN_POINT('NONE',(-42.993999,36.567997,2.996));
#991=CARTESIAN_POINT('NONE',(-42.966,36.502998,2.996));
#992=CARTESIAN_POINT('NONE',(-42.939999,36.435997,2.996));
#993=CARTESIAN_POINT('NONE',(-42.917999,36.368999,2.996));
#994=CARTESIAN_POINT('NONE',(-42.899002,36.299999,2.996));
#995=CARTESIAN_POINT('NONE',(-42.882999,36.23,2.996));
#996=CARTESIAN_POINT('NONE',(-42.871002,36.16,2.996));
#997=CARTESIAN_POINT('NONE',(-42.862,36.088997,2.996));
#998=CARTESIAN_POINT('NONE',(-42.857002,36.017998,2.996));
#999=CARTESIAN_POINT('NONE',(-42.855,35.946999,2.996));
#1000=CARTESIAN_POINT('NONE',(-42.857002,35.875999,2.996));
#1001=CARTESIAN_POINT('NONE',(-42.862,35.804996,2.996));
#1002=CARTESIAN_POINT('NONE',(-42.871002,35.733997,2.996));
#1003=CARTESIAN_POINT('NONE',(-42.882999,35.663998,2.996));
#1004=CARTESIAN_POINT('NONE',(-42.899002,35.593998,2.996));
#1005=CARTESIAN_POINT('NONE',(-42.917999,35.524998,2.996));
#1006=CARTESIAN_POINT('NONE',(-42.939999,35.457996,2.996));
#1007=CARTESIAN_POINT('NONE',(-42.966,35.390999,2.996));
#1008=CARTESIAN_POINT('NONE',(-42.993999,35.325996,2.996));
#1009=CARTESIAN_POINT('NONE',(-43.027,35.261997,2.996));
#1010=CARTESIAN_POINT('NONE',(-43.062,35.199997,2.996));
#1011=CARTESIAN_POINT('NONE',(-43.100002,35.139999,2.996));
#1012=CARTESIAN_POINT('NONE',(-43.140999,35.081997,2.996));
#1013=CARTESIAN_POINT('NONE',(-43.185001,35.025997,2.996));
#1014=CARTESIAN_POINT('NONE',(-43.230999,34.972,2.996));
#1015=CARTESIAN_POINT('NONE',(-43.279999,34.919998,2.996));
#1016=CARTESIAN_POINT('NONE',(-43.332001,34.870998,2.996));
#1017=CARTESIAN_POINT('NONE',(-43.386002,34.823997,2.996));
#1018=CARTESIAN_POINT('NONE',(-43.442001,34.779999,2.996));
#1019=CARTESIAN_POINT('NONE',(-43.500999,34.738998,2.996));
#1020=CARTESIAN_POINT('NONE',(-43.561001,34.700996,2.996));
#1021=CARTESIAN_POINT('NONE',(-43.623001,34.665997,2.996));
#1022=CARTESIAN_POINT('NONE',(-43.686001,34.633999,2.996));
#1023=CARTESIAN_POINT('NONE',(-43.751999,34.605,2.996));
#1024=CARTESIAN_POINT('NONE',(-43.818001,34.578999,2.996));
#1025=CARTESIAN_POINT('NONE',(-43.886002,34.556999,2.996));
#1026=CARTESIAN_POINT('NONE',(-43.955002,34.537998,2.996));
#1027=CARTESIAN_POINT('NONE',(-44.024002,34.521999,2.996));
#1028=CARTESIAN_POINT('NONE',(-44.094002,34.509998,2.996));
#1029=CARTESIAN_POINT('NONE',(-44.165001,34.500999,2.996));
#1030=CARTESIAN_POINT('NONE',(-44.236,34.495998,2.996));
#1031=CARTESIAN_POINT('NONE',(-44.307999,34.494999,2.996));
#1032=CARTESIAN_POINT('NONE',(-44.379002,34.495998,2.996));
#1033=CARTESIAN_POINT('NONE',(-44.450001,34.500999,2.996));
#1034=CARTESIAN_POINT('NONE',(-44.521,34.509998,2.996));
#1035=CARTESIAN_POINT('NONE',(-44.591,34.521999,2.996));
#1036=CARTESIAN_POINT('NONE',(-44.66,34.537998,2.996));
#1037=CARTESIAN_POINT('NONE',(-44.729,34.556999,2.996));
#1038=CARTESIAN_POINT('NONE',(-44.797001,34.578999,2.996));
#1039=CARTESIAN_POINT('NONE',(-44.862999,34.605,2.996));
#1040=CARTESIAN_POINT('NONE',(-44.929001,34.633999,2.996));
#1041=CARTESIAN_POINT('NONE',(-44.992001,34.665997,2.996));
#1042=CARTESIAN_POINT('NONE',(-45.054001,34.700996,2.996));
#1043=CARTESIAN_POINT('NONE',(-45.114002,34.738998,2.996));
#1044=CARTESIAN_POINT('NONE',(-45.173,34.779999,2.996));
#1045=CARTESIAN_POINT('NONE',(-45.229,34.823997,2.996));
#1046=CARTESIAN_POINT('NONE',(-45.283001,34.870998,2.996));
#1047=CARTESIAN_POINT('NONE',(-45.334999,34.919998,2.996));
#1048=CARTESIAN_POINT('NONE',(-45.383999,34.972,2.996));
#1049=CARTESIAN_POINT('NONE',(-45.43,35.025997,2.996));
#1050=CARTESIAN_POINT('NONE',(-45.473999,35.081997,2.996));
#1051=CARTESIAN_POINT('NONE',(-45.514999,35.139999,2.996));
#1052=CARTESIAN_POINT('NONE',(-45.553001,35.199997,2.996));
#1053=CARTESIAN_POINT('NONE',(-45.588001,35.261997,2.996));
#1054=CARTESIAN_POINT('NONE',(-45.621002,35.325996,2.996));
#1055=CARTESIAN_POINT('NONE',(-45.649002,35.390999,2.996));
#1056=CARTESIAN_POINT('NONE',(-45.674999,35.457996,2.996));
#1057=CARTESIAN_POINT('NONE',(-45.696999,35.524998,2.996));
#1058=CARTESIAN_POINT('NONE',(-45.716,35.593998,2.996));
#1059=CARTESIAN_POINT('NONE',(-45.732002,35.663998,2.996));
#1060=CARTESIAN_POINT('NONE',(-45.743999,35.733997,2.996));
#1061=CARTESIAN_POINT('NONE',(-45.753002,35.804996,2.996));
#1062=CARTESIAN_POINT('NONE',(-45.757999,35.875999,2.996));
#1063=CARTESIAN_POINT('NONE',(-45.760002,35.946999,2.996));
#1064=CARTESIAN_POINT('NONE',(-45.757999,36.017998,2.996));
#1065=CARTESIAN_POINT('NONE',(-45.753002,36.088997,2.996));
#1066=CARTESIAN_POINT('NONE',(-45.743999,36.16,2.996));
#1067=CARTESIAN_POINT('NONE',(-45.732002,36.23,2.996));
#1068=CARTESIAN_POINT('NONE',(-45.716,36.299999,2.996));
#1069=CARTESIAN_POINT('NONE',(-45.696999,36.368999,2.996));
#1070=CARTESIAN_POINT('NONE',(-45.674999,36.435997,2.996));
#1071=CARTESIAN_POINT('NONE',(-45.649002,36.502998,2.996));
#1072=CARTESIAN_POINT('NONE',(-45.621002,36.567997,2.996));
#1073=CARTESIAN_POINT('NONE',(-45.588001,36.632,2.996));
#1074=CARTESIAN_POINT('NONE',(-45.553001,36.693996,2.996));
#1075=CARTESIAN_POINT('NONE',(-45.514999,36.753998,2.996));
#1076=CARTESIAN_POINT('NONE',(-45.473999,36.811996,2.996));
#1077=CARTESIAN_POINT('NONE',(-45.43,36.868,2.996));
#1078=CARTESIAN_POINT('NONE',(-45.383999,36.921997,2.996));
#1079=CARTESIAN_POINT('NONE',(-45.334999,36.973999,2.996));
#1080=CARTESIAN_POINT('NONE',(44.564999,34.537998,2.996));
#1081=CARTESIAN_POINT('NONE',(44.495998,34.556999,2.996));
#1082=CARTESIAN_POINT('NONE',(44.428001,34.578999,2.996));
#1083=CARTESIAN_POINT('NONE',(44.362,34.605,2.996));
#1084=CARTESIAN_POINT('NONE',(44.296001,34.633999,2.996));
#1085=CARTESIAN_POINT('NONE',(44.232998,34.665997,2.996));
#1086=CARTESIAN_POINT('NONE',(44.171001,34.700996,2.996));
#1087=CARTESIAN_POINT('NONE',(44.111,34.738998,2.996));
#1088=CARTESIAN_POINT('NONE',(44.051998,34.779999,2.996));
#1089=CARTESIAN_POINT('NONE',(43.995998,34.823997,2.996));
#1090=CARTESIAN_POINT('NONE',(43.942001,34.870998,2.996));
#1091=CARTESIAN_POINT('NONE',(43.889999,34.919998,2.996));
#1092=CARTESIAN_POINT('NONE',(43.841,34.972,2.996));
#1093=CARTESIAN_POINT('NONE',(43.794998,35.025997,2.996));
#1094=CARTESIAN_POINT('NONE',(43.750999,35.081997,2.996));
#1095=CARTESIAN_POINT('NONE',(43.709999,35.139999,2.996));
#1096=CARTESIAN_POINT('NONE',(43.672001,35.199997,2.996));
#1097=CARTESIAN_POINT('NONE',(43.637001,35.261997,2.996));
#1098=CARTESIAN_POINT('NONE',(43.604,35.325996,2.996));
#1099=CARTESIAN_POINT('NONE',(43.576,35.390999,2.996));
#1100=CARTESIAN_POINT('NONE',(43.549999,35.457996,2.996));
#1101=CARTESIAN_POINT('NONE',(43.528,35.524998,2.996));
#1102=CARTESIAN_POINT('NONE',(43.508999,35.593998,2.996));
#1103=CARTESIAN_POINT('NONE',(43.493,35.663998,2.996));
#1104=CARTESIAN_POINT('NONE',(43.480999,35.733997,2.996));
#1105=CARTESIAN_POINT('NONE',(43.472,35.804996,2.996));
#1106=CARTESIAN_POINT('NONE',(43.466999,35.875999,2.996));
#1107=CARTESIAN_POINT('NONE',(43.465,35.946999,2.996));
#1108=CARTESIAN_POINT('NONE',(43.466999,36.017998,2.996));
#1109=CARTESIAN_POINT('NONE',(43.472,36.088997,2.996));
#1110=CARTESIAN_POINT('NONE',(43.480999,36.16,2.996));
#1111=CARTESIAN_POINT('NONE',(43.493,36.23,2.996));
#1112=CARTESIAN_POINT('NONE',(43.508999,36.299999,2.996));
#1113=CARTESIAN_POINT('NONE',(43.528,36.368999,2.996));
#1114=CARTESIAN_POINT('NONE',(43.549999,36.435997,2.996));
#1115=CARTESIAN_POINT('NONE',(43.576,36.502998,2.996));
#1116=CARTESIAN_POINT('NONE',(43.604,36.567997,2.996));
#1117=CARTESIAN_POINT('NONE',(43.637001,36.632,2.996));
#1118=CARTESIAN_POINT('NONE',(43.672001,36.693996,2.996));
#1119=CARTESIAN_POINT('NONE',(43.709999,36.753998,2.996));
#1120=CARTESIAN_POINT('NONE',(43.750999,36.811996,2.996));
#1121=CARTESIAN_POINT('NONE',(43.794998,36.868,2.996));
#1122=CARTESIAN_POINT('NONE',(43.841,36.921997,2.996));
#1123=CARTESIAN_POINT('NONE',(43.889999,36.973999,2.996));
#1124=CARTESIAN_POINT('NONE',(43.942001,37.022999,2.996));
#1125=CARTESIAN_POINT('NONE',(43.995998,37.07,2.996));
#1126=CARTESIAN_POINT('NONE',(44.051998,37.113998,2.996));
#1127=CARTESIAN_POINT('NONE',(44.111,37.154999,2.996));
#1128=CARTESIAN_POINT('NONE',(44.171001,37.192997,2.996));
#1129=CARTESIAN_POINT('NONE',(44.232998,37.227997,2.996));
#1130=CARTESIAN_POINT('NONE',(44.296001,37.259998,2.996));
#1131=CARTESIAN_POINT('NONE',(44.362,37.288998,2.996));
#1132=CARTESIAN_POINT('NONE',(44.428001,37.314999,2.996));
#1133=CARTESIAN_POINT('NONE',(44.495998,37.336998,2.996));
#1134=CARTESIAN_POINT('NONE',(44.564999,37.355999,2.996));
#1135=CARTESIAN_POINT('NONE',(44.633999,37.371998,2.996));
#1136=CARTESIAN_POINT('NONE',(44.703999,37.383999,2.996));
#1137=CARTESIAN_POINT('NONE',(44.774998,37.392998,2.996));
#1138=CARTESIAN_POINT('NONE',(44.846001,37.397999,2.996));
#1139=CARTESIAN_POINT('NONE',(44.917,37.399998,2.996));
#1140=CARTESIAN_POINT('NONE',(44.988998,37.397999,2.996));
#1141=CARTESIAN_POINT('NONE',(45.060001,37.392998,2.996));
#1142=CARTESIAN_POINT('NONE',(45.131001,37.383999,2.996));
#1143=CARTESIAN_POINT('NONE',(45.201,37.371998,2.996));
#1144=CARTESIAN_POINT('NONE',(45.27,37.355999,2.996));
#1145=CARTESIAN_POINT('NONE',(45.339001,37.336998,2.996));
#1146=CARTESIAN_POINT('NONE',(45.406998,37.314999,2.996));
#1147=CARTESIAN_POINT('NONE',(45.473,37.288998,2.996));
#1148=CARTESIAN_POINT('NONE',(45.538998,37.259998,2.996));
#1149=CARTESIAN_POINT('NONE',(45.602001,37.227997,2.996));
#1150=CARTESIAN_POINT('NONE',(45.663998,37.192997,2.996));
#1151=CARTESIAN_POINT('NONE',(45.723999,37.154999,2.996));
#1152=CARTESIAN_POINT('NONE',(45.783001,37.113998,2.996));
#1153=CARTESIAN_POINT('NONE',(45.839001,37.07,2.996));
#1154=CARTESIAN_POINT('NONE',(45.892998,37.022999,2.996));
#1155=CARTESIAN_POINT('NONE',(45.945,36.973999,2.996));
#1156=CARTESIAN_POINT('NONE',(45.993999,36.921997,2.996));
#1157=CARTESIAN_POINT('NONE',(46.040001,36.868,2.996));
#1158=CARTESIAN_POINT('NONE',(46.084,36.811996,2.996));
#1159=CARTESIAN_POINT('NONE',(46.125,36.753998,2.996));
#1160=CARTESIAN_POINT('NONE',(46.162998,36.693996,2.996));
#1161=CARTESIAN_POINT('NONE',(46.197998,36.632,2.996));
#1162=CARTESIAN_POINT('NONE',(46.230999,36.567997,2.996));
#1163=CARTESIAN_POINT('NONE',(46.258999,36.502998,2.996));
#1164=CARTESIAN_POINT('NONE',(46.285,36.435997,2.996));
#1165=CARTESIAN_POINT('NONE',(46.306999,36.368999,2.996));
#1166=CARTESIAN_POINT('NONE',(46.326,36.299999,2.996));
#1167=CARTESIAN_POINT('NONE',(46.341999,36.23,2.996));
#1168=CARTESIAN_POINT('NONE',(46.354,36.16,2.996));
#1169=CARTESIAN_POINT('NONE',(46.362999,36.088997,2.996));
#1170=CARTESIAN_POINT('NONE',(46.368,36.017998,2.996));
#1171=CARTESIAN_POINT('NONE',(46.369999,35.946999,2.996));
#1172=CARTESIAN_POINT('NONE',(46.368,35.875999,2.996));
#1173=CARTESIAN_POINT('NONE',(46.362999,35.804996,2.996));
#1174=CARTESIAN_POINT('NONE',(46.354,35.733997,2.996));
#1175=CARTESIAN_POINT('NONE',(46.341999,35.663998,2.996));
#1176=CARTESIAN_POINT('NONE',(46.326,35.593998,2.996));
#1177=CARTESIAN_POINT('NONE',(46.306999,35.524998,2.996));
#1178=CARTESIAN_POINT('NONE',(46.285,35.457996,2.996));
#1179=CARTESIAN_POINT('NONE',(46.258999,35.390999,2.996));
#1180=CARTESIAN_POINT('NONE',(46.230999,35.325996,2.996));
#1181=CARTESIAN_POINT('NONE',(46.197998,35.261997,2.996));
#1182=CARTESIAN_POINT('NONE',(46.162998,35.199997,2.996));
#1183=CARTESIAN_POINT('NONE',(46.125,35.139999,2.996));
#1184=CARTESIAN_POINT('NONE',(46.084,35.081997,2.996));
#1185=CARTESIAN_POINT('NONE',(46.040001,35.025997,2.996));
#1186=CARTESIAN_POINT('NONE',(45.993999,34.972,2.996));
#1187=CARTESIAN_POINT('NONE',(45.945,34.919998,2.996));
#1188=CARTESIAN_POINT('NONE',(45.892998,34.870998,2.996));
#1189=CARTESIAN_POINT('NONE',(45.839001,34.823997,2.996));
#1190=CARTESIAN_POINT('NONE',(45.783001,34.779999,2.996));
#1191=CARTESIAN_POINT('NONE',(45.723999,34.738998,2.996));
#1192=CARTESIAN_POINT('NONE',(45.663998,34.700996,2.996));
#1193=CARTESIAN_POINT('NONE',(45.602001,34.665997,2.996));
#1194=CARTESIAN_POINT('NONE',(45.538998,34.633999,2.996));
#1195=CARTESIAN_POINT('NONE',(45.473,34.605,2.996));
#1196=CARTESIAN_POINT('NONE',(45.406998,34.578999,2.996));
#1197=CARTESIAN_POINT('NONE',(45.339001,34.556999,2.996));
#1198=CARTESIAN_POINT('NONE',(45.27,34.537998,2.996));
#1199=CARTESIAN_POINT('NONE',(45.201,34.521999,2.996));
#1200=CARTESIAN_POINT('NONE',(45.131001,34.509998,2.996));
#1201=CARTESIAN_POINT('NONE',(45.060001,34.500999,2.996));
#1202=CARTESIAN_POINT('NONE',(44.988998,34.495998,2.996));
#1203=CARTESIAN_POINT('NONE',(44.917,34.494999,2.996));
#1204=CARTESIAN_POINT('NONE',(44.846001,34.495998,2.996));
#1205=CARTESIAN_POINT('NONE',(44.774998,34.500999,2.996));
#1206=CARTESIAN_POINT('NONE',(44.703999,34.509998,2.996));
#1207=CARTESIAN_POINT('NONE',(44.633999,34.521999,2.996));
#1208=CARTESIAN_POINT('NONE',(-44.879002,63.933998,2.996));
#1209=CARTESIAN_POINT('NONE',(-44.942001,63.966,2.996));
#1210=CARTESIAN_POINT('NONE',(-45.004002,64.000999,2.996));
#1211=CARTESIAN_POINT('NONE',(-45.063999,64.039001,2.996));
#1212=CARTESIAN_POINT('NONE',(-45.123001,64.080002,2.996));
#1213=CARTESIAN_POINT('NONE',(-45.179001,64.124001,2.996));
#1214=CARTESIAN_POINT('NONE',(-45.233002,64.170998,2.996));
#1215=CARTESIAN_POINT('NONE',(-45.285,64.220001,2.996));
#1216=CARTESIAN_POINT('NONE',(-45.334,64.271996,2.996));
#1217=CARTESIAN_POINT('NONE',(-45.380001,64.325996,2.996));
#1218=CARTESIAN_POINT('NONE',(-45.424,64.381996,2.996));
#1219=CARTESIAN_POINT('NONE',(-45.465,64.439995,2.996));
#1220=CARTESIAN_POINT('NONE',(-45.503002,64.5,2.996));
#1221=CARTESIAN_POINT('NONE',(-45.538002,64.561996,2.996));
#1222=CARTESIAN_POINT('NONE',(-45.570999,64.625999,2.996));
#1223=CARTESIAN_POINT('NONE',(-45.598999,64.691002,2.996));
#1224=CARTESIAN_POINT('NONE',(-45.625,64.757996,2.996));
#1225=CARTESIAN_POINT('NONE',(-45.646999,64.824997,2.996));
#1226=CARTESIAN_POINT('NONE',(-45.666,64.893997,2.996));
#1227=CARTESIAN_POINT('NONE',(-45.681999,64.963997,2.996));
#1228=CARTESIAN_POINT('NONE',(-45.694,65.033997,2.996));
#1229=CARTESIAN_POINT('NONE',(-45.702999,65.104996,2.996));
#1230=CARTESIAN_POINT('NONE',(-45.708,65.175995,2.996));
#1231=CARTESIAN_POINT('NONE',(-45.709999,65.247002,2.996));
#1232=CARTESIAN_POINT('NONE',(-45.708,65.318001,2.996));
#1233=CARTESIAN_POINT('NONE',(-45.702999,65.389,2.996));
#1234=CARTESIAN_POINT('NONE',(-45.694,65.459999,2.996));
#1235=CARTESIAN_POINT('NONE',(-45.681999,65.529999,2.996));
#1236=CARTESIAN_POINT('NONE',(-45.666,65.599998,2.996));
#1237=CARTESIAN_POINT('NONE',(-45.646999,65.668999,2.996));
#1238=CARTESIAN_POINT('NONE',(-45.625,65.736,2.996));
#1239=CARTESIAN_POINT('NONE',(-45.598999,65.803001,2.996));
#1240=CARTESIAN_POINT('NONE',(-45.570999,65.867996,2.996));
#1241=CARTESIAN_POINT('NONE',(-45.538002,65.931999,2.996));
#1242=CARTESIAN_POINT('NONE',(-45.503002,65.993996,2.996));
#1243=CARTESIAN_POINT('NONE',(-45.465,66.054001,2.996));
#1244=CARTESIAN_POINT('NONE',(-45.424,66.112,2.996));
#1245=CARTESIAN_POINT('NONE',(-45.380001,66.167999,2.996));
#1246=CARTESIAN_POINT('NONE',(-45.334,66.222,2.996));
#1247=CARTESIAN_POINT('NONE',(-45.285,66.274002,2.996));
#1248=CARTESIAN_POINT('NONE',(-45.233002,66.322998,2.996));
#1249=CARTESIAN_POINT('NONE',(-45.179001,66.369995,2.996));
#1250=CARTESIAN_POINT('NONE',(-45.123001,66.414001,2.996));
#1251=CARTESIAN_POINT('NONE',(-45.063999,66.455002,2.996));
#1252=CARTESIAN_POINT('NONE',(-45.004002,66.492996,2.996));
#1253=CARTESIAN_POINT('NONE',(-44.942001,66.528,2.996));
#1254=CARTESIAN_POINT('NONE',(-44.879002,66.559998,2.996));
#1255=CARTESIAN_POINT('NONE',(-44.813,66.588997,2.996));
#1256=CARTESIAN_POINT('NONE',(-44.747002,66.614998,2.996));
#1257=CARTESIAN_POINT('NONE',(-44.679001,66.637001,2.996));
#1258=CARTESIAN_POINT('NONE',(-44.610001,66.655998,2.996));
#1259=CARTESIAN_POINT('NONE',(-44.541,66.671997,2.996));
#1260=CARTESIAN_POINT('NONE',(-44.471001,66.683998,2.996));
#1261=CARTESIAN_POINT('NONE',(-44.400002,66.693001,2.996));
#1262=CARTESIAN_POINT('NONE',(-44.328999,66.697998,2.996));
#1263=CARTESIAN_POINT('NONE',(-44.257999,66.699997,2.996));
#1264=CARTESIAN_POINT('NONE',(-44.186001,66.697998,2.996));
#1265=CARTESIAN_POINT('NONE',(-44.115002,66.693001,2.996));
#1266=CARTESIAN_POINT('NONE',(-44.043999,66.683998,2.996));
#1267=CARTESIAN_POINT('NONE',(-43.973999,66.671997,2.996));
#1268=CARTESIAN_POINT('NONE',(-43.904999,66.655998,2.996));
#1269=CARTESIAN_POINT('NONE',(-43.836002,66.637001,2.996));
#1270=CARTESIAN_POINT('NONE',(-43.768002,66.614998,2.996));
#1271=CARTESIAN_POINT('NONE',(-43.702,66.588997,2.996));
#1272=CARTESIAN_POINT('NONE',(-43.636002,66.559998,2.996));
#1273=CARTESIAN_POINT('NONE',(-43.573002,66.528,2.996));
#1274=CARTESIAN_POINT('NONE',(-43.511002,66.492996,2.996));
#1275=CARTESIAN_POINT('NONE',(-43.451,66.455002,2.996));
#1276=CARTESIAN_POINT('NONE',(-43.392002,66.414001,2.996));
#1277=CARTESIAN_POINT('NONE',(-43.336002,66.369995,2.996));
#1278=CARTESIAN_POINT('NONE',(-43.282001,66.322998,2.996));
#1279=CARTESIAN_POINT('NONE',(-43.23,66.274002,2.996));
#1280=CARTESIAN_POINT('NONE',(-43.181,66.222,2.996));
#1281=CARTESIAN_POINT('NONE',(-43.135002,66.167999,2.996));
#1282=CARTESIAN_POINT('NONE',(-43.091,66.112,2.996));
#1283=CARTESIAN_POINT('NONE',(-43.049999,66.054001,2.996));
#1284=CARTESIAN_POINT('NONE',(-43.012001,65.993996,2.996));
#1285=CARTESIAN_POINT('NONE',(-42.977001,65.931999,2.996));
#1286=CARTESIAN_POINT('NONE',(-42.944,65.867996,2.996));
#1287=CARTESIAN_POINT('NONE',(-42.916,65.803001,2.996));
#1288=CARTESIAN_POINT('NONE',(-42.889999,65.736,2.996));
#1289=CARTESIAN_POINT('NONE',(-42.868,65.668999,2.996));
#1290=CARTESIAN_POINT('NONE',(-42.848999,65.599998,2.996));
#1291=CARTESIAN_POINT('NONE',(-42.833,65.529999,2.996));
#1292=CARTESIAN_POINT('NONE',(-42.820999,65.459999,2.996));
#1293=CARTESIAN_POINT('NONE',(-42.812,65.389,2.996));
#1294=CARTESIAN_POINT('NONE',(-42.806999,65.318001,2.996));
#1295=CARTESIAN_POINT('NONE',(-42.805,65.247002,2.996));
#1296=CARTESIAN_POINT('NONE',(-42.806999,65.175995,2.996));
#1297=CARTESIAN_POINT('NONE',(-42.812,65.104996,2.996));
#1298=CARTESIAN_POINT('NONE',(-42.820999,65.033997,2.996));
#1299=CARTESIAN_POINT('NONE',(-42.833,64.963997,2.996));
#1300=CARTESIAN_POINT('NONE',(-42.848999,64.893997,2.996));
#1301=CARTESIAN_POINT('NONE',(-42.868,64.824997,2.996));
#1302=CARTESIAN_POINT('NONE',(-42.889999,64.757996,2.996));
#1303=CARTESIAN_POINT('NONE',(-42.916,64.691002,2.996));
#1304=CARTESIAN_POINT('NONE',(-42.944,64.625999,2.996));
#1305=CARTESIAN_POINT('NONE',(-42.977001,64.561996,2.996));
#1306=CARTESIAN_POINT('NONE',(-43.012001,64.5,2.996));
#1307=CARTESIAN_POINT('NONE',(-43.049999,64.439995,2.996));
#1308=CARTESIAN_POINT('NONE',(-43.091,64.381996,2.996));
#1309=CARTESIAN_POINT('NONE',(-43.135002,64.325996,2.996));
#1310=CARTESIAN_POINT('NONE',(-43.181,64.271996,2.996));
#1311=CARTESIAN_POINT('NONE',(-43.23,64.220001,2.996));
#1312=CARTESIAN_POINT('NONE',(-43.282001,64.170998,2.996));
#1313=CARTESIAN_POINT('NONE',(-43.336002,64.124001,2.996));
#1314=CARTESIAN_POINT('NONE',(-43.392002,64.080002,2.996));
#1315=CARTESIAN_POINT('NONE',(-43.451,64.039001,2.996));
#1316=CARTESIAN_POINT('NONE',(-43.511002,64.000999,2.996));
#1317=CARTESIAN_POINT('NONE',(-43.573002,63.966,2.996));
#1318=CARTESIAN_POINT('NONE',(-43.636002,63.933998,2.996));
#1319=CARTESIAN_POINT('NONE',(-43.702,63.904999,2.996));
#1320=CARTESIAN_POINT('NONE',(-43.768002,63.878998,2.996));
#1321=CARTESIAN_POINT('NONE',(-43.836002,63.856998,2.996));
#1322=CARTESIAN_POINT('NONE',(-43.904999,63.837997,2.996));
#1323=CARTESIAN_POINT('NONE',(-43.973999,63.821999,2.996));
#1324=CARTESIAN_POINT('NONE',(-44.043999,63.809998,2.996));
#1325=CARTESIAN_POINT('NONE',(-44.115002,63.801998,2.996));
#1326=CARTESIAN_POINT('NONE',(-44.186001,63.795998,2.996));
#1327=CARTESIAN_POINT('NONE',(-44.257999,63.794998,2.996));
#1328=CARTESIAN_POINT('NONE',(-44.328999,63.795998,2.996));
#1329=CARTESIAN_POINT('NONE',(-44.400002,63.801998,2.996));
#1330=CARTESIAN_POINT('NONE',(-44.471001,63.809998,2.996));
#1331=CARTESIAN_POINT('NONE',(-44.541,63.821999,2.996));
#1332=CARTESIAN_POINT('NONE',(-44.610001,63.837997,2.996));
#1333=CARTESIAN_POINT('NONE',(-44.679001,63.856998,2.996));
#1334=CARTESIAN_POINT('NONE',(-44.747002,63.878998,2.996));
#1335=CARTESIAN_POINT('NONE',(-44.813,63.904999,2.996));
#1336=CARTESIAN_POINT('NONE',(44.160999,66.455002,2.996));
#1337=CARTESIAN_POINT('NONE',(44.221001,66.492996,2.996));
#1338=CARTESIAN_POINT('NONE',(44.283001,66.528,2.996));
#1339=CARTESIAN_POINT('NONE',(44.346001,66.559998,2.996));
#1340=CARTESIAN_POINT('NONE',(44.411999,66.588997,2.996));
#1341=CARTESIAN_POINT('NONE',(44.478001,66.614998,2.996));
#1342=CARTESIAN_POINT('NONE',(44.546001,66.637001,2.996));
#1343=CARTESIAN_POINT('NONE',(44.614998,66.655998,2.996));
#1344=CARTESIAN_POINT('NONE',(44.683998,66.671997,2.996));
#1345=CARTESIAN_POINT('NONE',(44.753998,66.683998,2.996));
#1346=CARTESIAN_POINT('NONE',(44.825001,66.693001,2.996));
#1347=CARTESIAN_POINT('NONE',(44.896,66.697998,2.996));
#1348=CARTESIAN_POINT('NONE',(44.966999,66.699997,2.996));
#1349=CARTESIAN_POINT('NONE',(45.038998,66.697998,2.996));
#1350=CARTESIAN_POINT('NONE',(45.110001,66.693001,2.996));
#1351=CARTESIAN_POINT('NONE',(45.181,66.683998,2.996));
#1352=CARTESIAN_POINT('NONE',(45.250999,66.671997,2.996));
#1353=CARTESIAN_POINT('NONE',(45.32,66.655998,2.996));
#1354=CARTESIAN_POINT('NONE',(45.389,66.637001,2.996));
#1355=CARTESIAN_POINT('NONE',(45.457001,66.614998,2.996));
#1356=CARTESIAN_POINT('NONE',(45.522999,66.588997,2.996));
#1357=CARTESIAN_POINT('NONE',(45.589001,66.559998,2.996));
#1358=CARTESIAN_POINT('NONE',(45.652,66.528,2.996));
#1359=CARTESIAN_POINT('NONE',(45.714001,66.492996,2.996));
#1360=CARTESIAN_POINT('NONE',(45.773998,66.455002,2.996));
#1361=CARTESIAN_POINT('NONE',(45.833,66.414001,2.996));
#1362=CARTESIAN_POINT('NONE',(45.889,66.369995,2.996));
#1363=CARTESIAN_POINT('NONE',(45.943001,66.322998,2.996));
#1364=CARTESIAN_POINT('NONE',(45.994999,66.274002,2.996));
#1365=CARTESIAN_POINT('NONE',(46.043999,66.222,2.996));
#1366=CARTESIAN_POINT('NONE',(46.09,66.167999,2.996));
#1367=CARTESIAN_POINT('NONE',(46.133999,66.112,2.996));
#1368=CARTESIAN_POINT('NONE',(46.174999,66.054001,2.996));
#1369=CARTESIAN_POINT('NONE',(46.213001,65.993996,2.996));
#1370=CARTESIAN_POINT('NONE',(46.248001,65.931999,2.996));
#1371=CARTESIAN_POINT('NONE',(46.280998,65.867996,2.996));
#1372=CARTESIAN_POINT('NONE',(46.308998,65.803001,2.996));
#1373=CARTESIAN_POINT('NONE',(46.334999,65.736,2.996));
#1374=CARTESIAN_POINT('NONE',(46.356998,65.668999,2.996));
#1375=CARTESIAN_POINT('NONE',(46.375999,65.599998,2.996));
#1376=CARTESIAN_POINT('NONE',(46.391998,65.529999,2.996));
#1377=CARTESIAN_POINT('NONE',(46.403999,65.459999,2.996));
#1378=CARTESIAN_POINT('NONE',(46.412998,65.389,2.996));
#1379=CARTESIAN_POINT('NONE',(46.417999,65.318001,2.996));
#1380=CARTESIAN_POINT('NONE',(46.419998,65.247002,2.996));
#1381=CARTESIAN_POINT('NONE',(46.417999,65.175995,2.996));
#1382=CARTESIAN_POINT('NONE',(46.412998,65.104996,2.996));
#1383=CARTESIAN_POINT('NONE',(46.403999,65.033997,2.996));
#1384=CARTESIAN_POINT('NONE',(46.391998,64.963997,2.996));
#1385=CARTESIAN_POINT('NONE',(46.375999,64.893997,2.996));
#1386=CARTESIAN_POINT('NONE',(46.356998,64.824997,2.996));
#1387=CARTESIAN_POINT('NONE',(46.334999,64.757996,2.996));
#1388=CARTESIAN_POINT('NONE',(46.308998,64.691002,2.996));
#1389=CARTESIAN_POINT('NONE',(46.280998,64.625999,2.996));
#1390=CARTESIAN_POINT('NONE',(46.248001,64.561996,2.996));
#1391=CARTESIAN_POINT('NONE',(46.213001,64.5,2.996));
#1392=CARTESIAN_POINT('NONE',(46.174999,64.439995,2.996));
#1393=CARTESIAN_POINT('NONE',(46.133999,64.381996,2.996));
#1394=CARTESIAN_POINT('NONE',(46.09,64.325996,2.996));
#1395=CARTESIAN_POINT('NONE',(46.043999,64.271996,2.996));
#1396=CARTESIAN_POINT('NONE',(45.994999,64.220001,2.996));
#1397=CARTESIAN_POINT('NONE',(45.943001,64.170998,2.996));
#1398=CARTESIAN_POINT('NONE',(45.889,64.124001,2.996));
#1399=CARTESIAN_POINT('NONE',(45.833,64.080002,2.996));
#1400=CARTESIAN_POINT('NONE',(45.773998,64.039001,2.996));
#1401=CARTESIAN_POINT('NONE',(45.714001,64.000999,2.996));
#1402=CARTESIAN_POINT('NONE',(45.652,63.966,2.996));
#1403=CARTESIAN_POINT('NONE',(45.589001,63.933998,2.996));
#1404=CARTESIAN_POINT('NONE',(45.522999,63.904999,2.996));
#1405=CARTESIAN_POINT('NONE',(45.457001,63.878998,2.996));
#1406=CARTESIAN_POINT('NONE',(45.389,63.856998,2.996));
#1407=CARTESIAN_POINT('NONE',(45.32,63.837997,2.996));
#1408=CARTESIAN_POINT('NONE',(45.250999,63.821999,2.996));
#1409=CARTESIAN_POINT('NONE',(45.181,63.809998,2.996));
#1410=CARTESIAN_POINT('NONE',(45.110001,63.801998,2.996));
#1411=CARTESIAN_POINT('NONE',(45.038998,63.795998,2.996));
#1412=CARTESIAN_POINT('NONE',(44.966999,63.794998,2.996));
#1413=CARTESIAN_POINT('NONE',(44.896,63.795998,2.996));
#1414=CARTESIAN_POINT('NONE',(44.825001,63.801998,2.996));
#1415=CARTESIAN_POINT('NONE',(44.753998,63.809998,2.996));
#1416=CARTESIAN_POINT('NONE',(44.683998,63.821999,2.996));
#1417=CARTESIAN_POINT('NONE',(44.614998,63.837997,2.996));
#1418=CARTESIAN_POINT('NONE',(44.546001,63.856998,2.996));
#1419=CARTESIAN_POINT('NONE',(44.478001,63.878998,2.996));
#1420=CARTESIAN_POINT('NONE',(44.411999,63.904999,2.996));
#1421=CARTESIAN_POINT('NONE',(44.346001,63.933998,2.996));
#1422=CARTESIAN_POINT('NONE',(44.283001,63.966,2.996));
#1423=CARTESIAN_POINT('NONE',(44.221001,64.000999,2.996));
#1424=CARTESIAN_POINT('NONE',(44.160999,64.039001,2.996));
#1425=CARTESIAN_POINT('NONE',(44.102001,64.080002,2.996));
#1426=CARTESIAN_POINT('NONE',(44.046001,64.124001,2.996));
#1427=CARTESIAN_POINT('NONE',(43.992001,64.170998,2.996));
#1428=CARTESIAN_POINT('NONE',(43.939999,64.220001,2.996));
#1429=CARTESIAN_POINT('NONE',(43.890999,64.271996,2.996));
#1430=CARTESIAN_POINT('NONE',(43.845001,64.325996,2.996));
#1431=CARTESIAN_POINT('NONE',(43.800999,64.381996,2.996));
#1432=CARTESIAN_POINT('NONE',(43.759998,64.439995,2.996));
#1433=CARTESIAN_POINT('NONE',(43.722,64.5,2.996));
#1434=CARTESIAN_POINT('NONE',(43.687,64.561996,2.996));
#1435=CARTESIAN_POINT('NONE',(43.653999,64.625999,2.996));
#1436=CARTESIAN_POINT('NONE',(43.625999,64.691002,2.996));
#1437=CARTESIAN_POINT('NONE',(43.599998,64.757996,2.996));
#1438=CARTESIAN_POINT('NONE',(43.577999,64.824997,2.996));
#1439=CARTESIAN_POINT('NONE',(43.558998,64.893997,2.996));
#1440=CARTESIAN_POINT('NONE',(43.542999,64.963997,2.996));
#1441=CARTESIAN_POINT('NONE',(43.530998,65.033997,2.996));
#1442=CARTESIAN_POINT('NONE',(43.521999,65.104996,2.996));
#1443=CARTESIAN_POINT('NONE',(43.516998,65.175995,2.996));
#1444=CARTESIAN_POINT('NONE',(43.514999,65.247002,2.996));
#1445=CARTESIAN_POINT('NONE',(43.516998,65.318001,2.996));
#1446=CARTESIAN_POINT('NONE',(43.521999,65.389,2.996));
#1447=CARTESIAN_POINT('NONE',(43.530998,65.459999,2.996));
#1448=CARTESIAN_POINT('NONE',(43.542999,65.529999,2.996));
#1449=CARTESIAN_POINT('NONE',(43.558998,65.599998,2.996));
#1450=CARTESIAN_POINT('NONE',(43.577999,65.668999,2.996));
#1451=CARTESIAN_POINT('NONE',(43.599998,65.736,2.996));
#1452=CARTESIAN_POINT('NONE',(43.625999,65.803001,2.996));
#1453=CARTESIAN_POINT('NONE',(43.653999,65.867996,2.996));
#1454=CARTESIAN_POINT('NONE',(43.687,65.931999,2.996));
#1455=CARTESIAN_POINT('NONE',(43.722,65.993996,2.996));
#1456=CARTESIAN_POINT('NONE',(43.759998,66.054001,2.996));
#1457=CARTESIAN_POINT('NONE',(43.800999,66.112,2.996));
#1458=CARTESIAN_POINT('NONE',(43.845001,66.167999,2.996));
#1459=CARTESIAN_POINT('NONE',(43.890999,66.222,2.996));
#1460=CARTESIAN_POINT('NONE',(43.939999,66.274002,2.996));
#1461=CARTESIAN_POINT('NONE',(43.992001,66.322998,2.996));
#1462=CARTESIAN_POINT('NONE',(44.046001,66.369995,2.996));
#1463=CARTESIAN_POINT('NONE',(44.102001,66.414001,2.996));
#1464=CARTESIAN_POINT('NONE',(49.647999,-15.398,0.001));
#1465=CARTESIAN_POINT('NONE',(49.647999,23.997999,0.001));
#1466=CARTESIAN_POINT('NONE',(49.647999,23.997999,12.999));
#1467=CARTESIAN_POINT('NONE',(49.647999,-15.398,12.999));
#1468=CARTESIAN_POINT('NONE',(-49.748001,-15.398,12.999));
#1469=CARTESIAN_POINT('NONE',(-49.748001,-15.398,0.001));
#1470=CARTESIAN_POINT('NONE',(-21.207001,-5.4,12.999));
#1471=CARTESIAN_POINT('NONE',(-21.207001,-5.403,12.999));
#1472=CARTESIAN_POINT('NONE',(-49.748001,-5.403,12.999));
#1473=CARTESIAN_POINT('NONE',(-49.748001,23.997999,12.999));
#1474=CARTESIAN_POINT('NONE',(-49.748001,14.003,12.999));
#1475=CARTESIAN_POINT('NONE',(-22.906,14.003,12.999));
#1476=CARTESIAN_POINT('NONE',(-22.906,14,12.999));
#1477=CARTESIAN_POINT('NONE',(39.650002,14,12.999));
#1478=CARTESIAN_POINT('NONE',(39.650002,-5.4,12.999));
#1479=CARTESIAN_POINT('NONE',(43.986,17.732,12.999));
#1480=CARTESIAN_POINT('NONE',(43.918999,17.757999,12.999));
#1481=CARTESIAN_POINT('NONE',(43.854,17.787001,12.999));
#1482=CARTESIAN_POINT('NONE',(43.790001,17.819,12.999));
#1483=CARTESIAN_POINT('NONE',(43.728001,17.854,12.999));
#1484=CARTESIAN_POINT('NONE',(43.667999,17.892,12.999));
#1485=CARTESIAN_POINT('NONE',(43.610001,17.933001,12.999));
#1486=CARTESIAN_POINT('NONE',(43.554001,17.976999,12.999));
#1487=CARTESIAN_POINT('NONE',(43.5,18.024,12.999));
#1488=CARTESIAN_POINT('NONE',(43.448002,18.073,12.999));
#1489=CARTESIAN_POINT('NONE',(43.398998,18.125,12.999));
#1490=CARTESIAN_POINT('NONE',(43.352001,18.179001,12.999));
#1491=CARTESIAN_POINT('NONE',(43.307999,18.235001,12.999));
#1492=CARTESIAN_POINT('NONE',(43.266998,18.292999,12.999));
#1493=CARTESIAN_POINT('NONE',(43.229,18.353001,12.999));
#1494=CARTESIAN_POINT('NONE',(43.194,18.415001,12.999));
#1495=CARTESIAN_POINT('NONE',(43.161999,18.479,12.999));
#1496=CARTESIAN_POINT('NONE',(43.132999,18.544001,12.999));
#1497=CARTESIAN_POINT('NONE',(43.106998,18.611,12.999));
#1498=CARTESIAN_POINT('NONE',(43.084999,18.677999,12.999));
#1499=CARTESIAN_POINT('NONE',(43.066002,18.747,12.999));
#1500=CARTESIAN_POINT('NONE',(43.049999,18.816999,12.999));
#1501=CARTESIAN_POINT('NONE',(43.037998,18.886999,12.999));
#1502=CARTESIAN_POINT('NONE',(43.028999,18.958,12.999));
#1503=CARTESIAN_POINT('NONE',(43.023998,19.028999,12.999));
#1504=CARTESIAN_POINT('NONE',(43.022999,19.1,12.999));
#1505=CARTESIAN_POINT('NONE',(43.023998,19.171,12.999));
#1506=CARTESIAN_POINT('NONE',(43.028999,19.242001,12.999));
#1507=CARTESIAN_POINT('NONE',(43.037998,19.313,12.999));
#1508=CARTESIAN_POINT('NONE',(43.049999,19.382999,12.999));
#1509=CARTESIAN_POINT('NONE',(43.066002,19.452999,12.999));
#1510=CARTESIAN_POINT('NONE',(43.084999,19.521999,12.999));
#1511=CARTESIAN_POINT('NONE',(43.106998,19.589001,12.999));
#1512=CARTESIAN_POINT('NONE',(43.132999,19.656,12.999));
#1513=CARTESIAN_POINT('NONE',(43.161999,19.721001,12.999));
#1514=CARTESIAN_POINT('NONE',(43.194,19.785,12.999));
#1515=CARTESIAN_POINT('NONE',(43.229,19.847,12.999));
#1516=CARTESIAN_POINT('NONE',(43.266998,19.907,12.999));
#1517=CARTESIAN_POINT('NONE',(43.307999,19.965,12.999));
#1518=CARTESIAN_POINT('NONE',(43.352001,20.021,12.999));
#1519=CARTESIAN_POINT('NONE',(43.398998,20.075001,12.999));
#1520=CARTESIAN_POINT('NONE',(43.448002,20.127001,12.999));
#1521=CARTESIAN_POINT('NONE',(43.5,20.176001,12.999));
#1522=CARTESIAN_POINT('NONE',(43.554001,20.223,12.999));
#1523=CARTESIAN_POINT('NONE',(43.610001,20.267,12.999));
#1524=CARTESIAN_POINT('NONE',(43.667999,20.308001,12.999));
#1525=CARTESIAN_POINT('NONE',(43.728001,20.346001,12.999));
#1526=CARTESIAN_POINT('NONE',(43.790001,20.381001,12.999));
#1527=CARTESIAN_POINT('NONE',(43.854,20.413,12.999));
#1528=CARTESIAN_POINT('NONE',(43.918999,20.441999,12.999));
#1529=CARTESIAN_POINT('NONE',(43.986,20.468,12.999));
#1530=CARTESIAN_POINT('NONE',(44.053001,20.49,12.999));
#1531=CARTESIAN_POINT('NONE',(44.122002,20.509001,12.999));
#1532=CARTESIAN_POINT('NONE',(44.192001,20.525,12.999));
#1533=CARTESIAN_POINT('NONE',(44.262001,20.537001,12.999));
#1534=CARTESIAN_POINT('NONE',(44.333,20.546,12.999));
#1535=CARTESIAN_POINT('NONE',(44.403999,20.551001,12.999));
#1536=CARTESIAN_POINT('NONE',(44.474998,20.552999,12.999));
#1537=CARTESIAN_POINT('NONE',(44.546001,20.551001,12.999));
#1538=CARTESIAN_POINT('NONE',(44.617001,20.546,12.999));
#1539=CARTESIAN_POINT('NONE',(44.688,20.537001,12.999));
#1540=CARTESIAN_POINT('NONE',(44.757999,20.525,12.999));
#1541=CARTESIAN_POINT('NONE',(44.827999,20.509001,12.999));
#1542=CARTESIAN_POINT('NONE',(44.896999,20.49,12.999));
#1543=CARTESIAN_POINT('NONE',(44.964001,20.468,12.999));
#1544=CARTESIAN_POINT('NONE',(45.030998,20.441999,12.999));
#1545=CARTESIAN_POINT('NONE',(45.096001,20.413,12.999));
#1546=CARTESIAN_POINT('NONE',(45.16,20.381001,12.999));
#1547=CARTESIAN_POINT('NONE',(45.222,20.346001,12.999));
#1548=CARTESIAN_POINT('NONE',(45.282001,20.308001,12.999));
#1549=CARTESIAN_POINT('NONE',(45.34,20.267,12.999));
#1550=CARTESIAN_POINT('NONE',(45.396,20.223,12.999));
#1551=CARTESIAN_POINT('NONE',(45.450001,20.176001,12.999));
#1552=CARTESIAN_POINT('NONE',(45.501999,20.127001,12.999));
#1553=CARTESIAN_POINT('NONE',(45.550999,20.075001,12.999));
#1554=CARTESIAN_POINT('NONE',(45.598,20.021,12.999));
#1555=CARTESIAN_POINT('NONE',(45.641998,19.965,12.999));
#1556=CARTESIAN_POINT('NONE',(45.682999,19.907,12.999));
#1557=CARTESIAN_POINT('NONE',(45.721001,19.847,12.999));
#1558=CARTESIAN_POINT('NONE',(45.756001,19.785,12.999));
#1559=CARTESIAN_POINT('NONE',(45.787998,19.721001,12.999));
#1560=CARTESIAN_POINT('NONE',(45.817001,19.656,12.999));
#1561=CARTESIAN_POINT('NONE',(45.842999,19.589001,12.999));
#1562=CARTESIAN_POINT('NONE',(45.865002,19.521999,12.999));
#1563=CARTESIAN_POINT('NONE',(45.883999,19.452999,12.999));
#1564=CARTESIAN_POINT('NONE',(45.900002,19.382999,12.999));
#1565=CARTESIAN_POINT('NONE',(45.911999,19.313,12.999));
#1566=CARTESIAN_POINT('NONE',(45.921001,19.242001,12.999));
#1567=CARTESIAN_POINT('NONE',(45.925999,19.171,12.999));
#1568=CARTESIAN_POINT('NONE',(45.928001,19.1,12.999));
#1569=CARTESIAN_POINT('NONE',(45.925999,19.028999,12.999));
#1570=CARTESIAN_POINT('NONE',(45.921001,18.958,12.999));
#1571=CARTESIAN_POINT('NONE',(45.911999,18.886999,12.999));
#1572=CARTESIAN_POINT('NONE',(45.900002,18.816999,12.999));
#1573=CARTESIAN_POINT('NONE',(45.883999,18.747,12.999));
#1574=CARTESIAN_POINT('NONE',(45.865002,18.677999,12.999));
#1575=CARTESIAN_POINT('NONE',(45.842999,18.611,12.999));
#1576=CARTESIAN_POINT('NONE',(45.817001,18.544001,12.999));
#1577=CARTESIAN_POINT('NONE',(45.787998,18.479,12.999));
#1578=CARTESIAN_POINT('NONE',(45.756001,18.415001,12.999));
#1579=CARTESIAN_POINT('NONE',(45.721001,18.353001,12.999));
#1580=CARTESIAN_POINT('NONE',(45.682999,18.292999,12.999));
#1581=CARTESIAN_POINT('NONE',(45.641998,18.235001,12.999));
#1582=CARTESIAN_POINT('NONE',(45.598,18.179001,12.999));
#1583=CARTESIAN_POINT('NONE',(45.550999,18.125,12.999));
#1584=CARTESIAN_POINT('NONE',(45.501999,18.073,12.999));
#1585=CARTESIAN_POINT('NONE',(45.450001,18.024,12.999));
#1586=CARTESIAN_POINT('NONE',(45.396,17.976999,12.999));
#1587=CARTESIAN_POINT('NONE',(45.34,17.933001,12.999));
#1588=CARTESIAN_POINT('NONE',(45.282001,17.892,12.999));
#1589=CARTESIAN_POINT('NONE',(45.222,17.854,12.999));
#1590=CARTESIAN_POINT('NONE',(45.16,17.819,12.999));
#1591=CARTESIAN_POINT('NONE',(45.096001,17.787001,12.999));
#1592=CARTESIAN_POINT('NONE',(45.030998,17.757999,12.999));
#1593=CARTESIAN_POINT('NONE',(44.964001,17.732,12.999));
#1594=CARTESIAN_POINT('NONE',(44.896999,17.709999,12.999));
#1595=CARTESIAN_POINT('NONE',(44.827999,17.691,12.999));
#1596=CARTESIAN_POINT('NONE',(44.757999,17.674999,12.999));
#1597=CARTESIAN_POINT('NONE',(44.688,17.663,12.999));
#1598=CARTESIAN_POINT('NONE',(44.617001,17.653999,12.999));
#1599=CARTESIAN_POINT('NONE',(44.546001,17.649,12.999));
#1600=CARTESIAN_POINT('NONE',(44.474998,17.648001,12.999));
#1601=CARTESIAN_POINT('NONE',(44.403999,17.649,12.999));
#1602=CARTESIAN_POINT('NONE',(44.333,17.653999,12.999));
#1603=CARTESIAN_POINT('NONE',(44.262001,17.663,12.999));
#1604=CARTESIAN_POINT('NONE',(44.192001,17.674999,12.999));
#1605=CARTESIAN_POINT('NONE',(44.122002,17.691,12.999));
#1606=CARTESIAN_POINT('NONE',(44.053001,17.709999,12.999));
#1607=CARTESIAN_POINT('NONE',(43,-10.483,12.999));
#1608=CARTESIAN_POINT('NONE',(42.987999,-10.413,12.999));
#1609=CARTESIAN_POINT('NONE',(42.979,-10.342,12.999));
#1610=CARTESIAN_POINT('NONE',(42.973999,-10.271,12.999));
#1611=CARTESIAN_POINT('NONE',(42.973,-10.2,12.999));
#1612=CARTESIAN_POINT('NONE',(42.973999,-10.129,12.999));
#1613=CARTESIAN_POINT('NONE',(42.979,-10.058,12.999));
#1614=CARTESIAN_POINT('NONE',(42.987999,-9.987,12.999));
#1615=CARTESIAN_POINT('NONE',(43,-9.917,12.999));
#1616=CARTESIAN_POINT('NONE',(43.015999,-9.847,12.999));
#1617=CARTESIAN_POINT('NONE',(43.035,-9.778,12.999));
#1618=CARTESIAN_POINT('NONE',(43.056999,-9.711,12.999));
#1619=CARTESIAN_POINT('NONE',(43.083,-9.644,12.999));
#1620=CARTESIAN_POINT('NONE',(43.112,-9.579,12.999));
#1621=CARTESIAN_POINT('NONE',(43.144001,-9.515,12.999));
#1622=CARTESIAN_POINT('NONE',(43.179001,-9.453,12.999));
#1623=CARTESIAN_POINT('NONE',(43.216999,-9.393,12.999));
#1624=CARTESIAN_POINT('NONE',(43.257999,-9.335,12.999));
#1625=CARTESIAN_POINT('NONE',(43.301998,-9.279,12.999));
#1626=CARTESIAN_POINT('NONE',(43.348999,-9.225,12.999));
#1627=CARTESIAN_POINT('NONE',(43.397999,-9.173,12.999));
#1628=CARTESIAN_POINT('NONE',(43.450001,-9.124,12.999));
#1629=CARTESIAN_POINT('NONE',(43.504002,-9.077,12.999));
#1630=CARTESIAN_POINT('NONE',(43.560001,-9.033,12.999));
#1631=CARTESIAN_POINT('NONE',(43.618,-8.992,12.999));
#1632=CARTESIAN_POINT('NONE',(43.678001,-8.954,12.999));
#1633=CARTESIAN_POINT('NONE',(43.740002,-8.919,12.999));
#1634=CARTESIAN_POINT('NONE',(43.804001,-8.887,12.999));
#1635=CARTESIAN_POINT('NONE',(43.868999,-8.858,12.999));
#1636=CARTESIAN_POINT('NONE',(43.936001,-8.832,12.999));
#1637=CARTESIAN_POINT('NONE',(44.002998,-8.81,12.999));
#1638=CARTESIAN_POINT('NONE',(44.071999,-8.791,12.999));
#1639=CARTESIAN_POINT('NONE',(44.141998,-8.775,12.999));
#1640=CARTESIAN_POINT('NONE',(44.212002,-8.763,12.999));
#1641=CARTESIAN_POINT('NONE',(44.283001,-8.754,12.999));
#1642=CARTESIAN_POINT('NONE',(44.354,-8.749,12.999));
#1643=CARTESIAN_POINT('NONE',(44.424999,-8.748,12.999));
#1644=CARTESIAN_POINT('NONE',(44.495998,-8.749,12.999));
#1645=CARTESIAN_POINT('NONE',(44.567001,-8.754,12.999));
#1646=CARTESIAN_POINT('NONE',(44.638,-8.763,12.999));
#1647=CARTESIAN_POINT('NONE',(44.708,-8.775,12.999));
#1648=CARTESIAN_POINT('NONE',(44.778,-8.791,12.999));
#1649=CARTESIAN_POINT('NONE',(44.847,-8.81,12.999));
#1650=CARTESIAN_POINT('NONE',(44.914001,-8.832,12.999));
#1651=CARTESIAN_POINT('NONE',(44.980999,-8.858,12.999));
#1652=CARTESIAN_POINT('NONE',(45.046001,-8.887,12.999));
#1653=CARTESIAN_POINT('NONE',(45.110001,-8.919,12.999));
#1654=CARTESIAN_POINT('NONE',(45.172001,-8.954,12.999));
#1655=CARTESIAN_POINT('NONE',(45.231998,-8.992,12.999));
#1656=CARTESIAN_POINT('NONE',(45.290001,-9.033,12.999));
#1657=CARTESIAN_POINT('NONE',(45.346001,-9.077,12.999));
#1658=CARTESIAN_POINT('NONE',(45.400002,-9.124,12.999));
#1659=CARTESIAN_POINT('NONE',(45.452,-9.173,12.999));
#1660=CARTESIAN_POINT('NONE',(45.500999,-9.225,12.999));
#1661=CARTESIAN_POINT('NONE',(45.548,-9.279,12.999));
#1662=CARTESIAN_POINT('NONE',(45.591999,-9.335,12.999));
#1663=CARTESIAN_POINT('NONE',(45.632999,-9.393,12.999));
#1664=CARTESIAN_POINT('NONE',(45.671001,-9.453,12.999));
#1665=CARTESIAN_POINT('NONE',(45.706001,-9.515,12.999));
#1666=CARTESIAN_POINT('NONE',(45.737999,-9.579,12.999));
#1667=CARTESIAN_POINT('NONE',(45.766998,-9.644,12.999));
#1668=CARTESIAN_POINT('NONE',(45.792999,-9.711,12.999));
#1669=CARTESIAN_POINT('NONE',(45.814999,-9.778,12.999));
#1670=CARTESIAN_POINT('NONE',(45.834,-9.847,12.999));
#1671=CARTESIAN_POINT('NONE',(45.849998,-9.917,12.999));
#1672=CARTESIAN_POINT('NONE',(45.862,-9.987,12.999));
#1673=CARTESIAN_POINT('NONE',(45.870998,-10.058,12.999));
#1674=CARTESIAN_POINT('NONE',(45.875999,-10.129,12.999));
#1675=CARTESIAN_POINT('NONE',(45.877998,-10.2,12.999));
#1676=CARTESIAN_POINT('NONE',(45.875999,-10.271,12.999));
#1677=CARTESIAN_POINT('NONE',(45.870998,-10.342,12.999));
#1678=CARTESIAN_POINT('NONE',(45.862,-10.413,12.999));
#1679=CARTESIAN_POINT('NONE',(45.849998,-10.483,12.999));
#1680=CARTESIAN_POINT('NONE',(45.834,-10.553,12.999));
#1681=CARTESIAN_POINT('NONE',(45.814999,-10.622,12.999));
#1682=CARTESIAN_POINT('NONE',(45.792999,-10.689,12.999));
#1683=CARTESIAN_POINT('NONE',(45.766998,-10.756,12.999));
#1684=CARTESIAN_POINT('NONE',(45.737999,-10.821,12.999));
#1685=CARTESIAN_POINT('NONE',(45.706001,-10.885,12.999));
#1686=CARTESIAN_POINT('NONE',(45.671001,-10.947,12.999));
#1687=CARTESIAN_POINT('NONE',(45.632999,-11.007,12.999));
#1688=CARTESIAN_POINT('NONE',(45.591999,-11.065,12.999));
#1689=CARTESIAN_POINT('NONE',(45.548,-11.121,12.999));
#1690=CARTESIAN_POINT('NONE',(45.500999,-11.175,12.999));
#1691=CARTESIAN_POINT('NONE',(45.452,-11.227,12.999));
#1692=CARTESIAN_POINT('NONE',(45.400002,-11.276,12.999));
#1693=CARTESIAN_POINT('NONE',(45.346001,-11.323,12.999));
#1694=CARTESIAN_POINT('NONE',(45.290001,-11.367,12.999));
#1695=CARTESIAN_POINT('NONE',(45.231998,-11.408,12.999));
#1696=CARTESIAN_POINT('NONE',(45.172001,-11.446,12.999));
#1697=CARTESIAN_POINT('NONE',(45.110001,-11.481,12.999));
#1698=CARTESIAN_POINT('NONE',(45.046001,-11.513,12.999));
#1699=CARTESIAN_POINT('NONE',(44.980999,-11.542,12.999));
#1700=CARTESIAN_POINT('NONE',(44.914001,-11.568,12.999));
#1701=CARTESIAN_POINT('NONE',(44.847,-11.59,12.999));
#1702=CARTESIAN_POINT('NONE',(44.778,-11.609,12.999));
#1703=CARTESIAN_POINT('NONE',(44.708,-11.625,12.999));
#1704=CARTESIAN_POINT('NONE',(44.638,-11.637,12.999));
#1705=CARTESIAN_POINT('NONE',(44.567001,-11.646,12.999));
#1706=CARTESIAN_POINT('NONE',(44.495998,-11.651,12.999));
#1707=CARTESIAN_POINT('NONE',(44.424999,-11.653,12.999));
#1708=CARTESIAN_POINT('NONE',(44.354,-11.651,12.999));
#1709=CARTESIAN_POINT('NONE',(44.283001,-11.646,12.999));
#1710=CARTESIAN_POINT('NONE',(44.212002,-11.637,12.999));
#1711=CARTESIAN_POINT('NONE',(44.141998,-11.625,12.999));
#1712=CARTESIAN_POINT('NONE',(44.071999,-11.609,12.999));
#1713=CARTESIAN_POINT('NONE',(44.002998,-11.59,12.999));
#1714=CARTESIAN_POINT('NONE',(43.936001,-11.568,12.999));
#1715=CARTESIAN_POINT('NONE',(43.868999,-11.542,12.999));
#1716=CARTESIAN_POINT('NONE',(43.804001,-11.513,12.999));
#1717=CARTESIAN_POINT('NONE',(43.740002,-11.481,12.999));
#1718=CARTESIAN_POINT('NONE',(43.678001,-11.446,12.999));
#1719=CARTESIAN_POINT('NONE',(43.618,-11.408,12.999));
#1720=CARTESIAN_POINT('NONE',(43.560001,-11.367,12.999));
#1721=CARTESIAN_POINT('NONE',(43.504002,-11.323,12.999));
#1722=CARTESIAN_POINT('NONE',(43.450001,-11.276,12.999));
#1723=CARTESIAN_POINT('NONE',(43.397999,-11.227,12.999));
#1724=CARTESIAN_POINT('NONE',(43.348999,-11.175,12.999));
#1725=CARTESIAN_POINT('NONE',(43.301998,-11.121,12.999));
#1726=CARTESIAN_POINT('NONE',(43.257999,-11.065,12.999));
#1727=CARTESIAN_POINT('NONE',(43.216999,-11.007,12.999));
#1728=CARTESIAN_POINT('NONE',(43.179001,-10.947,12.999));
#1729=CARTESIAN_POINT('NONE',(43.144001,-10.885,12.999));
#1730=CARTESIAN_POINT('NONE',(43.112,-10.821,12.999));
#1731=CARTESIAN_POINT('NONE',(43.083,-10.756,12.999));
#1732=CARTESIAN_POINT('NONE',(43.056999,-10.689,12.999));
#1733=CARTESIAN_POINT('NONE',(43.035,-10.622,12.999));
#1734=CARTESIAN_POINT('NONE',(43.015999,-10.553,12.999));
#1735=CARTESIAN_POINT('NONE',(-44.115002,-11.481,12.999));
#1736=CARTESIAN_POINT('NONE',(-44.179001,-11.513,12.999));
#1737=CARTESIAN_POINT('NONE',(-44.243999,-11.542,12.999));
#1738=CARTESIAN_POINT('NONE',(-44.311001,-11.568,12.999));
#1739=CARTESIAN_POINT('NONE',(-44.377998,-11.59,12.999));
#1740=CARTESIAN_POINT('NONE',(-44.446999,-11.609,12.999));
#1741=CARTESIAN_POINT('NONE',(-44.516998,-11.625,12.999));
#1742=CARTESIAN_POINT('NONE',(-44.587002,-11.637,12.999));
#1743=CARTESIAN_POINT('NONE',(-44.658001,-11.646,12.999));
#1744=CARTESIAN_POINT('NONE',(-44.729,-11.651,12.999));
#1745=CARTESIAN_POINT('NONE',(-44.799999,-11.653,12.999));
#1746=CARTESIAN_POINT('NONE',(-44.870998,-11.651,12.999));
#1747=CARTESIAN_POINT('NONE',(-44.942001,-11.646,12.999));
#1748=CARTESIAN_POINT('NONE',(-45.013,-11.637,12.999));
#1749=CARTESIAN_POINT('NONE',(-45.083,-11.625,12.999));
#1750=CARTESIAN_POINT('NONE',(-45.153,-11.609,12.999));
#1751=CARTESIAN_POINT('NONE',(-45.222,-11.59,12.999));
#1752=CARTESIAN_POINT('NONE',(-45.289001,-11.568,12.999));
#1753=CARTESIAN_POINT('NONE',(-45.355999,-11.542,12.999));
#1754=CARTESIAN_POINT('NONE',(-45.421001,-11.513,12.999));
#1755=CARTESIAN_POINT('NONE',(-45.485001,-11.481,12.999));
#1756=CARTESIAN_POINT('NONE',(-45.547001,-11.446,12.999));
#1757=CARTESIAN_POINT('NONE',(-45.606998,-11.408,12.999));
#1758=CARTESIAN_POINT('NONE',(-45.665001,-11.367,12.999));
#1759=CARTESIAN_POINT('NONE',(-45.721001,-11.323,12.999));
#1760=CARTESIAN_POINT('NONE',(-45.775002,-11.276,12.999));
#1761=CARTESIAN_POINT('NONE',(-45.827,-11.227,12.999));
#1762=CARTESIAN_POINT('NONE',(-45.875999,-11.175,12.999));
#1763=CARTESIAN_POINT('NONE',(-45.923,-11.121,12.999));
#1764=CARTESIAN_POINT('NONE',(-45.966999,-11.065,12.999));
#1765=CARTESIAN_POINT('NONE',(-46.007999,-11.007,12.999));
#1766=CARTESIAN_POINT('NONE',(-46.046001,-10.947,12.999));
#1767=CARTESIAN_POINT('NONE',(-46.081001,-10.885,12.999));
#1768=CARTESIAN_POINT('NONE',(-46.112999,-10.821,12.999));
#1769=CARTESIAN_POINT('NONE',(-46.141998,-10.756,12.999));
#1770=CARTESIAN_POINT('NONE',(-46.167999,-10.689,12.999));
#1771=CARTESIAN_POINT('NONE',(-46.189999,-10.622,12.999));
#1772=CARTESIAN_POINT('NONE',(-46.209,-10.553,12.999));
#1773=CARTESIAN_POINT('NONE',(-46.224998,-10.483,12.999));
#1774=CARTESIAN_POINT('NONE',(-46.237,-10.413,12.999));
#1775=CARTESIAN_POINT('NONE',(-46.245998,-10.342,12.999));
#1776=CARTESIAN_POINT('NONE',(-46.250999,-10.271,12.999));
#1777=CARTESIAN_POINT('NONE',(-46.252998,-10.2,12.999));
#1778=CARTESIAN_POINT('NONE',(-46.250999,-10.129,12.999));
#1779=CARTESIAN_POINT('NONE',(-46.245998,-10.058,12.999));
#1780=CARTESIAN_POINT('NONE',(-46.237,-9.987,12.999));
#1781=CARTESIAN_POINT('NONE',(-46.224998,-9.917,12.999));
#1782=CARTESIAN_POINT('NONE',(-46.209,-9.847,12.999));
#1783=CARTESIAN_POINT('NONE',(-46.189999,-9.778,12.999));
#1784=CARTESIAN_POINT('NONE',(-46.167999,-9.711,12.999));
#1785=CARTESIAN_POINT('NONE',(-46.141998,-9.644,12.999));
#1786=CARTESIAN_POINT('NONE',(-46.112999,-9.579,12.999));
#1787=CARTESIAN_POINT('NONE',(-46.081001,-9.515,12.999));
#1788=CARTESIAN_POINT('NONE',(-46.046001,-9.453,12.999));
#1789=CARTESIAN_POINT('NONE',(-46.007999,-9.393,12.999));
#1790=CARTESIAN_POINT('NONE',(-45.966999,-9.335,12.999));
#1791=CARTESIAN_POINT('NONE',(-45.923,-9.279,12.999));
#1792=CARTESIAN_POINT('NONE',(-45.875999,-9.225,12.999));
#1793=CARTESIAN_POINT('NONE',(-45.827,-9.173,12.999));
#1794=CARTESIAN_POINT('NONE',(-45.775002,-9.124,12.999));
#1795=CARTESIAN_POINT('NONE',(-45.721001,-9.077,12.999));
#1796=CARTESIAN_POINT('NONE',(-45.665001,-9.033,12.999));
#1797=CARTESIAN_POINT('NONE',(-45.606998,-8.992,12.999));
#1798=CARTESIAN_POINT('NONE',(-45.547001,-8.954,12.999));
#1799=CARTESIAN_POINT('NONE',(-45.485001,-8.919,12.999));
#1800=CARTESIAN_POINT('NONE',(-45.421001,-8.887,12.999));
#1801=CARTESIAN_POINT('NONE',(-45.355999,-8.858,12.999));
#1802=CARTESIAN_POINT('NONE',(-45.289001,-8.832,12.999));
#1803=CARTESIAN_POINT('NONE',(-45.222,-8.81,12.999));
#1804=CARTESIAN_POINT('NONE',(-45.153,-8.791,12.999));
#1805=CARTESIAN_POINT('NONE',(-45.083,-8.775,12.999));
#1806=CARTESIAN_POINT('NONE',(-45.013,-8.763,12.999));
#1807=CARTESIAN_POINT('NONE',(-44.942001,-8.754,12.999));
#1808=CARTESIAN_POINT('NONE',(-44.870998,-8.749,12.999));
#1809=CARTESIAN_POINT('NONE',(-44.799999,-8.748,12.999));
#1810=CARTESIAN_POINT('NONE',(-44.729,-8.749,12.999));
#1811=CARTESIAN_POINT('NONE',(-44.658001,-8.754,12.999));
#1812=CARTESIAN_POINT('NONE',(-44.587002,-8.763,12.999));
#1813=CARTESIAN_POINT('NONE',(-44.516998,-8.775,12.999));
#1814=CARTESIAN_POINT('NONE',(-44.446999,-8.791,12.999));
#1815=CARTESIAN_POINT('NONE',(-44.377998,-8.81,12.999));
#1816=CARTESIAN_POINT('NONE',(-44.311001,-8.832,12.999));
#1817=CARTESIAN_POINT('NONE',(-44.243999,-8.858,12.999));
#1818=CARTESIAN_POINT('NONE',(-44.179001,-8.887,12.999));
#1819=CARTESIAN_POINT('NONE',(-44.115002,-8.919,12.999));
#1820=CARTESIAN_POINT('NONE',(-44.053001,-8.954,12.999));
#1821=CARTESIAN_POINT('NONE',(-43.993,-8.992,12.999));
#1822=CARTESIAN_POINT('NONE',(-43.935001,-9.033,12.999));
#1823=CARTESIAN_POINT('NONE',(-43.879002,-9.077,12.999));
#1824=CARTESIAN_POINT('NONE',(-43.825001,-9.124,12.999));
#1825=CARTESIAN_POINT('NONE',(-43.772999,-9.173,12.999));
#1826=CARTESIAN_POINT('NONE',(-43.723999,-9.225,12.999));
#1827=CARTESIAN_POINT('NONE',(-43.676998,-9.279,12.999));
#1828=CARTESIAN_POINT('NONE',(-43.632999,-9.335,12.999));
#1829=CARTESIAN_POINT('NONE',(-43.591999,-9.393,12.999));
#1830=CARTESIAN_POINT('NONE',(-43.554001,-9.453,12.999));
#1831=CARTESIAN_POINT('NONE',(-43.519001,-9.515,12.999));
#1832=CARTESIAN_POINT('NONE',(-43.487,-9.579,12.999));
#1833=CARTESIAN_POINT('NONE',(-43.458,-9.644,12.999));
#1834=CARTESIAN_POINT('NONE',(-43.431999,-9.711,12.999));
#1835=CARTESIAN_POINT('NONE',(-43.41,-9.778,12.999));
#1836=CARTESIAN_POINT('NONE',(-43.390999,-9.847,12.999));
#1837=CARTESIAN_POINT('NONE',(-43.375,-9.917,12.999));
#1838=CARTESIAN_POINT('NONE',(-43.362999,-9.987,12.999));
#1839=CARTESIAN_POINT('NONE',(-43.354,-10.058,12.999));
#1840=CARTESIAN_POINT('NONE',(-43.348999,-10.129,12.999));
#1841=CARTESIAN_POINT('NONE',(-43.348,-10.2,12.999));
#1842=CARTESIAN_POINT('NONE',(-43.348999,-10.271,12.999));
#1843=CARTESIAN_POINT('NONE',(-43.354,-10.342,12.999));
#1844=CARTESIAN_POINT('NONE',(-43.362999,-10.413,12.999));
#1845=CARTESIAN_POINT('NONE',(-43.375,-10.483,12.999));
#1846=CARTESIAN_POINT('NONE',(-43.390999,-10.553,12.999));
#1847=CARTESIAN_POINT('NONE',(-43.41,-10.622,12.999));
#1848=CARTESIAN_POINT('NONE',(-43.431999,-10.689,12.999));
#1849=CARTESIAN_POINT('NONE',(-43.458,-10.756,12.999));
#1850=CARTESIAN_POINT('NONE',(-43.487,-10.821,12.999));
#1851=CARTESIAN_POINT('NONE',(-43.519001,-10.885,12.999));
#1852=CARTESIAN_POINT('NONE',(-43.554001,-10.947,12.999));
#1853=CARTESIAN_POINT('NONE',(-43.591999,-11.007,12.999));
#1854=CARTESIAN_POINT('NONE',(-43.632999,-11.065,12.999));
#1855=CARTESIAN_POINT('NONE',(-43.676998,-11.121,12.999));
#1856=CARTESIAN_POINT('NONE',(-43.723999,-11.175,12.999));
#1857=CARTESIAN_POINT('NONE',(-43.772999,-11.227,12.999));
#1858=CARTESIAN_POINT('NONE',(-43.825001,-11.276,12.999));
#1859=CARTESIAN_POINT('NONE',(-43.879002,-11.323,12.999));
#1860=CARTESIAN_POINT('NONE',(-43.935001,-11.367,12.999));
#1861=CARTESIAN_POINT('NONE',(-43.993,-11.408,12.999));
#1862=CARTESIAN_POINT('NONE',(-44.053001,-11.446,12.999));
#1863=CARTESIAN_POINT('NONE',(-43.299,19.171,12.999));
#1864=CARTESIAN_POINT('NONE',(-43.298,19.1,12.999));
#1865=CARTESIAN_POINT('NONE',(-43.299,19.028999,12.999));
#1866=CARTESIAN_POINT('NONE',(-43.304001,18.958,12.999));
#1867=CARTESIAN_POINT('NONE',(-43.313,18.886999,12.999));
#1868=CARTESIAN_POINT('NONE',(-43.325001,18.816999,12.999));
#1869=CARTESIAN_POINT('NONE',(-43.341,18.747,12.999));
#1870=CARTESIAN_POINT('NONE',(-43.360001,18.677999,12.999));
#1871=CARTESIAN_POINT('NONE',(-43.382,18.611,12.999));
#1872=CARTESIAN_POINT('NONE',(-43.408001,18.544001,12.999));
#1873=CARTESIAN_POINT('NONE',(-43.437,18.479,12.999));
#1874=CARTESIAN_POINT('NONE',(-43.469002,18.415001,12.999));
#1875=CARTESIAN_POINT('NONE',(-43.504002,18.353001,12.999));
#1876=CARTESIAN_POINT('NONE',(-43.542,18.292999,12.999));
#1877=CARTESIAN_POINT('NONE',(-43.583,18.235001,12.999));
#1878=CARTESIAN_POINT('NONE',(-43.626999,18.179001,12.999));
#1879=CARTESIAN_POINT('NONE',(-43.674,18.125,12.999));
#1880=CARTESIAN_POINT('NONE',(-43.723,18.073,12.999));
#1881=CARTESIAN_POINT('NONE',(-43.775002,18.024,12.999));
#1882=CARTESIAN_POINT('NONE',(-43.828999,17.976999,12.999));
#1883=CARTESIAN_POINT('NONE',(-43.884998,17.933001,12.999));
#1884=CARTESIAN_POINT('NONE',(-43.943001,17.892,12.999));
#1885=CARTESIAN_POINT('NONE',(-44.002998,17.854,12.999));
#1886=CARTESIAN_POINT('NONE',(-44.064999,17.819,12.999));
#1887=CARTESIAN_POINT('NONE',(-44.129002,17.787001,12.999));
#1888=CARTESIAN_POINT('NONE',(-44.194,17.757999,12.999));
#1889=CARTESIAN_POINT('NONE',(-44.261002,17.732,12.999));
#1890=CARTESIAN_POINT('NONE',(-44.327999,17.709999,12.999));
#1891=CARTESIAN_POINT('NONE',(-44.396999,17.691,12.999));
#1892=CARTESIAN_POINT('NONE',(-44.466999,17.674999,12.999));
#1893=CARTESIAN_POINT('NONE',(-44.536999,17.663,12.999));
#1894=CARTESIAN_POINT('NONE',(-44.608002,17.653999,12.999));
#1895=CARTESIAN_POINT('NONE',(-44.679001,17.649,12.999));
#1896=CARTESIAN_POINT('NONE',(-44.75,17.648001,12.999));
#1897=CARTESIAN_POINT('NONE',(-44.820999,17.649,12.999));
#1898=CARTESIAN_POINT('NONE',(-44.891998,17.653999,12.999));
#1899=CARTESIAN_POINT('NONE',(-44.963001,17.663,12.999));
#1900=CARTESIAN_POINT('NONE',(-45.033001,17.674999,12.999));
#1901=CARTESIAN_POINT('NONE',(-45.103001,17.691,12.999));
#1902=CARTESIAN_POINT('NONE',(-45.172001,17.709999,12.999));
#1903=CARTESIAN_POINT('NONE',(-45.238998,17.732,12.999));
#1904=CARTESIAN_POINT('NONE',(-45.306,17.757999,12.999));
#1905=CARTESIAN_POINT('NONE',(-45.370998,17.787001,12.999));
#1906=CARTESIAN_POINT('NONE',(-45.435001,17.819,12.999));
#1907=CARTESIAN_POINT('NONE',(-45.497002,17.854,12.999));
#1908=CARTESIAN_POINT('NONE',(-45.556999,17.892,12.999));
#1909=CARTESIAN_POINT('NONE',(-45.615002,17.933001,12.999));
#1910=CARTESIAN_POINT('NONE',(-45.671001,17.976999,12.999));
#1911=CARTESIAN_POINT('NONE',(-45.724998,18.024,12.999));
#1912=CARTESIAN_POINT('NONE',(-45.777,18.073,12.999));
#1913=CARTESIAN_POINT('NONE',(-45.826,18.125,12.999));
#1914=CARTESIAN_POINT('NONE',(-45.873001,18.179001,12.999));
#1915=CARTESIAN_POINT('NONE',(-45.917,18.235001,12.999));
#1916=CARTESIAN_POINT('NONE',(-45.958,18.292999,12.999));
#1917=CARTESIAN_POINT('NONE',(-45.995998,18.353001,12.999));
#1918=CARTESIAN_POINT('NONE',(-46.030998,18.415001,12.999));
#1919=CARTESIAN_POINT('NONE',(-46.063,18.479,12.999));
#1920=CARTESIAN_POINT('NONE',(-46.091999,18.544001,12.999));
#1921=CARTESIAN_POINT('NONE',(-46.118,18.611,12.999));
#1922=CARTESIAN_POINT('NONE',(-46.139999,18.677999,12.999));
#1923=CARTESIAN_POINT('NONE',(-46.159,18.747,12.999));
#1924=CARTESIAN_POINT('NONE',(-46.174999,18.816999,12.999));
#1925=CARTESIAN_POINT('NONE',(-46.187,18.886999,12.999));
#1926=CARTESIAN_POINT('NONE',(-46.195999,18.958,12.999));
#1927=CARTESIAN_POINT('NONE',(-46.201,19.028999,12.999));
#1928=CARTESIAN_POINT('NONE',(-46.202999,19.1,12.999));
#1929=CARTESIAN_POINT('NONE',(-46.201,19.171,12.999));
#1930=CARTESIAN_POINT('NONE',(-46.195999,19.242001,12.999));
#1931=CARTESIAN_POINT('NONE',(-46.187,19.313,12.999));
#1932=CARTESIAN_POINT('NONE',(-46.174999,19.382999,12.999));
#1933=CARTESIAN_POINT('NONE',(-46.159,19.452999,12.999));
#1934=CARTESIAN_POINT('NONE',(-46.139999,19.521999,12.999));
#1935=CARTESIAN_POINT('NONE',(-46.118,19.589001,12.999));
#1936=CARTESIAN_POINT('NONE',(-46.091999,19.656,12.999));
#1937=CARTESIAN_POINT('NONE',(-46.063,19.721001,12.999));
#1938=CARTESIAN_POINT('NONE',(-46.030998,19.785,12.999));
#1939=CARTESIAN_POINT('NONE',(-45.995998,19.847,12.999));
#1940=CARTESIAN_POINT('NONE',(-45.958,19.907,12.999));
#1941=CARTESIAN_POINT('NONE',(-45.917,19.965,12.999));
#1942=CARTESIAN_POINT('NONE',(-45.873001,20.021,12.999));
#1943=CARTESIAN_POINT('NONE',(-45.826,20.075001,12.999));
#1944=CARTESIAN_POINT('NONE',(-45.777,20.127001,12.999));
#1945=CARTESIAN_POINT('NONE',(-45.724998,20.176001,12.999));
#1946=CARTESIAN_POINT('NONE',(-45.671001,20.223,12.999));
#1947=CARTESIAN_POINT('NONE',(-45.615002,20.267,12.999));
#1948=CARTESIAN_POINT('NONE',(-45.556999,20.308001,12.999));
#1949=CARTESIAN_POINT('NONE',(-45.497002,20.346001,12.999));
#1950=CARTESIAN_POINT('NONE',(-45.435001,20.381001,12.999));
#1951=CARTESIAN_POINT('NONE',(-45.370998,20.413,12.999));
#1952=CARTESIAN_POINT('NONE',(-45.306,20.441999,12.999));
#1953=CARTESIAN_POINT('NONE',(-45.238998,20.468,12.999));
#1954=CARTESIAN_POINT('NONE',(-45.172001,20.49,12.999));
#1955=CARTESIAN_POINT('NONE',(-45.103001,20.509001,12.999));
#1956=CARTESIAN_POINT('NONE',(-45.033001,20.525,12.999));
#1957=CARTESIAN_POINT('NONE',(-44.963001,20.537001,12.999));
#1958=CARTESIAN_POINT('NONE',(-44.891998,20.546,12.999));
#1959=CARTESIAN_POINT('NONE',(-44.820999,20.551001,12.999));
#1960=CARTESIAN_POINT('NONE',(-44.75,20.552999,12.999));
#1961=CARTESIAN_POINT('NONE',(-44.679001,20.551001,12.999));
#1962=CARTESIAN_POINT('NONE',(-44.608002,20.546,12.999));
#1963=CARTESIAN_POINT('NONE',(-44.536999,20.537001,12.999));
#1964=CARTESIAN_POINT('NONE',(-44.466999,20.525,12.999));
#1965=CARTESIAN_POINT('NONE',(-44.396999,20.509001,12.999));
#1966=CARTESIAN_POINT('NONE',(-44.327999,20.49,12.999));
#1967=CARTESIAN_POINT('NONE',(-44.261002,20.468,12.999));
#1968=CARTESIAN_POINT('NONE',(-44.194,20.441999,12.999));
#1969=CARTESIAN_POINT('NONE',(-44.129002,20.413,12.999));
#1970=CARTESIAN_POINT('NONE',(-44.064999,20.381001,12.999));
#1971=CARTESIAN_POINT('NONE',(-44.002998,20.346001,12.999));
#1972=CARTESIAN_POINT('NONE',(-43.943001,20.308001,12.999));
#1973=CARTESIAN_POINT('NONE',(-43.884998,20.267,12.999));
#1974=CARTESIAN_POINT('NONE',(-43.828999,20.223,12.999));
#1975=CARTESIAN_POINT('NONE',(-43.775002,20.176001,12.999));
#1976=CARTESIAN_POINT('NONE',(-43.723,20.127001,12.999));
#1977=CARTESIAN_POINT('NONE',(-43.674,20.075001,12.999));
#1978=CARTESIAN_POINT('NONE',(-43.626999,20.021,12.999));
#1979=CARTESIAN_POINT('NONE',(-43.583,19.965,12.999));
#1980=CARTESIAN_POINT('NONE',(-43.542,19.907,12.999));
#1981=CARTESIAN_POINT('NONE',(-43.504002,19.847,12.999));
#1982=CARTESIAN_POINT('NONE',(-43.469002,19.785,12.999));
#1983=CARTESIAN_POINT('NONE',(-43.437,19.721001,12.999));
#1984=CARTESIAN_POINT('NONE',(-43.408001,19.656,12.999));
#1985=CARTESIAN_POINT('NONE',(-43.382,19.589001,12.999));
#1986=CARTESIAN_POINT('NONE',(-43.360001,19.521999,12.999));
#1987=CARTESIAN_POINT('NONE',(-43.341,19.452999,12.999));
#1988=CARTESIAN_POINT('NONE',(-43.325001,19.382999,12.999));
#1989=CARTESIAN_POINT('NONE',(-43.313,19.313,12.999));
#1990=CARTESIAN_POINT('NONE',(-43.304001,19.242001,12.999));
#1991=CARTESIAN_POINT('NONE',(39.650002,14,3));
#1992=CARTESIAN_POINT('NONE',(39.650002,-5.4,3));
#1993=CARTESIAN_POINT('NONE',(39.650002,14,0));
#1994=CARTESIAN_POINT('NONE',(39.650002,14,0.001));
#1995=CARTESIAN_POINT('NONE',(39.650002,-5.4,0.001));
#1996=CARTESIAN_POINT('NONE',(39.650002,-5.4,0));
#1997=CARTESIAN_POINT('NONE',(-49.748001,-5.403,2.998));
#1998=CARTESIAN_POINT('NONE',(-49.748001,14.003,2.998));
#1999=CARTESIAN_POINT('NONE',(-49.748001,23.997999,0.001));
#2000=CARTESIAN_POINT('NONE',(-39.75,-5.4,0.001));
#2001=CARTESIAN_POINT('NONE',(-39.75,14,0.001));
#2002=CARTESIAN_POINT('NONE',(44.403999,17.649,0.001));
#2003=CARTESIAN_POINT('NONE',(44.474998,17.648001,0.001));
#2004=CARTESIAN_POINT('NONE',(44.546001,17.649,0.001));
#2005=CARTESIAN_POINT('NONE',(44.617001,17.653999,0.001));
#2006=CARTESIAN_POINT('NONE',(44.688,17.663,0.001));
#2007=CARTESIAN_POINT('NONE',(44.757999,17.674999,0.001));
#2008=CARTESIAN_POINT('NONE',(44.827999,17.691,0.001));
#2009=CARTESIAN_POINT('NONE',(44.896999,17.709999,0.001));
#2010=CARTESIAN_POINT('NONE',(44.964001,17.732,0.001));
#2011=CARTESIAN_POINT('NONE',(45.030998,17.757999,0.001));
#2012=CARTESIAN_POINT('NONE',(45.096001,17.787001,0.001));
#2013=CARTESIAN_POINT('NONE',(45.16,17.819,0.001));
#2014=CARTESIAN_POINT('NONE',(45.222,17.854,0.001));
#2015=CARTESIAN_POINT('NONE',(45.282001,17.892,0.001));
#2016=CARTESIAN_POINT('NONE',(45.34,17.933001,0.001));
#2017=CARTESIAN_POINT('NONE',(45.396,17.976999,0.001));
#2018=CARTESIAN_POINT('NONE',(45.450001,18.024,0.001));
#2019=CARTESIAN_POINT('NONE',(45.501999,18.073,0.001));
#2020=CARTESIAN_POINT('NONE',(45.550999,18.125,0.001));
#2021=CARTESIAN_POINT('NONE',(45.598,18.179001,0.001));
#2022=CARTESIAN_POINT('NONE',(45.641998,18.235001,0.001));
#2023=CARTESIAN_POINT('NONE',(45.682999,18.292999,0.001));
#2024=CARTESIAN_POINT('NONE',(45.721001,18.353001,0.001));
#2025=CARTESIAN_POINT('NONE',(45.756001,18.415001,0.001));
#2026=CARTESIAN_POINT('NONE',(45.787998,18.479,0.001));
#2027=CARTESIAN_POINT('NONE',(45.817001,18.544001,0.001));
#2028=CARTESIAN_POINT('NONE',(45.842999,18.611,0.001));
#2029=CARTESIAN_POINT('NONE',(45.865002,18.677999,0.001));
#2030=CARTESIAN_POINT('NONE',(45.883999,18.747,0.001));
#2031=CARTESIAN_POINT('NONE',(45.900002,18.816999,0.001));
#2032=CARTESIAN_POINT('NONE',(45.911999,18.886999,0.001));
#2033=CARTESIAN_POINT('NONE',(45.921001,18.958,0.001));
#2034=CARTESIAN_POINT('NONE',(45.925999,19.028999,0.001));
#2035=CARTESIAN_POINT('NONE',(45.928001,19.1,0.001));
#2036=CARTESIAN_POINT('NONE',(45.925999,19.171,0.001));
#2037=CARTESIAN_POINT('NONE',(45.921001,19.242001,0.001));
#2038=CARTESIAN_POINT('NONE',(45.911999,19.313,0.001));
#2039=CARTESIAN_POINT('NONE',(45.900002,19.382999,0.001));
#2040=CARTESIAN_POINT('NONE',(45.883999,19.452999,0.001));
#2041=CARTESIAN_POINT('NONE',(45.865002,19.521999,0.001));
#2042=CARTESIAN_POINT('NONE',(45.842999,19.589001,0.001));
#2043=CARTESIAN_POINT('NONE',(45.817001,19.656,0.001));
#2044=CARTESIAN_POINT('NONE',(45.787998,19.721001,0.001));
#2045=CARTESIAN_POINT('NONE',(45.756001,19.785,0.001));
#2046=CARTESIAN_POINT('NONE',(45.721001,19.847,0.001));
#2047=CARTESIAN_POINT('NONE',(45.682999,19.907,0.001));
#2048=CARTESIAN_POINT('NONE',(45.641998,19.965,0.001));
#2049=CARTESIAN_POINT('NONE',(45.598,20.021,0.001));
#2050=CARTESIAN_POINT('NONE',(45.550999,20.075001,0.001));
#2051=CARTESIAN_POINT('NONE',(45.501999,20.127001,0.001));
#2052=CARTESIAN_POINT('NONE',(45.450001,20.176001,0.001));
#2053=CARTESIAN_POINT('NONE',(45.396,20.223,0.001));
#2054=CARTESIAN_POINT('NONE',(45.34,20.267,0.001));
#2055=CARTESIAN_POINT('NONE',(45.282001,20.308001,0.001));
#2056=CARTESIAN_POINT('NONE',(45.222,20.346001,0.001));
#2057=CARTESIAN_POINT('NONE',(45.16,20.381001,0.001));
#2058=CARTESIAN_POINT('NONE',(45.096001,20.413,0.001));
#2059=CARTESIAN_POINT('NONE',(45.030998,20.441999,0.001));
#2060=CARTESIAN_POINT('NONE',(44.964001,20.468,0.001));
#2061=CARTESIAN_POINT('NONE',(44.896999,20.49,0.001));
#2062=CARTESIAN_POINT('NONE',(44.827999,20.509001,0.001));
#2063=CARTESIAN_POINT('NONE',(44.757999,20.525,0.001));
#2064=CARTESIAN_POINT('NONE',(44.688,20.537001,0.001));
#2065=CARTESIAN_POINT('NONE',(44.617001,20.546,0.001));
#2066=CARTESIAN_POINT('NONE',(44.546001,20.551001,0.001));
#2067=CARTESIAN_POINT('NONE',(44.474998,20.552999,0.001));
#2068=CARTESIAN_POINT('NONE',(44.403999,20.551001,0.001));
#2069=CARTESIAN_POINT('NONE',(44.333,20.546,0.001));
#2070=CARTESIAN_POINT('NONE',(44.262001,20.537001,0.001));
#2071=CARTESIAN_POINT('NONE',(44.192001,20.525,0.001));
#2072=CARTESIAN_POINT('NONE',(44.122002,20.509001,0.001));
#2073=CARTESIAN_POINT('NONE',(44.053001,20.49,0.001));
#2074=CARTESIAN_POINT('NONE',(43.986,20.468,0.001));
#2075=CARTESIAN_POINT('NONE',(43.918999,20.441999,0.001));
#2076=CARTESIAN_POINT('NONE',(43.854,20.413,0.001));
#2077=CARTESIAN_POINT('NONE',(43.790001,20.381001,0.001));
#2078=CARTESIAN_POINT('NONE',(43.728001,20.346001,0.001));
#2079=CARTESIAN_POINT('NONE',(43.667999,20.308001,0.001));
#2080=CARTESIAN_POINT('NONE',(43.610001,20.267,0.001));
#2081=CARTESIAN_POINT('NONE',(43.554001,20.223,0.001));
#2082=CARTESIAN_POINT('NONE',(43.5,20.176001,0.001));
#2083=CARTESIAN_POINT('NONE',(43.448002,20.127001,0.001));
#2084=CARTESIAN_POINT('NONE',(43.398998,20.075001,0.001));
#2085=CARTESIAN_POINT('NONE',(43.352001,20.021,0.001));
#2086=CARTESIAN_POINT('NONE',(43.307999,19.965,0.001));
#2087=CARTESIAN_POINT('NONE',(43.266998,19.907,0.001));
#2088=CARTESIAN_POINT('NONE',(43.229,19.847,0.001));
#2089=CARTESIAN_POINT('NONE',(43.194,19.785,0.001));
#2090=CARTESIAN_POINT('NONE',(43.161999,19.721001,0.001));
#2091=CARTESIAN_POINT('NONE',(43.132999,19.656,0.001));
#2092=CARTESIAN_POINT('NONE',(43.106998,19.589001,0.001));
#2093=CARTESIAN_POINT('NONE',(43.084999,19.521999,0.001));
#2094=CARTESIAN_POINT('NONE',(43.066002,19.452999,0.001));
#2095=CARTESIAN_POINT('NONE',(43.049999,19.382999,0.001));
#2096=CARTESIAN_POINT('NONE',(43.037998,19.313,0.001));
#2097=CARTESIAN_POINT('NONE',(43.028999,19.242001,0.001));
#2098=CARTESIAN_POINT('NONE',(43.023998,19.171,0.001));
#2099=CARTESIAN_POINT('NONE',(43.022999,19.1,0.001));
#2100=CARTESIAN_POINT('NONE',(43.023998,19.028999,0.001));
#2101=CARTESIAN_POINT('NONE',(43.028999,18.958,0.001));
#2102=CARTESIAN_POINT('NONE',(43.037998,18.886999,0.001));
#2103=CARTESIAN_POINT('NONE',(43.049999,18.816999,0.001));
#2104=CARTESIAN_POINT('NONE',(43.066002,18.747,0.001));
#2105=CARTESIAN_POINT('NONE',(43.084999,18.677999,0.001));
#2106=CARTESIAN_POINT('NONE',(43.106998,18.611,0.001));
#2107=CARTESIAN_POINT('NONE',(43.132999,18.544001,0.001));
#2108=CARTESIAN_POINT('NONE',(43.161999,18.479,0.001));
#2109=CARTESIAN_POINT('NONE',(43.194,18.415001,0.001));
#2110=CARTESIAN_POINT('NONE',(43.229,18.353001,0.001));
#2111=CARTESIAN_POINT('NONE',(43.266998,18.292999,0.001));
#2112=CARTESIAN_POINT('NONE',(43.307999,18.235001,0.001));
#2113=CARTESIAN_POINT('NONE',(43.352001,18.179001,0.001));
#2114=CARTESIAN_POINT('NONE',(43.398998,18.125,0.001));
#2115=CARTESIAN_POINT('NONE',(43.448002,18.073,0.001));
#2116=CARTESIAN_POINT('NONE',(43.5,18.024,0.001));
#2117=CARTESIAN_POINT('NONE',(43.554001,17.976999,0.001));
#2118=CARTESIAN_POINT('NONE',(43.610001,17.933001,0.001));
#2119=CARTESIAN_POINT('NONE',(43.667999,17.892,0.001));
#2120=CARTESIAN_POINT('NONE',(43.728001,17.854,0.001));
#2121=CARTESIAN_POINT('NONE',(43.790001,17.819,0.001));
#2122=CARTESIAN_POINT('NONE',(43.854,17.787001,0.001));
#2123=CARTESIAN_POINT('NONE',(43.918999,17.757999,0.001));
#2124=CARTESIAN_POINT('NONE',(43.986,17.732,0.001));
#2125=CARTESIAN_POINT('NONE',(44.053001,17.709999,0.001));
#2126=CARTESIAN_POINT('NONE',(44.122002,17.691,0.001));
#2127=CARTESIAN_POINT('NONE',(44.192001,17.674999,0.001));
#2128=CARTESIAN_POINT('NONE',(44.262001,17.663,0.001));
#2129=CARTESIAN_POINT('NONE',(44.333,17.653999,0.001));
#2130=CARTESIAN_POINT('NONE',(42.979,-10.342,0.001));
#2131=CARTESIAN_POINT('NONE',(42.987999,-10.413,0.001));
#2132=CARTESIAN_POINT('NONE',(43,-10.483,0.001));
#2133=CARTESIAN_POINT('NONE',(43.015999,-10.553,0.001));
#2134=CARTESIAN_POINT('NONE',(43.035,-10.622,0.001));
#2135=CARTESIAN_POINT('NONE',(43.056999,-10.689,0.001));
#2136=CARTESIAN_POINT('NONE',(43.083,-10.756,0.001));
#2137=CARTESIAN_POINT('NONE',(43.112,-10.821,0.001));
#2138=CARTESIAN_POINT('NONE',(43.144001,-10.885,0.001));
#2139=CARTESIAN_POINT('NONE',(43.179001,-10.947,0.001));
#2140=CARTESIAN_POINT('NONE',(43.216999,-11.007,0.001));
#2141=CARTESIAN_POINT('NONE',(43.257999,-11.065,0.001));
#2142=CARTESIAN_POINT('NONE',(43.301998,-11.121,0.001));
#2143=CARTESIAN_POINT('NONE',(43.348999,-11.175,0.001));
#2144=CARTESIAN_POINT('NONE',(43.397999,-11.227,0.001));
#2145=CARTESIAN_POINT('NONE',(43.450001,-11.276,0.001));
#2146=CARTESIAN_POINT('NONE',(43.504002,-11.323,0.001));
#2147=CARTESIAN_POINT('NONE',(43.560001,-11.367,0.001));
#2148=CARTESIAN_POINT('NONE',(43.618,-11.408,0.001));
#2149=CARTESIAN_POINT('NONE',(43.678001,-11.446,0.001));
#2150=CARTESIAN_POINT('NONE',(43.740002,-11.481,0.001));
#2151=CARTESIAN_POINT('NONE',(43.804001,-11.513,0.001));
#2152=CARTESIAN_POINT('NONE',(43.868999,-11.542,0.001));
#2153=CARTESIAN_POINT('NONE',(43.936001,-11.568,0.001));
#2154=CARTESIAN_POINT('NONE',(44.002998,-11.59,0.001));
#2155=CARTESIAN_POINT('NONE',(44.071999,-11.609,0.001));
#2156=CARTESIAN_POINT('NONE',(44.141998,-11.625,0.001));
#2157=CARTESIAN_POINT('NONE',(44.212002,-11.637,0.001));
#2158=CARTESIAN_POINT('NONE',(44.283001,-11.646,0.001));
#2159=CARTESIAN_POINT('NONE',(44.354,-11.651,0.001));
#2160=CARTESIAN_POINT('NONE',(44.424999,-11.653,0.001));
#2161=CARTESIAN_POINT('NONE',(44.495998,-11.651,0.001));
#2162=CARTESIAN_POINT('NONE',(44.567001,-11.646,0.001));
#2163=CARTESIAN_POINT('NONE',(44.638,-11.637,0.001));
#2164=CARTESIAN_POINT('NONE',(44.708,-11.625,0.001));
#2165=CARTESIAN_POINT('NONE',(44.778,-11.609,0.001));
#2166=CARTESIAN_POINT('NONE',(44.847,-11.59,0.001));
#2167=CARTESIAN_POINT('NONE',(44.914001,-11.568,0.001));
#2168=CARTESIAN_POINT('NONE',(44.980999,-11.542,0.001));
#2169=CARTESIAN_POINT('NONE',(45.046001,-11.513,0.001));
#2170=CARTESIAN_POINT('NONE',(45.110001,-11.481,0.001));
#2171=CARTESIAN_POINT('NONE',(45.172001,-11.446,0.001));
#2172=CARTESIAN_POINT('NONE',(45.231998,-11.408,0.001));
#2173=CARTESIAN_POINT('NONE',(45.290001,-11.367,0.001));
#2174=CARTESIAN_POINT('NONE',(45.346001,-11.323,0.001));
#2175=CARTESIAN_POINT('NONE',(45.400002,-11.276,0.001));
#2176=CARTESIAN_POINT('NONE',(45.452,-11.227,0.001));
#2177=CARTESIAN_POINT('NONE',(45.500999,-11.175,0.001));
#2178=CARTESIAN_POINT('NONE',(45.548,-11.121,0.001));
#2179=CARTESIAN_POINT('NONE',(45.591999,-11.065,0.001));
#2180=CARTESIAN_POINT('NONE',(45.632999,-11.007,0.001));
#2181=CARTESIAN_POINT('NONE',(45.671001,-10.947,0.001));
#2182=CARTESIAN_POINT('NONE',(45.706001,-10.885,0.001));
#2183=CARTESIAN_POINT('NONE',(45.737999,-10.821,0.001));
#2184=CARTESIAN_POINT('NONE',(45.766998,-10.756,0.001));
#2185=CARTESIAN_POINT('NONE',(45.792999,-10.689,0.001));
#2186=CARTESIAN_POINT('NONE',(45.814999,-10.622,0.001));
#2187=CARTESIAN_POINT('NONE',(45.834,-10.553,0.001));
#2188=CARTESIAN_POINT('NONE',(45.849998,-10.483,0.001));
#2189=CARTESIAN_POINT('NONE',(45.862,-10.413,0.001));
#2190=CARTESIAN_POINT('NONE',(45.870998,-10.342,0.001));
#2191=CARTESIAN_POINT('NONE',(45.875999,-10.271,0.001));
#2192=CARTESIAN_POINT('NONE',(45.877998,-10.2,0.001));
#2193=CARTESIAN_POINT('NONE',(45.875999,-10.129,0.001));
#2194=CARTESIAN_POINT('NONE',(45.870998,-10.058,0.001));
#2195=CARTESIAN_POINT('NONE',(45.862,-9.987,0.001));
#2196=CARTESIAN_POINT('NONE',(45.849998,-9.917,0.001));
#2197=CARTESIAN_POINT('NONE',(45.834,-9.847,0.001));
#2198=CARTESIAN_POINT('NONE',(45.814999,-9.778,0.001));
#2199=CARTESIAN_POINT('NONE',(45.792999,-9.711,0.001));
#2200=CARTESIAN_POINT('NONE',(45.766998,-9.644,0.001));
#2201=CARTESIAN_POINT('NONE',(45.737999,-9.579,0.001));
#2202=CARTESIAN_POINT('NONE',(45.706001,-9.515,0.001));
#2203=CARTESIAN_POINT('NONE',(45.671001,-9.453,0.001));
#2204=CARTESIAN_POINT('NONE',(45.632999,-9.393,0.001));
#2205=CARTESIAN_POINT('NONE',(45.591999,-9.335,0.001));
#2206=CARTESIAN_POINT('NONE',(45.548,-9.279,0.001));
#2207=CARTESIAN_POINT('NONE',(45.500999,-9.225,0.001));
#2208=CARTESIAN_POINT('NONE',(45.452,-9.173,0.001));
#2209=CARTESIAN_POINT('NONE',(45.400002,-9.124,0.001));
#2210=CARTESIAN_POINT('NONE',(45.346001,-9.077,0.001));
#2211=CARTESIAN_POINT('NONE',(45.290001,-9.033,0.001));
#2212=CARTESIAN_POINT('NONE',(45.231998,-8.992,0.001));
#2213=CARTESIAN_POINT('NONE',(45.172001,-8.954,0.001));
#2214=CARTESIAN_POINT('NONE',(45.110001,-8.919,0.001));
#2215=CARTESIAN_POINT('NONE',(45.046001,-8.887,0.001));
#2216=CARTESIAN_POINT('NONE',(44.980999,-8.858,0.001));
#2217=CARTESIAN_POINT('NONE',(44.914001,-8.832,0.001));
#2218=CARTESIAN_POINT('NONE',(44.847,-8.81,0.001));
#2219=CARTESIAN_POINT('NONE',(44.778,-8.791,0.001));
#2220=CARTESIAN_POINT('NONE',(44.708,-8.775,0.001));
#2221=CARTESIAN_POINT('NONE',(44.638,-8.763,0.001));
#2222=CARTESIAN_POINT('NONE',(44.567001,-8.754,0.001));
#2223=CARTESIAN_POINT('NONE',(44.495998,-8.749,0.001));
#2224=CARTESIAN_POINT('NONE',(44.424999,-8.748,0.001));
#2225=CARTESIAN_POINT('NONE',(44.354,-8.749,0.001));
#2226=CARTESIAN_POINT('NONE',(44.283001,-8.754,0.001));
#2227=CARTESIAN_POINT('NONE',(44.212002,-8.763,0.001));
#2228=CARTESIAN_POINT('NONE',(44.141998,-8.775,0.001));
#2229=CARTESIAN_POINT('NONE',(44.071999,-8.791,0.001));
#2230=CARTESIAN_POINT('NONE',(44.002998,-8.81,0.001));
#2231=CARTESIAN_POINT('NONE',(43.936001,-8.832,0.001));
#2232=CARTESIAN_POINT('NONE',(43.868999,-8.858,0.001));
#2233=CARTESIAN_POINT('NONE',(43.804001,-8.887,0.001));
#2234=CARTESIAN_POINT('NONE',(43.740002,-8.919,0.001));
#2235=CARTESIAN_POINT('NONE',(43.678001,-8.954,0.001));
#2236=CARTESIAN_POINT('NONE',(43.618,-8.992,0.001));
#2237=CARTESIAN_POINT('NONE',(43.560001,-9.033,0.001));
#2238=CARTESIAN_POINT('NONE',(43.504002,-9.077,0.001));
#2239=CARTESIAN_POINT('NONE',(43.450001,-9.124,0.001));
#2240=CARTESIAN_POINT('NONE',(43.397999,-9.173,0.001));
#2241=CARTESIAN_POINT('NONE',(43.348999,-9.225,0.001));
#2242=CARTESIAN_POINT('NONE',(43.301998,-9.279,0.001));
#2243=CARTESIAN_POINT('NONE',(43.257999,-9.335,0.001));
#2244=CARTESIAN_POINT('NONE',(43.216999,-9.393,0.001));
#2245=CARTESIAN_POINT('NONE',(43.179001,-9.453,0.001));
#2246=CARTESIAN_POINT('NONE',(43.144001,-9.515,0.001));
#2247=CARTESIAN_POINT('NONE',(43.112,-9.579,0.001));
#2248=CARTESIAN_POINT('NONE',(43.083,-9.644,0.001));
#2249=CARTESIAN_POINT('NONE',(43.056999,-9.711,0.001));
#2250=CARTESIAN_POINT('NONE',(43.035,-9.778,0.001));
#2251=CARTESIAN_POINT('NONE',(43.015999,-9.847,0.001));
#2252=CARTESIAN_POINT('NONE',(43,-9.917,0.001));
#2253=CARTESIAN_POINT('NONE',(42.987999,-9.987,0.001));
#2254=CARTESIAN_POINT('NONE',(42.979,-10.058,0.001));
#2255=CARTESIAN_POINT('NONE',(42.973999,-10.129,0.001));
#2256=CARTESIAN_POINT('NONE',(42.973,-10.2,0.001));
#2257=CARTESIAN_POINT('NONE',(42.973999,-10.271,0.001));
#2258=CARTESIAN_POINT('NONE',(-43.348999,-10.271,0.001));
#2259=CARTESIAN_POINT('NONE',(-43.348,-10.2,0.001));
#2260=CARTESIAN_POINT('NONE',(-43.348999,-10.129,0.001));
#2261=CARTESIAN_POINT('NONE',(-43.354,-10.058,0.001));
#2262=CARTESIAN_POINT('NONE',(-43.362999,-9.987,0.001));
#2263=CARTESIAN_POINT('NONE',(-43.375,-9.917,0.001));
#2264=CARTESIAN_POINT('NONE',(-43.390999,-9.847,0.001));
#2265=CARTESIAN_POINT('NONE',(-43.41,-9.778,0.001));
#2266=CARTESIAN_POINT('NONE',(-43.431999,-9.711,0.001));
#2267=CARTESIAN_POINT('NONE',(-43.458,-9.644,0.001));
#2268=CARTESIAN_POINT('NONE',(-43.487,-9.579,0.001));
#2269=CARTESIAN_POINT('NONE',(-43.519001,-9.515,0.001));
#2270=CARTESIAN_POINT('NONE',(-43.554001,-9.453,0.001));
#2271=CARTESIAN_POINT('NONE',(-43.591999,-9.393,0.001));
#2272=CARTESIAN_POINT('NONE',(-43.632999,-9.335,0.001));
#2273=CARTESIAN_POINT('NONE',(-43.676998,-9.279,0.001));
#2274=CARTESIAN_POINT('NONE',(-43.723999,-9.225,0.001));
#2275=CARTESIAN_POINT('NONE',(-43.772999,-9.173,0.001));
#2276=CARTESIAN_POINT('NONE',(-43.825001,-9.124,0.001));
#2277=CARTESIAN_POINT('NONE',(-43.879002,-9.077,0.001));
#2278=CARTESIAN_POINT('NONE',(-43.935001,-9.033,0.001));
#2279=CARTESIAN_POINT('NONE',(-43.993,-8.992,0.001));
#2280=CARTESIAN_POINT('NONE',(-44.053001,-8.954,0.001));
#2281=CARTESIAN_POINT('NONE',(-44.115002,-8.919,0.001));
#2282=CARTESIAN_POINT('NONE',(-44.179001,-8.887,0.001));
#2283=CARTESIAN_POINT('NONE',(-44.243999,-8.858,0.001));
#2284=CARTESIAN_POINT('NONE',(-44.311001,-8.832,0.001));
#2285=CARTESIAN_POINT('NONE',(-44.377998,-8.81,0.001));
#2286=CARTESIAN_POINT('NONE',(-44.446999,-8.791,0.001));
#2287=CARTESIAN_POINT('NONE',(-44.516998,-8.775,0.001));
#2288=CARTESIAN_POINT('NONE',(-44.587002,-8.763,0.001));
#2289=CARTESIAN_POINT('NONE',(-44.658001,-8.754,0.001));
#2290=CARTESIAN_POINT('NONE',(-44.729,-8.749,0.001));
#2291=CARTESIAN_POINT('NONE',(-44.799999,-8.748,0.001));
#2292=CARTESIAN_POINT('NONE',(-44.870998,-8.749,0.001));
#2293=CARTESIAN_POINT('NONE',(-44.942001,-8.754,0.001));
#2294=CARTESIAN_POINT('NONE',(-45.013,-8.763,0.001));
#2295=CARTESIAN_POINT('NONE',(-45.083,-8.775,0.001));
#2296=CARTESIAN_POINT('NONE',(-45.153,-8.791,0.001));
#2297=CARTESIAN_POINT('NONE',(-45.222,-8.81,0.001));
#2298=CARTESIAN_POINT('NONE',(-45.289001,-8.832,0.001));
#2299=CARTESIAN_POINT('NONE',(-45.355999,-8.858,0.001));
#2300=CARTESIAN_POINT('NONE',(-45.421001,-8.887,0.001));
#2301=CARTESIAN_POINT('NONE',(-45.485001,-8.919,0.001));
#2302=CARTESIAN_POINT('NONE',(-45.547001,-8.954,0.001));
#2303=CARTESIAN_POINT('NONE',(-45.606998,-8.992,0.001));
#2304=CARTESIAN_POINT('NONE',(-45.665001,-9.033,0.001));
#2305=CARTESIAN_POINT('NONE',(-45.721001,-9.077,0.001));
#2306=CARTESIAN_POINT('NONE',(-45.775002,-9.124,0.001));
#2307=CARTESIAN_POINT('NONE',(-45.827,-9.173,0.001));
#2308=CARTESIAN_POINT('NONE',(-45.875999,-9.225,0.001));
#2309=CARTESIAN_POINT('NONE',(-45.923,-9.279,0.001));
#2310=CARTESIAN_POINT('NONE',(-45.966999,-9.335,0.001));
#2311=CARTESIAN_POINT('NONE',(-46.007999,-9.393,0.001));
#2312=CARTESIAN_POINT('NONE',(-46.046001,-9.453,0.001));
#2313=CARTESIAN_POINT('NONE',(-46.081001,-9.515,0.001));
#2314=CARTESIAN_POINT('NONE',(-46.112999,-9.579,0.001));
#2315=CARTESIAN_POINT('NONE',(-46.141998,-9.644,0.001));
#2316=CARTESIAN_POINT('NONE',(-46.167999,-9.711,0.001));
#2317=CARTESIAN_POINT('NONE',(-46.189999,-9.778,0.001));
#2318=CARTESIAN_POINT('NONE',(-46.209,-9.847,0.001));
#2319=CARTESIAN_POINT('NONE',(-46.224998,-9.917,0.001));
#2320=CARTESIAN_POINT('NONE',(-46.237,-9.987,0.001));
#2321=CARTESIAN_POINT('NONE',(-46.245998,-10.058,0.001));
#2322=CARTESIAN_POINT('NONE',(-46.250999,-10.129,0.001));
#2323=CARTESIAN_POINT('NONE',(-46.252998,-10.2,0.001));
#2324=CARTESIAN_POINT('NONE',(-46.250999,-10.271,0.001));
#2325=CARTESIAN_POINT('NONE',(-46.245998,-10.342,0.001));
#2326=CARTESIAN_POINT('NONE',(-46.237,-10.413,0.001));
#2327=CARTESIAN_POINT('NONE',(-46.224998,-10.483,0.001));
#2328=CARTESIAN_POINT('NONE',(-46.209,-10.553,0.001));
#2329=CARTESIAN_POINT('NONE',(-46.189999,-10.622,0.001));
#2330=CARTESIAN_POINT('NONE',(-46.167999,-10.689,0.001));
#2331=CARTESIAN_POINT('NONE',(-46.141998,-10.756,0.001));
#2332=CARTESIAN_POINT('NONE',(-46.112999,-10.821,0.001));
#2333=CARTESIAN_POINT('NONE',(-46.081001,-10.885,0.001));
#2334=CARTESIAN_POINT('NONE',(-46.046001,-10.947,0.001));
#2335=CARTESIAN_POINT('NONE',(-46.007999,-11.007,0.001));
#2336=CARTESIAN_POINT('NONE',(-45.966999,-11.065,0.001));
#2337=CARTESIAN_POINT('NONE',(-45.923,-11.121,0.001));
#2338=CARTESIAN_POINT('NONE',(-45.875999,-11.175,0.001));
#2339=CARTESIAN_POINT('NONE',(-45.827,-11.227,0.001));
#2340=CARTESIAN_POINT('NONE',(-45.775002,-11.276,0.001));
#2341=CARTESIAN_POINT('NONE',(-45.721001,-11.323,0.001));
#2342=CARTESIAN_POINT('NONE',(-45.665001,-11.367,0.001));
#2343=CARTESIAN_POINT('NONE',(-45.606998,-11.408,0.001));
#2344=CARTESIAN_POINT('NONE',(-45.547001,-11.446,0.001));
#2345=CARTESIAN_POINT('NONE',(-45.485001,-11.481,0.001));
#2346=CARTESIAN_POINT('NONE',(-45.421001,-11.513,0.001));
#2347=CARTESIAN_POINT('NONE',(-45.355999,-11.542,0.001));
#2348=CARTESIAN_POINT('NONE',(-45.289001,-11.568,0.001));
#2349=CARTESIAN_POINT('NONE',(-45.222,-11.59,0.001));
#2350=CARTESIAN_POINT('NONE',(-45.153,-11.609,0.001));
#2351=CARTESIAN_POINT('NONE',(-45.083,-11.625,0.001));
#2352=CARTESIAN_POINT('NONE',(-45.013,-11.637,0.001));
#2353=CARTESIAN_POINT('NONE',(-44.942001,-11.646,0.001));
#2354=CARTESIAN_POINT('NONE',(-44.870998,-11.651,0.001));
#2355=CARTESIAN_POINT('NONE',(-44.799999,-11.653,0.001));
#2356=CARTESIAN_POINT('NONE',(-44.729,-11.651,0.001));
#2357=CARTESIAN_POINT('NONE',(-44.658001,-11.646,0.001));
#2358=CARTESIAN_POINT('NONE',(-44.587002,-11.637,0.001));
#2359=CARTESIAN_POINT('NONE',(-44.516998,-11.625,0.001));
#2360=CARTESIAN_POINT('NONE',(-44.446999,-11.609,0.001));
#2361=CARTESIAN_POINT('NONE',(-44.377998,-11.59,0.001));
#2362=CARTESIAN_POINT('NONE',(-44.311001,-11.568,0.001));
#2363=CARTESIAN_POINT('NONE',(-44.243999,-11.542,0.001));
#2364=CARTESIAN_POINT('NONE',(-44.179001,-11.513,0.001));
#2365=CARTESIAN_POINT('NONE',(-44.115002,-11.481,0.001));
#2366=CARTESIAN_POINT('NONE',(-44.053001,-11.446,0.001));
#2367=CARTESIAN_POINT('NONE',(-43.993,-11.408,0.001));
#2368=CARTESIAN_POINT('NONE',(-43.935001,-11.367,0.001));
#2369=CARTESIAN_POINT('NONE',(-43.879002,-11.323,0.001));
#2370=CARTESIAN_POINT('NONE',(-43.825001,-11.276,0.001));
#2371=CARTESIAN_POINT('NONE',(-43.772999,-11.227,0.001));
#2372=CARTESIAN_POINT('NONE',(-43.723999,-11.175,0.001));
#2373=CARTESIAN_POINT('NONE',(-43.676998,-11.121,0.001));
#2374=CARTESIAN_POINT('NONE',(-43.632999,-11.065,0.001));
#2375=CARTESIAN_POINT('NONE',(-43.591999,-11.007,0.001));
#2376=CARTESIAN_POINT('NONE',(-43.554001,-10.947,0.001));
#2377=CARTESIAN_POINT('NONE',(-43.519001,-10.885,0.001));
#2378=CARTESIAN_POINT('NONE',(-43.487,-10.821,0.001));
#2379=CARTESIAN_POINT('NONE',(-43.458,-10.756,0.001));
#2380=CARTESIAN_POINT('NONE',(-43.431999,-10.689,0.001));
#2381=CARTESIAN_POINT('NONE',(-43.41,-10.622,0.001));
#2382=CARTESIAN_POINT('NONE',(-43.390999,-10.553,0.001));
#2383=CARTESIAN_POINT('NONE',(-43.375,-10.483,0.001));
#2384=CARTESIAN_POINT('NONE',(-43.362999,-10.413,0.001));
#2385=CARTESIAN_POINT('NONE',(-43.354,-10.342,0.001));
#2386=CARTESIAN_POINT('NONE',(-44.75,17.648001,0.001));
#2387=CARTESIAN_POINT('NONE',(-44.679001,17.649,0.001));
#2388=CARTESIAN_POINT('NONE',(-44.608002,17.653999,0.001));
#2389=CARTESIAN_POINT('NONE',(-44.536999,17.663,0.001));
#2390=CARTESIAN_POINT('NONE',(-44.466999,17.674999,0.001));
#2391=CARTESIAN_POINT('NONE',(-44.396999,17.691,0.001));
#2392=CARTESIAN_POINT('NONE',(-44.327999,17.709999,0.001));
#2393=CARTESIAN_POINT('NONE',(-44.261002,17.732,0.001));
#2394=CARTESIAN_POINT('NONE',(-44.194,17.757999,0.001));
#2395=CARTESIAN_POINT('NONE',(-44.129002,17.787001,0.001));
#2396=CARTESIAN_POINT('NONE',(-44.064999,17.819,0.001));
#2397=CARTESIAN_POINT('NONE',(-44.002998,17.854,0.001));
#2398=CARTESIAN_POINT('NONE',(-43.943001,17.892,0.001));
#2399=CARTESIAN_POINT('NONE',(-43.884998,17.933001,0.001));
#2400=CARTESIAN_POINT('NONE',(-43.828999,17.976999,0.001));
#2401=CARTESIAN_POINT('NONE',(-43.775002,18.024,0.001));
#2402=CARTESIAN_POINT('NONE',(-43.723,18.073,0.001));
#2403=CARTESIAN_POINT('NONE',(-43.674,18.125,0.001));
#2404=CARTESIAN_POINT('NONE',(-43.626999,18.179001,0.001));
#2405=CARTESIAN_POINT('NONE',(-43.583,18.235001,0.001));
#2406=CARTESIAN_POINT('NONE',(-43.542,18.292999,0.001));
#2407=CARTESIAN_POINT('NONE',(-43.504002,18.353001,0.001));
#2408=CARTESIAN_POINT('NONE',(-43.469002,18.415001,0.001));
#2409=CARTESIAN_POINT('NONE',(-43.437,18.479,0.001));
#2410=CARTESIAN_POINT('NONE',(-43.408001,18.544001,0.001));
#2411=CARTESIAN_POINT('NONE',(-43.382,18.611,0.001));
#2412=CARTESIAN_POINT('NONE',(-43.360001,18.677999,0.001));
#2413=CARTESIAN_POINT('NONE',(-43.341,18.747,0.001));
#2414=CARTESIAN_POINT('NONE',(-43.325001,18.816999,0.001));
#2415=CARTESIAN_POINT('NONE',(-43.313,18.886999,0.001));
#2416=CARTESIAN_POINT('NONE',(-43.304001,18.958,0.001));
#2417=CARTESIAN_POINT('NONE',(-43.299,19.028999,0.001));
#2418=CARTESIAN_POINT('NONE',(-43.298,19.1,0.001));
#2419=CARTESIAN_POINT('NONE',(-43.299,19.171,0.001));
#2420=CARTESIAN_POINT('NONE',(-43.304001,19.242001,0.001));
#2421=CARTESIAN_POINT('NONE',(-43.313,19.313,0.001));
#2422=CARTESIAN_POINT('NONE',(-43.325001,19.382999,0.001));
#2423=CARTESIAN_POINT('NONE',(-43.341,19.452999,0.001));
#2424=CARTESIAN_POINT('NONE',(-43.360001,19.521999,0.001));
#2425=CARTESIAN_POINT('NONE',(-43.382,19.589001,0.001));
#2426=CARTESIAN_POINT('NONE',(-43.408001,19.656,0.001));
#2427=CARTESIAN_POINT('NONE',(-43.437,19.721001,0.001));
#2428=CARTESIAN_POINT('NONE',(-43.469002,19.785,0.001));
#2429=CARTESIAN_POINT('NONE',(-43.504002,19.847,0.001));
#2430=CARTESIAN_POINT('NONE',(-43.542,19.907,0.001));
#2431=CARTESIAN_POINT('NONE',(-43.583,19.965,0.001));
#2432=CARTESIAN_POINT('NONE',(-43.626999,20.021,0.001));
#2433=CARTESIAN_POINT('NONE',(-43.674,20.075001,0.001));
#2434=CARTESIAN_POINT('NONE',(-43.723,20.127001,0.001));
#2435=CARTESIAN_POINT('NONE',(-43.775002,20.176001,0.001));
#2436=CARTESIAN_POINT('NONE',(-43.828999,20.223,0.001));
#2437=CARTESIAN_POINT('NONE',(-43.884998,20.267,0.001));
#2438=CARTESIAN_POINT('NONE',(-43.943001,20.308001,0.001));
#2439=CARTESIAN_POINT('NONE',(-44.002998,20.346001,0.001));
#2440=CARTESIAN_POINT('NONE',(-44.064999,20.381001,0.001));
#2441=CARTESIAN_POINT('NONE',(-44.129002,20.413,0.001));
#2442=CARTESIAN_POINT('NONE',(-44.194,20.441999,0.001));
#2443=CARTESIAN_POINT('NONE',(-44.261002,20.468,0.001));
#2444=CARTESIAN_POINT('NONE',(-44.327999,20.49,0.001));
#2445=CARTESIAN_POINT('NONE',(-44.396999,20.509001,0.001));
#2446=CARTESIAN_POINT('NONE',(-44.466999,20.525,0.001));
#2447=CARTESIAN_POINT('NONE',(-44.536999,20.537001,0.001));
#2448=CARTESIAN_POINT('NONE',(-44.608002,20.546,0.001));
#2449=CARTESIAN_POINT('NONE',(-44.679001,20.551001,0.001));
#2450=CARTESIAN_POINT('NONE',(-44.75,20.552999,0.001));
#2451=CARTESIAN_POINT('NONE',(-44.820999,20.551001,0.001));
#2452=CARTESIAN_POINT('NONE',(-44.891998,20.546,0.001));
#2453=CARTESIAN_POINT('NONE',(-44.963001,20.537001,0.001));
#2454=CARTESIAN_POINT('NONE',(-45.033001,20.525,0.001));
#2455=CARTESIAN_POINT('NONE',(-45.103001,20.509001,0.001));
#2456=CARTESIAN_POINT('NONE',(-45.172001,20.49,0.001));
#2457=CARTESIAN_POINT('NONE',(-45.238998,20.468,0.001));
#2458=CARTESIAN_POINT('NONE',(-45.306,20.441999,0.001));
#2459=CARTESIAN_POINT('NONE',(-45.370998,20.413,0.001));
#2460=CARTESIAN_POINT('NONE',(-45.435001,20.381001,0.001));
#2461=CARTESIAN_POINT('NONE',(-45.497002,20.346001,0.001));
#2462=CARTESIAN_POINT('NONE',(-45.556999,20.308001,0.001));
#2463=CARTESIAN_POINT('NONE',(-45.615002,20.267,0.001));
#2464=CARTESIAN_POINT('NONE',(-45.671001,20.223,0.001));
#2465=CARTESIAN_POINT('NONE',(-45.724998,20.176001,0.001));
#2466=CARTESIAN_POINT('NONE',(-45.777,20.127001,0.001));
#2467=CARTESIAN_POINT('NONE',(-45.826,20.075001,0.001));
#2468=CARTESIAN_POINT('NONE',(-45.873001,20.021,0.001));
#2469=CARTESIAN_POINT('NONE',(-45.917,19.965,0.001));
#2470=CARTESIAN_POINT('NONE',(-45.958,19.907,0.001));
#2471=CARTESIAN_POINT('NONE',(-45.995998,19.847,0.001));
#2472=CARTESIAN_POINT('NONE',(-46.030998,19.785,0.001));
#2473=CARTESIAN_POINT('NONE',(-46.063,19.721001,0.001));
#2474=CARTESIAN_POINT('NONE',(-46.091999,19.656,0.001));
#2475=CARTESIAN_POINT('NONE',(-46.118,19.589001,0.001));
#2476=CARTESIAN_POINT('NONE',(-46.139999,19.521999,0.001));
#2477=CARTESIAN_POINT('NONE',(-46.159,19.452999,0.001));
#2478=CARTESIAN_POINT('NONE',(-46.174999,19.382999,0.001));
#2479=CARTESIAN_POINT('NONE',(-46.187,19.313,0.001));
#2480=CARTESIAN_POINT('NONE',(-46.195999,19.242001,0.001));
#2481=CARTESIAN_POINT('NONE',(-46.201,19.171,0.001));
#2482=CARTESIAN_POINT('NONE',(-46.202999,19.1,0.001));
#2483=CARTESIAN_POINT('NONE',(-46.201,19.028999,0.001));
#2484=CARTESIAN_POINT('NONE',(-46.195999,18.958,0.001));
#2485=CARTESIAN_POINT('NONE',(-46.187,18.886999,0.001));
#2486=CARTESIAN_POINT('NONE',(-46.174999,18.816999,0.001));
#2487=CARTESIAN_POINT('NONE',(-46.159,18.747,0.001));
#2488=CARTESIAN_POINT('NONE',(-46.139999,18.677999,0.001));
#2489=CARTESIAN_POINT('NONE',(-46.118,18.611,0.001));
#2490=CARTESIAN_POINT('NONE',(-46.091999,18.544001,0.001));
#2491=CARTESIAN_POINT('NONE',(-46.063,18.479,0.001));
#2492=CARTESIAN_POINT('NONE',(-46.030998,18.415001,0.001));
#2493=CARTESIAN_POINT('NONE',(-45.995998,18.353001,0.001));
#2494=CARTESIAN_POINT('NONE',(-45.958,18.292999,0.001));
#2495=CARTESIAN_POINT('NONE',(-45.917,18.235001,0.001));
#2496=CARTESIAN_POINT('NONE',(-45.873001,18.179001,0.001));
#2497=CARTESIAN_POINT('NONE',(-45.826,18.125,0.001));
#2498=CARTESIAN_POINT('NONE',(-45.777,18.073,0.001));
#2499=CARTESIAN_POINT('NONE',(-45.724998,18.024,0.001));
#2500=CARTESIAN_POINT('NONE',(-45.671001,17.976999,0.001));
#2501=CARTESIAN_POINT('NONE',(-45.615002,17.933001,0.001));
#2502=CARTESIAN_POINT('NONE',(-45.556999,17.892,0.001));
#2503=CARTESIAN_POINT('NONE',(-45.497002,17.854,0.001));
#2504=CARTESIAN_POINT('NONE',(-45.435001,17.819,0.001));
#2505=CARTESIAN_POINT('NONE',(-45.370998,17.787001,0.001));
#2506=CARTESIAN_POINT('NONE',(-45.306,17.757999,0.001));
#2507=CARTESIAN_POINT('NONE',(-45.238998,17.732,0.001));
#2508=CARTESIAN_POINT('NONE',(-45.172001,17.709999,0.001));
#2509=CARTESIAN_POINT('NONE',(-45.103001,17.691,0.001));
#2510=CARTESIAN_POINT('NONE',(-45.033001,17.674999,0.001));
#2511=CARTESIAN_POINT('NONE',(-44.963001,17.663,0.001));
#2512=CARTESIAN_POINT('NONE',(-44.891998,17.653999,0.001));
#2513=CARTESIAN_POINT('NONE',(-44.820999,17.649,0.001));
#2514=CARTESIAN_POINT('NONE',(-21.207001,-5.403,2.998));
#2515=CARTESIAN_POINT('NONE',(-22.906,14.003,2.998));
#2516=CARTESIAN_POINT('NONE',(-21.207001,3.853,2.998));
#2517=CARTESIAN_POINT('NONE',(-22.906,3.853,2.998));
#2518=CARTESIAN_POINT('NONE',(-39.75,-5.4,0));
#2519=CARTESIAN_POINT('NONE',(-39.75,14,0));
#2520=CARTESIAN_POINT('NONE',(-21.207001,-5.4,3));
#2521=CARTESIAN_POINT('NONE',(-21.207001,3.853,3));
#2522=CARTESIAN_POINT('NONE',(-22.906,14,3));
#2523=CARTESIAN_POINT('NONE',(-22.906,3.853,3));
#2524=POLY_LOOP('NONE',(#56,#57,#58,#59));
#2525=FACE_OUTER_BOUND('NONE',#2524,.T.);
#2526=POLY_LOOP('NONE',(#60,#61,#62,#63,#64,#65,#66,#67,#68,#69,#70,#71,#72,#73,#74,#75,#76,#77,#78,#79,#80,#81,#82,#83,#84,#85,#86,#87,#88,#89,#90,#91,#92,#93,#94,#95,#96,#97,#98,#99,#100,#101,#102,#103));
#2527=FACE_BOUND('NONE',#2526,.T.);
#2528=POLY_LOOP('NONE',(#104,#105,#106,#107,#108,#109,#110,#111,#112,#113,#114,#115,#116,#117,#118,#119,#120,#121,#122,#123,#124,#125,#126,#127,#128,#129,#130,#131,#132,#133,#134,#135,#136,#137,#138,#139,#140,#141,#142,#143,#144,#145,#146,#147));
#2529=FACE_BOUND('NONE',#2528,.T.);
#2530=POLY_LOOP('NONE',(#148,#149,#150,#151,#152,#153,#154,#155,#156,#157,#158,#159,#160,#161,#162,#163,#164,#165,#166,#167,#168,#169,#170,#171,#172,#173,#174,#175,#176,#177,#178,#179,#180,#181,#182,#183,#184,#185,#186,#187,#188,#189,#190,#191));
#2531=FACE_BOUND('NONE',#2530,.T.);
#2532=POLY_LOOP('NONE',(#192,#193,#194,#195,#196,#197,#198,#199,#200,#201,#202,#203,#204,#205,#206,#207,#208,#209,#210,#211,#212,#213,#214,#215,#216,#217,#218,#219,#220,#221,#222,#223,#224,#225,#226,#227,#228,#229,#230,#231,#232,#233,#234,#235));
#2533=FACE_BOUND('NONE',#2532,.T.);
#2534=POLY_LOOP('NONE',(#236,#237,#238,#239,#240,#241,#242,#243,#244,#245,#246,#247,#248,#249,#250,#251,#252,#253,#254,#255,#256,#257,#258,#259,#260,#261,#262,#263,#264,#265,#266,#267,#268,#269,#270,#271,#272,#273,#274,#275,#276,#277,#278,#279,#280,#281,#282,#283,#284,#285,#286,#287,#288,#289,#290,#291,#292,#293,#294,#295,#296,#297,#298,#299,#300,#301,#302,#303,#304,#305,#306,#307,#308,#309,#310,#311,#312,#313,#314,#315,#316,#317,#318,#319,#320,#321,#322,#323,#324,#325,#326,#327,#328,#329,#330,#331,#332,#333,#334,#335,#336,#337,#338,#339,#340,#341,#342,#343,#344,#345,#346,#347,#348,#349,#350,#351,#352,#353,#354,#355,#356,#357,#358,#359,#360,#361,#362,#363));
#2535=FACE_BOUND('NONE',#2534,.T.);
#2536=POLY_LOOP('NONE',(#364,#365,#366,#367,#368,#369,#370,#371,#372,#373,#374,#375,#376,#377,#378,#379,#380,#381,#382,#383,#384,#385,#386,#387,#388,#389,#390,#391,#392,#393,#394,#395,#396,#397,#398,#399,#400,#401,#402,#403,#404,#405,#406,#407,#408,#409,#410,#411,#412,#413,#414,#415,#416,#417,#418,#419,#420,#421,#422,#423,#424,#425,#426,#427,#428,#429,#430,#431,#432,#433,#434,#435,#436,#437,#438,#439,#440,#441,#442,#443,#444,#445,#446,#447,#448,#449,#450,#451,#452,#453,#454,#455,#456,#457,#458,#459,#460,#461,#462,#463,#464,#465,#466,#467,#468,#469,#470,#471,#472,#473,#474,#475,#476,#477,#478,#479,#480,#481,#482,#483,#484,#485,#486,#487,#488,#489,#490,#491));
#2537=FACE_BOUND('NONE',#2536,.T.);
#2538=POLY_LOOP('NONE',(#492,#493,#494,#495,#496,#497,#498,#499,#500,#501,#502,#503,#504,#505,#506,#507,#508,#509,#510,#511,#512,#513,#514,#515,#516,#517,#518,#519,#520,#521,#522,#523,#524,#525,#526,#527,#528,#529,#530,#531,#532,#533,#534,#535,#536,#537,#538,#539,#540,#541,#542,#543,#544,#545,#546,#547,#548,#549,#550,#551,#552,#553,#554,#555,#556,#557,#558,#559,#560,#561,#562,#563,#564,#565,#566,#567,#568,#569,#570,#571,#572,#573,#574,#575,#576,#577,#578,#579,#580,#581,#582,#583,#584,#585,#586,#587,#588,#589,#590,#591,#592,#593,#594,#595,#596,#597,#598,#599,#600,#601,#602,#603,#604,#605,#606,#607,#608,#609,#610,#611,#612,#613,#614,#615,#616,#617,#618,#619));
#2539=FACE_BOUND('NONE',#2538,.T.);
#2540=POLY_LOOP('NONE',(#620,#621,#622,#623,#624,#625,#626,#627,#628,#629,#630,#631,#632,#633,#634,#635,#636,#637,#638,#639,#640,#641,#642,#643,#644,#645,#646,#647,#648,#649,#650,#651,#652,#653,#654,#655,#656,#657,#658,#659,#660,#661,#662,#663,#664,#665,#666,#667,#668,#669,#670,#671,#672,#673,#674,#675,#676,#677,#678,#679,#680,#681,#682,#683,#684,#685,#686,#687,#688,#689,#690,#691,#692,#693,#694,#695,#696,#697,#698,#699,#700,#701,#702,#703,#704,#705,#706,#707,#708,#709,#710,#711,#712,#713,#714,#715,#716,#717,#718,#719,#720,#721,#722,#723,#724,#725,#726,#727,#728,#729,#730,#731,#732,#733,#734,#735,#736,#737,#738,#739,#740,#741,#742,#743,#744,#745,#746,#747));
#2541=FACE_BOUND('NONE',#2540,.T.);
#2542=DIRECTION('NONE',(0,0,-1));
#2543=DIRECTION('NONE',(0,1,0));
#2544=AXIS2_PLACEMENT_3D('NONE',#56,#2542,#2543);
#2545=PLANE('NONE',#2544);
#2546=FACE_SURFACE('NONE',(#2525,#2527,#2529,#2531,#2533,#2535,#2537,#2539,#2541),#2545,.T.);
#2547=POLY_LOOP('NONE',(#56,#59,#748,#749));
#2548=FACE_OUTER_BOUND('NONE',#2547,.T.);
#2549=DIRECTION('NONE',(0,-1,0));
#2550=DIRECTION('NONE',(1,0,0));
#2551=AXIS2_PLACEMENT_3D('NONE',#56,#2549,#2550);
#2552=PLANE('NONE',#2551);
#2553=FACE_SURFACE('NONE',(#2548),#2552,.T.);
#2554=POLY_LOOP('NONE',(#749,#750,#57,#56));
#2555=FACE_OUTER_BOUND('NONE',#2554,.T.);
#2556=DIRECTION('NONE',(-1,0,0));
#2557=DIRECTION('NONE',(0,1,0));
#2558=AXIS2_PLACEMENT_3D('NONE',#749,#2556,#2557);
#2559=PLANE('NONE',#2558);
#2560=FACE_SURFACE('NONE',(#2555),#2559,.T.);
#2561=POLY_LOOP('NONE',(#57,#750,#751,#58));
#2562=FACE_OUTER_BOUND('NONE',#2561,.T.);
#2563=DIRECTION('NONE',(0,1,0));
#2564=DIRECTION('NONE',(0,0,1));
#2565=AXIS2_PLACEMENT_3D('NONE',#57,#2563,#2564);
#2566=PLANE('NONE',#2565);
#2567=FACE_SURFACE('NONE',(#2562),#2566,.T.);
#2568=POLY_LOOP('NONE',(#752,#753,#754,#755));
#2569=FACE_OUTER_BOUND('NONE',#2568,.T.);
#2570=DIRECTION('NONE',(-1,0,0));
#2571=DIRECTION('NONE',(0,0,1));
#2572=AXIS2_PLACEMENT_3D('NONE',#752,#2570,#2571);
#2573=PLANE('NONE',#2572);
#2574=FACE_SURFACE('NONE',(#2569),#2573,.T.);
#2575=POLY_LOOP('NONE',(#756,#757,#758,#759));
#2576=FACE_OUTER_BOUND('NONE',#2575,.T.);
#2577=DIRECTION('NONE',(-1,0,0));
#2578=DIRECTION('NONE',(0,0,1));
#2579=AXIS2_PLACEMENT_3D('NONE',#756,#2577,#2578);
#2580=PLANE('NONE',#2579);
#2581=FACE_SURFACE('NONE',(#2576),#2580,.T.);
#2582=POLY_LOOP('NONE',(#752,#759,#758,#753));
#2583=FACE_OUTER_BOUND('NONE',#2582,.T.);
#2584=DIRECTION('NONE',(0,-1,0));
#2585=DIRECTION('NONE',(1,0,0));
#2586=AXIS2_PLACEMENT_3D('NONE',#752,#2584,#2585);
#2587=PLANE('NONE',#2586);
#2588=FACE_SURFACE('NONE',(#2583),#2587,.T.);
#2589=POLY_LOOP('NONE',(#760,#761,#762,#763));
#2590=FACE_OUTER_BOUND('NONE',#2589,.T.);
#2591=DIRECTION('NONE',(-1,0,0));
#2592=DIRECTION('NONE',(0,0,1));
#2593=AXIS2_PLACEMENT_3D('NONE',#760,#2591,#2592);
#2594=PLANE('NONE',#2593);
#2595=FACE_SURFACE('NONE',(#2590),#2594,.T.);
#2596=POLY_LOOP('NONE',(#362,#764,#765,#363));
#2597=FACE_OUTER_BOUND('NONE',#2596,.T.);
#2598=DIRECTION('NONE',(0.307809,-0.951448,0));
#2599=DIRECTION('NONE',(0,0,1));
#2600=AXIS2_PLACEMENT_3D('NONE',#362,#2598,#2599);
#2601=PLANE('NONE',#2600);
#2602=FACE_SURFACE('NONE',(#2597),#2601,.T.);
#2603=POLY_LOOP('NONE',(#754,#761,#760,#755));
#2604=FACE_OUTER_BOUND('NONE',#2603,.T.);
#2605=DIRECTION('NONE',(0,1,0));
#2606=DIRECTION('NONE',(1,0,0));
#2607=AXIS2_PLACEMENT_3D('NONE',#754,#2605,#2606);
#2608=PLANE('NONE',#2607);
#2609=FACE_SURFACE('NONE',(#2604),#2608,.T.);
#2610=POLY_LOOP('NONE',(#361,#766,#764,#362));
#2611=FACE_OUTER_BOUND('NONE',#2610,.T.);
#2612=DIRECTION('NONE',(0.265493,-0.964113,0));
#2613=DIRECTION('NONE',(0,0,1));
#2614=AXIS2_PLACEMENT_3D('NONE',#361,#2612,#2613);
#2615=PLANE('NONE',#2614);
#2616=FACE_SURFACE('NONE',(#2611),#2615,.T.);
#2617=POLY_LOOP('NONE',(#766,#361,#360,#767));
#2618=FACE_OUTER_BOUND('NONE',#2617,.T.);
#2619=DIRECTION('NONE',(0.225874,-0.974156,0));
#2620=DIRECTION('NONE',(0,0,-1));
#2621=AXIS2_PLACEMENT_3D('NONE',#766,#2619,#2620);
#2622=PLANE('NONE',#2621);
#2623=FACE_SURFACE('NONE',(#2618),#2622,.T.);
#2624=POLY_LOOP('NONE',(#754,#753,#758,#757,#768,#769,#770,#771,#772,#773,#762,#761));
#2625=FACE_OUTER_BOUND('NONE',#2624,.T.);
#2626=POLY_LOOP('NONE',(#774,#775,#776,#777,#778,#779,#780,#781,#782,#783,#784,#785,#786,#787,#788,#789,#790,#791,#792,#793,#794,#795,#796,#797,#798,#799,#800,#801,#802,#803,#804,#805,#806,#807,#808,#809,#810,#811,#812,#813,#814,#815,#816,#817));
#2627=FACE_BOUND('NONE',#2626,.T.);
#2628=POLY_LOOP('NONE',(#818,#819,#820,#821,#822,#823,#824,#825,#826,#827,#828,#829,#830,#831,#832,#833,#834,#835,#836,#837,#838,#839,#840,#841,#842,#843,#844,#845,#846,#847,#848,#849,#850,#851,#852,#853,#854,#855,#856,#857,#858,#859,#860,#861));
#2629=FACE_BOUND('NONE',#2628,.T.);
#2630=POLY_LOOP('NONE',(#862,#863,#864,#865,#866,#867,#868,#869,#870,#871,#872,#873,#874,#875,#876,#877,#878,#879,#880,#881,#882,#883,#884,#885,#886,#887,#888,#889,#890,#891,#892,#893,#894,#895,#896,#897,#898,#899,#900,#901,#902,#903,#904,#905));
#2631=FACE_BOUND('NONE',#2630,.T.);
#2632=POLY_LOOP('NONE',(#906,#907,#908,#909,#910,#911,#912,#913,#914,#915,#916,#917,#918,#919,#920,#921,#922,#923,#924,#925,#926,#927,#928,#929,#930,#931,#932,#933,#934,#935,#936,#937,#938,#939,#940,#941,#942,#943,#944,#945,#946,#947,#948,#949));
#2633=FACE_BOUND('NONE',#2632,.T.);
#2634=DIRECTION('NONE',(0,0,1));
#2635=DIRECTION('NONE',(0,-1,0));
#2636=AXIS2_PLACEMENT_3D('NONE',#754,#2634,#2635);
#2637=PLANE('NONE',#2636);
#2638=FACE_SURFACE('NONE',(#2625,#2627,#2629,#2631,#2633),#2637,.T.);
#2639=POLY_LOOP('NONE',(#750,#749,#748,#751));
#2640=FACE_OUTER_BOUND('NONE',#2639,.T.);
#2641=POLY_LOOP('NONE',(#752,#755,#760,#763,#950,#951,#952,#953,#954,#955,#756,#759));
#2642=FACE_BOUND('NONE',#2641,.T.);
#2643=POLY_LOOP('NONE',(#956,#957,#958,#959,#960,#961,#962,#963,#765,#764,#766,#767,#964,#965,#966,#967,#968,#969,#970,#971,#972,#973,#974,#975,#976,#977,#978,#979,#980,#981,#982,#983,#984,#985,#986,#987,#988,#989,#990,#991,#992,#993,#994,#995,#996,#997,#998,#999,#1000,#1001,#1002,#1003,#1004,#1005,#1006,#1007,#1008,#1009,#1010,#1011,#1012,#1013,#1014,#1015,#1016,#1017,#1018,#1019,#1020,#1021,#1022,#1023,#1024,#1025,#1026,#1027,#1028,#1029,#1030,#1031,#1032,#1033,#1034,#1035,#1036,#1037,#1038,#1039,#1040,#1041,#1042,#1043,#1044,#1045,#1046,#1047,#1048,#1049,#1050,#1051,#1052,#1053,#1054,#1055,#1056,#1057,#1058,#1059,#1060,#1061,#1062,#1063,#1064,#1065,#1066,#1067,#1068,#1069,#1070,#1071,#1072,#1073,#1074,#1075,#1076,#1077,#1078,#1079));
#2644=FACE_BOUND('NONE',#2643,.T.);
#2645=POLY_LOOP('NONE',(#1080,#1081,#1082,#1083,#1084,#1085,#1086,#1087,#1088,#1089,#1090,#1091,#1092,#1093,#1094,#1095,#1096,#1097,#1098,#1099,#1100,#1101,#1102,#1103,#1104,#1105,#1106,#1107,#1108,#1109,#1110,#1111,#1112,#1113,#1114,#1115,#1116,#1117,#1118,#1119,#1120,#1121,#1122,#1123,#1124,#1125,#1126,#1127,#1128,#1129,#1130,#1131,#1132,#1133,#1134,#1135,#1136,#1137,#1138,#1139,#1140,#1141,#1142,#1143,#1144,#1145,#1146,#1147,#1148,#1149,#1150,#1151,#1152,#1153,#1154,#1155,#1156,#1157,#1158,#1159,#1160,#1161,#1162,#1163,#1164,#1165,#1166,#1167,#1168,#1169,#1170,#1171,#1172,#1173,#1174,#1175,#1176,#1177,#1178,#1179,#1180,#1181,#1182,#1183,#1184,#1185,#1186,#1187,#1188,#1189,#1190,#1191,#1192,#1193,#1194,#1195,#1196,#1197,#1198,#1199,#1200,#1201,#1202,#1203,#1204,#1205,#1206,#1207));
#2646=FACE_BOUND('NONE',#2645,.T.);
#2647=POLY_LOOP('NONE',(#1208,#1209,#1210,#1211,#1212,#1213,#1214,#1215,#1216,#1217,#1218,#1219,#1220,#1221,#1222,#1223,#1224,#1225,#1226,#1227,#1228,#1229,#1230,#1231,#1232,#1233,#1234,#1235,#1236,#1237,#1238,#1239,#1240,#1241,#1242,#1243,#1244,#1245,#1246,#1247,#1248,#1249,#1250,#1251,#1252,#1253,#1254,#1255,#1256,#1257,#1258,#1259,#1260,#1261,#1262,#1263,#1264,#1265,#1266,#1267,#1268,#1269,#1270,#1271,#1272,#1273,#1274,#1275,#1276,#1277,#1278,#1279,#1280,#1281,#1282,#1283,#1284,#1285,#1286,#1287,#1288,#1289,#1290,#1291,#1292,#1293,#1294,#1295,#1296,#1297,#1298,#1299,#1300,#1301,#1302,#1303,#1304,#1305,#1306,#1307,#1308,#1309,#1310,#1311,#1312,#1313,#1314,#1315,#1316,#1317,#1318,#1319,#1320,#1321,#1322,#1323,#1324,#1325,#1326,#1327,#1328,#1329,#1330,#1331,#1332,#1333,#1334,#1335));
#2648=FACE_BOUND('NONE',#2647,.T.);
#2649=POLY_LOOP('NONE',(#1336,#1337,#1338,#1339,#1340,#1341,#1342,#1343,#1344,#1345,#1346,#1347,#1348,#1349,#1350,#1351,#1352,#1353,#1354,#1355,#1356,#1357,#1358,#1359,#1360,#1361,#1362,#1363,#1364,#1365,#1366,#1367,#1368,#1369,#1370,#1371,#1372,#1373,#1374,#1375,#1376,#1377,#1378,#1379,#1380,#1381,#1382,#1383,#1384,#1385,#1386,#1387,#1388,#1389,#1390,#1391,#1392,#1393,#1394,#1395,#1396,#1397,#1398,#1399,#1400,#1401,#1402,#1403,#1404,#1405,#1406,#1407,#1408,#1409,#1410,#1411,#1412,#1413,#1414,#1415,#1416,#1417,#1418,#1419,#1420,#1421,#1422,#1423,#1424,#1425,#1426,#1427,#1428,#1429,#1430,#1431,#1432,#1433,#1434,#1435,#1436,#1437,#1438,#1439,#1440,#1441,#1442,#1443,#1444,#1445,#1446,#1447,#1448,#1449,#1450,#1451,#1452,#1453,#1454,#1455,#1456,#1457,#1458,#1459,#1460,#1461,#1462,#1463));
#2650=FACE_BOUND('NONE',#2649,.T.);
#2651=DIRECTION('NONE',(0,0,1));
#2652=DIRECTION('NONE',(0,-1,0));
#2653=AXIS2_PLACEMENT_3D('NONE',#750,#2651,#2652);
#2654=PLANE('NONE',#2653);
#2655=FACE_SURFACE('NONE',(#2640,#2642,#2644,#2646,#2648,#2650),#2654,.T.);
#2656=POLY_LOOP('NONE',(#1166,#422,#421,#1167));
#2657=FACE_OUTER_BOUND('NONE',#2656,.T.);
#2658=DIRECTION('NONE',(-0.974862,-0.22281,0));
#2659=DIRECTION('NONE',(0,0,-1));
#2660=AXIS2_PLACEMENT_3D('NONE',#1166,#2658,#2659);
#2661=PLANE('NONE',#2660);
#2662=FACE_SURFACE('NONE',(#2657),#2661,.T.);
#2663=POLY_LOOP('NONE',(#239,#960,#959,#240));
#2664=FACE_OUTER_BOUND('NONE',#2663,.T.);
#2665=DIRECTION('NONE',(0.535025,-0.844836,0));
#2666=DIRECTION('NONE',(0,0,1));
#2667=AXIS2_PLACEMENT_3D('NONE',#239,#2665,#2666);
#2668=PLANE('NONE',#2667);
#2669=FACE_SURFACE('NONE',(#2664),#2668,.T.);
#2670=POLY_LOOP('NONE',(#960,#239,#238,#961));
#2671=FACE_OUTER_BOUND('NONE',#2670,.T.);
#2672=DIRECTION('NONE',(0.491591,-0.870826,0));
#2673=DIRECTION('NONE',(0,0,-1));
#2674=AXIS2_PLACEMENT_3D('NONE',#960,#2672,#2673);
#2675=PLANE('NONE',#2674);
#2676=FACE_SURFACE('NONE',(#2671),#2675,.T.);
#2677=POLY_LOOP('NONE',(#237,#962,#961,#238));
#2678=FACE_OUTER_BOUND('NONE',#2677,.T.);
#2679=DIRECTION('NONE',(0.452884,-0.89157,0));
#2680=DIRECTION('NONE',(0,0,1));
#2681=AXIS2_PLACEMENT_3D('NONE',#237,#2679,#2680);
#2682=PLANE('NONE',#2681);
#2683=FACE_SURFACE('NONE',(#2678),#2682,.T.);
#2684=POLY_LOOP('NONE',(#962,#237,#236,#963));
#2685=FACE_OUTER_BOUND('NONE',#2684,.T.);
#2686=DIRECTION('NONE',(0.402256,-0.915527,0));
#2687=DIRECTION('NONE',(0,0,-1));
#2688=AXIS2_PLACEMENT_3D('NONE',#962,#2686,#2687);
#2689=PLANE('NONE',#2688);
#2690=FACE_SURFACE('NONE',(#2685),#2689,.T.);
#2691=POLY_LOOP('NONE',(#461,#1127,#1126,#462));
#2692=FACE_OUTER_BOUND('NONE',#2691,.T.);
#2693=DIRECTION('NONE',(0.570648,-0.821195,0));
#2694=DIRECTION('NONE',(0,0,1));
#2695=AXIS2_PLACEMENT_3D('NONE',#461,#2693,#2694);
#2696=PLANE('NONE',#2695);
#2697=FACE_SURFACE('NONE',(#2692),#2696,.T.);
#2698=POLY_LOOP('NONE',(#358,#357,#966,#965));
#2699=FACE_OUTER_BOUND('NONE',#2698,.T.);
#2700=DIRECTION('NONE',(0.070264,-0.997528,0));
#2701=DIRECTION('NONE',(0.997528,0.070264,0));
#2702=AXIS2_PLACEMENT_3D('NONE',#358,#2700,#2701);
#2703=PLANE('NONE',#2702);
#2704=FACE_SURFACE('NONE',(#2699),#2703,.T.);
#2705=POLY_LOOP('NONE',(#356,#967,#966,#357));
#2706=FACE_OUTER_BOUND('NONE',#2705,.T.);
#2707=DIRECTION('NONE',(0.028141,-0.999604,0));
#2708=DIRECTION('NONE',(0,0,1));
#2709=AXIS2_PLACEMENT_3D('NONE',#356,#2707,#2708);
#2710=PLANE('NONE',#2709);
#2711=FACE_SURFACE('NONE',(#2706),#2710,.T.);
#2712=POLY_LOOP('NONE',(#354,#969,#968,#355));
#2713=FACE_OUTER_BOUND('NONE',#2712,.T.);
#2714=DIRECTION('NONE',(-0.070264,-0.997528,0));
#2715=DIRECTION('NONE',(0,0,1));
#2716=AXIS2_PLACEMENT_3D('NONE',#354,#2714,#2715);
#2717=PLANE('NONE',#2716);
#2718=FACE_SURFACE('NONE',(#2713),#2717,.T.);
#2719=POLY_LOOP('NONE',(#969,#354,#353,#970));
#2720=FACE_OUTER_BOUND('NONE',#2719,.T.);
#2721=DIRECTION('NONE',(-0.12574,-0.992063,0));
#2722=DIRECTION('NONE',(0,0,-1));
#2723=AXIS2_PLACEMENT_3D('NONE',#969,#2721,#2722);
#2724=PLANE('NONE',#2723);
#2725=FACE_SURFACE('NONE',(#2720),#2724,.T.);
#2726=POLY_LOOP('NONE',(#1435,#630,#629,#1436));
#2727=FACE_OUTER_BOUND('NONE',#2726,.T.);
#2728=DIRECTION('NONE',(0.918419,0.39561,0));
#2729=DIRECTION('NONE',(0,0,-1));
#2730=AXIS2_PLACEMENT_3D('NONE',#1435,#2728,#2729);
#2731=PLANE('NONE',#2730);
#2732=FACE_SURFACE('NONE',(#2727),#2731,.T.);
#2733=POLY_LOOP('NONE',(#640,#1425,#1424,#641));
#2734=FACE_OUTER_BOUND('NONE',#2733,.T.);
#2735=DIRECTION('NONE',(0.570672,0.821178,0));
#2736=DIRECTION('NONE',(0,0,1));
#2737=AXIS2_PLACEMENT_3D('NONE',#640,#2735,#2736);
#2738=PLANE('NONE',#2737);
#2739=FACE_SURFACE('NONE',(#2734),#2738,.T.);
#2740=POLY_LOOP('NONE',(#1425,#640,#639,#1426));
#2741=FACE_OUTER_BOUND('NONE',#2740,.T.);
#2742=DIRECTION('NONE',(0.617812,0.786326,0));
#2743=DIRECTION('NONE',(0,0,-1));
#2744=AXIS2_PLACEMENT_3D('NONE',#1425,#2742,#2743);
#2745=PLANE('NONE',#2744);
#2746=FACE_SURFACE('NONE',(#2741),#2745,.T.);
#2747=POLY_LOOP('NONE',(#631,#1434,#1433,#632));
#2748=FACE_OUTER_BOUND('NONE',#2747,.T.);
#2749=DIRECTION('NONE',(0.870813,0.491614,0));
#2750=DIRECTION('NONE',(0,0,1));
#2751=AXIS2_PLACEMENT_3D('NONE',#631,#2749,#2750);
#2752=PLANE('NONE',#2751);
#2753=FACE_SURFACE('NONE',(#2748),#2752,.T.);
#2754=POLY_LOOP('NONE',(#1434,#631,#630,#1435));
#2755=FACE_OUTER_BOUND('NONE',#2754,.T.);
#2756=DIRECTION('NONE',(0.888807,0.458283,0));
#2757=DIRECTION('NONE',(0,0,-1));
#2758=AXIS2_PLACEMENT_3D('NONE',#1434,#2756,#2757);
#2759=PLANE('NONE',#2758);
#2760=FACE_SURFACE('NONE',(#2755),#2759,.T.);
#2761=POLY_LOOP('NONE',(#1441,#1440,#625,#624));
#2762=FACE_OUTER_BOUND('NONE',#2761,.T.);
#2763=DIRECTION('NONE',(0.98562,0.168979,0));
#2764=DIRECTION('NONE',(0.168979,-0.98562,0));
#2765=AXIS2_PLACEMENT_3D('NONE',#1441,#2763,#2764);
#2766=PLANE('NONE',#2765);
#2767=FACE_SURFACE('NONE',(#2762),#2766,.T.);
#2768=POLY_LOOP('NONE',(#624,#623,#1442,#1441));
#2769=FACE_OUTER_BOUND('NONE',#2768,.T.);
#2770=DIRECTION('NONE',(0.992063,0.12574,0));
#2771=DIRECTION('NONE',(-0.12574,0.992063,0));
#2772=AXIS2_PLACEMENT_3D('NONE',#624,#2770,#2771);
#2773=PLANE('NONE',#2772);
#2774=FACE_SURFACE('NONE',(#2769),#2773,.T.);
#2775=POLY_LOOP('NONE',(#500,#1332,#1331,#501));
#2776=FACE_OUTER_BOUND('NONE',#2775,.T.);
#2777=DIRECTION('NONE',(0.225874,0.974156,0));
#2778=DIRECTION('NONE',(0,0,1));
#2779=AXIS2_PLACEMENT_3D('NONE',#500,#2777,#2778);
#2780=PLANE('NONE',#2779);
#2781=FACE_SURFACE('NONE',(#2776),#2780,.T.);
#2782=POLY_LOOP('NONE',(#1332,#500,#499,#1333));
#2783=FACE_OUTER_BOUND('NONE',#2782,.T.);
#2784=DIRECTION('NONE',(0.265493,0.964113,0));
#2785=DIRECTION('NONE',(0,0,-1));
#2786=AXIS2_PLACEMENT_3D('NONE',#1332,#2784,#2785);
#2787=PLANE('NONE',#2786);
#2788=FACE_SURFACE('NONE',(#2783),#2787,.T.);
#2789=POLY_LOOP('NONE',(#498,#1334,#1333,#499));
#2790=FACE_OUTER_BOUND('NONE',#2789,.T.);
#2791=DIRECTION('NONE',(0.307809,0.951448,0));
#2792=DIRECTION('NONE',(0,0,1));
#2793=AXIS2_PLACEMENT_3D('NONE',#498,#2791,#2792);
#2794=PLANE('NONE',#2793);
#2795=FACE_SURFACE('NONE',(#2790),#2794,.T.);
#2796=POLY_LOOP('NONE',(#1334,#498,#497,#1335));
#2797=FACE_OUTER_BOUND('NONE',#2796,.T.);
#2798=DIRECTION('NONE',(0.366546,0.9304,0));
#2799=DIRECTION('NONE',(0,0,-1));
#2800=AXIS2_PLACEMENT_3D('NONE',#1334,#2798,#2799);
#2801=PLANE('NONE',#2800);
#2802=FACE_SURFACE('NONE',(#2797),#2801,.T.);
#2803=POLY_LOOP('NONE',(#627,#1438,#1437,#628));
#2804=FACE_OUTER_BOUND('NONE',#2803,.T.);
#2805=DIRECTION('NONE',(0.950096,0.311957,0));
#2806=DIRECTION('NONE',(0,0,1));
#2807=AXIS2_PLACEMENT_3D('NONE',#627,#2805,#2806);
#2808=PLANE('NONE',#2807);
#2809=FACE_SURFACE('NONE',(#2804),#2808,.T.);
#2810=POLY_LOOP('NONE',(#627,#626,#1439,#1438));
#2811=FACE_OUTER_BOUND('NONE',#2810,.T.);
#2812=DIRECTION('NONE',(0.964113,0.265493,0));
#2813=DIRECTION('NONE',(-0.265493,0.964113,0));
#2814=AXIS2_PLACEMENT_3D('NONE',#627,#2812,#2813);
#2815=PLANE('NONE',#2814);
#2816=FACE_SURFACE('NONE',(#2811),#2815,.T.);
#2817=POLY_LOOP('NONE',(#1439,#626,#625,#1440));
#2818=FACE_OUTER_BOUND('NONE',#2817,.T.);
#2819=DIRECTION('NONE',(0.974862,0.22281,0));
#2820=DIRECTION('NONE',(0,0,-1));
#2821=AXIS2_PLACEMENT_3D('NONE',#1439,#2819,#2820);
#2822=PLANE('NONE',#2821);
#2823=FACE_SURFACE('NONE',(#2818),#2822,.T.);
#2824=POLY_LOOP('NONE',(#506,#1326,#1325,#507));
#2825=FACE_OUTER_BOUND('NONE',#2824,.T.);
#2826=DIRECTION('NONE',(-0.084215,0.996448,0));
#2827=DIRECTION('NONE',(0,0,1));
#2828=AXIS2_PLACEMENT_3D('NONE',#506,#2826,#2827);
#2829=PLANE('NONE',#2828);
#2830=FACE_SURFACE('NONE',(#2825),#2829,.T.);
#2831=POLY_LOOP('NONE',(#1327,#1326,#506,#505));
#2832=FACE_OUTER_BOUND('NONE',#2831,.T.);
#2833=DIRECTION('NONE',(-0.01388,0.999904,0));
#2834=DIRECTION('NONE',(0.999904,0.01388,0));
#2835=AXIS2_PLACEMENT_3D('NONE',#1327,#2833,#2834);
#2836=PLANE('NONE',#2835);
#2837=FACE_SURFACE('NONE',(#2832),#2836,.T.);
#2838=POLY_LOOP('NONE',(#1450,#1449,#744,#743));
#2839=FACE_OUTER_BOUND('NONE',#2838,.T.);
#2840=DIRECTION('NONE',(0.964113,-0.265493,0));
#2841=DIRECTION('NONE',(-0.265493,-0.964113,0));
#2842=AXIS2_PLACEMENT_3D('NONE',#1450,#2840,#2841);
#2843=PLANE('NONE',#2842);
#2844=FACE_SURFACE('NONE',(#2839),#2843,.T.);
#2845=POLY_LOOP('NONE',(#742,#1451,#1450,#743));
#2846=FACE_OUTER_BOUND('NONE',#2845,.T.);
#2847=DIRECTION('NONE',(0.950096,-0.311957,0));
#2848=DIRECTION('NONE',(0,0,1));
#2849=AXIS2_PLACEMENT_3D('NONE',#742,#2847,#2848);
#2850=PLANE('NONE',#2849);
#2851=FACE_SURFACE('NONE',(#2846),#2850,.T.);
#2852=POLY_LOOP('NONE',(#1218,#1217,#615,#614));
#2853=FACE_OUTER_BOUND('NONE',#2852,.T.);
#2854=DIRECTION('NONE',(0.786326,0.617812,0));
#2855=DIRECTION('NONE',(0.617812,-0.786326,0));
#2856=AXIS2_PLACEMENT_3D('NONE',#1218,#2854,#2855);
#2857=PLANE('NONE',#2856);
#2858=FACE_SURFACE('NONE',(#2853),#2857,.T.);
#2859=POLY_LOOP('NONE',(#1218,#614,#613,#1219));
#2860=FACE_OUTER_BOUND('NONE',#2859,.T.);
#2861=DIRECTION('NONE',(0.816569,0.577248,0));
#2862=DIRECTION('NONE',(0,0,-1));
#2863=AXIS2_PLACEMENT_3D('NONE',#1218,#2861,#2862);
#2864=PLANE('NONE',#2863);
#2865=FACE_SURFACE('NONE',(#2860),#2864,.T.);
#2866=POLY_LOOP('NONE',(#648,#647,#1418,#1417));
#2867=FACE_OUTER_BOUND('NONE',#2866,.T.);
#2868=DIRECTION('NONE',(0.265507,0.964109,0));
#2869=DIRECTION('NONE',(-0.964109,0.265507,0));
#2870=AXIS2_PLACEMENT_3D('NONE',#648,#2868,#2869);
#2871=PLANE('NONE',#2870);
#2872=FACE_SURFACE('NONE',(#2867),#2871,.T.);
#2873=POLY_LOOP('NONE',(#1418,#647,#646,#1419));
#2874=FACE_OUTER_BOUND('NONE',#2873,.T.);
#2875=DIRECTION('NONE',(0.307809,0.951448,0));
#2876=DIRECTION('NONE',(0,0,-1));
#2877=AXIS2_PLACEMENT_3D('NONE',#1418,#2875,#2876);
#2878=PLANE('NONE',#2877);
#2879=FACE_SURFACE('NONE',(#2874),#2878,.T.);
#2880=POLY_LOOP('NONE',(#599,#1233,#1232,#600));
#2881=FACE_OUTER_BOUND('NONE',#2880,.T.);
#2882=DIRECTION('NONE',(0.997528,-0.070264,0));
#2883=DIRECTION('NONE',(0,0,1));
#2884=AXIS2_PLACEMENT_3D('NONE',#599,#2882,#2883);
#2885=PLANE('NONE',#2884);
#2886=FACE_SURFACE('NONE',(#2881),#2885,.T.);
#2887=POLY_LOOP('NONE',(#1234,#1233,#599,#598));
#2888=FACE_OUTER_BOUND('NONE',#2887,.T.);
#2889=DIRECTION('NONE',(0.992063,-0.12574,0));
#2890=DIRECTION('NONE',(-0.12574,-0.992063,0));
#2891=AXIS2_PLACEMENT_3D('NONE',#1234,#2889,#2890);
#2892=PLANE('NONE',#2891);
#2893=FACE_SURFACE('NONE',(#2888),#2892,.T.);
#2894=POLY_LOOP('NONE',(#670,#669,#1396,#1395));
#2895=FACE_OUTER_BOUND('NONE',#2894,.T.);
#2896=DIRECTION('NONE',(-0.727753,0.685839,0));
#2897=DIRECTION('NONE',(-0.685839,-0.727753,0));
#2898=AXIS2_PLACEMENT_3D('NONE',#670,#2896,#2897);
#2899=PLANE('NONE',#2898);
#2900=FACE_SURFACE('NONE',(#2895),#2899,.T.);
#2901=POLY_LOOP('NONE',(#968,#967,#356,#355));
#2902=FACE_OUTER_BOUND('NONE',#2901,.T.);
#2903=DIRECTION('NONE',(-0.027752,-0.999615,0));
#2904=DIRECTION('NONE',(-0.999615,0.027752,0));
#2905=AXIS2_PLACEMENT_3D('NONE',#968,#2903,#2904);
#2906=PLANE('NONE',#2905);
#2907=FACE_SURFACE('NONE',(#2902),#2906,.T.);
#2908=POLY_LOOP('NONE',(#971,#970,#353,#352));
#2909=FACE_OUTER_BOUND('NONE',#2908,.T.);
#2910=DIRECTION('NONE',(-0.168979,-0.98562,0));
#2911=DIRECTION('NONE',(-0.98562,0.168979,0));
#2912=AXIS2_PLACEMENT_3D('NONE',#971,#2910,#2911);
#2913=PLANE('NONE',#2912);
#2914=FACE_SURFACE('NONE',(#2909),#2913,.T.);
#2915=POLY_LOOP('NONE',(#971,#352,#351,#972));
#2916=FACE_OUTER_BOUND('NONE',#2915,.T.);
#2917=DIRECTION('NONE',(-0.225874,-0.974156,0));
#2918=DIRECTION('NONE',(0,0,-1));
#2919=AXIS2_PLACEMENT_3D('NONE',#971,#2917,#2918);
#2920=PLANE('NONE',#2919);
#2921=FACE_SURFACE('NONE',(#2916),#2920,.T.);
#2922=POLY_LOOP('NONE',(#350,#973,#972,#351));
#2923=FACE_OUTER_BOUND('NONE',#2922,.T.);
#2924=DIRECTION('NONE',(-0.265493,-0.964113,0));
#2925=DIRECTION('NONE',(0,0,1));
#2926=AXIS2_PLACEMENT_3D('NONE',#350,#2924,#2925);
#2927=PLANE('NONE',#2926);
#2928=FACE_SURFACE('NONE',(#2923),#2927,.T.);
#2929=POLY_LOOP('NONE',(#1305,#527,#526,#1306));
#2930=FACE_OUTER_BOUND('NONE',#2929,.T.);
#2931=DIRECTION('NONE',(-0.870813,0.491614,0));
#2932=DIRECTION('NONE',(0,0,-1));
#2933=AXIS2_PLACEMENT_3D('NONE',#1305,#2931,#2932);
#2934=PLANE('NONE',#2933);
#2935=FACE_SURFACE('NONE',(#2930),#2934,.T.);
#2936=POLY_LOOP('NONE',(#350,#349,#974,#973));
#2937=FACE_OUTER_BOUND('NONE',#2936,.T.);
#2938=DIRECTION('NONE',(-0.307809,-0.951448,0));
#2939=DIRECTION('NONE',(0.951448,-0.307809,0));
#2940=AXIS2_PLACEMENT_3D('NONE',#350,#2938,#2939);
#2941=PLANE('NONE',#2940);
#2942=FACE_SURFACE('NONE',(#2937),#2941,.T.);
#2943=POLY_LOOP('NONE',(#659,#658,#1407,#1406));
#2944=FACE_OUTER_BOUND('NONE',#2943,.T.);
#2945=DIRECTION('NONE',(-0.265493,0.964113,0));
#2946=DIRECTION('NONE',(-0.964113,-0.265493,0));
#2947=AXIS2_PLACEMENT_3D('NONE',#659,#2945,#2946);
#2948=PLANE('NONE',#2947);
#2949=FACE_SURFACE('NONE',(#2944),#2948,.T.);
#2950=POLY_LOOP('NONE',(#1407,#658,#657,#1408));
#2951=FACE_OUTER_BOUND('NONE',#2950,.T.);
#2952=DIRECTION('NONE',(-0.225874,0.974156,0));
#2953=DIRECTION('NONE',(0,0,-1));
#2954=AXIS2_PLACEMENT_3D('NONE',#1407,#2952,#2953);
#2955=PLANE('NONE',#2954);
#2956=FACE_SURFACE('NONE',(#2951),#2955,.T.);
#2957=POLY_LOOP('NONE',(#348,#975,#974,#349));
#2958=FACE_OUTER_BOUND('NONE',#2957,.T.);
#2959=DIRECTION('NONE',(-0.366527,-0.930407,0));
#2960=DIRECTION('NONE',(0,0,1));
#2961=AXIS2_PLACEMENT_3D('NONE',#348,#2959,#2960);
#2962=PLANE('NONE',#2961);
#2963=FACE_SURFACE('NONE',(#2958),#2962,.T.);
#2964=POLY_LOOP('NONE',(#522,#1310,#1309,#523));
#2965=FACE_OUTER_BOUND('NONE',#2964,.T.);
#2966=DIRECTION('NONE',(-0.761265,0.648441,0));
#2967=DIRECTION('NONE',(0,0,1));
#2968=AXIS2_PLACEMENT_3D('NONE',#522,#2966,#2967);
#2969=PLANE('NONE',#2968);
#2970=FACE_SURFACE('NONE',(#2965),#2969,.T.);
#2971=POLY_LOOP('NONE',(#975,#348,#347,#976));
#2972=FACE_OUTER_BOUND('NONE',#2971,.T.);
#2973=DIRECTION('NONE',(-0.402276,-0.915519,0));
#2974=DIRECTION('NONE',(0,0,-1));
#2975=AXIS2_PLACEMENT_3D('NONE',#975,#2973,#2974);
#2976=PLANE('NONE',#2975);
#2977=FACE_SURFACE('NONE',(#2972),#2976,.T.);
#2978=POLY_LOOP('NONE',(#1310,#522,#521,#1311));
#2979=FACE_OUTER_BOUND('NONE',#2978,.T.);
#2980=DIRECTION('NONE',(-0.727753,0.685839,0));
#2981=DIRECTION('NONE',(0,0,-1));
#2982=AXIS2_PLACEMENT_3D('NONE',#1310,#2980,#2981);
#2983=PLANE('NONE',#2982);
#2984=FACE_SURFACE('NONE',(#2979),#2983,.T.);
#2985=POLY_LOOP('NONE',(#346,#977,#976,#347));
#2986=FACE_OUTER_BOUND('NONE',#2985,.T.);
#2987=DIRECTION('NONE',(-0.452884,-0.89157,0));
#2988=DIRECTION('NONE',(0,0,1));
#2989=AXIS2_PLACEMENT_3D('NONE',#346,#2987,#2988);
#2990=PLANE('NONE',#2989);
#2991=FACE_SURFACE('NONE',(#2986),#2990,.T.);
#2992=POLY_LOOP('NONE',(#977,#346,#345,#978));
#2993=FACE_OUTER_BOUND('NONE',#2992,.T.);
#2994=DIRECTION('NONE',(-0.491591,-0.870826,0));
#2995=DIRECTION('NONE',(0,0,-1));
#2996=AXIS2_PLACEMENT_3D('NONE',#977,#2994,#2995);
#2997=PLANE('NONE',#2996);
#2998=FACE_SURFACE('NONE',(#2993),#2997,.T.);
#2999=POLY_LOOP('NONE',(#344,#979,#978,#345));
#3000=FACE_OUTER_BOUND('NONE',#2999,.T.);
#3001=DIRECTION('NONE',(-0.535025,-0.844836,0));
#3002=DIRECTION('NONE',(0,0,1));
#3003=AXIS2_PLACEMENT_3D('NONE',#344,#3001,#3002);
#3004=PLANE('NONE',#3003);
#3005=FACE_SURFACE('NONE',(#3000),#3004,.T.);
#3006=POLY_LOOP('NONE',(#979,#344,#343,#980));
#3007=FACE_OUTER_BOUND('NONE',#3006,.T.);
#3008=DIRECTION('NONE',(-0.570672,-0.821178,0));
#3009=DIRECTION('NONE',(0,0,-1));
#3010=AXIS2_PLACEMENT_3D('NONE',#979,#3008,#3009);
#3011=PLANE('NONE',#3010);
#3012=FACE_SURFACE('NONE',(#3007),#3011,.T.);
#3013=POLY_LOOP('NONE',(#675,#674,#1391,#1390));
#3014=FACE_OUTER_BOUND('NONE',#3013,.T.);
#3015=DIRECTION('NONE',(-0.870813,0.491614,0));
#3016=DIRECTION('NONE',(-0.491614,-0.870813,0));
#3017=AXIS2_PLACEMENT_3D('NONE',#675,#3015,#3016);
#3018=PLANE('NONE',#3017);
#3019=FACE_SURFACE('NONE',(#3014),#3018,.T.);
#3020=POLY_LOOP('NONE',(#981,#980,#343,#342));
#3021=FACE_OUTER_BOUND('NONE',#3020,.T.);
#3022=DIRECTION('NONE',(-0.617812,-0.786326,0));
#3023=DIRECTION('NONE',(-0.786326,0.617812,0));
#3024=AXIS2_PLACEMENT_3D('NONE',#981,#3022,#3023);
#3025=PLANE('NONE',#3024);
#3026=FACE_SURFACE('NONE',(#3021),#3025,.T.);
#3027=POLY_LOOP('NONE',(#283,#1040,#1039,#284));
#3028=FACE_OUTER_BOUND('NONE',#3027,.T.);
#3029=DIRECTION('NONE',(0.402256,0.915527,0));
#3030=DIRECTION('NONE',(0,0,1));
#3031=AXIS2_PLACEMENT_3D('NONE',#283,#3029,#3030);
#3032=PLANE('NONE',#3031);
#3033=FACE_SURFACE('NONE',(#3028),#3032,.T.);
#3034=POLY_LOOP('NONE',(#1040,#283,#282,#1041));
#3035=FACE_OUTER_BOUND('NONE',#3034,.T.);
#3036=DIRECTION('NONE',(0.452841,0.891591,0));
#3037=DIRECTION('NONE',(0,0,-1));
#3038=AXIS2_PLACEMENT_3D('NONE',#1040,#3036,#3037);
#3039=PLANE('NONE',#3038);
#3040=FACE_SURFACE('NONE',(#3035),#3039,.T.);
#3041=POLY_LOOP('NONE',(#274,#1049,#1048,#275));
#3042=FACE_OUTER_BOUND('NONE',#3041,.T.);
#3043=DIRECTION('NONE',(0.761216,0.648499,0));
#3044=DIRECTION('NONE',(0,0,1));
#3045=AXIS2_PLACEMENT_3D('NONE',#274,#3043,#3044);
#3046=PLANE('NONE',#3045);
#3047=FACE_SURFACE('NONE',(#3042),#3046,.T.);
#3048=POLY_LOOP('NONE',(#1420,#1419,#646,#645));
#3049=FACE_OUTER_BOUND('NONE',#3048,.T.);
#3050=DIRECTION('NONE',(0.366527,0.930407,0));
#3051=DIRECTION('NONE',(0.930407,-0.366527,0));
#3052=AXIS2_PLACEMENT_3D('NONE',#1420,#3050,#3051);
#3053=PLANE('NONE',#3052);
#3054=FACE_SURFACE('NONE',(#3049),#3053,.T.);
#3055=POLY_LOOP('NONE',(#1420,#645,#644,#1421));
#3056=FACE_OUTER_BOUND('NONE',#3055,.T.);
#3057=DIRECTION('NONE',(0.402276,0.915519,0));
#3058=DIRECTION('NONE',(0,0,-1));
#3059=AXIS2_PLACEMENT_3D('NONE',#1420,#3057,#3058);
#3060=PLANE('NONE',#3059);
#3061=FACE_SURFACE('NONE',(#3056),#3060,.T.);
#3062=POLY_LOOP('NONE',(#1412,#1411,#654,#653));
#3063=FACE_OUTER_BOUND('NONE',#3062,.T.);
#3064=DIRECTION('NONE',(-0.01388,0.999904,0));
#3065=DIRECTION('NONE',(0.999904,0.01388,0));
#3066=AXIS2_PLACEMENT_3D('NONE',#1412,#3064,#3065);
#3067=PLANE('NONE',#3066);
#3068=FACE_SURFACE('NONE',(#3063),#3067,.T.);
#3069=POLY_LOOP('NONE',(#1414,#651,#650,#1415));
#3070=FACE_OUTER_BOUND('NONE',#3069,.T.);
#3071=DIRECTION('NONE',(0.111955,0.993713,0));
#3072=DIRECTION('NONE',(0,0,-1));
#3073=AXIS2_PLACEMENT_3D('NONE',#1414,#3071,#3072);
#3074=PLANE('NONE',#3073);
#3075=FACE_SURFACE('NONE',(#3070),#3074,.T.);
#3076=POLY_LOOP('NONE',(#650,#649,#1416,#1415));
#3077=FACE_OUTER_BOUND('NONE',#3076,.T.);
#3078=DIRECTION('NONE',(0.168979,0.98562,0));
#3079=DIRECTION('NONE',(-0.98562,0.168979,0));
#3080=AXIS2_PLACEMENT_3D('NONE',#650,#3078,#3079);
#3081=PLANE('NONE',#3080);
#3082=FACE_SURFACE('NONE',(#3077),#3081,.T.);
#3083=POLY_LOOP('NONE',(#1421,#644,#643,#1422));
#3084=FACE_OUTER_BOUND('NONE',#3083,.T.);
#3085=DIRECTION('NONE',(0.452884,0.89157,0));
#3086=DIRECTION('NONE',(0,0,-1));
#3087=AXIS2_PLACEMENT_3D('NONE',#1421,#3085,#3086);
#3088=PLANE('NONE',#3087);
#3089=FACE_SURFACE('NONE',(#3084),#3088,.T.);
#3090=POLY_LOOP('NONE',(#1412,#653,#652,#1413));
#3091=FACE_OUTER_BOUND('NONE',#3090,.T.);
#3092=DIRECTION('NONE',(0.014076,0.999901,0));
#3093=DIRECTION('NONE',(0,0,-1));
#3094=AXIS2_PLACEMENT_3D('NONE',#1412,#3092,#3093);
#3095=PLANE('NONE',#3094);
#3096=FACE_SURFACE('NONE',(#3091),#3095,.T.);
#3097=POLY_LOOP('NONE',(#1414,#1413,#652,#651));
#3098=FACE_OUTER_BOUND('NONE',#3097,.T.);
#3099=DIRECTION('NONE',(0.084215,0.996448,0));
#3100=DIRECTION('NONE',(0.996448,-0.084215,0));
#3101=AXIS2_PLACEMENT_3D('NONE',#1414,#3099,#3100);
#3102=PLANE('NONE',#3101);
#3103=FACE_SURFACE('NONE',(#3098),#3102,.T.);
#3104=POLY_LOOP('NONE',(#1409,#1408,#657,#656));
#3105=FACE_OUTER_BOUND('NONE',#3104,.T.);
#3106=DIRECTION('NONE',(-0.168979,0.98562,0));
#3107=DIRECTION('NONE',(0.98562,0.168979,0));
#3108=AXIS2_PLACEMENT_3D('NONE',#1409,#3106,#3107);
#3109=PLANE('NONE',#3108);
#3110=FACE_SURFACE('NONE',(#3105),#3109,.T.);
#3111=POLY_LOOP('NONE',(#655,#1410,#1409,#656));
#3112=FACE_OUTER_BOUND('NONE',#3111,.T.);
#3113=DIRECTION('NONE',(-0.111961,0.993713,0));
#3114=DIRECTION('NONE',(0,0,1));
#3115=AXIS2_PLACEMENT_3D('NONE',#655,#3113,#3114);
#3116=PLANE('NONE',#3115);
#3117=FACE_SURFACE('NONE',(#3112),#3116,.T.);
#3118=POLY_LOOP('NONE',(#654,#1411,#1410,#655));
#3119=FACE_OUTER_BOUND('NONE',#3118,.T.);
#3120=DIRECTION('NONE',(-0.084211,0.996448,0));
#3121=DIRECTION('NONE',(0,0,1));
#3122=AXIS2_PLACEMENT_3D('NONE',#654,#3120,#3121);
#3123=PLANE('NONE',#3122);
#3124=FACE_SURFACE('NONE',(#3119),#3123,.T.);
#3125=POLY_LOOP('NONE',(#1049,#274,#273,#1050));
#3126=FACE_OUTER_BOUND('NONE',#3125,.T.);
#3127=DIRECTION('NONE',(0.786326,0.617812,0));
#3128=DIRECTION('NONE',(0,0,-1));
#3129=AXIS2_PLACEMENT_3D('NONE',#1049,#3127,#3128);
#3130=PLANE('NONE',#3129);
#3131=FACE_SURFACE('NONE',(#3126),#3130,.T.);
#3132=POLY_LOOP('NONE',(#510,#509,#1323,#1322));
#3133=FACE_OUTER_BOUND('NONE',#3132,.T.);
#3134=DIRECTION('NONE',(-0.225874,0.974156,0));
#3135=DIRECTION('NONE',(-0.974156,-0.225874,0));
#3136=AXIS2_PLACEMENT_3D('NONE',#510,#3134,#3135);
#3137=PLANE('NONE',#3136);
#3138=FACE_SURFACE('NONE',(#3133),#3137,.T.);
#3139=POLY_LOOP('NONE',(#1391,#674,#673,#1392));
#3140=FACE_OUTER_BOUND('NONE',#3139,.T.);
#3141=DIRECTION('NONE',(-0.844827,0.535039,0));
#3142=DIRECTION('NONE',(0,0,-1));
#3143=AXIS2_PLACEMENT_3D('NONE',#1391,#3141,#3142);
#3144=PLANE('NONE',#3143);
#3145=FACE_SURFACE('NONE',(#3140),#3144,.T.);
#3146=POLY_LOOP('NONE',(#1054,#269,#268,#1055));
#3147=FACE_OUTER_BOUND('NONE',#3146,.T.);
#3148=DIRECTION('NONE',(0.918419,0.39561,0));
#3149=DIRECTION('NONE',(0,0,-1));
#3150=AXIS2_PLACEMENT_3D('NONE',#1054,#3148,#3149);
#3151=PLANE('NONE',#3150);
#3152=FACE_SURFACE('NONE',(#3147),#3151,.T.);
#3153=POLY_LOOP('NONE',(#268,#267,#1056,#1055));
#3154=FACE_OUTER_BOUND('NONE',#3153,.T.);
#3155=DIRECTION('NONE',(0.932274,0.361752,0));
#3156=DIRECTION('NONE',(-0.361752,0.932274,0));
#3157=AXIS2_PLACEMENT_3D('NONE',#268,#3155,#3156);
#3158=PLANE('NONE',#3157);
#3159=FACE_SURFACE('NONE',(#3154),#3158,.T.);
#3160=POLY_LOOP('NONE',(#671,#1394,#1393,#672));
#3161=FACE_OUTER_BOUND('NONE',#3160,.T.);
#3162=DIRECTION('NONE',(-0.786326,0.617812,0));
#3163=DIRECTION('NONE',(0,0,1));
#3164=AXIS2_PLACEMENT_3D('NONE',#671,#3162,#3163);
#3165=PLANE('NONE',#3164);
#3166=FACE_SURFACE('NONE',(#3161),#3165,.T.);
#3167=POLY_LOOP('NONE',(#671,#670,#1395,#1394));
#3168=FACE_OUTER_BOUND('NONE',#3167,.T.);
#3169=DIRECTION('NONE',(-0.761238,0.648472,0));
#3170=DIRECTION('NONE',(-0.648472,-0.761238,0));
#3171=AXIS2_PLACEMENT_3D('NONE',#671,#3169,#3170);
#3172=PLANE('NONE',#3171);
#3173=FACE_SURFACE('NONE',(#3168),#3172,.T.);
#3174=POLY_LOOP('NONE',(#666,#665,#1400,#1399));
#3175=FACE_OUTER_BOUND('NONE',#3174,.T.);
#3176=DIRECTION('NONE',(-0.570648,0.821195,0));
#3177=DIRECTION('NONE',(-0.821195,-0.570648,0));
#3178=AXIS2_PLACEMENT_3D('NONE',#666,#3176,#3177);
#3179=PLANE('NONE',#3178);
#3180=FACE_SURFACE('NONE',(#3175),#3179,.T.);
#3181=POLY_LOOP('NONE',(#664,#1401,#1400,#665));
#3182=FACE_OUTER_BOUND('NONE',#3181,.T.);
#3183=DIRECTION('NONE',(-0.535088,0.844796,0));
#3184=DIRECTION('NONE',(0,0,1));
#3185=AXIS2_PLACEMENT_3D('NONE',#664,#3183,#3184);
#3186=PLANE('NONE',#3185);
#3187=FACE_SURFACE('NONE',(#3182),#3186,.T.);
#3188=POLY_LOOP('NONE',(#1402,#1401,#664,#663));
#3189=FACE_OUTER_BOUND('NONE',#3188,.T.);
#3190=DIRECTION('NONE',(-0.491591,0.870826,0));
#3191=DIRECTION('NONE',(0.870826,0.491591,0));
#3192=AXIS2_PLACEMENT_3D('NONE',#1402,#3190,#3191);
#3193=PLANE('NONE',#3192);
#3194=FACE_SURFACE('NONE',(#3189),#3193,.T.);
#3195=POLY_LOOP('NONE',(#662,#1403,#1402,#663));
#3196=FACE_OUTER_BOUND('NONE',#3195,.T.);
#3197=DIRECTION('NONE',(-0.452884,0.89157,0));
#3198=DIRECTION('NONE',(0,0,1));
#3199=AXIS2_PLACEMENT_3D('NONE',#662,#3197,#3198);
#3200=PLANE('NONE',#3199);
#3201=FACE_SURFACE('NONE',(#3196),#3200,.T.);
#3202=POLY_LOOP('NONE',(#661,#1404,#1403,#662));
#3203=FACE_OUTER_BOUND('NONE',#3202,.T.);
#3204=DIRECTION('NONE',(-0.402256,0.915527,0));
#3205=DIRECTION('NONE',(0,0,1));
#3206=AXIS2_PLACEMENT_3D('NONE',#661,#3204,#3205);
#3207=PLANE('NONE',#3206);
#3208=FACE_SURFACE('NONE',(#3203),#3207,.T.);
#3209=POLY_LOOP('NONE',(#1405,#1404,#661,#660));
#3210=FACE_OUTER_BOUND('NONE',#3209,.T.);
#3211=DIRECTION('NONE',(-0.366546,0.9304,0));
#3212=DIRECTION('NONE',(0.9304,0.366546,0));
#3213=AXIS2_PLACEMENT_3D('NONE',#1405,#3211,#3212);
#3214=PLANE('NONE',#3213);
#3215=FACE_SURFACE('NONE',(#3210),#3214,.T.);
#3216=POLY_LOOP('NONE',(#1406,#1405,#660,#659));
#3217=FACE_OUTER_BOUND('NONE',#3216,.T.);
#3218=DIRECTION('NONE',(-0.307809,0.951448,0));
#3219=DIRECTION('NONE',(0.951448,0.307809,0));
#3220=AXIS2_PLACEMENT_3D('NONE',#1406,#3218,#3219);
#3221=PLANE('NONE',#3220);
#3222=FACE_SURFACE('NONE',(#3217),#3221,.T.);
#3223=POLY_LOOP('NONE',(#1074,#1073,#250,#249));
#3224=FACE_OUTER_BOUND('NONE',#3223,.T.);
#3225=DIRECTION('NONE',(0.870813,-0.491614,0));
#3226=DIRECTION('NONE',(-0.491614,-0.870813,0));
#3227=AXIS2_PLACEMENT_3D('NONE',#1074,#3225,#3226);
#3228=PLANE('NONE',#3227);
#3229=FACE_SURFACE('NONE',(#3224),#3228,.T.);
#3230=POLY_LOOP('NONE',(#242,#957,#956,#243));
#3231=FACE_OUTER_BOUND('NONE',#3230,.T.);
#3232=DIRECTION('NONE',(0.656526,-0.754304,0));
#3233=DIRECTION('NONE',(0,0,1));
#3234=AXIS2_PLACEMENT_3D('NONE',#242,#3232,#3233);
#3235=PLANE('NONE',#3234);
#3236=FACE_SURFACE('NONE',(#3231),#3235,.T.);
#3237=POLY_LOOP('NONE',(#309,#1014,#1013,#310));
#3238=FACE_OUTER_BOUND('NONE',#3237,.T.);
#3239=DIRECTION('NONE',(-0.761242,0.648468,0));
#3240=DIRECTION('NONE',(0,0,1));
#3241=AXIS2_PLACEMENT_3D('NONE',#309,#3239,#3240);
#3242=PLANE('NONE',#3241);
#3243=FACE_SURFACE('NONE',(#3238),#3242,.T.);
#3244=POLY_LOOP('NONE',(#308,#1015,#1014,#309));
#3245=FACE_OUTER_BOUND('NONE',#3244,.T.);
#3246=DIRECTION('NONE',(-0.727803,0.685786,0));
#3247=DIRECTION('NONE',(0,0,1));
#3248=AXIS2_PLACEMENT_3D('NONE',#308,#3246,#3247);
#3249=PLANE('NONE',#3248);
#3250=FACE_SURFACE('NONE',(#3245),#3249,.T.);
#3251=POLY_LOOP('NONE',(#1015,#308,#307,#1016));
#3252=FACE_OUTER_BOUND('NONE',#3251,.T.);
#3253=DIRECTION('NONE',(-0.685786,0.727803,0));
#3254=DIRECTION('NONE',(0,0,-1));
#3255=AXIS2_PLACEMENT_3D('NONE',#1015,#3253,#3254);
#3256=PLANE('NONE',#3255);
#3257=FACE_SURFACE('NONE',(#3252),#3256,.T.);
#3258=POLY_LOOP('NONE',(#304,#1019,#1018,#305));
#3259=FACE_OUTER_BOUND('NONE',#3258,.T.);
#3260=DIRECTION('NONE',(-0.570672,0.821178,0));
#3261=DIRECTION('NONE',(0,0,1));
#3262=AXIS2_PLACEMENT_3D('NONE',#304,#3260,#3261);
#3263=PLANE('NONE',#3262);
#3264=FACE_SURFACE('NONE',(#3259),#3263,.T.);
#3265=POLY_LOOP('NONE',(#1019,#304,#303,#1020));
#3266=FACE_OUTER_BOUND('NONE',#3265,.T.);
#3267=DIRECTION('NONE',(-0.535064,0.844812,0));
#3268=DIRECTION('NONE',(0,0,-1));
#3269=AXIS2_PLACEMENT_3D('NONE',#1019,#3267,#3268);
#3270=PLANE('NONE',#3269);
#3271=FACE_SURFACE('NONE',(#3266),#3270,.T.);
#3272=POLY_LOOP('NONE',(#302,#1021,#1020,#303));
#3273=FACE_OUTER_BOUND('NONE',#3272,.T.);
#3274=DIRECTION('NONE',(-0.491591,0.870826,0));
#3275=DIRECTION('NONE',(0,0,1));
#3276=AXIS2_PLACEMENT_3D('NONE',#302,#3274,#3275);
#3277=PLANE('NONE',#3276);
#3278=FACE_SURFACE('NONE',(#3273),#3277,.T.);
#3279=POLY_LOOP('NONE',(#609,#1223,#1222,#610));
#3280=FACE_OUTER_BOUND('NONE',#3279,.T.);
#3281=DIRECTION('NONE',(0.918419,0.39561,0));
#3282=DIRECTION('NONE',(0,0,1));
#3283=AXIS2_PLACEMENT_3D('NONE',#609,#3281,#3282);
#3284=PLANE('NONE',#3283);
#3285=FACE_SURFACE('NONE',(#3280),#3284,.T.);
#3286=POLY_LOOP('NONE',(#1021,#302,#301,#1022));
#3287=FACE_OUTER_BOUND('NONE',#3286,.T.);
#3288=DIRECTION('NONE',(-0.452841,0.891591,0));
#3289=DIRECTION('NONE',(0,0,-1));
#3290=AXIS2_PLACEMENT_3D('NONE',#1021,#3288,#3289);
#3291=PLANE('NONE',#3290);
#3292=FACE_SURFACE('NONE',(#3287),#3291,.T.);
#3293=POLY_LOOP('NONE',(#609,#608,#1224,#1223));
#3294=FACE_OUTER_BOUND('NONE',#3293,.T.);
#3295=DIRECTION('NONE',(0.93225,0.361816,0));
#3296=DIRECTION('NONE',(-0.361816,0.93225,0));
#3297=AXIS2_PLACEMENT_3D('NONE',#609,#3295,#3296);
#3298=PLANE('NONE',#3297);
#3299=FACE_SURFACE('NONE',(#3294),#3298,.T.);
#3300=POLY_LOOP('NONE',(#1022,#301,#300,#1023));
#3301=FACE_OUTER_BOUND('NONE',#3300,.T.);
#3302=DIRECTION('NONE',(-0.402276,0.915519,0));
#3303=DIRECTION('NONE',(0,0,-1));
#3304=AXIS2_PLACEMENT_3D('NONE',#1022,#3302,#3303);
#3305=PLANE('NONE',#3304);
#3306=FACE_SURFACE('NONE',(#3301),#3305,.T.);
#3307=POLY_LOOP('NONE',(#497,#496,#1208,#1335));
#3308=FACE_OUTER_BOUND('NONE',#3307,.T.);
#3309=DIRECTION('NONE',(0.402256,0.915527,0));
#3310=DIRECTION('NONE',(-0.915527,0.402256,0));
#3311=AXIS2_PLACEMENT_3D('NONE',#497,#3309,#3310);
#3312=PLANE('NONE',#3311);
#3313=FACE_SURFACE('NONE',(#3308),#3312,.T.);
#3314=POLY_LOOP('NONE',(#376,#375,#1085,#1084));
#3315=FACE_OUTER_BOUND('NONE',#3314,.T.);
#3316=DIRECTION('NONE',(0.452819,0.891602,0));
#3317=DIRECTION('NONE',(-0.891602,0.452819,0));
#3318=AXIS2_PLACEMENT_3D('NONE',#376,#3316,#3317);
#3319=PLANE('NONE',#3318);
#3320=FACE_SURFACE('NONE',(#3315),#3319,.T.);
#3321=POLY_LOOP('NONE',(#1085,#375,#374,#1086));
#3322=FACE_OUTER_BOUND('NONE',#3321,.T.);
#3323=DIRECTION('NONE',(0.491614,0.870813,0));
#3324=DIRECTION('NONE',(0,0,-1));
#3325=AXIS2_PLACEMENT_3D('NONE',#1085,#3323,#3324);
#3326=PLANE('NONE',#3325);
#3327=FACE_SURFACE('NONE',(#3322),#3326,.T.);
#3328=POLY_LOOP('NONE',(#373,#372,#1088,#1087));
#3329=FACE_OUTER_BOUND('NONE',#3328,.T.);
#3330=DIRECTION('NONE',(0.570648,0.821195,0));
#3331=DIRECTION('NONE',(-0.821195,0.570648,0));
#3332=AXIS2_PLACEMENT_3D('NONE',#373,#3330,#3331);
#3333=PLANE('NONE',#3332);
#3334=FACE_SURFACE('NONE',(#3329),#3333,.T.);
#3335=POLY_LOOP('NONE',(#1088,#372,#371,#1089));
#3336=FACE_OUTER_BOUND('NONE',#3335,.T.);
#3337=DIRECTION('NONE',(0.617812,0.786326,0));
#3338=DIRECTION('NONE',(0,0,-1));
#3339=AXIS2_PLACEMENT_3D('NONE',#1088,#3337,#3338);
#3340=PLANE('NONE',#3339);
#3341=FACE_SURFACE('NONE',(#3336),#3340,.T.);
#3342=POLY_LOOP('NONE',(#552,#551,#1281,#1280));
#3343=FACE_OUTER_BOUND('NONE',#3342,.T.);
#3344=DIRECTION('NONE',(-0.761265,-0.648441,0));
#3345=DIRECTION('NONE',(0.648441,-0.761265,0));
#3346=AXIS2_PLACEMENT_3D('NONE',#552,#3344,#3345);
#3347=PLANE('NONE',#3346);
#3348=FACE_SURFACE('NONE',(#3343),#3347,.T.);
#3349=POLY_LOOP('NONE',(#496,#495,#1209,#1208));
#3350=FACE_OUTER_BOUND('NONE',#3349,.T.);
#3351=DIRECTION('NONE',(0.452884,0.89157,0));
#3352=DIRECTION('NONE',(-0.89157,0.452884,0));
#3353=AXIS2_PLACEMENT_3D('NONE',#496,#3351,#3352);
#3354=PLANE('NONE',#3353);
#3355=FACE_SURFACE('NONE',(#3350),#3354,.T.);
#3356=POLY_LOOP('NONE',(#494,#1210,#1209,#495));
#3357=FACE_OUTER_BOUND('NONE',#3356,.T.);
#3358=DIRECTION('NONE',(0.491591,0.870826,0));
#3359=DIRECTION('NONE',(0,0,1));
#3360=AXIS2_PLACEMENT_3D('NONE',#494,#3358,#3359);
#3361=PLANE('NONE',#3360);
#3362=FACE_SURFACE('NONE',(#3357),#3361,.T.);
#3363=POLY_LOOP('NONE',(#1210,#494,#493,#1211));
#3364=FACE_OUTER_BOUND('NONE',#3363,.T.);
#3365=DIRECTION('NONE',(0.535088,0.844796,0));
#3366=DIRECTION('NONE',(0,0,-1));
#3367=AXIS2_PLACEMENT_3D('NONE',#1210,#3365,#3366);
#3368=PLANE('NONE',#3367);
#3369=FACE_SURFACE('NONE',(#3364),#3368,.T.);
#3370=POLY_LOOP('NONE',(#493,#492,#1212,#1211));
#3371=FACE_OUTER_BOUND('NONE',#3370,.T.);
#3372=DIRECTION('NONE',(0.570648,0.821195,0));
#3373=DIRECTION('NONE',(-0.821195,0.570648,0));
#3374=AXIS2_PLACEMENT_3D('NONE',#493,#3372,#3373);
#3375=PLANE('NONE',#3374);
#3376=FACE_SURFACE('NONE',(#3371),#3375,.T.);
#3377=POLY_LOOP('NONE',(#619,#1213,#1212,#492));
#3378=FACE_OUTER_BOUND('NONE',#3377,.T.);
#3379=DIRECTION('NONE',(0.617812,0.786326,0));
#3380=DIRECTION('NONE',(0,0,1));
#3381=AXIS2_PLACEMENT_3D('NONE',#619,#3379,#3380);
#3382=PLANE('NONE',#3381);
#3383=FACE_SURFACE('NONE',(#3378),#3382,.T.);
#3384=POLY_LOOP('NONE',(#1288,#1287,#545,#544));
#3385=FACE_OUTER_BOUND('NONE',#3384,.T.);
#3386=DIRECTION('NONE',(-0.932263,-0.36178,0));
#3387=DIRECTION('NONE',(-0.36178,0.932263,0));
#3388=AXIS2_PLACEMENT_3D('NONE',#1288,#3386,#3387);
#3389=PLANE('NONE',#3388);
#3390=FACE_SURFACE('NONE',(#3385),#3389,.T.);
#3391=POLY_LOOP('NONE',(#1213,#619,#618,#1214));
#3392=FACE_OUTER_BOUND('NONE',#3391,.T.);
#3393=DIRECTION('NONE',(0.656495,0.75433,0));
#3394=DIRECTION('NONE',(0,0,-1));
#3395=AXIS2_PLACEMENT_3D('NONE',#1213,#3393,#3394);
#3396=PLANE('NONE',#3395);
#3397=FACE_SURFACE('NONE',(#3392),#3396,.T.);
#3398=POLY_LOOP('NONE',(#617,#1215,#1214,#618));
#3399=FACE_OUTER_BOUND('NONE',#3398,.T.);
#3400=DIRECTION('NONE',(0.685841,0.727752,0));
#3401=DIRECTION('NONE',(0,0,1));
#3402=AXIS2_PLACEMENT_3D('NONE',#617,#3400,#3401);
#3403=PLANE('NONE',#3402);
#3404=FACE_SURFACE('NONE',(#3399),#3403,.T.);
#3405=POLY_LOOP('NONE',(#1215,#617,#616,#1216));
#3406=FACE_OUTER_BOUND('NONE',#3405,.T.);
#3407=DIRECTION('NONE',(0.727753,0.685839,0));
#3408=DIRECTION('NONE',(0,0,-1));
#3409=AXIS2_PLACEMENT_3D('NONE',#1215,#3407,#3408);
#3410=PLANE('NONE',#3409);
#3411=FACE_SURFACE('NONE',(#3406),#3410,.T.);
#3412=POLY_LOOP('NONE',(#320,#1003,#1002,#321));
#3413=FACE_OUTER_BOUND('NONE',#3412,.T.);
#3414=DIRECTION('NONE',(-0.985629,0.168927,0));
#3415=DIRECTION('NONE',(0,0,1));
#3416=AXIS2_PLACEMENT_3D('NONE',#320,#3414,#3415);
#3417=PLANE('NONE',#3416);
#3418=FACE_SURFACE('NONE',(#3413),#3417,.T.);
#3419=POLY_LOOP('NONE',(#320,#319,#1004,#1003));
#3420=FACE_OUTER_BOUND('NONE',#3419,.T.);
#3421=DIRECTION('NONE',(-0.97485,0.222861,0));
#3422=DIRECTION('NONE',(-0.222861,-0.97485,0));
#3423=AXIS2_PLACEMENT_3D('NONE',#320,#3421,#3422);
#3424=PLANE('NONE',#3423);
#3425=FACE_SURFACE('NONE',(#3420),#3424,.T.);
#3426=POLY_LOOP('NONE',(#1216,#616,#615,#1217));
#3427=FACE_OUTER_BOUND('NONE',#3426,.T.);
#3428=DIRECTION('NONE',(0.761238,0.648472,0));
#3429=DIRECTION('NONE',(0,0,-1));
#3430=AXIS2_PLACEMENT_3D('NONE',#1216,#3428,#3429);
#3431=PLANE('NONE',#3430);
#3432=FACE_SURFACE('NONE',(#3427),#3431,.T.);
#3433=POLY_LOOP('NONE',(#613,#612,#1220,#1219));
#3434=FACE_OUTER_BOUND('NONE',#3433,.T.);
#3435=DIRECTION('NONE',(0.844827,0.535039,0));
#3436=DIRECTION('NONE',(-0.535039,0.844827,0));
#3437=AXIS2_PLACEMENT_3D('NONE',#613,#3435,#3436);
#3438=PLANE('NONE',#3437);
#3439=FACE_SURFACE('NONE',(#3434),#3438,.T.);
#3440=POLY_LOOP('NONE',(#1220,#612,#611,#1221));
#3441=FACE_OUTER_BOUND('NONE',#3440,.T.);
#3442=DIRECTION('NONE',(0.870813,0.491614,0));
#3443=DIRECTION('NONE',(0,0,-1));
#3444=AXIS2_PLACEMENT_3D('NONE',#1220,#3442,#3443);
#3445=PLANE('NONE',#3444);
#3446=FACE_SURFACE('NONE',(#3441),#3445,.T.);
#3447=POLY_LOOP('NONE',(#676,#1389,#1388,#677));
#3448=FACE_OUTER_BOUND('NONE',#3447,.T.);
#3449=DIRECTION('NONE',(-0.918419,0.39561,0));
#3450=DIRECTION('NONE',(0,0,1));
#3451=AXIS2_PLACEMENT_3D('NONE',#676,#3449,#3450);
#3452=PLANE('NONE',#3451);
#3453=FACE_SURFACE('NONE',(#3448),#3452,.T.);
#3454=POLY_LOOP('NONE',(#1221,#611,#610,#1222));
#3455=FACE_OUTER_BOUND('NONE',#3454,.T.);
#3456=DIRECTION('NONE',(0.888828,0.458241,0));
#3457=DIRECTION('NONE',(0,0,-1));
#3458=AXIS2_PLACEMENT_3D('NONE',#1221,#3456,#3457);
#3459=PLANE('NONE',#3458);
#3460=FACE_SURFACE('NONE',(#3455),#3459,.T.);
#3461=POLY_LOOP('NONE',(#1389,#676,#675,#1390));
#3462=FACE_OUTER_BOUND('NONE',#3461,.T.);
#3463=DIRECTION('NONE',(-0.888828,0.458241,0));
#3464=DIRECTION('NONE',(0,0,-1));
#3465=AXIS2_PLACEMENT_3D('NONE',#1389,#3463,#3464);
#3466=PLANE('NONE',#3465);
#3467=FACE_SURFACE('NONE',(#3462),#3466,.T.);
#3468=POLY_LOOP('NONE',(#672,#1393,#1392,#673));
#3469=FACE_OUTER_BOUND('NONE',#3468,.T.);
#3470=DIRECTION('NONE',(-0.816569,0.577248,0));
#3471=DIRECTION('NONE',(0,0,1));
#3472=AXIS2_PLACEMENT_3D('NONE',#672,#3470,#3471);
#3473=PLANE('NONE',#3472);
#3474=FACE_SURFACE('NONE',(#3469),#3473,.T.);
#3475=POLY_LOOP('NONE',(#1330,#1329,#503,#502));
#3476=FACE_OUTER_BOUND('NONE',#3475,.T.);
#3477=DIRECTION('NONE',(0.111961,0.993713,0));
#3478=DIRECTION('NONE',(0.993713,-0.111961,0));
#3479=AXIS2_PLACEMENT_3D('NONE',#1330,#3477,#3478);
#3480=PLANE('NONE',#3479);
#3481=FACE_SURFACE('NONE',(#3476),#3480,.T.);
#3482=POLY_LOOP('NONE',(#1330,#502,#501,#1331));
#3483=FACE_OUTER_BOUND('NONE',#3482,.T.);
#3484=DIRECTION('NONE',(0.168979,0.98562,0));
#3485=DIRECTION('NONE',(0,0,-1));
#3486=AXIS2_PLACEMENT_3D('NONE',#1330,#3484,#3485);
#3487=PLANE('NONE',#3486);
#3488=FACE_SURFACE('NONE',(#3483),#3487,.T.);
#3489=POLY_LOOP('NONE',(#668,#1397,#1396,#669));
#3490=FACE_OUTER_BOUND('NONE',#3489,.T.);
#3491=DIRECTION('NONE',(-0.685841,0.727752,0));
#3492=DIRECTION('NONE',(0,0,1));
#3493=AXIS2_PLACEMENT_3D('NONE',#668,#3491,#3492);
#3494=PLANE('NONE',#3493);
#3495=FACE_SURFACE('NONE',(#3490),#3494,.T.);
#3496=POLY_LOOP('NONE',(#1397,#668,#667,#1398));
#3497=FACE_OUTER_BOUND('NONE',#3496,.T.);
#3498=DIRECTION('NONE',(-0.656495,0.75433,0));
#3499=DIRECTION('NONE',(0,0,-1));
#3500=AXIS2_PLACEMENT_3D('NONE',#1397,#3498,#3499);
#3501=PLANE('NONE',#3500);
#3502=FACE_SURFACE('NONE',(#3497),#3501,.T.);
#3503=POLY_LOOP('NONE',(#666,#1399,#1398,#667));
#3504=FACE_OUTER_BOUND('NONE',#3503,.T.);
#3505=DIRECTION('NONE',(-0.617812,0.786326,0));
#3506=DIRECTION('NONE',(0,0,1));
#3507=AXIS2_PLACEMENT_3D('NONE',#666,#3505,#3506);
#3508=PLANE('NONE',#3507);
#3509=FACE_SURFACE('NONE',(#3504),#3508,.T.);
#3510=POLY_LOOP('NONE',(#1323,#509,#508,#1324));
#3511=FACE_OUTER_BOUND('NONE',#3510,.T.);
#3512=DIRECTION('NONE',(-0.168979,0.98562,0));
#3513=DIRECTION('NONE',(0,0,-1));
#3514=AXIS2_PLACEMENT_3D('NONE',#1323,#3512,#3513);
#3515=PLANE('NONE',#3514);
#3516=FACE_SURFACE('NONE',(#3511),#3515,.T.);
#3517=POLY_LOOP('NONE',(#505,#504,#1328,#1327));
#3518=FACE_OUTER_BOUND('NONE',#3517,.T.);
#3519=DIRECTION('NONE',(0.014076,0.999901,0));
#3520=DIRECTION('NONE',(-0.999901,0.014076,0));
#3521=AXIS2_PLACEMENT_3D('NONE',#505,#3519,#3520);
#3522=PLANE('NONE',#3521);
#3523=FACE_SURFACE('NONE',(#3518),#3522,.T.);
#3524=POLY_LOOP('NONE',(#1328,#504,#503,#1329));
#3525=FACE_OUTER_BOUND('NONE',#3524,.T.);
#3526=DIRECTION('NONE',(0.084211,0.996448,0));
#3527=DIRECTION('NONE',(0,0,-1));
#3528=AXIS2_PLACEMENT_3D('NONE',#1328,#3526,#3527);
#3529=PLANE('NONE',#3528);
#3530=FACE_SURFACE('NONE',(#3525),#3529,.T.);
#3531=POLY_LOOP('NONE',(#1322,#1321,#511,#510));
#3532=FACE_OUTER_BOUND('NONE',#3531,.T.);
#3533=DIRECTION('NONE',(-0.265507,0.964109,0));
#3534=DIRECTION('NONE',(0.964109,0.265507,0));
#3535=AXIS2_PLACEMENT_3D('NONE',#1322,#3533,#3534);
#3536=PLANE('NONE',#3535);
#3537=FACE_SURFACE('NONE',(#3532),#3536,.T.);
#3538=POLY_LOOP('NONE',(#507,#1325,#1324,#508));
#3539=FACE_OUTER_BOUND('NONE',#3538,.T.);
#3540=DIRECTION('NONE',(-0.111955,0.993713,0));
#3541=DIRECTION('NONE',(0,0,1));
#3542=AXIS2_PLACEMENT_3D('NONE',#507,#3540,#3541);
#3543=PLANE('NONE',#3542);
#3544=FACE_SURFACE('NONE',(#3539),#3543,.T.);
#3545=POLY_LOOP('NONE',(#602,#601,#1231,#1230));
#3546=FACE_OUTER_BOUND('NONE',#3545,.T.);
#3547=DIRECTION('NONE',(0.999604,0.02814,0));
#3548=DIRECTION('NONE',(-0.02814,0.999604,0));
#3549=AXIS2_PLACEMENT_3D('NONE',#602,#3547,#3548);
#3550=PLANE('NONE',#3549);
#3551=FACE_SURFACE('NONE',(#3546),#3550,.T.);
#3552=POLY_LOOP('NONE',(#762,#773,#950,#763));
#3553=FACE_OUTER_BOUND('NONE',#3552,.T.);
#3554=DIRECTION('NONE',(0,1,0));
#3555=DIRECTION('NONE',(1,0,0));
#3556=AXIS2_PLACEMENT_3D('NONE',#762,#3554,#3555);
#3557=PLANE('NONE',#3556);
#3558=FACE_SURFACE('NONE',(#3553),#3557,.T.);
#3559=POLY_LOOP('NONE',(#993,#330,#329,#994));
#3560=FACE_OUTER_BOUND('NONE',#3559,.T.);
#3561=DIRECTION('NONE',(-0.964126,-0.265444,0));
#3562=DIRECTION('NONE',(0,0,-1));
#3563=AXIS2_PLACEMENT_3D('NONE',#993,#3561,#3562);
#3564=PLANE('NONE',#3563);
#3565=FACE_SURFACE('NONE',(#3560),#3564,.T.);
#3566=POLY_LOOP('NONE',(#327,#996,#995,#328));
#3567=FACE_OUTER_BOUND('NONE',#3566,.T.);
#3568=DIRECTION('NONE',(-0.985629,-0.168927,0));
#3569=DIRECTION('NONE',(0,0,1));
#3570=AXIS2_PLACEMENT_3D('NONE',#327,#3568,#3569);
#3571=PLANE('NONE',#3570);
#3572=FACE_SURFACE('NONE',(#3567),#3571,.T.);
#3573=POLY_LOOP('NONE',(#608,#607,#1225,#1224));
#3574=FACE_OUTER_BOUND('NONE',#3573,.T.);
#3575=DIRECTION('NONE',(0.950096,0.311957,0));
#3576=DIRECTION('NONE',(-0.311957,0.950096,0));
#3577=AXIS2_PLACEMENT_3D('NONE',#608,#3575,#3576);
#3578=PLANE('NONE',#3577);
#3579=FACE_SURFACE('NONE',(#3574),#3578,.T.);
#3580=POLY_LOOP('NONE',(#997,#996,#327,#326));
#3581=FACE_OUTER_BOUND('NONE',#3580,.T.);
#3582=DIRECTION('NONE',(-0.992057,-0.125786,0));
#3583=DIRECTION('NONE',(-0.125786,0.992057,0));
#3584=AXIS2_PLACEMENT_3D('NONE',#997,#3582,#3583);
#3585=PLANE('NONE',#3584);
#3586=FACE_SURFACE('NONE',(#3581),#3585,.T.);
#3587=POLY_LOOP('NONE',(#841,#840,#146,#145));
#3588=FACE_OUTER_BOUND('NONE',#3587,.T.);
#3589=DIRECTION('NONE',(-0.086097,-0.996287,0));
#3590=DIRECTION('NONE',(-0.996287,0.086097,0));
#3591=AXIS2_PLACEMENT_3D('NONE',#841,#3589,#3590);
#3592=PLANE('NONE',#3591);
#3593=FACE_SURFACE('NONE',(#3588),#3592,.T.);
#3594=POLY_LOOP('NONE',(#1225,#607,#606,#1226));
#3595=FACE_OUTER_BOUND('NONE',#3594,.T.);
#3596=DIRECTION('NONE',(0.964113,0.265493,0));
#3597=DIRECTION('NONE',(0,0,-1));
#3598=AXIS2_PLACEMENT_3D('NONE',#1225,#3596,#3597);
#3599=PLANE('NONE',#3598);
#3600=FACE_SURFACE('NONE',(#3595),#3599,.T.);
#3601=POLY_LOOP('NONE',(#842,#841,#145,#144));
#3602=FACE_OUTER_BOUND('NONE',#3601,.T.);
#3603=DIRECTION('NONE',(-0.227649,-0.973743,0));
#3604=DIRECTION('NONE',(-0.973743,0.227649,0));
#3605=AXIS2_PLACEMENT_3D('NONE',#842,#3603,#3604);
#3606=PLANE('NONE',#3605);
#3607=FACE_SURFACE('NONE',(#3602),#3606,.T.);
#3608=POLY_LOOP('NONE',(#606,#605,#1227,#1226));
#3609=FACE_OUTER_BOUND('NONE',#3608,.T.);
#3610=DIRECTION('NONE',(0.974862,0.22281,0));
#3611=DIRECTION('NONE',(-0.22281,0.974862,0));
#3612=AXIS2_PLACEMENT_3D('NONE',#606,#3610,#3611);
#3613=PLANE('NONE',#3612);
#3614=FACE_SURFACE('NONE',(#3609),#3613,.T.);
#3615=POLY_LOOP('NONE',(#843,#842,#144,#143));
#3616=FACE_OUTER_BOUND('NONE',#3615,.T.);
#3617=DIRECTION('NONE',(-0.395446,-0.918489,0));
#3618=DIRECTION('NONE',(-0.918489,0.395446,0));
#3619=AXIS2_PLACEMENT_3D('NONE',#843,#3617,#3618);
#3620=PLANE('NONE',#3619);
#3621=FACE_SURFACE('NONE',(#3616),#3620,.T.);
#3622=POLY_LOOP('NONE',(#604,#1228,#1227,#605));
#3623=FACE_OUTER_BOUND('NONE',#3622,.T.);
#3624=DIRECTION('NONE',(0.98562,0.168979,0));
#3625=DIRECTION('NONE',(0,0,1));
#3626=AXIS2_PLACEMENT_3D('NONE',#604,#3624,#3625);
#3627=PLANE('NONE',#3626);
#3628=FACE_SURFACE('NONE',(#3623),#3627,.T.);
#3629=POLY_LOOP('NONE',(#1228,#604,#603,#1229));
#3630=FACE_OUTER_BOUND('NONE',#3629,.T.);
#3631=DIRECTION('NONE',(0.992063,0.12574,0));
#3632=DIRECTION('NONE',(0,0,-1));
#3633=AXIS2_PLACEMENT_3D('NONE',#1228,#3631,#3632);
#3634=PLANE('NONE',#3633);
#3635=FACE_SURFACE('NONE',(#3630),#3634,.T.);
#3636=POLY_LOOP('NONE',(#844,#843,#143,#142));
#3637=FACE_OUTER_BOUND('NONE',#3636,.T.);
#3638=DIRECTION('NONE',(-0.524092,-0.851662,0));
#3639=DIRECTION('NONE',(-0.851662,0.524092,0));
#3640=AXIS2_PLACEMENT_3D('NONE',#844,#3638,#3639);
#3641=PLANE('NONE',#3640);
#3642=FACE_SURFACE('NONE',(#3637),#3641,.T.);
#3643=POLY_LOOP('NONE',(#983,#982,#341,#340));
#3644=FACE_OUTER_BOUND('NONE',#3643,.T.);
#3645=DIRECTION('NONE',(-0.685786,-0.727803,0));
#3646=DIRECTION('NONE',(-0.727803,0.685786,0));
#3647=AXIS2_PLACEMENT_3D('NONE',#983,#3645,#3646);
#3648=PLANE('NONE',#3647);
#3649=FACE_SURFACE('NONE',(#3644),#3648,.T.);
#3650=POLY_LOOP('NONE',(#602,#1230,#1229,#603));
#3651=FACE_OUTER_BOUND('NONE',#3650,.T.);
#3652=DIRECTION('NONE',(0.997528,0.070264,0));
#3653=DIRECTION('NONE',(0,0,1));
#3654=AXIS2_PLACEMENT_3D('NONE',#602,#3652,#3653);
#3655=PLANE('NONE',#3654);
#3656=FACE_SURFACE('NONE',(#3651),#3655,.T.);
#3657=POLY_LOOP('NONE',(#845,#844,#142,#141));
#3658=FACE_OUTER_BOUND('NONE',#3657,.T.);
#3659=DIRECTION('NONE',(-0.646528,-0.76289,0));
#3660=DIRECTION('NONE',(-0.76289,0.646528,0));
#3661=AXIS2_PLACEMENT_3D('NONE',#845,#3659,#3660);
#3662=PLANE('NONE',#3661);
#3663=FACE_SURFACE('NONE',(#3658),#3662,.T.);
#3664=POLY_LOOP('NONE',(#846,#845,#141,#140));
#3665=FACE_OUTER_BOUND('NONE',#3664,.T.);
#3666=DIRECTION('NONE',(-0.762911,-0.646504,0));
#3667=DIRECTION('NONE',(-0.646504,0.762911,0));
#3668=AXIS2_PLACEMENT_3D('NONE',#846,#3666,#3667);
#3669=PLANE('NONE',#3668);
#3670=FACE_SURFACE('NONE',(#3665),#3669,.T.);
#3671=POLY_LOOP('NONE',(#601,#600,#1232,#1231));
#3672=FACE_OUTER_BOUND('NONE',#3671,.T.);
#3673=DIRECTION('NONE',(0.999604,-0.028143,0));
#3674=DIRECTION('NONE',(0.028143,0.999604,0));
#3675=AXIS2_PLACEMENT_3D('NONE',#601,#3673,#3674);
#3676=PLANE('NONE',#3675);
#3677=FACE_SURFACE('NONE',(#3672),#3676,.T.);
#3678=POLY_LOOP('NONE',(#847,#846,#140,#139));
#3679=FACE_OUTER_BOUND('NONE',#3678,.T.);
#3680=DIRECTION('NONE',(-0.851648,-0.524114,0));
#3681=DIRECTION('NONE',(-0.524114,0.851648,0));
#3682=AXIS2_PLACEMENT_3D('NONE',#847,#3680,#3681);
#3683=PLANE('NONE',#3682);
#3684=FACE_SURFACE('NONE',(#3679),#3683,.T.);
#3685=POLY_LOOP('NONE',(#848,#847,#139,#138));
#3686=FACE_OUTER_BOUND('NONE',#3685,.T.);
#3687=DIRECTION('NONE',(-0.918479,-0.395469,0));
#3688=DIRECTION('NONE',(-0.395469,0.918479,0));
#3689=AXIS2_PLACEMENT_3D('NONE',#848,#3687,#3688);
#3690=PLANE('NONE',#3689);
#3691=FACE_SURFACE('NONE',(#3686),#3690,.T.);
#3692=POLY_LOOP('NONE',(#849,#848,#138,#137));
#3693=FACE_OUTER_BOUND('NONE',#3692,.T.);
#3694=DIRECTION('NONE',(-0.973754,-0.227603,0));
#3695=DIRECTION('NONE',(-0.227603,0.973754,0));
#3696=AXIS2_PLACEMENT_3D('NONE',#849,#3694,#3695);
#3697=PLANE('NONE',#3696);
#3698=FACE_SURFACE('NONE',(#3693),#3697,.T.);
#3699=POLY_LOOP('NONE',(#850,#849,#137,#136));
#3700=FACE_OUTER_BOUND('NONE',#3699,.T.);
#3701=DIRECTION('NONE',(-0.996286,-0.086101,0));
#3702=DIRECTION('NONE',(-0.086101,0.996286,0));
#3703=AXIS2_PLACEMENT_3D('NONE',#850,#3701,#3702);
#3704=PLANE('NONE',#3703);
#3705=FACE_SURFACE('NONE',(#3700),#3704,.T.);
#3706=POLY_LOOP('NONE',(#851,#850,#136,#135));
#3707=FACE_OUTER_BOUND('NONE',#3706,.T.);
#3708=DIRECTION('NONE',(-1,0,0));
#3709=DIRECTION('NONE',(0,1,0));
#3710=AXIS2_PLACEMENT_3D('NONE',#851,#3708,#3709);
#3711=PLANE('NONE',#3710);
#3712=FACE_SURFACE('NONE',(#3707),#3711,.T.);
#3713=POLY_LOOP('NONE',(#852,#851,#135,#134));
#3714=FACE_OUTER_BOUND('NONE',#3713,.T.);
#3715=DIRECTION('NONE',(-0.996287,0.086097,0));
#3716=DIRECTION('NONE',(0.086097,0.996287,0));
#3717=AXIS2_PLACEMENT_3D('NONE',#852,#3715,#3716);
#3718=PLANE('NONE',#3717);
#3719=FACE_SURFACE('NONE',(#3714),#3718,.T.);
#3720=POLY_LOOP('NONE',(#853,#852,#134,#133));
#3721=FACE_OUTER_BOUND('NONE',#3720,.T.);
#3722=DIRECTION('NONE',(-0.973754,0.227603,0));
#3723=DIRECTION('NONE',(0.227603,0.973754,0));
#3724=AXIS2_PLACEMENT_3D('NONE',#853,#3722,#3723);
#3725=PLANE('NONE',#3724);
#3726=FACE_SURFACE('NONE',(#3721),#3725,.T.);
#3727=POLY_LOOP('NONE',(#963,#236,#363,#765));
#3728=FACE_OUTER_BOUND('NONE',#3727,.T.);
#3729=DIRECTION('NONE',(0.366546,-0.9304,0));
#3730=DIRECTION('NONE',(0,0,-1));
#3731=AXIS2_PLACEMENT_3D('NONE',#963,#3729,#3730);
#3732=PLANE('NONE',#3731);
#3733=FACE_SURFACE('NONE',(#3728),#3732,.T.);
#3734=POLY_LOOP('NONE',(#360,#359,#964,#767));
#3735=FACE_OUTER_BOUND('NONE',#3734,.T.);
#3736=DIRECTION('NONE',(0.168979,-0.98562,0));
#3737=DIRECTION('NONE',(0.98562,0.168979,0));
#3738=AXIS2_PLACEMENT_3D('NONE',#360,#3736,#3737);
#3739=PLANE('NONE',#3738);
#3740=FACE_SURFACE('NONE',(#3735),#3739,.T.);
#3741=POLY_LOOP('NONE',(#679,#678,#1387,#1386));
#3742=FACE_OUTER_BOUND('NONE',#3741,.T.);
#3743=DIRECTION('NONE',(-0.950096,0.311957,0));
#3744=DIRECTION('NONE',(-0.311957,-0.950096,0));
#3745=AXIS2_PLACEMENT_3D('NONE',#679,#3743,#3744);
#3746=PLANE('NONE',#3745);
#3747=FACE_SURFACE('NONE',(#3742),#3746,.T.);
#3748=POLY_LOOP('NONE',(#358,#965,#964,#359));
#3749=FACE_OUTER_BOUND('NONE',#3748,.T.);
#3750=DIRECTION('NONE',(0.12574,-0.992063,0));
#3751=DIRECTION('NONE',(0,0,1));
#3752=AXIS2_PLACEMENT_3D('NONE',#358,#3750,#3751);
#3753=PLANE('NONE',#3752);
#3754=FACE_SURFACE('NONE',(#3749),#3753,.T.);
#3755=POLY_LOOP('NONE',(#854,#853,#133,#132));
#3756=FACE_OUTER_BOUND('NONE',#3755,.T.);
#3757=DIRECTION('NONE',(-0.918479,0.395469,0));
#3758=DIRECTION('NONE',(0.395469,0.918479,0));
#3759=AXIS2_PLACEMENT_3D('NONE',#854,#3757,#3758);
#3760=PLANE('NONE',#3759);
#3761=FACE_SURFACE('NONE',(#3756),#3760,.T.);
#3762=POLY_LOOP('NONE',(#855,#854,#132,#131));
#3763=FACE_OUTER_BOUND('NONE',#3762,.T.);
#3764=DIRECTION('NONE',(-0.851648,0.524114,0));
#3765=DIRECTION('NONE',(0.524114,0.851648,0));
#3766=AXIS2_PLACEMENT_3D('NONE',#855,#3764,#3765);
#3767=PLANE('NONE',#3766);
#3768=FACE_SURFACE('NONE',(#3763),#3767,.T.);
#3769=POLY_LOOP('NONE',(#1035,#1034,#289,#288));
#3770=FACE_OUTER_BOUND('NONE',#3769,.T.);
#3771=DIRECTION('NONE',(0.168979,0.98562,0));
#3772=DIRECTION('NONE',(0.98562,-0.168979,0));
#3773=AXIS2_PLACEMENT_3D('NONE',#1035,#3771,#3772);
#3774=PLANE('NONE',#3773);
#3775=FACE_SURFACE('NONE',(#3770),#3774,.T.);
#3776=POLY_LOOP('NONE',(#856,#855,#131,#130));
#3777=FACE_OUTER_BOUND('NONE',#3776,.T.);
#3778=DIRECTION('NONE',(-0.76289,0.646528,0));
#3779=DIRECTION('NONE',(0.646528,0.76289,0));
#3780=AXIS2_PLACEMENT_3D('NONE',#856,#3778,#3779);
#3781=PLANE('NONE',#3780);
#3782=FACE_SURFACE('NONE',(#3777),#3781,.T.);
#3783=POLY_LOOP('NONE',(#857,#856,#130,#129));
#3784=FACE_OUTER_BOUND('NONE',#3783,.T.);
#3785=DIRECTION('NONE',(-0.646557,0.762866,0));
#3786=DIRECTION('NONE',(0.762866,0.646557,0));
#3787=AXIS2_PLACEMENT_3D('NONE',#857,#3785,#3786);
#3788=PLANE('NONE',#3787);
#3789=FACE_SURFACE('NONE',(#3784),#3788,.T.);
#3790=POLY_LOOP('NONE',(#858,#857,#129,#128));
#3791=FACE_OUTER_BOUND('NONE',#3790,.T.);
#3792=DIRECTION('NONE',(-0.524056,0.851684,0));
#3793=DIRECTION('NONE',(0.851684,0.524056,0));
#3794=AXIS2_PLACEMENT_3D('NONE',#858,#3792,#3793);
#3795=PLANE('NONE',#3794);
#3796=FACE_SURFACE('NONE',(#3791),#3795,.T.);
#3797=POLY_LOOP('NONE',(#859,#858,#128,#127));
#3798=FACE_OUTER_BOUND('NONE',#3797,.T.);
#3799=DIRECTION('NONE',(-0.395487,0.918472,0));
#3800=DIRECTION('NONE',(0.918472,0.395487,0));
#3801=AXIS2_PLACEMENT_3D('NONE',#859,#3799,#3800);
#3802=PLANE('NONE',#3801);
#3803=FACE_SURFACE('NONE',(#3798),#3802,.T.);
#3804=POLY_LOOP('NONE',(#860,#859,#127,#126));
#3805=FACE_OUTER_BOUND('NONE',#3804,.T.);
#3806=DIRECTION('NONE',(-0.227603,0.973754,0));
#3807=DIRECTION('NONE',(0.973754,0.227603,0));
#3808=AXIS2_PLACEMENT_3D('NONE',#860,#3806,#3807);
#3809=PLANE('NONE',#3808);
#3810=FACE_SURFACE('NONE',(#3805),#3809,.T.);
#3811=POLY_LOOP('NONE',(#861,#860,#126,#125));
#3812=FACE_OUTER_BOUND('NONE',#3811,.T.);
#3813=DIRECTION('NONE',(-0.086097,0.996287,0));
#3814=DIRECTION('NONE',(0.996287,0.086097,0));
#3815=AXIS2_PLACEMENT_3D('NONE',#861,#3813,#3814);
#3816=PLANE('NONE',#3815);
#3817=FACE_SURFACE('NONE',(#3812),#3816,.T.);
#3818=POLY_LOOP('NONE',(#832,#831,#111,#110));
#3819=FACE_OUTER_BOUND('NONE',#3818,.T.);
#3820=DIRECTION('NONE',(0.918488,-0.395449,0));
#3821=DIRECTION('NONE',(-0.395449,-0.918488,0));
#3822=AXIS2_PLACEMENT_3D('NONE',#832,#3820,#3821);
#3823=PLANE('NONE',#3822);
#3824=FACE_SURFACE('NONE',(#3819),#3823,.T.);
#3825=POLY_LOOP('NONE',(#111,#831,#830,#112));
#3826=FACE_OUTER_BOUND('NONE',#3825,.T.);
#3827=DIRECTION('NONE',(0.973743,-0.227649,0));
#3828=DIRECTION('NONE',(0,0,1));
#3829=AXIS2_PLACEMENT_3D('NONE',#111,#3827,#3828);
#3830=PLANE('NONE',#3829);
#3831=FACE_SURFACE('NONE',(#3826),#3830,.T.);
#3832=POLY_LOOP('NONE',(#833,#832,#110,#109));
#3833=FACE_OUTER_BOUND('NONE',#3832,.T.);
#3834=DIRECTION('NONE',(0.851659,-0.524096,0));
#3835=DIRECTION('NONE',(-0.524096,-0.851659,0));
#3836=AXIS2_PLACEMENT_3D('NONE',#833,#3834,#3835);
#3837=PLANE('NONE',#3836);
#3838=FACE_SURFACE('NONE',(#3833),#3837,.T.);
#3839=POLY_LOOP('NONE',(#834,#833,#109,#108));
#3840=FACE_OUTER_BOUND('NONE',#3839,.T.);
#3841=DIRECTION('NONE',(0.762911,-0.646504,0));
#3842=DIRECTION('NONE',(-0.646504,-0.762911,0));
#3843=AXIS2_PLACEMENT_3D('NONE',#834,#3841,#3842);
#3844=PLANE('NONE',#3843);
#3845=FACE_SURFACE('NONE',(#3840),#3844,.T.);
#3846=POLY_LOOP('NONE',(#840,#839,#147,#146));
#3847=FACE_OUTER_BOUND('NONE',#3846,.T.);
#3848=DIRECTION('NONE',(0,-1,0));
#3849=DIRECTION('NONE',(-1,0,0));
#3850=AXIS2_PLACEMENT_3D('NONE',#840,#3848,#3849);
#3851=PLANE('NONE',#3850);
#3852=FACE_SURFACE('NONE',(#3847),#3851,.T.);
#3853=POLY_LOOP('NONE',(#598,#597,#1235,#1234));
#3854=FACE_OUTER_BOUND('NONE',#3853,.T.);
#3855=DIRECTION('NONE',(0.98562,-0.168979,0));
#3856=DIRECTION('NONE',(0.168979,0.98562,0));
#3857=AXIS2_PLACEMENT_3D('NONE',#598,#3855,#3856);
#3858=PLANE('NONE',#3857);
#3859=FACE_SURFACE('NONE',(#3854),#3858,.T.);
#3860=POLY_LOOP('NONE',(#835,#834,#108,#107));
#3861=FACE_OUTER_BOUND('NONE',#3860,.T.);
#3862=DIRECTION('NONE',(0.646516,-0.762901,0));
#3863=DIRECTION('NONE',(-0.762901,-0.646516,0));
#3864=AXIS2_PLACEMENT_3D('NONE',#835,#3862,#3863);
#3865=PLANE('NONE',#3864);
#3866=FACE_SURFACE('NONE',(#3861),#3865,.T.);
#3867=POLY_LOOP('NONE',(#281,#1042,#1041,#282));
#3868=FACE_OUTER_BOUND('NONE',#3867,.T.);
#3869=DIRECTION('NONE',(0.491591,0.870826,0));
#3870=DIRECTION('NONE',(0,0,1));
#3871=AXIS2_PLACEMENT_3D('NONE',#281,#3869,#3870);
#3872=PLANE('NONE',#3871);
#3873=FACE_SURFACE('NONE',(#3868),#3872,.T.);
#3874=POLY_LOOP('NONE',(#1235,#597,#596,#1236));
#3875=FACE_OUTER_BOUND('NONE',#3874,.T.);
#3876=DIRECTION('NONE',(0.974862,-0.22281,0));
#3877=DIRECTION('NONE',(0,0,-1));
#3878=AXIS2_PLACEMENT_3D('NONE',#1235,#3876,#3877);
#3879=PLANE('NONE',#3878);
#3880=FACE_SURFACE('NONE',(#3875),#3879,.T.);
#3881=POLY_LOOP('NONE',(#836,#835,#107,#106));
#3882=FACE_OUTER_BOUND('NONE',#3881,.T.);
#3883=DIRECTION('NONE',(0.524103,-0.851655,0));
#3884=DIRECTION('NONE',(-0.851655,-0.524103,0));
#3885=AXIS2_PLACEMENT_3D('NONE',#836,#3883,#3884);
#3886=PLANE('NONE',#3885);
#3887=FACE_SURFACE('NONE',(#3882),#3886,.T.);
#3888=POLY_LOOP('NONE',(#1042,#281,#280,#1043));
#3889=FACE_OUTER_BOUND('NONE',#3888,.T.);
#3890=DIRECTION('NONE',(0.535064,0.844812,0));
#3891=DIRECTION('NONE',(0,0,-1));
#3892=AXIS2_PLACEMENT_3D('NONE',#1042,#3890,#3891);
#3893=PLANE('NONE',#3892);
#3894=FACE_SURFACE('NONE',(#3889),#3893,.T.);
#3895=POLY_LOOP('NONE',(#1236,#596,#595,#1237));
#3896=FACE_OUTER_BOUND('NONE',#3895,.T.);
#3897=DIRECTION('NONE',(0.964113,-0.265493,0));
#3898=DIRECTION('NONE',(0,0,-1));
#3899=AXIS2_PLACEMENT_3D('NONE',#1236,#3897,#3898);
#3900=PLANE('NONE',#3899);
#3901=FACE_SURFACE('NONE',(#3896),#3900,.T.);
#3902=POLY_LOOP('NONE',(#837,#836,#106,#105));
#3903=FACE_OUTER_BOUND('NONE',#3902,.T.);
#3904=DIRECTION('NONE',(0.395437,-0.918493,0));
#3905=DIRECTION('NONE',(-0.918493,-0.395437,0));
#3906=AXIS2_PLACEMENT_3D('NONE',#837,#3904,#3905);
#3907=PLANE('NONE',#3906);
#3908=FACE_SURFACE('NONE',(#3903),#3907,.T.);
#3909=POLY_LOOP('NONE',(#595,#594,#1238,#1237));
#3910=FACE_OUTER_BOUND('NONE',#3909,.T.);
#3911=DIRECTION('NONE',(0.950096,-0.311957,0));
#3912=DIRECTION('NONE',(0.311957,0.950096,0));
#3913=AXIS2_PLACEMENT_3D('NONE',#595,#3911,#3912);
#3914=PLANE('NONE',#3913);
#3915=FACE_SURFACE('NONE',(#3910),#3914,.T.);
#3916=POLY_LOOP('NONE',(#279,#1044,#1043,#280));
#3917=FACE_OUTER_BOUND('NONE',#3916,.T.);
#3918=DIRECTION('NONE',(0.570672,0.821178,0));
#3919=DIRECTION('NONE',(0,0,1));
#3920=AXIS2_PLACEMENT_3D('NONE',#279,#3918,#3919);
#3921=PLANE('NONE',#3920);
#3922=FACE_SURFACE('NONE',(#3917),#3921,.T.);
#3923=POLY_LOOP('NONE',(#838,#837,#105,#104));
#3924=FACE_OUTER_BOUND('NONE',#3923,.T.);
#3925=DIRECTION('NONE',(0.227649,-0.973743,0));
#3926=DIRECTION('NONE',(-0.973743,-0.227649,0));
#3927=AXIS2_PLACEMENT_3D('NONE',#838,#3925,#3926);
#3928=PLANE('NONE',#3927);
#3929=FACE_SURFACE('NONE',(#3924),#3928,.T.);
#3930=POLY_LOOP('NONE',(#1044,#279,#278,#1045));
#3931=FACE_OUTER_BOUND('NONE',#3930,.T.);
#3932=DIRECTION('NONE',(0.617812,0.786326,0));
#3933=DIRECTION('NONE',(0,0,-1));
#3934=AXIS2_PLACEMENT_3D('NONE',#1044,#3932,#3933);
#3935=PLANE('NONE',#3934);
#3936=FACE_SURFACE('NONE',(#3931),#3935,.T.);
#3937=POLY_LOOP('NONE',(#684,#683,#1382,#1381));
#3938=FACE_OUTER_BOUND('NONE',#3937,.T.);
#3939=DIRECTION('NONE',(-0.997528,0.070264,0));
#3940=DIRECTION('NONE',(-0.070264,-0.997528,0));
#3941=AXIS2_PLACEMENT_3D('NONE',#684,#3939,#3940);
#3942=PLANE('NONE',#3941);
#3943=FACE_SURFACE('NONE',(#3938),#3942,.T.);
#3944=POLY_LOOP('NONE',(#1382,#683,#682,#1383));
#3945=FACE_OUTER_BOUND('NONE',#3944,.T.);
#3946=DIRECTION('NONE',(-0.992063,0.12574,0));
#3947=DIRECTION('NONE',(0,0,-1));
#3948=AXIS2_PLACEMENT_3D('NONE',#1382,#3946,#3947);
#3949=PLANE('NONE',#3948);
#3950=FACE_SURFACE('NONE',(#3945),#3949,.T.);
#3951=POLY_LOOP('NONE',(#147,#839,#838,#104));
#3952=FACE_OUTER_BOUND('NONE',#3951,.T.);
#3953=DIRECTION('NONE',(0.086099,-0.996287,0));
#3954=DIRECTION('NONE',(0,0,1));
#3955=AXIS2_PLACEMENT_3D('NONE',#147,#3953,#3954);
#3956=PLANE('NONE',#3955);
#3957=FACE_SURFACE('NONE',(#3952),#3956,.T.);
#3958=POLY_LOOP('NONE',(#682,#681,#1384,#1383));
#3959=FACE_OUTER_BOUND('NONE',#3958,.T.);
#3960=DIRECTION('NONE',(-0.98562,0.168979,0));
#3961=DIRECTION('NONE',(-0.168979,-0.98562,0));
#3962=AXIS2_PLACEMENT_3D('NONE',#682,#3960,#3961);
#3963=PLANE('NONE',#3962);
#3964=FACE_SURFACE('NONE',(#3959),#3963,.T.);
#3965=POLY_LOOP('NONE',(#1384,#681,#680,#1385));
#3966=FACE_OUTER_BOUND('NONE',#3965,.T.);
#3967=DIRECTION('NONE',(-0.974862,0.22281,0));
#3968=DIRECTION('NONE',(0,0,-1));
#3969=AXIS2_PLACEMENT_3D('NONE',#1384,#3967,#3968);
#3970=PLANE('NONE',#3969);
#3971=FACE_SURFACE('NONE',(#3966),#3970,.T.);
#3972=POLY_LOOP('NONE',(#277,#1046,#1045,#278));
#3973=FACE_OUTER_BOUND('NONE',#3972,.T.);
#3974=DIRECTION('NONE',(0.656526,0.754304,0));
#3975=DIRECTION('NONE',(0,0,1));
#3976=AXIS2_PLACEMENT_3D('NONE',#277,#3974,#3975);
#3977=PLANE('NONE',#3976);
#3978=FACE_SURFACE('NONE',(#3973),#3977,.T.);
#3979=POLY_LOOP('NONE',(#276,#1047,#1046,#277));
#3980=FACE_OUTER_BOUND('NONE',#3979,.T.);
#3981=DIRECTION('NONE',(0.685813,0.727778,0));
#3982=DIRECTION('NONE',(0,0,1));
#3983=AXIS2_PLACEMENT_3D('NONE',#276,#3981,#3982);
#3984=PLANE('NONE',#3983);
#3985=FACE_SURFACE('NONE',(#3980),#3984,.T.);
#3986=POLY_LOOP('NONE',(#276,#275,#1048,#1047));
#3987=FACE_OUTER_BOUND('NONE',#3986,.T.);
#3988=DIRECTION('NONE',(0.727803,0.685786,0));
#3989=DIRECTION('NONE',(-0.685786,0.727803,0));
#3990=AXIS2_PLACEMENT_3D('NONE',#276,#3988,#3989);
#3991=PLANE('NONE',#3990);
#3992=FACE_SURFACE('NONE',(#3987),#3991,.T.);
#3993=POLY_LOOP('NONE',(#690,#689,#1376,#1375));
#3994=FACE_OUTER_BOUND('NONE',#3993,.T.);
#3995=DIRECTION('NONE',(-0.974862,-0.22281,0));
#3996=DIRECTION('NONE',(0.22281,-0.974862,0));
#3997=AXIS2_PLACEMENT_3D('NONE',#690,#3995,#3996);
#3998=PLANE('NONE',#3997);
#3999=FACE_SURFACE('NONE',(#3994),#3998,.T.);
#4000=POLY_LOOP('NONE',(#688,#1377,#1376,#689));
#4001=FACE_OUTER_BOUND('NONE',#4000,.T.);
#4002=DIRECTION('NONE',(-0.98562,-0.168979,0));
#4003=DIRECTION('NONE',(0,0,1));
#4004=AXIS2_PLACEMENT_3D('NONE',#688,#4002,#4003);
#4005=PLANE('NONE',#4004);
#4006=FACE_SURFACE('NONE',(#4001),#4005,.T.);
#4007=POLY_LOOP('NONE',(#292,#291,#1032,#1031));
#4008=FACE_OUTER_BOUND('NONE',#4007,.T.);
#4009=DIRECTION('NONE',(0.014075,0.999901,0));
#4010=DIRECTION('NONE',(-0.999901,0.014075,0));
#4011=AXIS2_PLACEMENT_3D('NONE',#292,#4009,#4010);
#4012=PLANE('NONE',#4011);
#4013=FACE_SURFACE('NONE',(#4008),#4012,.T.);
#4014=POLY_LOOP('NONE',(#112,#830,#829,#113));
#4015=FACE_OUTER_BOUND('NONE',#4014,.T.);
#4016=DIRECTION('NONE',(0.996286,-0.086101,0));
#4017=DIRECTION('NONE',(0,0,1));
#4018=AXIS2_PLACEMENT_3D('NONE',#112,#4016,#4017);
#4019=PLANE('NONE',#4018);
#4020=FACE_SURFACE('NONE',(#4015),#4019,.T.);
#4021=POLY_LOOP('NONE',(#290,#1033,#1032,#291));
#4022=FACE_OUTER_BOUND('NONE',#4021,.T.);
#4023=DIRECTION('NONE',(0.070264,0.997528,0));
#4024=DIRECTION('NONE',(0,0,1));
#4025=AXIS2_PLACEMENT_3D('NONE',#290,#4023,#4024);
#4026=PLANE('NONE',#4025);
#4027=FACE_SURFACE('NONE',(#4022),#4026,.T.);
#4028=POLY_LOOP('NONE',(#290,#289,#1034,#1033));
#4029=FACE_OUTER_BOUND('NONE',#4028,.T.);
#4030=DIRECTION('NONE',(0.12574,0.992063,0));
#4031=DIRECTION('NONE',(-0.992063,0.12574,0));
#4032=AXIS2_PLACEMENT_3D('NONE',#290,#4030,#4031);
#4033=PLANE('NONE',#4032);
#4034=FACE_SURFACE('NONE',(#4029),#4033,.T.);
#4035=POLY_LOOP('NONE',(#1380,#1379,#686,#685));
#4036=FACE_OUTER_BOUND('NONE',#4035,.T.);
#4037=DIRECTION('NONE',(-0.999604,-0.028143,0));
#4038=DIRECTION('NONE',(-0.028143,0.999604,0));
#4039=AXIS2_PLACEMENT_3D('NONE',#1380,#4037,#4038);
#4040=PLANE('NONE',#4039);
#4041=FACE_SURFACE('NONE',(#4036),#4040,.T.);
#4042=POLY_LOOP('NONE',(#287,#1036,#1035,#288));
#4043=FACE_OUTER_BOUND('NONE',#4042,.T.);
#4044=DIRECTION('NONE',(0.225874,0.974156,0));
#4045=DIRECTION('NONE',(0,0,1));
#4046=AXIS2_PLACEMENT_3D('NONE',#287,#4044,#4045);
#4047=PLANE('NONE',#4046);
#4048=FACE_SURFACE('NONE',(#4043),#4047,.T.);
#4049=POLY_LOOP('NONE',(#684,#1381,#1380,#685));
#4050=FACE_OUTER_BOUND('NONE',#4049,.T.);
#4051=DIRECTION('NONE',(-0.999604,0.02814,0));
#4052=DIRECTION('NONE',(0,0,1));
#4053=AXIS2_PLACEMENT_3D('NONE',#684,#4051,#4052);
#4054=PLANE('NONE',#4053);
#4055=FACE_SURFACE('NONE',(#4050),#4054,.T.);
#4056=POLY_LOOP('NONE',(#512,#1320,#1319,#513));
#4057=FACE_OUTER_BOUND('NONE',#4056,.T.);
#4058=DIRECTION('NONE',(-0.366527,0.930407,0));
#4059=DIRECTION('NONE',(0,0,1));
#4060=AXIS2_PLACEMENT_3D('NONE',#512,#4058,#4059);
#4061=PLANE('NONE',#4060);
#4062=FACE_SURFACE('NONE',(#4057),#4061,.T.);
#4063=POLY_LOOP('NONE',(#1386,#1385,#680,#679));
#4064=FACE_OUTER_BOUND('NONE',#4063,.T.);
#4065=DIRECTION('NONE',(-0.964113,0.265493,0));
#4066=DIRECTION('NONE',(0.265493,0.964113,0));
#4067=AXIS2_PLACEMENT_3D('NONE',#1386,#4065,#4066);
#4068=PLANE('NONE',#4067);
#4069=FACE_SURFACE('NONE',(#4064),#4068,.T.);
#4070=POLY_LOOP('NONE',(#529,#528,#1304,#1303));
#4071=FACE_OUTER_BOUND('NONE',#4070,.T.);
#4072=DIRECTION('NONE',(-0.918419,0.39561,0));
#4073=DIRECTION('NONE',(-0.39561,-0.918419,0));
#4074=AXIS2_PLACEMENT_3D('NONE',#529,#4072,#4073);
#4075=PLANE('NONE',#4074);
#4076=FACE_SURFACE('NONE',(#4071),#4075,.T.);
#4077=POLY_LOOP('NONE',(#1304,#528,#527,#1305));
#4078=FACE_OUTER_BOUND('NONE',#4077,.T.);
#4079=DIRECTION('NONE',(-0.888807,0.458283,0));
#4080=DIRECTION('NONE',(0,0,-1));
#4081=AXIS2_PLACEMENT_3D('NONE',#1304,#4079,#4080);
#4082=PLANE('NONE',#4081);
#4083=FACE_SURFACE('NONE',(#4078),#4082,.T.);
#4084=POLY_LOOP('NONE',(#1387,#678,#677,#1388));
#4085=FACE_OUTER_BOUND('NONE',#4084,.T.);
#4086=DIRECTION('NONE',(-0.93225,0.361816,0));
#4087=DIRECTION('NONE',(0,0,-1));
#4088=AXIS2_PLACEMENT_3D('NONE',#1387,#4086,#4087);
#4089=PLANE('NONE',#4088);
#4090=FACE_SURFACE('NONE',(#4085),#4089,.T.);
#4091=POLY_LOOP('NONE',(#1374,#1373,#692,#691));
#4092=FACE_OUTER_BOUND('NONE',#4091,.T.);
#4093=DIRECTION('NONE',(-0.950096,-0.311957,0));
#4094=DIRECTION('NONE',(-0.311957,0.950096,0));
#4095=AXIS2_PLACEMENT_3D('NONE',#1374,#4093,#4094);
#4096=PLANE('NONE',#4095);
#4097=FACE_SURFACE('NONE',(#4092),#4096,.T.);
#4098=POLY_LOOP('NONE',(#690,#1375,#1374,#691));
#4099=FACE_OUTER_BOUND('NONE',#4098,.T.);
#4100=DIRECTION('NONE',(-0.964113,-0.265493,0));
#4101=DIRECTION('NONE',(0,0,1));
#4102=AXIS2_PLACEMENT_3D('NONE',#690,#4100,#4101);
#4103=PLANE('NONE',#4102);
#4104=FACE_SURFACE('NONE',(#4099),#4103,.T.);
#4105=POLY_LOOP('NONE',(#1378,#1377,#688,#687));
#4106=FACE_OUTER_BOUND('NONE',#4105,.T.);
#4107=DIRECTION('NONE',(-0.992063,-0.12574,0));
#4108=DIRECTION('NONE',(-0.12574,0.992063,0));
#4109=AXIS2_PLACEMENT_3D('NONE',#1378,#4107,#4108);
#4110=PLANE('NONE',#4109);
#4111=FACE_SURFACE('NONE',(#4106),#4110,.T.);
#4112=POLY_LOOP('NONE',(#686,#1379,#1378,#687));
#4113=FACE_OUTER_BOUND('NONE',#4112,.T.);
#4114=DIRECTION('NONE',(-0.997528,-0.070264,0));
#4115=DIRECTION('NONE',(0,0,1));
#4116=AXIS2_PLACEMENT_3D('NONE',#686,#4114,#4115);
#4117=PLANE('NONE',#4116);
#4118=FACE_SURFACE('NONE',(#4113),#4117,.T.);
#4119=POLY_LOOP('NONE',(#799,#798,#103,#102));
#4120=FACE_OUTER_BOUND('NONE',#4119,.T.);
#4121=DIRECTION('NONE',(-0.086099,-0.996287,0));
#4122=DIRECTION('NONE',(-0.996287,0.086099,0));
#4123=AXIS2_PLACEMENT_3D('NONE',#799,#4121,#4122);
#4124=PLANE('NONE',#4123);
#4125=FACE_SURFACE('NONE',(#4120),#4124,.T.);
#4126=POLY_LOOP('NONE',(#1452,#741,#740,#1453));
#4127=FACE_OUTER_BOUND('NONE',#4126,.T.);
#4128=DIRECTION('NONE',(0.918402,-0.395649,0));
#4129=DIRECTION('NONE',(0,0,-1));
#4130=AXIS2_PLACEMENT_3D('NONE',#1452,#4128,#4129);
#4131=PLANE('NONE',#4130);
#4132=FACE_SURFACE('NONE',(#4127),#4131,.T.);
#4133=POLY_LOOP('NONE',(#800,#799,#102,#101));
#4134=FACE_OUTER_BOUND('NONE',#4133,.T.);
#4135=DIRECTION('NONE',(-0.227644,-0.973745,0));
#4136=DIRECTION('NONE',(-0.973745,0.227644,0));
#4137=AXIS2_PLACEMENT_3D('NONE',#800,#4135,#4136);
#4138=PLANE('NONE',#4137);
#4139=FACE_SURFACE('NONE',(#4134),#4138,.T.);
#4140=POLY_LOOP('NONE',(#801,#800,#101,#100));
#4141=FACE_OUTER_BOUND('NONE',#4140,.T.);
#4142=DIRECTION('NONE',(-0.395446,-0.918489,0));
#4143=DIRECTION('NONE',(-0.918489,0.395446,0));
#4144=AXIS2_PLACEMENT_3D('NONE',#801,#4142,#4143);
#4145=PLANE('NONE',#4144);
#4146=FACE_SURFACE('NONE',(#4141),#4145,.T.);
#4147=POLY_LOOP('NONE',(#802,#801,#100,#99));
#4148=FACE_OUTER_BOUND('NONE',#4147,.T.);
#4149=DIRECTION('NONE',(-0.524103,-0.851655,0));
#4150=DIRECTION('NONE',(-0.851655,0.524103,0));
#4151=AXIS2_PLACEMENT_3D('NONE',#802,#4149,#4150);
#4152=PLANE('NONE',#4151);
#4153=FACE_SURFACE('NONE',(#4148),#4152,.T.);
#4154=POLY_LOOP('NONE',(#803,#802,#99,#98));
#4155=FACE_OUTER_BOUND('NONE',#4154,.T.);
#4156=DIRECTION('NONE',(-0.646516,-0.762901,0));
#4157=DIRECTION('NONE',(-0.762901,0.646516,0));
#4158=AXIS2_PLACEMENT_3D('NONE',#803,#4156,#4157);
#4159=PLANE('NONE',#4158);
#4160=FACE_SURFACE('NONE',(#4155),#4159,.T.);
#4161=POLY_LOOP('NONE',(#1093,#367,#366,#1094));
#4162=FACE_OUTER_BOUND('NONE',#4161,.T.);
#4163=DIRECTION('NONE',(0.786326,0.617812,0));
#4164=DIRECTION('NONE',(0,0,-1));
#4165=AXIS2_PLACEMENT_3D('NONE',#1093,#4163,#4164);
#4166=PLANE('NONE',#4165);
#4167=FACE_SURFACE('NONE',(#4162),#4166,.T.);
#4168=POLY_LOOP('NONE',(#1064,#259,#258,#1065));
#4169=FACE_OUTER_BOUND('NONE',#4168,.T.);
#4170=DIRECTION('NONE',(0.997532,-0.070211,0));
#4171=DIRECTION('NONE',(0,0,-1));
#4172=AXIS2_PLACEMENT_3D('NONE',#1064,#4170,#4171);
#4173=PLANE('NONE',#4172);
#4174=FACE_SURFACE('NONE',(#4169),#4173,.T.);
#4175=POLY_LOOP('NONE',(#366,#365,#1095,#1094));
#4176=FACE_OUTER_BOUND('NONE',#4175,.T.);
#4177=DIRECTION('NONE',(0.816587,0.577223,0));
#4178=DIRECTION('NONE',(-0.577223,0.816587,0));
#4179=AXIS2_PLACEMENT_3D('NONE',#366,#4177,#4178);
#4180=PLANE('NONE',#4179);
#4181=FACE_SURFACE('NONE',(#4176),#4180,.T.);
#4182=POLY_LOOP('NONE',(#512,#511,#1321,#1320));
#4183=FACE_OUTER_BOUND('NONE',#4182,.T.);
#4184=DIRECTION('NONE',(-0.307809,0.951448,0));
#4185=DIRECTION('NONE',(-0.951448,-0.307809,0));
#4186=AXIS2_PLACEMENT_3D('NONE',#512,#4184,#4185);
#4187=PLANE('NONE',#4186);
#4188=FACE_SURFACE('NONE',(#4183),#4187,.T.);
#4189=POLY_LOOP('NONE',(#1037,#1036,#287,#286));
#4190=FACE_OUTER_BOUND('NONE',#4189,.T.);
#4191=DIRECTION('NONE',(0.265493,0.964113,0));
#4192=DIRECTION('NONE',(0.964113,-0.265493,0));
#4193=AXIS2_PLACEMENT_3D('NONE',#1037,#4191,#4192);
#4194=PLANE('NONE',#4193);
#4195=FACE_SURFACE('NONE',(#4190),#4194,.T.);
#4196=POLY_LOOP('NONE',(#285,#1038,#1037,#286));
#4197=FACE_OUTER_BOUND('NONE',#4196,.T.);
#4198=DIRECTION('NONE',(0.307809,0.951448,0));
#4199=DIRECTION('NONE',(0,0,1));
#4200=AXIS2_PLACEMENT_3D('NONE',#285,#4198,#4199);
#4201=PLANE('NONE',#4200);
#4202=FACE_SURFACE('NONE',(#4197),#4201,.T.);
#4203=POLY_LOOP('NONE',(#1307,#1306,#526,#525));
#4204=FACE_OUTER_BOUND('NONE',#4203,.T.);
#4205=DIRECTION('NONE',(-0.844851,0.535001,0));
#4206=DIRECTION('NONE',(0.535001,0.844851,0));
#4207=AXIS2_PLACEMENT_3D('NONE',#1307,#4205,#4206);
#4208=PLANE('NONE',#4207);
#4209=FACE_SURFACE('NONE',(#4204),#4208,.T.);
#4210=POLY_LOOP('NONE',(#1039,#1038,#285,#284));
#4211=FACE_OUTER_BOUND('NONE',#4210,.T.);
#4212=DIRECTION('NONE',(0.366546,0.9304,0));
#4213=DIRECTION('NONE',(0.9304,-0.366546,0));
#4214=AXIS2_PLACEMENT_3D('NONE',#1039,#4212,#4213);
#4215=PLANE('NONE',#4214);
#4216=FACE_SURFACE('NONE',(#4211),#4215,.T.);
#4217=POLY_LOOP('NONE',(#524,#1308,#1307,#525));
#4218=FACE_OUTER_BOUND('NONE',#4217,.T.);
#4219=DIRECTION('NONE',(-0.816569,0.577248,0));
#4220=DIRECTION('NONE',(0,0,1));
#4221=AXIS2_PLACEMENT_3D('NONE',#524,#4219,#4220);
#4222=PLANE('NONE',#4221);
#4223=FACE_SURFACE('NONE',(#4218),#4222,.T.);
#4224=POLY_LOOP('NONE',(#1031,#1030,#293,#292));
#4225=FACE_OUTER_BOUND('NONE',#4224,.T.);
#4226=DIRECTION('NONE',(-0.01388,0.999904,0));
#4227=DIRECTION('NONE',(0.999904,0.01388,0));
#4228=AXIS2_PLACEMENT_3D('NONE',#1031,#4226,#4227);
#4229=PLANE('NONE',#4228);
#4230=FACE_SURFACE('NONE',(#4225),#4229,.T.);
#4231=POLY_LOOP('NONE',(#1025,#1024,#299,#298));
#4232=FACE_OUTER_BOUND('NONE',#4231,.T.);
#4233=DIRECTION('NONE',(-0.307809,0.951448,0));
#4234=DIRECTION('NONE',(0.951448,0.307809,0));
#4235=AXIS2_PLACEMENT_3D('NONE',#1025,#4233,#4234);
#4236=PLANE('NONE',#4235);
#4237=FACE_SURFACE('NONE',(#4232),#4236,.T.);
#4238=POLY_LOOP('NONE',(#297,#1026,#1025,#298));
#4239=FACE_OUTER_BOUND('NONE',#4238,.T.);
#4240=DIRECTION('NONE',(-0.265493,0.964113,0));
#4241=DIRECTION('NONE',(0,0,1));
#4242=AXIS2_PLACEMENT_3D('NONE',#297,#4240,#4241);
#4243=PLANE('NONE',#4242);
#4244=FACE_SURFACE('NONE',(#4239),#4243,.T.);
#4245=POLY_LOOP('NONE',(#1311,#521,#520,#1312));
#4246=FACE_OUTER_BOUND('NONE',#4245,.T.);
#4247=DIRECTION('NONE',(-0.685814,0.727777,0));
#4248=DIRECTION('NONE',(0,0,-1));
#4249=AXIS2_PLACEMENT_3D('NONE',#1311,#4247,#4248);
#4250=PLANE('NONE',#4249);
#4251=FACE_SURFACE('NONE',(#4246),#4250,.T.);
#4252=POLY_LOOP('NONE',(#296,#1027,#1026,#297));
#4253=FACE_OUTER_BOUND('NONE',#4252,.T.);
#4254=DIRECTION('NONE',(-0.225874,0.974156,0));
#4255=DIRECTION('NONE',(0,0,1));
#4256=AXIS2_PLACEMENT_3D('NONE',#296,#4254,#4255);
#4257=PLANE('NONE',#4256);
#4258=FACE_SURFACE('NONE',(#4253),#4257,.T.);
#4259=POLY_LOOP('NONE',(#1028,#1027,#296,#295));
#4260=FACE_OUTER_BOUND('NONE',#4259,.T.);
#4261=DIRECTION('NONE',(-0.168979,0.98562,0));
#4262=DIRECTION('NONE',(0.98562,0.168979,0));
#4263=AXIS2_PLACEMENT_3D('NONE',#1028,#4261,#4262);
#4264=PLANE('NONE',#4263);
#4265=FACE_SURFACE('NONE',(#4260),#4264,.T.);
#4266=POLY_LOOP('NONE',(#734,#1459,#1458,#735));
#4267=FACE_OUTER_BOUND('NONE',#4266,.T.);
#4268=DIRECTION('NONE',(0.761265,-0.648441,0));
#4269=DIRECTION('NONE',(0,0,1));
#4270=AXIS2_PLACEMENT_3D('NONE',#734,#4268,#4269);
#4271=PLANE('NONE',#4270);
#4272=FACE_SURFACE('NONE',(#4267),#4271,.T.);
#4273=POLY_LOOP('NONE',(#1029,#1028,#295,#294));
#4274=FACE_OUTER_BOUND('NONE',#4273,.T.);
#4275=DIRECTION('NONE',(-0.12574,0.992063,0));
#4276=DIRECTION('NONE',(0.992063,0.12574,0));
#4277=AXIS2_PLACEMENT_3D('NONE',#1029,#4275,#4276);
#4278=PLANE('NONE',#4277);
#4279=FACE_SURFACE('NONE',(#4274),#4278,.T.);
#4280=POLY_LOOP('NONE',(#293,#1030,#1029,#294));
#4281=FACE_OUTER_BOUND('NONE',#4280,.T.);
#4282=DIRECTION('NONE',(-0.070264,0.997528,0));
#4283=DIRECTION('NONE',(0,0,1));
#4284=AXIS2_PLACEMENT_3D('NONE',#293,#4282,#4283);
#4285=PLANE('NONE',#4284);
#4286=FACE_SURFACE('NONE',(#4281),#4285,.T.);
#4287=POLY_LOOP('NONE',(#804,#803,#98,#97));
#4288=FACE_OUTER_BOUND('NONE',#4287,.T.);
#4289=DIRECTION('NONE',(-0.762911,-0.646504,0));
#4290=DIRECTION('NONE',(-0.646504,0.762911,0));
#4291=AXIS2_PLACEMENT_3D('NONE',#804,#4289,#4290);
#4292=PLANE('NONE',#4291);
#4293=FACE_SURFACE('NONE',(#4288),#4292,.T.);
#4294=POLY_LOOP('NONE',(#805,#804,#97,#96));
#4295=FACE_OUTER_BOUND('NONE',#4294,.T.);
#4296=DIRECTION('NONE',(-0.851648,-0.524114,0));
#4297=DIRECTION('NONE',(-0.524114,0.851648,0));
#4298=AXIS2_PLACEMENT_3D('NONE',#805,#4296,#4297);
#4299=PLANE('NONE',#4298);
#4300=FACE_SURFACE('NONE',(#4295),#4299,.T.);
#4301=POLY_LOOP('NONE',(#806,#805,#96,#95));
#4302=FACE_OUTER_BOUND('NONE',#4301,.T.);
#4303=DIRECTION('NONE',(-0.918488,-0.395449,0));
#4304=DIRECTION('NONE',(-0.395449,0.918488,0));
#4305=AXIS2_PLACEMENT_3D('NONE',#806,#4303,#4304);
#4306=PLANE('NONE',#4305);
#4307=FACE_SURFACE('NONE',(#4302),#4306,.T.);
#4308=POLY_LOOP('NONE',(#807,#806,#95,#94));
#4309=FACE_OUTER_BOUND('NONE',#4308,.T.);
#4310=DIRECTION('NONE',(-0.973749,-0.227626,0));
#4311=DIRECTION('NONE',(-0.227626,0.973749,0));
#4312=AXIS2_PLACEMENT_3D('NONE',#807,#4310,#4311);
#4313=PLANE('NONE',#4312);
#4314=FACE_SURFACE('NONE',(#4309),#4313,.T.);
#4315=POLY_LOOP('NONE',(#808,#807,#94,#93));
#4316=FACE_OUTER_BOUND('NONE',#4315,.T.);
#4317=DIRECTION('NONE',(-0.996286,-0.086101,0));
#4318=DIRECTION('NONE',(-0.086101,0.996286,0));
#4319=AXIS2_PLACEMENT_3D('NONE',#808,#4317,#4318);
#4320=PLANE('NONE',#4319);
#4321=FACE_SURFACE('NONE',(#4316),#4320,.T.);
#4322=POLY_LOOP('NONE',(#103,#798,#797,#60));
#4323=FACE_OUTER_BOUND('NONE',#4322,.T.);
#4324=DIRECTION('NONE',(0,-1,0));
#4325=DIRECTION('NONE',(0,0,1));
#4326=AXIS2_PLACEMENT_3D('NONE',#103,#4324,#4325);
#4327=PLANE('NONE',#4326);
#4328=FACE_SURFACE('NONE',(#4323),#4327,.T.);
#4329=POLY_LOOP('NONE',(#124,#123,#819,#818));
#4330=FACE_OUTER_BOUND('NONE',#4329,.T.);
#4331=DIRECTION('NONE',(0.086099,0.996287,0));
#4332=DIRECTION('NONE',(-0.996287,0.086099,0));
#4333=AXIS2_PLACEMENT_3D('NONE',#124,#4331,#4332);
#4334=PLANE('NONE',#4333);
#4335=FACE_SURFACE('NONE',(#4330),#4334,.T.);
#4336=POLY_LOOP('NONE',(#1050,#273,#272,#1051));
#4337=FACE_OUTER_BOUND('NONE',#4336,.T.);
#4338=DIRECTION('NONE',(0.816587,0.577223,0));
#4339=DIRECTION('NONE',(0,0,-1));
#4340=AXIS2_PLACEMENT_3D('NONE',#1050,#4338,#4339);
#4341=PLANE('NONE',#4340);
#4342=FACE_SURFACE('NONE',(#4337),#4341,.T.);
#4343=POLY_LOOP('NONE',(#121,#120,#822,#821));
#4344=FACE_OUTER_BOUND('NONE',#4343,.T.);
#4345=DIRECTION('NONE',(0.524067,0.851677,0));
#4346=DIRECTION('NONE',(-0.851677,0.524067,0));
#4347=AXIS2_PLACEMENT_3D('NONE',#121,#4345,#4346);
#4348=PLANE('NONE',#4347);
#4349=FACE_SURFACE('NONE',(#4344),#4348,.T.);
#4350=POLY_LOOP('NONE',(#828,#827,#115,#114));
#4351=FACE_OUTER_BOUND('NONE',#4350,.T.);
#4352=DIRECTION('NONE',(0.996287,0.086097,0));
#4353=DIRECTION('NONE',(0.086097,-0.996287,0));
#4354=AXIS2_PLACEMENT_3D('NONE',#828,#4352,#4353);
#4355=PLANE('NONE',#4354);
#4356=FACE_SURFACE('NONE',(#4351),#4355,.T.);
#4357=POLY_LOOP('NONE',(#820,#819,#123,#122));
#4358=FACE_OUTER_BOUND('NONE',#4357,.T.);
#4359=DIRECTION('NONE',(0.227603,0.973754,0));
#4360=DIRECTION('NONE',(0.973754,-0.227603,0));
#4361=AXIS2_PLACEMENT_3D('NONE',#820,#4359,#4360);
#4362=PLANE('NONE',#4361);
#4363=FACE_SURFACE('NONE',(#4358),#4362,.T.);
#4364=POLY_LOOP('NONE',(#821,#820,#122,#121));
#4365=FACE_OUTER_BOUND('NONE',#4364,.T.);
#4366=DIRECTION('NONE',(0.395478,0.918475,0));
#4367=DIRECTION('NONE',(0.918475,-0.395478,0));
#4368=AXIS2_PLACEMENT_3D('NONE',#821,#4366,#4367);
#4369=PLANE('NONE',#4368);
#4370=FACE_SURFACE('NONE',(#4365),#4369,.T.);
#4371=POLY_LOOP('NONE',(#826,#825,#117,#116));
#4372=FACE_OUTER_BOUND('NONE',#4371,.T.);
#4373=DIRECTION('NONE',(0.918488,0.395449,0));
#4374=DIRECTION('NONE',(0.395449,-0.918488,0));
#4375=AXIS2_PLACEMENT_3D('NONE',#826,#4373,#4374);
#4376=PLANE('NONE',#4375);
#4377=FACE_SURFACE('NONE',(#4372),#4376,.T.);
#4378=POLY_LOOP('NONE',(#115,#827,#826,#116));
#4379=FACE_OUTER_BOUND('NONE',#4378,.T.);
#4380=DIRECTION('NONE',(0.973743,0.227649,0));
#4381=DIRECTION('NONE',(0,0,1));
#4382=AXIS2_PLACEMENT_3D('NONE',#115,#4380,#4381);
#4383=PLANE('NONE',#4382);
#4384=FACE_SURFACE('NONE',(#4379),#4383,.T.);
#4385=POLY_LOOP('NONE',(#114,#113,#829,#828));
#4386=FACE_OUTER_BOUND('NONE',#4385,.T.);
#4387=DIRECTION('NONE',(1,0,0));
#4388=DIRECTION('NONE',(0,1,0));
#4389=AXIS2_PLACEMENT_3D('NONE',#114,#4387,#4388);
#4390=PLANE('NONE',#4389);
#4391=FACE_SURFACE('NONE',(#4386),#4390,.T.);
#4392=POLY_LOOP('NONE',(#823,#822,#120,#119));
#4393=FACE_OUTER_BOUND('NONE',#4392,.T.);
#4394=DIRECTION('NONE',(0.646545,0.762876,0));
#4395=DIRECTION('NONE',(0.762876,-0.646545,0));
#4396=AXIS2_PLACEMENT_3D('NONE',#823,#4394,#4395);
#4397=PLANE('NONE',#4396);
#4398=FACE_SURFACE('NONE',(#4393),#4397,.T.);
#4399=POLY_LOOP('NONE',(#824,#823,#119,#118));
#4400=FACE_OUTER_BOUND('NONE',#4399,.T.);
#4401=DIRECTION('NONE',(0.76289,0.646528,0));
#4402=DIRECTION('NONE',(0.646528,-0.76289,0));
#4403=AXIS2_PLACEMENT_3D('NONE',#824,#4401,#4402);
#4404=PLANE('NONE',#4403);
#4405=FACE_SURFACE('NONE',(#4400),#4404,.T.);
#4406=POLY_LOOP('NONE',(#117,#825,#824,#118));
#4407=FACE_OUTER_BOUND('NONE',#4406,.T.);
#4408=DIRECTION('NONE',(0.851659,0.524096,0));
#4409=DIRECTION('NONE',(0,0,1));
#4410=AXIS2_PLACEMENT_3D('NONE',#117,#4408,#4409);
#4411=PLANE('NONE',#4410);
#4412=FACE_SURFACE('NONE',(#4407),#4411,.T.);
#4413=POLY_LOOP('NONE',(#818,#861,#125,#124));
#4414=FACE_OUTER_BOUND('NONE',#4413,.T.);
#4415=DIRECTION('NONE',(0,1,0));
#4416=DIRECTION('NONE',(1,0,0));
#4417=AXIS2_PLACEMENT_3D('NONE',#818,#4415,#4416);
#4418=PLANE('NONE',#4417);
#4419=FACE_SURFACE('NONE',(#4414),#4418,.T.);
#4420=POLY_LOOP('NONE',(#91,#90,#811,#810));
#4421=FACE_OUTER_BOUND('NONE',#4420,.T.);
#4422=DIRECTION('NONE',(-0.973749,0.227626,0));
#4423=DIRECTION('NONE',(-0.227626,-0.973749,0));
#4424=AXIS2_PLACEMENT_3D('NONE',#91,#4422,#4423);
#4425=PLANE('NONE',#4424);
#4426=FACE_SURFACE('NONE',(#4421),#4425,.T.);
#4427=POLY_LOOP('NONE',(#812,#811,#90,#89));
#4428=FACE_OUTER_BOUND('NONE',#4427,.T.);
#4429=DIRECTION('NONE',(-0.918488,0.395449,0));
#4430=DIRECTION('NONE',(0.395449,0.918488,0));
#4431=AXIS2_PLACEMENT_3D('NONE',#812,#4429,#4430);
#4432=PLANE('NONE',#4431);
#4433=FACE_SURFACE('NONE',(#4428),#4432,.T.);
#4434=POLY_LOOP('NONE',(#813,#812,#89,#88));
#4435=FACE_OUTER_BOUND('NONE',#4434,.T.);
#4436=DIRECTION('NONE',(-0.851648,0.524114,0));
#4437=DIRECTION('NONE',(0.524114,0.851648,0));
#4438=AXIS2_PLACEMENT_3D('NONE',#813,#4436,#4437);
#4439=PLANE('NONE',#4438);
#4440=FACE_SURFACE('NONE',(#4435),#4439,.T.);
#4441=POLY_LOOP('NONE',(#814,#813,#88,#87));
#4442=FACE_OUTER_BOUND('NONE',#4441,.T.);
#4443=DIRECTION('NONE',(-0.76289,0.646528,0));
#4444=DIRECTION('NONE',(0.646528,0.76289,0));
#4445=AXIS2_PLACEMENT_3D('NONE',#814,#4443,#4444);
#4446=PLANE('NONE',#4445);
#4447=FACE_SURFACE('NONE',(#4442),#4446,.T.);
#4448=POLY_LOOP('NONE',(#92,#91,#810,#809));
#4449=FACE_OUTER_BOUND('NONE',#4448,.T.);
#4450=DIRECTION('NONE',(-0.996287,0.086097,0));
#4451=DIRECTION('NONE',(-0.086097,-0.996287,0));
#4452=AXIS2_PLACEMENT_3D('NONE',#92,#4450,#4451);
#4453=PLANE('NONE',#4452);
#4454=FACE_SURFACE('NONE',(#4449),#4453,.T.);
#4455=POLY_LOOP('NONE',(#1095,#365,#364,#1096));
#4456=FACE_OUTER_BOUND('NONE',#4455,.T.);
#4457=DIRECTION('NONE',(0.844821,0.53505,0));
#4458=DIRECTION('NONE',(0,0,-1));
#4459=AXIS2_PLACEMENT_3D('NONE',#1095,#4457,#4458);
#4460=PLANE('NONE',#4459);
#4461=FACE_SURFACE('NONE',(#4456),#4460,.T.);
#4462=POLY_LOOP('NONE',(#518,#1314,#1313,#519));
#4463=FACE_OUTER_BOUND('NONE',#4462,.T.);
#4464=DIRECTION('NONE',(-0.617812,0.786326,0));
#4465=DIRECTION('NONE',(0,0,1));
#4466=AXIS2_PLACEMENT_3D('NONE',#518,#4464,#4465);
#4467=PLANE('NONE',#4466);
#4468=FACE_SURFACE('NONE',(#4463),#4467,.T.);
#4469=POLY_LOOP('NONE',(#491,#1097,#1096,#364));
#4470=FACE_OUTER_BOUND('NONE',#4469,.T.);
#4471=DIRECTION('NONE',(0.870826,0.491591,0));
#4472=DIRECTION('NONE',(0,0,1));
#4473=AXIS2_PLACEMENT_3D('NONE',#491,#4471,#4472);
#4474=PLANE('NONE',#4473);
#4475=FACE_SURFACE('NONE',(#4470),#4474,.T.);
#4476=POLY_LOOP('NONE',(#809,#808,#93,#92));
#4477=FACE_OUTER_BOUND('NONE',#4476,.T.);
#4478=DIRECTION('NONE',(-1,0,0));
#4479=DIRECTION('NONE',(0,1,0));
#4480=AXIS2_PLACEMENT_3D('NONE',#809,#4478,#4479);
#4481=PLANE('NONE',#4480);
#4482=FACE_SURFACE('NONE',(#4477),#4481,.T.);
#4483=POLY_LOOP('NONE',(#1097,#491,#490,#1098));
#4484=FACE_OUTER_BOUND('NONE',#4483,.T.);
#4485=DIRECTION('NONE',(0.888795,0.458304,0));
#4486=DIRECTION('NONE',(0,0,-1));
#4487=AXIS2_PLACEMENT_3D('NONE',#1097,#4485,#4486);
#4488=PLANE('NONE',#4487);
#4489=FACE_SURFACE('NONE',(#4484),#4488,.T.);
#4490=POLY_LOOP('NONE',(#815,#814,#87,#86));
#4491=FACE_OUTER_BOUND('NONE',#4490,.T.);
#4492=DIRECTION('NONE',(-0.646545,0.762876,0));
#4493=DIRECTION('NONE',(0.762876,0.646545,0));
#4494=AXIS2_PLACEMENT_3D('NONE',#815,#4492,#4493);
#4495=PLANE('NONE',#4494);
#4496=FACE_SURFACE('NONE',(#4491),#4495,.T.);
#4497=POLY_LOOP('NONE',(#816,#815,#86,#85));
#4498=FACE_OUTER_BOUND('NONE',#4497,.T.);
#4499=DIRECTION('NONE',(-0.524067,0.851677,0));
#4500=DIRECTION('NONE',(0.851677,0.524067,0));
#4501=AXIS2_PLACEMENT_3D('NONE',#816,#4499,#4500);
#4502=PLANE('NONE',#4501);
#4503=FACE_SURFACE('NONE',(#4498),#4502,.T.);
#4504=POLY_LOOP('NONE',(#817,#816,#85,#84));
#4505=FACE_OUTER_BOUND('NONE',#4504,.T.);
#4506=DIRECTION('NONE',(-0.395487,0.918472,0));
#4507=DIRECTION('NONE',(0.918472,0.395487,0));
#4508=AXIS2_PLACEMENT_3D('NONE',#817,#4506,#4507);
#4509=PLANE('NONE',#4508);
#4510=FACE_SURFACE('NONE',(#4505),#4509,.T.);
#4511=POLY_LOOP('NONE',(#774,#817,#84,#83));
#4512=FACE_OUTER_BOUND('NONE',#4511,.T.);
#4513=DIRECTION('NONE',(-0.227598,0.973755,0));
#4514=DIRECTION('NONE',(0.973755,0.227598,0));
#4515=AXIS2_PLACEMENT_3D('NONE',#774,#4513,#4514);
#4516=PLANE('NONE',#4515);
#4517=FACE_SURFACE('NONE',(#4512),#4516,.T.);
#4518=POLY_LOOP('NONE',(#487,#486,#1102,#1101));
#4519=FACE_OUTER_BOUND('NONE',#4518,.T.);
#4520=DIRECTION('NONE',(0.964113,0.265493,0));
#4521=DIRECTION('NONE',(-0.265493,0.964113,0));
#4522=AXIS2_PLACEMENT_3D('NONE',#487,#4520,#4521);
#4523=PLANE('NONE',#4522);
#4524=FACE_SURFACE('NONE',(#4519),#4523,.T.);
#4525=POLY_LOOP('NONE',(#775,#774,#83,#82));
#4526=FACE_OUTER_BOUND('NONE',#4525,.T.);
#4527=DIRECTION('NONE',(-0.086099,0.996287,0));
#4528=DIRECTION('NONE',(0.996287,0.086099,0));
#4529=AXIS2_PLACEMENT_3D('NONE',#775,#4527,#4528);
#4530=PLANE('NONE',#4529);
#4531=FACE_SURFACE('NONE',(#4526),#4530,.T.);
#4532=POLY_LOOP('NONE',(#1102,#486,#485,#1103));
#4533=FACE_OUTER_BOUND('NONE',#4532,.T.);
#4534=DIRECTION('NONE',(0.974862,0.22281,0));
#4535=DIRECTION('NONE',(0,0,-1));
#4536=AXIS2_PLACEMENT_3D('NONE',#1102,#4534,#4535);
#4537=PLANE('NONE',#4536);
#4538=FACE_SURFACE('NONE',(#4533),#4537,.T.);
#4539=POLY_LOOP('NONE',(#789,#788,#69,#68));
#4540=FACE_OUTER_BOUND('NONE',#4539,.T.);
#4541=DIRECTION('NONE',(0.973747,-0.227632,0));
#4542=DIRECTION('NONE',(-0.227632,-0.973747,0));
#4543=AXIS2_PLACEMENT_3D('NONE',#789,#4541,#4542);
#4544=PLANE('NONE',#4543);
#4545=FACE_SURFACE('NONE',(#4540),#4544,.T.);
#4546=POLY_LOOP('NONE',(#790,#789,#68,#67));
#4547=FACE_OUTER_BOUND('NONE',#4546,.T.);
#4548=DIRECTION('NONE',(0.918489,-0.395446,0));
#4549=DIRECTION('NONE',(-0.395446,-0.918489,0));
#4550=AXIS2_PLACEMENT_3D('NONE',#790,#4548,#4549);
#4551=PLANE('NONE',#4550);
#4552=FACE_SURFACE('NONE',(#4547),#4551,.T.);
#4553=POLY_LOOP('NONE',(#791,#790,#67,#66));
#4554=FACE_OUTER_BOUND('NONE',#4553,.T.);
#4555=DIRECTION('NONE',(0.851654,-0.524105,0));
#4556=DIRECTION('NONE',(-0.524105,-0.851654,0));
#4557=AXIS2_PLACEMENT_3D('NONE',#791,#4555,#4556);
#4558=PLANE('NONE',#4557);
#4559=FACE_SURFACE('NONE',(#4554),#4558,.T.);
#4560=POLY_LOOP('NONE',(#792,#791,#66,#65));
#4561=FACE_OUTER_BOUND('NONE',#4560,.T.);
#4562=DIRECTION('NONE',(0.762906,-0.646509,0));
#4563=DIRECTION('NONE',(-0.646509,-0.762906,0));
#4564=AXIS2_PLACEMENT_3D('NONE',#792,#4562,#4563);
#4565=PLANE('NONE',#4564);
#4566=FACE_SURFACE('NONE',(#4561),#4565,.T.);
#4567=POLY_LOOP('NONE',(#793,#792,#65,#64));
#4568=FACE_OUTER_BOUND('NONE',#4567,.T.);
#4569=DIRECTION('NONE',(0.646516,-0.762901,0));
#4570=DIRECTION('NONE',(-0.762901,-0.646516,0));
#4571=AXIS2_PLACEMENT_3D('NONE',#793,#4569,#4570);
#4572=PLANE('NONE',#4571);
#4573=FACE_SURFACE('NONE',(#4568),#4572,.T.);
#4574=POLY_LOOP('NONE',(#794,#793,#64,#63));
#4575=FACE_OUTER_BOUND('NONE',#4574,.T.);
#4576=DIRECTION('NONE',(0.524106,-0.851653,0));
#4577=DIRECTION('NONE',(-0.851653,-0.524106,0));
#4578=AXIS2_PLACEMENT_3D('NONE',#794,#4576,#4577);
#4579=PLANE('NONE',#4578);
#4580=FACE_SURFACE('NONE',(#4575),#4579,.T.);
#4581=POLY_LOOP('NONE',(#795,#794,#63,#62));
#4582=FACE_OUTER_BOUND('NONE',#4581,.T.);
#4583=DIRECTION('NONE',(0.395439,-0.918492,0));
#4584=DIRECTION('NONE',(-0.918492,-0.395439,0));
#4585=AXIS2_PLACEMENT_3D('NONE',#795,#4583,#4584);
#4586=PLANE('NONE',#4585);
#4587=FACE_SURFACE('NONE',(#4582),#4586,.T.);
#4588=POLY_LOOP('NONE',(#796,#795,#62,#61));
#4589=FACE_OUTER_BOUND('NONE',#4588,.T.);
#4590=DIRECTION('NONE',(0.227648,-0.973743,0));
#4591=DIRECTION('NONE',(-0.973743,-0.227648,0));
#4592=AXIS2_PLACEMENT_3D('NONE',#796,#4590,#4591);
#4593=PLANE('NONE',#4592);
#4594=FACE_SURFACE('NONE',(#4589),#4593,.T.);
#4595=POLY_LOOP('NONE',(#797,#796,#61,#60));
#4596=FACE_OUTER_BOUND('NONE',#4595,.T.);
#4597=DIRECTION('NONE',(0.086098,-0.996287,0));
#4598=DIRECTION('NONE',(-0.996287,-0.086098,0));
#4599=AXIS2_PLACEMENT_3D('NONE',#797,#4597,#4598);
#4600=PLANE('NONE',#4599);
#4601=FACE_SURFACE('NONE',(#4596),#4600,.T.);
#4602=POLY_LOOP('NONE',(#474,#473,#1115,#1114));
#4603=FACE_OUTER_BOUND('NONE',#4602,.T.);
#4604=DIRECTION('NONE',(0.932263,-0.36178,0));
#4605=DIRECTION('NONE',(0.36178,0.932263,0));
#4606=AXIS2_PLACEMENT_3D('NONE',#474,#4604,#4605);
#4607=PLANE('NONE',#4606);
#4608=FACE_SURFACE('NONE',(#4603),#4607,.T.);
#4609=POLY_LOOP('NONE',(#1115,#473,#472,#1116));
#4610=FACE_OUTER_BOUND('NONE',#4609,.T.);
#4611=DIRECTION('NONE',(0.91841,-0.395629,0));
#4612=DIRECTION('NONE',(0,0,-1));
#4613=AXIS2_PLACEMENT_3D('NONE',#1115,#4611,#4612);
#4614=PLANE('NONE',#4613);
#4615=FACE_SURFACE('NONE',(#4610),#4614,.T.);
#4616=POLY_LOOP('NONE',(#471,#1117,#1116,#472));
#4617=FACE_OUTER_BOUND('NONE',#4616,.T.);
#4618=DIRECTION('NONE',(0.888807,-0.458283,0));
#4619=DIRECTION('NONE',(0,0,1));
#4620=AXIS2_PLACEMENT_3D('NONE',#471,#4618,#4619);
#4621=PLANE('NONE',#4620);
#4622=FACE_SURFACE('NONE',(#4617),#4621,.T.);
#4623=POLY_LOOP('NONE',(#69,#788,#787,#70));
#4624=FACE_OUTER_BOUND('NONE',#4623,.T.);
#4625=DIRECTION('NONE',(0.996286,-0.086101,0));
#4626=DIRECTION('NONE',(0,0,1));
#4627=AXIS2_PLACEMENT_3D('NONE',#69,#4625,#4626);
#4628=PLANE('NONE',#4627);
#4629=FACE_SURFACE('NONE',(#4624),#4628,.T.);
#4630=POLY_LOOP('NONE',(#261,#260,#1063,#1062));
#4631=FACE_OUTER_BOUND('NONE',#4630,.T.);
#4632=DIRECTION('NONE',(0.999602,0.028196,0));
#4633=DIRECTION('NONE',(-0.028196,0.999602,0));
#4634=AXIS2_PLACEMENT_3D('NONE',#261,#4632,#4633);
#4635=PLANE('NONE',#4634);
#4636=FACE_SURFACE('NONE',(#4631),#4635,.T.);
#4637=POLY_LOOP('NONE',(#1063,#260,#259,#1064));
#4638=FACE_OUTER_BOUND('NONE',#4637,.T.);
#4639=DIRECTION('NONE',(0.999602,-0.028196,0));
#4640=DIRECTION('NONE',(0,0,-1));
#4641=AXIS2_PLACEMENT_3D('NONE',#1063,#4639,#4640);
#4642=PLANE('NONE',#4641);
#4643=FACE_SURFACE('NONE',(#4638),#4642,.T.);
#4644=POLY_LOOP('NONE',(#1120,#1119,#469,#468));
#4645=FACE_OUTER_BOUND('NONE',#4644,.T.);
#4646=DIRECTION('NONE',(0.816569,-0.577248,0));
#4647=DIRECTION('NONE',(-0.577248,-0.816569,0));
#4648=AXIS2_PLACEMENT_3D('NONE',#1120,#4646,#4647);
#4649=PLANE('NONE',#4648);
#4650=FACE_SURFACE('NONE',(#4645),#4649,.T.);
#4651=POLY_LOOP('NONE',(#251,#250,#1073,#1072));
#4652=FACE_OUTER_BOUND('NONE',#4651,.T.);
#4653=DIRECTION('NONE',(0.888807,-0.458283,0));
#4654=DIRECTION('NONE',(0.458283,0.888807,0));
#4655=AXIS2_PLACEMENT_3D('NONE',#251,#4653,#4654);
#4656=PLANE('NONE',#4655);
#4657=FACE_SURFACE('NONE',(#4652),#4656,.T.);
#4658=POLY_LOOP('NONE',(#467,#1121,#1120,#468));
#4659=FACE_OUTER_BOUND('NONE',#4658,.T.);
#4660=DIRECTION('NONE',(0.786346,-0.617786,0));
#4661=DIRECTION('NONE',(0,0,1));
#4662=AXIS2_PLACEMENT_3D('NONE',#467,#4660,#4661);
#4663=PLANE('NONE',#4662);
#4664=FACE_SURFACE('NONE',(#4659),#4663,.T.);
#4665=POLY_LOOP('NONE',(#867,#866,#189,#188));
#4666=FACE_OUTER_BOUND('NONE',#4665,.T.);
#4667=DIRECTION('NONE',(-0.086099,-0.996287,0));
#4668=DIRECTION('NONE',(-0.996287,0.086099,0));
#4669=AXIS2_PLACEMENT_3D('NONE',#867,#4667,#4668);
#4670=PLANE('NONE',#4669);
#4671=FACE_SURFACE('NONE',(#4666),#4670,.T.);
#4672=POLY_LOOP('NONE',(#1121,#467,#466,#1122));
#4673=FACE_OUTER_BOUND('NONE',#4672,.T.);
#4674=DIRECTION('NONE',(0.761216,-0.648499,0));
#4675=DIRECTION('NONE',(0,0,-1));
#4676=AXIS2_PLACEMENT_3D('NONE',#1121,#4674,#4675);
#4677=PLANE('NONE',#4676);
#4678=FACE_SURFACE('NONE',(#4673),#4677,.T.);
#4679=POLY_LOOP('NONE',(#264,#1059,#1058,#265));
#4680=FACE_OUTER_BOUND('NONE',#4679,.T.);
#4681=DIRECTION('NONE',(0.97485,0.222861,0));
#4682=DIRECTION('NONE',(0,0,1));
#4683=AXIS2_PLACEMENT_3D('NONE',#264,#4681,#4682);
#4684=PLANE('NONE',#4683);
#4685=FACE_SURFACE('NONE',(#4680),#4684,.T.);
#4686=POLY_LOOP('NONE',(#263,#1060,#1059,#264));
#4687=FACE_OUTER_BOUND('NONE',#4686,.T.);
#4688=DIRECTION('NONE',(0.985629,0.168927,0));
#4689=DIRECTION('NONE',(0,0,1));
#4690=AXIS2_PLACEMENT_3D('NONE',#263,#4688,#4689);
#4691=PLANE('NONE',#4690);
#4692=FACE_SURFACE('NONE',(#4687),#4691,.T.);
#4693=POLY_LOOP('NONE',(#868,#867,#188,#187));
#4694=FACE_OUTER_BOUND('NONE',#4693,.T.);
#4695=DIRECTION('NONE',(-0.227648,-0.973744,0));
#4696=DIRECTION('NONE',(-0.973744,0.227648,0));
#4697=AXIS2_PLACEMENT_3D('NONE',#868,#4695,#4696);
#4698=PLANE('NONE',#4697);
#4699=FACE_SURFACE('NONE',(#4694),#4698,.T.);
#4700=POLY_LOOP('NONE',(#1060,#263,#262,#1061));
#4701=FACE_OUTER_BOUND('NONE',#4700,.T.);
#4702=DIRECTION('NONE',(0.992057,0.125793,0));
#4703=DIRECTION('NONE',(0,0,-1));
#4704=AXIS2_PLACEMENT_3D('NONE',#1060,#4702,#4703);
#4705=PLANE('NONE',#4704);
#4706=FACE_SURFACE('NONE',(#4701),#4705,.T.);
#4707=POLY_LOOP('NONE',(#869,#868,#187,#186));
#4708=FACE_OUTER_BOUND('NONE',#4707,.T.);
#4709=DIRECTION('NONE',(-0.395439,-0.918492,0));
#4710=DIRECTION('NONE',(-0.918492,0.395439,0));
#4711=AXIS2_PLACEMENT_3D('NONE',#869,#4709,#4710);
#4712=PLANE('NONE',#4711);
#4713=FACE_SURFACE('NONE',(#4708),#4712,.T.);
#4714=POLY_LOOP('NONE',(#261,#1062,#1061,#262));
#4715=FACE_OUTER_BOUND('NONE',#4714,.T.);
#4716=DIRECTION('NONE',(0.997532,0.070207,0));
#4717=DIRECTION('NONE',(0,0,1));
#4718=AXIS2_PLACEMENT_3D('NONE',#261,#4716,#4717);
#4719=PLANE('NONE',#4718);
#4720=FACE_SURFACE('NONE',(#4715),#4719,.T.);
#4721=POLY_LOOP('NONE',(#1125,#1124,#464,#463));
#4722=FACE_OUTER_BOUND('NONE',#4721,.T.);
#4723=DIRECTION('NONE',(0.656552,-0.754281,0));
#4724=DIRECTION('NONE',(-0.754281,-0.656552,0));
#4725=AXIS2_PLACEMENT_3D('NONE',#1125,#4723,#4724);
#4726=PLANE('NONE',#4725);
#4727=FACE_SURFACE('NONE',(#4722),#4726,.T.);
#4728=POLY_LOOP('NONE',(#870,#869,#186,#185));
#4729=FACE_OUTER_BOUND('NONE',#4728,.T.);
#4730=DIRECTION('NONE',(-0.524107,-0.851652,0));
#4731=DIRECTION('NONE',(-0.851652,0.524107,0));
#4732=AXIS2_PLACEMENT_3D('NONE',#870,#4730,#4731);
#4733=PLANE('NONE',#4732);
#4734=FACE_SURFACE('NONE',(#4729),#4733,.T.);
#4735=POLY_LOOP('NONE',(#871,#870,#185,#184));
#4736=FACE_OUTER_BOUND('NONE',#4735,.T.);
#4737=DIRECTION('NONE',(-0.646516,-0.762901,0));
#4738=DIRECTION('NONE',(-0.762901,0.646516,0));
#4739=AXIS2_PLACEMENT_3D('NONE',#871,#4737,#4738);
#4740=PLANE('NONE',#4739);
#4741=FACE_SURFACE('NONE',(#4736),#4740,.T.);
#4742=POLY_LOOP('NONE',(#478,#1110,#1109,#479));
#4743=FACE_OUTER_BOUND('NONE',#4742,.T.);
#4744=DIRECTION('NONE',(0.992064,-0.125734,0));
#4745=DIRECTION('NONE',(0,0,1));
#4746=AXIS2_PLACEMENT_3D('NONE',#478,#4744,#4745);
#4747=PLANE('NONE',#4746);
#4748=FACE_SURFACE('NONE',(#4743),#4747,.T.);
#4749=POLY_LOOP('NONE',(#1110,#478,#477,#1111));
#4750=FACE_OUTER_BOUND('NONE',#4749,.T.);
#4751=DIRECTION('NONE',(0.98562,-0.168979,0));
#4752=DIRECTION('NONE',(0,0,-1));
#4753=AXIS2_PLACEMENT_3D('NONE',#1110,#4751,#4752);
#4754=PLANE('NONE',#4753);
#4755=FACE_SURFACE('NONE',(#4750),#4754,.T.);
#4756=POLY_LOOP('NONE',(#257,#1066,#1065,#258));
#4757=FACE_OUTER_BOUND('NONE',#4756,.T.);
#4758=DIRECTION('NONE',(0.992057,-0.125786,0));
#4759=DIRECTION('NONE',(0,0,1));
#4760=AXIS2_PLACEMENT_3D('NONE',#257,#4758,#4759);
#4761=PLANE('NONE',#4760);
#4762=FACE_SURFACE('NONE',(#4757),#4761,.T.);
#4763=POLY_LOOP('NONE',(#1111,#477,#476,#1112));
#4764=FACE_OUTER_BOUND('NONE',#4763,.T.);
#4765=DIRECTION('NONE',(0.974862,-0.22281,0));
#4766=DIRECTION('NONE',(0,0,-1));
#4767=AXIS2_PLACEMENT_3D('NONE',#1111,#4765,#4766);
#4768=PLANE('NONE',#4767);
#4769=FACE_SURFACE('NONE',(#4764),#4768,.T.);
#4770=POLY_LOOP('NONE',(#257,#256,#1067,#1066));
#4771=FACE_OUTER_BOUND('NONE',#4770,.T.);
#4772=DIRECTION('NONE',(0.985629,-0.168927,0));
#4773=DIRECTION('NONE',(0.168927,0.985629,0));
#4774=AXIS2_PLACEMENT_3D('NONE',#257,#4772,#4773);
#4775=PLANE('NONE',#4774);
#4776=FACE_SURFACE('NONE',(#4771),#4775,.T.);
#4777=POLY_LOOP('NONE',(#476,#475,#1113,#1112));
#4778=FACE_OUTER_BOUND('NONE',#4777,.T.);
#4779=DIRECTION('NONE',(0.964113,-0.265493,0));
#4780=DIRECTION('NONE',(0.265493,0.964113,0));
#4781=AXIS2_PLACEMENT_3D('NONE',#476,#4779,#4780);
#4782=PLANE('NONE',#4781);
#4783=FACE_SURFACE('NONE',(#4778),#4782,.T.);
#4784=POLY_LOOP('NONE',(#255,#1068,#1067,#256));
#4785=FACE_OUTER_BOUND('NONE',#4784,.T.);
#4786=DIRECTION('NONE',(0.97485,-0.222861,0));
#4787=DIRECTION('NONE',(0,0,1));
#4788=AXIS2_PLACEMENT_3D('NONE',#255,#4786,#4787);
#4789=PLANE('NONE',#4788);
#4790=FACE_SURFACE('NONE',(#4785),#4789,.T.);
#4791=POLY_LOOP('NONE',(#267,#266,#1057,#1056));
#4792=FACE_OUTER_BOUND('NONE',#4791,.T.);
#4793=DIRECTION('NONE',(0.950096,0.311957,0));
#4794=DIRECTION('NONE',(-0.311957,0.950096,0));
#4795=AXIS2_PLACEMENT_3D('NONE',#267,#4793,#4794);
#4796=PLANE('NONE',#4795);
#4797=FACE_SURFACE('NONE',(#4792),#4796,.T.);
#4798=POLY_LOOP('NONE',(#1459,#734,#733,#1460));
#4799=FACE_OUTER_BOUND('NONE',#4798,.T.);
#4800=DIRECTION('NONE',(0.727803,-0.685786,0));
#4801=DIRECTION('NONE',(0,0,-1));
#4802=AXIS2_PLACEMENT_3D('NONE',#1459,#4800,#4801);
#4803=PLANE('NONE',#4802);
#4804=FACE_SURFACE('NONE',(#4799),#4803,.T.);
#4805=POLY_LOOP('NONE',(#731,#1462,#1461,#732));
#4806=FACE_OUTER_BOUND('NONE',#4805,.T.);
#4807=DIRECTION('NONE',(0.656495,-0.75433,0));
#4808=DIRECTION('NONE',(0,0,1));
#4809=AXIS2_PLACEMENT_3D('NONE',#731,#4807,#4808);
#4810=PLANE('NONE',#4809);
#4811=FACE_SURFACE('NONE',(#4806),#4810,.T.);
#4812=POLY_LOOP('NONE',(#872,#871,#184,#183));
#4813=FACE_OUTER_BOUND('NONE',#4812,.T.);
#4814=DIRECTION('NONE',(-0.762905,-0.646511,0));
#4815=DIRECTION('NONE',(-0.646511,0.762905,0));
#4816=AXIS2_PLACEMENT_3D('NONE',#872,#4814,#4815);
#4817=PLANE('NONE',#4816);
#4818=FACE_SURFACE('NONE',(#4813),#4817,.T.);
#4819=POLY_LOOP('NONE',(#464,#1124,#1123,#465));
#4820=FACE_OUTER_BOUND('NONE',#4819,.T.);
#4821=DIRECTION('NONE',(0.685786,-0.727803,0));
#4822=DIRECTION('NONE',(0,0,1));
#4823=AXIS2_PLACEMENT_3D('NONE',#464,#4821,#4822);
#4824=PLANE('NONE',#4823);
#4825=FACE_SURFACE('NONE',(#4820),#4824,.T.);
#4826=POLY_LOOP('NONE',(#1312,#520,#519,#1313));
#4827=FACE_OUTER_BOUND('NONE',#4826,.T.);
#4828=DIRECTION('NONE',(-0.656495,0.75433,0));
#4829=DIRECTION('NONE',(0,0,-1));
#4830=AXIS2_PLACEMENT_3D('NONE',#1312,#4828,#4829);
#4831=PLANE('NONE',#4830);
#4832=FACE_SURFACE('NONE',(#4827),#4831,.T.);
#4833=POLY_LOOP('NONE',(#873,#872,#183,#182));
#4834=FACE_OUTER_BOUND('NONE',#4833,.T.);
#4835=DIRECTION('NONE',(-0.851654,-0.524105,0));
#4836=DIRECTION('NONE',(-0.524105,0.851654,0));
#4837=AXIS2_PLACEMENT_3D('NONE',#873,#4835,#4836);
#4838=PLANE('NONE',#4837);
#4839=FACE_SURFACE('NONE',(#4834),#4838,.T.);
#4840=POLY_LOOP('NONE',(#874,#873,#182,#181));
#4841=FACE_OUTER_BOUND('NONE',#4840,.T.);
#4842=DIRECTION('NONE',(-0.918489,-0.395446,0));
#4843=DIRECTION('NONE',(-0.395446,0.918489,0));
#4844=AXIS2_PLACEMENT_3D('NONE',#874,#4842,#4843);
#4845=PLANE('NONE',#4844);
#4846=FACE_SURFACE('NONE',(#4841),#4845,.T.);
#4847=POLY_LOOP('NONE',(#1314,#518,#517,#1315));
#4848=FACE_OUTER_BOUND('NONE',#4847,.T.);
#4849=DIRECTION('NONE',(-0.570672,0.821178,0));
#4850=DIRECTION('NONE',(0,0,-1));
#4851=AXIS2_PLACEMENT_3D('NONE',#1314,#4849,#4850);
#4852=PLANE('NONE',#4851);
#4853=FACE_SURFACE('NONE',(#4848),#4852,.T.);
#4854=POLY_LOOP('NONE',(#875,#874,#181,#180));
#4855=FACE_OUTER_BOUND('NONE',#4854,.T.);
#4856=DIRECTION('NONE',(-0.973747,-0.227632,0));
#4857=DIRECTION('NONE',(-0.227632,0.973747,0));
#4858=AXIS2_PLACEMENT_3D('NONE',#875,#4856,#4857);
#4859=PLANE('NONE',#4858);
#4860=FACE_SURFACE('NONE',(#4855),#4859,.T.);
#4861=POLY_LOOP('NONE',(#516,#1316,#1315,#517));
#4862=FACE_OUTER_BOUND('NONE',#4861,.T.);
#4863=DIRECTION('NONE',(-0.535064,0.844812,0));
#4864=DIRECTION('NONE',(0,0,1));
#4865=AXIS2_PLACEMENT_3D('NONE',#516,#4863,#4864);
#4866=PLANE('NONE',#4865);
#4867=FACE_SURFACE('NONE',(#4862),#4866,.T.);
#4868=POLY_LOOP('NONE',(#876,#875,#180,#179));
#4869=FACE_OUTER_BOUND('NONE',#4868,.T.);
#4870=DIRECTION('NONE',(-0.996286,-0.086101,0));
#4871=DIRECTION('NONE',(-0.086101,0.996286,0));
#4872=AXIS2_PLACEMENT_3D('NONE',#876,#4870,#4871);
#4873=PLANE('NONE',#4872);
#4874=FACE_SURFACE('NONE',(#4869),#4873,.T.);
#4875=POLY_LOOP('NONE',(#1316,#516,#515,#1317));
#4876=FACE_OUTER_BOUND('NONE',#4875,.T.);
#4877=DIRECTION('NONE',(-0.491591,0.870826,0));
#4878=DIRECTION('NONE',(0,0,-1));
#4879=AXIS2_PLACEMENT_3D('NONE',#1316,#4877,#4878);
#4880=PLANE('NONE',#4879);
#4881=FACE_SURFACE('NONE',(#4876),#4880,.T.);
#4882=POLY_LOOP('NONE',(#1318,#1317,#515,#514));
#4883=FACE_OUTER_BOUND('NONE',#4882,.T.);
#4884=DIRECTION('NONE',(-0.452884,0.89157,0));
#4885=DIRECTION('NONE',(0.89157,0.452884,0));
#4886=AXIS2_PLACEMENT_3D('NONE',#1318,#4884,#4885);
#4887=PLANE('NONE',#4886);
#4888=FACE_SURFACE('NONE',(#4883),#4887,.T.);
#4889=POLY_LOOP('NONE',(#81,#80,#777,#776));
#4890=FACE_OUTER_BOUND('NONE',#4889,.T.);
#4891=DIRECTION('NONE',(0.086098,0.996287,0));
#4892=DIRECTION('NONE',(-0.996287,0.086098,0));
#4893=AXIS2_PLACEMENT_3D('NONE',#81,#4891,#4892);
#4894=PLANE('NONE',#4893);
#4895=FACE_SURFACE('NONE',(#4890),#4894,.T.);
#4896=POLY_LOOP('NONE',(#513,#1319,#1318,#514));
#4897=FACE_OUTER_BOUND('NONE',#4896,.T.);
#4898=DIRECTION('NONE',(-0.402276,0.915519,0));
#4899=DIRECTION('NONE',(0,0,1));
#4900=AXIS2_PLACEMENT_3D('NONE',#513,#4898,#4899);
#4901=PLANE('NONE',#4900);
#4902=FACE_SURFACE('NONE',(#4897),#4901,.T.);
#4903=POLY_LOOP('NONE',(#778,#777,#80,#79));
#4904=FACE_OUTER_BOUND('NONE',#4903,.T.);
#4905=DIRECTION('NONE',(0.227603,0.973754,0));
#4906=DIRECTION('NONE',(0.973754,-0.227603,0));
#4907=AXIS2_PLACEMENT_3D('NONE',#778,#4905,#4906);
#4908=PLANE('NONE',#4907);
#4909=FACE_SURFACE('NONE',(#4904),#4908,.T.);
#4910=POLY_LOOP('NONE',(#1462,#731,#730,#1463));
#4911=FACE_OUTER_BOUND('NONE',#4910,.T.);
#4912=DIRECTION('NONE',(0.617878,-0.786274,0));
#4913=DIRECTION('NONE',(0,0,-1));
#4914=AXIS2_PLACEMENT_3D('NONE',#1462,#4912,#4913);
#4915=PLANE('NONE',#4914);
#4916=FACE_SURFACE('NONE',(#4911),#4915,.T.);
#4917=POLY_LOOP('NONE',(#1336,#729,#728,#1337));
#4918=FACE_OUTER_BOUND('NONE',#4917,.T.);
#4919=DIRECTION('NONE',(0.534987,-0.84486,0));
#4920=DIRECTION('NONE',(0,0,-1));
#4921=AXIS2_PLACEMENT_3D('NONE',#1336,#4919,#4920);
#4922=PLANE('NONE',#4921);
#4923=FACE_SURFACE('NONE',(#4918),#4922,.T.);
#4924=POLY_LOOP('NONE',(#1303,#1302,#530,#529));
#4925=FACE_OUTER_BOUND('NONE',#4924,.T.);
#4926=DIRECTION('NONE',(-0.93225,0.361816,0));
#4927=DIRECTION('NONE',(0.361816,0.93225,0));
#4928=AXIS2_PLACEMENT_3D('NONE',#1303,#4926,#4927);
#4929=PLANE('NONE',#4928);
#4930=FACE_SURFACE('NONE',(#4925),#4929,.T.);
#4931=POLY_LOOP('NONE',(#728,#727,#1338,#1337));
#4932=FACE_OUTER_BOUND('NONE',#4931,.T.);
#4933=DIRECTION('NONE',(0.491632,-0.870803,0));
#4934=DIRECTION('NONE',(0.870803,0.491632,0));
#4935=AXIS2_PLACEMENT_3D('NONE',#728,#4933,#4934);
#4936=PLANE('NONE',#4935);
#4937=FACE_SURFACE('NONE',(#4932),#4936,.T.);
#4938=POLY_LOOP('NONE',(#742,#741,#1452,#1451));
#4939=FACE_OUTER_BOUND('NONE',#4938,.T.);
#4940=DIRECTION('NONE',(0.932263,-0.36178,0));
#4941=DIRECTION('NONE',(0.36178,0.932263,0));
#4942=AXIS2_PLACEMENT_3D('NONE',#742,#4940,#4941);
#4943=PLANE('NONE',#4942);
#4944=FACE_SURFACE('NONE',(#4939),#4943,.T.);
#4945=POLY_LOOP('NONE',(#739,#1454,#1453,#740));
#4946=FACE_OUTER_BOUND('NONE',#4945,.T.);
#4947=DIRECTION('NONE',(0.888807,-0.458283,0));
#4948=DIRECTION('NONE',(0,0,1));
#4949=AXIS2_PLACEMENT_3D('NONE',#739,#4947,#4948);
#4950=PLANE('NONE',#4949);
#4951=FACE_SURFACE('NONE',(#4946),#4950,.T.);
#4952=POLY_LOOP('NONE',(#1454,#739,#738,#1455));
#4953=FACE_OUTER_BOUND('NONE',#4952,.T.);
#4954=DIRECTION('NONE',(0.870813,-0.491614,0));
#4955=DIRECTION('NONE',(0,0,-1));
#4956=AXIS2_PLACEMENT_3D('NONE',#1454,#4954,#4955);
#4957=PLANE('NONE',#4956);
#4958=FACE_SURFACE('NONE',(#4953),#4957,.T.);
#4959=POLY_LOOP('NONE',(#738,#737,#1456,#1455));
#4960=FACE_OUTER_BOUND('NONE',#4959,.T.);
#4961=DIRECTION('NONE',(0.844851,-0.535001,0));
#4962=DIRECTION('NONE',(0.535001,0.844851,0));
#4963=AXIS2_PLACEMENT_3D('NONE',#738,#4961,#4962);
#4964=PLANE('NONE',#4963);
#4965=FACE_SURFACE('NONE',(#4960),#4964,.T.);
#4966=POLY_LOOP('NONE',(#1309,#1308,#524,#523));
#4967=FACE_OUTER_BOUND('NONE',#4966,.T.);
#4968=DIRECTION('NONE',(-0.7863,0.617845,0));
#4969=DIRECTION('NONE',(0.617845,0.7863,0));
#4970=AXIS2_PLACEMENT_3D('NONE',#1309,#4968,#4969);
#4971=PLANE('NONE',#4970);
#4972=FACE_SURFACE('NONE',(#4967),#4971,.T.);
#4973=POLY_LOOP('NONE',(#737,#736,#1457,#1456));
#4974=FACE_OUTER_BOUND('NONE',#4973,.T.);
#4975=DIRECTION('NONE',(0.816569,-0.577248,0));
#4976=DIRECTION('NONE',(0.577248,0.816569,0));
#4977=AXIS2_PLACEMENT_3D('NONE',#737,#4975,#4976);
#4978=PLANE('NONE',#4977);
#4979=FACE_SURFACE('NONE',(#4974),#4978,.T.);
#4980=POLY_LOOP('NONE',(#735,#1458,#1457,#736));
#4981=FACE_OUTER_BOUND('NONE',#4980,.T.);
#4982=DIRECTION('NONE',(0.7863,-0.617845,0));
#4983=DIRECTION('NONE',(0,0,1));
#4984=AXIS2_PLACEMENT_3D('NONE',#735,#4982,#4983);
#4985=PLANE('NONE',#4984);
#4986=FACE_SURFACE('NONE',(#4981),#4985,.T.);
#4987=POLY_LOOP('NONE',(#1051,#272,#271,#1052));
#4988=FACE_OUTER_BOUND('NONE',#4987,.T.);
#4989=DIRECTION('NONE',(0.844796,0.535088,0));
#4990=DIRECTION('NONE',(0,0,-1));
#4991=AXIS2_PLACEMENT_3D('NONE',#1051,#4989,#4990);
#4992=PLANE('NONE',#4991);
#4993=FACE_SURFACE('NONE',(#4988),#4992,.T.);
#4994=POLY_LOOP('NONE',(#271,#270,#1053,#1052));
#4995=FACE_OUTER_BOUND('NONE',#4994,.T.);
#4996=DIRECTION('NONE',(0.870826,0.491591,0));
#4997=DIRECTION('NONE',(-0.491591,0.870826,0));
#4998=AXIS2_PLACEMENT_3D('NONE',#271,#4996,#4997);
#4999=PLANE('NONE',#4998);
#5000=FACE_SURFACE('NONE',(#4995),#4999,.T.);
#5001=POLY_LOOP('NONE',(#732,#1461,#1460,#733));
#5002=FACE_OUTER_BOUND('NONE',#5001,.T.);
#5003=DIRECTION('NONE',(0.685758,-0.72783,0));
#5004=DIRECTION('NONE',(0,0,1));
#5005=AXIS2_PLACEMENT_3D('NONE',#732,#5003,#5004);
#5006=PLANE('NONE',#5005);
#5007=FACE_SURFACE('NONE',(#5002),#5006,.T.);
#5008=POLY_LOOP('NONE',(#269,#1054,#1053,#270));
#5009=FACE_OUTER_BOUND('NONE',#5008,.T.);
#5010=DIRECTION('NONE',(0.888795,0.458304,0));
#5011=DIRECTION('NONE',(0,0,1));
#5012=AXIS2_PLACEMENT_3D('NONE',#269,#5010,#5011);
#5013=PLANE('NONE',#5012);
#5014=FACE_SURFACE('NONE',(#5009),#5013,.T.);
#5015=POLY_LOOP('NONE',(#1068,#255,#254,#1069));
#5016=FACE_OUTER_BOUND('NONE',#5015,.T.);
#5017=DIRECTION('NONE',(0.964113,-0.265493,0));
#5018=DIRECTION('NONE',(0,0,-1));
#5019=AXIS2_PLACEMENT_3D('NONE',#1068,#5017,#5018);
#5020=PLANE('NONE',#5019);
#5021=FACE_SURFACE('NONE',(#5016),#5020,.T.);
#5022=POLY_LOOP('NONE',(#1463,#730,#729,#1336));
#5023=FACE_OUTER_BOUND('NONE',#5022,.T.);
#5024=DIRECTION('NONE',(0.570672,-0.821178,0));
#5025=DIRECTION('NONE',(0,0,-1));
#5026=AXIS2_PLACEMENT_3D('NONE',#1463,#5024,#5025);
#5027=PLANE('NONE',#5026);
#5028=FACE_SURFACE('NONE',(#5023),#5027,.T.);
#5029=POLY_LOOP('NONE',(#381,#380,#1080,#1207));
#5030=FACE_OUTER_BOUND('NONE',#5029,.T.);
#5031=DIRECTION('NONE',(0.225874,0.974156,0));
#5032=DIRECTION('NONE',(-0.974156,0.225874,0));
#5033=AXIS2_PLACEMENT_3D('NONE',#381,#5031,#5032);
#5034=PLANE('NONE',#5033);
#5035=FACE_SURFACE('NONE',(#5030),#5034,.T.);
#5036=POLY_LOOP('NONE',(#265,#1058,#1057,#266));
#5037=FACE_OUTER_BOUND('NONE',#5036,.T.);
#5038=DIRECTION('NONE',(0.964113,0.265493,0));
#5039=DIRECTION('NONE',(0,0,1));
#5040=AXIS2_PLACEMENT_3D('NONE',#265,#5038,#5039);
#5041=PLANE('NONE',#5040);
#5042=FACE_SURFACE('NONE',(#5037),#5041,.T.);
#5043=POLY_LOOP('NONE',(#379,#378,#1082,#1081));
#5044=FACE_OUTER_BOUND('NONE',#5043,.T.);
#5045=DIRECTION('NONE',(0.307825,0.951443,0));
#5046=DIRECTION('NONE',(-0.951443,0.307825,0));
#5047=AXIS2_PLACEMENT_3D('NONE',#379,#5045,#5046);
#5048=PLANE('NONE',#5047);
#5049=FACE_SURFACE('NONE',(#5044),#5048,.T.);
#5050=POLY_LOOP('NONE',(#385,#384,#1204,#1203));
#5051=FACE_OUTER_BOUND('NONE',#5050,.T.);
#5052=DIRECTION('NONE',(0.014076,0.999901,0));
#5053=DIRECTION('NONE',(-0.999901,0.014076,0));
#5054=AXIS2_PLACEMENT_3D('NONE',#385,#5052,#5053);
#5055=PLANE('NONE',#5054);
#5056=FACE_SURFACE('NONE',(#5051),#5055,.T.);
#5057=POLY_LOOP('NONE',(#1205,#1204,#384,#383));
#5058=FACE_OUTER_BOUND('NONE',#5057,.T.);
#5059=DIRECTION('NONE',(0.070261,0.997529,0));
#5060=DIRECTION('NONE',(0.997529,-0.070261,0));
#5061=AXIS2_PLACEMENT_3D('NONE',#1205,#5059,#5060);
#5062=PLANE('NONE',#5061);
#5063=FACE_SURFACE('NONE',(#5058),#5062,.T.);
#5064=POLY_LOOP('NONE',(#1075,#1074,#249,#248));
#5065=FACE_OUTER_BOUND('NONE',#5064,.T.);
#5066=DIRECTION('NONE',(0.844812,-0.535064,0));
#5067=DIRECTION('NONE',(-0.535064,-0.844812,0));
#5068=AXIS2_PLACEMENT_3D('NONE',#1075,#5066,#5067);
#5069=PLANE('NONE',#5068);
#5070=FACE_SURFACE('NONE',(#5065),#5069,.T.);
#5071=POLY_LOOP('NONE',(#59,#58,#751,#748));
#5072=FACE_OUTER_BOUND('NONE',#5071,.T.);
#5073=DIRECTION('NONE',(1,0,0));
#5074=DIRECTION('NONE',(0,1,0));
#5075=AXIS2_PLACEMENT_3D('NONE',#59,#5073,#5074);
#5076=PLANE('NONE',#5075);
#5077=FACE_SURFACE('NONE',(#5072),#5076,.T.);
#5078=POLY_LOOP('NONE',(#1075,#248,#247,#1076));
#5079=FACE_OUTER_BOUND('NONE',#5078,.T.);
#5080=DIRECTION('NONE',(0.816569,-0.577248,0));
#5081=DIRECTION('NONE',(0,0,-1));
#5082=AXIS2_PLACEMENT_3D('NONE',#1075,#5080,#5081);
#5083=PLANE('NONE',#5082);
#5084=FACE_SURFACE('NONE',(#5079),#5083,.T.);
#5085=POLY_LOOP('NONE',(#245,#1078,#1077,#246));
#5086=FACE_OUTER_BOUND('NONE',#5085,.T.);
#5087=DIRECTION('NONE',(0.761216,-0.648499,0));
#5088=DIRECTION('NONE',(0,0,1));
#5089=AXIS2_PLACEMENT_3D('NONE',#245,#5087,#5088);
#5090=PLANE('NONE',#5089);
#5091=FACE_SURFACE('NONE',(#5086),#5090,.T.);
#5092=POLY_LOOP('NONE',(#534,#533,#1299,#1298));
#5093=FACE_OUTER_BOUND('NONE',#5092,.T.);
#5094=DIRECTION('NONE',(-0.98562,0.168979,0));
#5095=DIRECTION('NONE',(-0.168979,-0.98562,0));
#5096=AXIS2_PLACEMENT_3D('NONE',#534,#5094,#5095);
#5097=PLANE('NONE',#5096);
#5098=FACE_SURFACE('NONE',(#5093),#5097,.T.);
#5099=POLY_LOOP('NONE',(#244,#1079,#1078,#245));
#5100=FACE_OUTER_BOUND('NONE',#5099,.T.);
#5101=DIRECTION('NONE',(0.727803,-0.685786,0));
#5102=DIRECTION('NONE',(0,0,1));
#5103=AXIS2_PLACEMENT_3D('NONE',#244,#5101,#5102);
#5104=PLANE('NONE',#5103);
#5105=FACE_SURFACE('NONE',(#5100),#5104,.T.);
#5106=POLY_LOOP('NONE',(#1300,#1299,#533,#532));
#5107=FACE_OUTER_BOUND('NONE',#5106,.T.);
#5108=DIRECTION('NONE',(-0.974862,0.22281,0));
#5109=DIRECTION('NONE',(0.22281,0.974862,0));
#5110=AXIS2_PLACEMENT_3D('NONE',#1300,#5108,#5109);
#5111=PLANE('NONE',#5110);
#5112=FACE_SURFACE('NONE',(#5107),#5111,.T.);
#5113=POLY_LOOP('NONE',(#244,#243,#956,#1079));
#5114=FACE_OUTER_BOUND('NONE',#5113,.T.);
#5115=DIRECTION('NONE',(0.685813,-0.727778,0));
#5116=DIRECTION('NONE',(0.727778,0.685813,0));
#5117=AXIS2_PLACEMENT_3D('NONE',#244,#5115,#5116);
#5118=PLANE('NONE',#5117);
#5119=FACE_SURFACE('NONE',(#5114),#5118,.T.);
#5120=POLY_LOOP('NONE',(#1300,#532,#531,#1301));
#5121=FACE_OUTER_BOUND('NONE',#5120,.T.);
#5122=DIRECTION('NONE',(-0.964113,0.265493,0));
#5123=DIRECTION('NONE',(0,0,-1));
#5124=AXIS2_PLACEMENT_3D('NONE',#1300,#5122,#5123);
#5125=PLANE('NONE',#5124);
#5126=FACE_SURFACE('NONE',(#5121),#5125,.T.);
#5127=POLY_LOOP('NONE',(#241,#958,#957,#242));
#5128=FACE_OUTER_BOUND('NONE',#5127,.T.);
#5129=DIRECTION('NONE',(0.617812,-0.786326,0));
#5130=DIRECTION('NONE',(0,0,1));
#5131=AXIS2_PLACEMENT_3D('NONE',#241,#5129,#5130);
#5132=PLANE('NONE',#5131);
#5133=FACE_SURFACE('NONE',(#5128),#5132,.T.);
#5134=POLY_LOOP('NONE',(#770,#953,#952,#771));
#5135=FACE_OUTER_BOUND('NONE',#5134,.T.);
#5136=DIRECTION('NONE',(1,0,0));
#5137=DIRECTION('NONE',(0,0,-1));
#5138=AXIS2_PLACEMENT_3D('NONE',#770,#5136,#5137);
#5139=PLANE('NONE',#5138);
#5140=FACE_SURFACE('NONE',(#5135),#5139,.T.);
#5141=POLY_LOOP('NONE',(#954,#769,#768,#955));
#5142=FACE_OUTER_BOUND('NONE',#5141,.T.);
#5143=DIRECTION('NONE',(1,0,0));
#5144=DIRECTION('NONE',(0,0,1));
#5145=AXIS2_PLACEMENT_3D('NONE',#954,#5143,#5144);
#5146=PLANE('NONE',#5145);
#5147=FACE_SURFACE('NONE',(#5142),#5146,.T.);
#5148=POLY_LOOP('NONE',(#542,#541,#1291,#1290));
#5149=FACE_OUTER_BOUND('NONE',#5148,.T.);
#5150=DIRECTION('NONE',(-0.974862,-0.22281,0));
#5151=DIRECTION('NONE',(0.22281,-0.974862,0));
#5152=AXIS2_PLACEMENT_3D('NONE',#542,#5150,#5151);
#5153=PLANE('NONE',#5152);
#5154=FACE_SURFACE('NONE',(#5149),#5153,.T.);
#5155=POLY_LOOP('NONE',(#770,#769,#954,#953));
#5156=FACE_OUTER_BOUND('NONE',#5155,.T.);
#5157=DIRECTION('NONE',(0,-1,0));
#5158=DIRECTION('NONE',(-1,0,0));
#5159=AXIS2_PLACEMENT_3D('NONE',#770,#5157,#5158);
#5160=PLANE('NONE',#5159);
#5161=FACE_SURFACE('NONE',(#5156),#5160,.T.);
#5162=POLY_LOOP('NONE',(#1291,#541,#540,#1292));
#5163=FACE_OUTER_BOUND('NONE',#5162,.T.);
#5164=DIRECTION('NONE',(-0.98562,-0.168979,0));
#5165=DIRECTION('NONE',(0,0,-1));
#5166=AXIS2_PLACEMENT_3D('NONE',#1291,#5164,#5165);
#5167=PLANE('NONE',#5166);
#5168=FACE_SURFACE('NONE',(#5163),#5167,.T.);
#5169=POLY_LOOP('NONE',(#254,#253,#1070,#1069));
#5170=FACE_OUTER_BOUND('NONE',#5169,.T.);
#5171=DIRECTION('NONE',(0.950091,-0.311973,0));
#5172=DIRECTION('NONE',(0.311973,0.950091,0));
#5173=AXIS2_PLACEMENT_3D('NONE',#254,#5171,#5172);
#5174=PLANE('NONE',#5173);
#5175=FACE_SURFACE('NONE',(#5170),#5174,.T.);
#5176=POLY_LOOP('NONE',(#388,#387,#1201,#1200));
#5177=FACE_OUTER_BOUND('NONE',#5176,.T.);
#5178=DIRECTION('NONE',(-0.12574,0.992063,0));
#5179=DIRECTION('NONE',(-0.992063,-0.12574,0));
#5180=AXIS2_PLACEMENT_3D('NONE',#388,#5178,#5179);
#5181=PLANE('NONE',#5180);
#5182=FACE_SURFACE('NONE',(#5177),#5181,.T.);
#5183=POLY_LOOP('NONE',(#1294,#1293,#539,#538));
#5184=FACE_OUTER_BOUND('NONE',#5183,.T.);
#5185=DIRECTION('NONE',(-0.997528,-0.070264,0));
#5186=DIRECTION('NONE',(-0.070264,0.997528,0));
#5187=AXIS2_PLACEMENT_3D('NONE',#1294,#5185,#5186);
#5188=PLANE('NONE',#5187);
#5189=FACE_SURFACE('NONE',(#5184),#5188,.T.);
#5190=POLY_LOOP('NONE',(#1070,#253,#252,#1071));
#5191=FACE_OUTER_BOUND('NONE',#5190,.T.);
#5192=DIRECTION('NONE',(0.932281,-0.361734,0));
#5193=DIRECTION('NONE',(0,0,-1));
#5194=AXIS2_PLACEMENT_3D('NONE',#1070,#5192,#5193);
#5195=PLANE('NONE',#5194);
#5196=FACE_SURFACE('NONE',(#5191),#5195,.T.);
#5197=POLY_LOOP('NONE',(#251,#1072,#1071,#252));
#5198=FACE_OUTER_BOUND('NONE',#5197,.T.);
#5199=DIRECTION('NONE',(0.91841,-0.395629,0));
#5200=DIRECTION('NONE',(0,0,1));
#5201=AXIS2_PLACEMENT_3D('NONE',#251,#5199,#5200);
#5202=PLANE('NONE',#5201);
#5203=FACE_SURFACE('NONE',(#5198),#5202,.T.);
#5204=POLY_LOOP('NONE',(#1294,#538,#537,#1295));
#5205=FACE_OUTER_BOUND('NONE',#5204,.T.);
#5206=DIRECTION('NONE',(-0.999604,-0.028143,0));
#5207=DIRECTION('NONE',(0,0,-1));
#5208=AXIS2_PLACEMENT_3D('NONE',#1294,#5206,#5207);
#5209=PLANE('NONE',#5208);
#5210=FACE_SURFACE('NONE',(#5205),#5209,.T.);
#5211=POLY_LOOP('NONE',(#536,#1296,#1295,#537));
#5212=FACE_OUTER_BOUND('NONE',#5211,.T.);
#5213=DIRECTION('NONE',(-0.999604,0.02814,0));
#5214=DIRECTION('NONE',(0,0,1));
#5215=AXIS2_PLACEMENT_3D('NONE',#536,#5213,#5214);
#5216=PLANE('NONE',#5215);
#5217=FACE_SURFACE('NONE',(#5212),#5216,.T.);
#5218=POLY_LOOP('NONE',(#1297,#1296,#536,#535));
#5219=FACE_OUTER_BOUND('NONE',#5218,.T.);
#5220=DIRECTION('NONE',(-0.997528,0.070264,0));
#5221=DIRECTION('NONE',(0.070264,0.997528,0));
#5222=AXIS2_PLACEMENT_3D('NONE',#1297,#5220,#5221);
#5223=PLANE('NONE',#5222);
#5224=FACE_SURFACE('NONE',(#5219),#5223,.T.);
#5225=POLY_LOOP('NONE',(#534,#1298,#1297,#535));
#5226=FACE_OUTER_BOUND('NONE',#5225,.T.);
#5227=DIRECTION('NONE',(-0.992063,0.12574,0));
#5228=DIRECTION('NONE',(0,0,1));
#5229=AXIS2_PLACEMENT_3D('NONE',#534,#5227,#5228);
#5230=PLANE('NONE',#5229);
#5231=FACE_SURFACE('NONE',(#5226),#5230,.T.);
#5232=POLY_LOOP('NONE',(#1188,#1187,#401,#400));
#5233=FACE_OUTER_BOUND('NONE',#5232,.T.);
#5234=DIRECTION('NONE',(-0.685786,0.727803,0));
#5235=DIRECTION('NONE',(0.727803,0.685786,0));
#5236=AXIS2_PLACEMENT_3D('NONE',#1188,#5234,#5235);
#5237=PLANE('NONE',#5236);
#5238=FACE_SURFACE('NONE',(#5233),#5237,.T.);
#5239=POLY_LOOP('NONE',(#247,#246,#1077,#1076));
#5240=FACE_OUTER_BOUND('NONE',#5239,.T.);
#5241=DIRECTION('NONE',(0.786346,-0.617786,0));
#5242=DIRECTION('NONE',(0.617786,0.786346,0));
#5243=AXIS2_PLACEMENT_3D('NONE',#247,#5241,#5242);
#5244=PLANE('NONE',#5243);
#5245=FACE_SURFACE('NONE',(#5240),#5244,.T.);
#5246=POLY_LOOP('NONE',(#1302,#1301,#531,#530));
#5247=FACE_OUTER_BOUND('NONE',#5246,.T.);
#5248=DIRECTION('NONE',(-0.950096,0.311957,0));
#5249=DIRECTION('NONE',(0.311957,0.950096,0));
#5250=AXIS2_PLACEMENT_3D('NONE',#1302,#5248,#5249);
#5251=PLANE('NONE',#5250);
#5252=FACE_SURFACE('NONE',(#5247),#5251,.T.);
#5253=POLY_LOOP('NONE',(#397,#1191,#1190,#398));
#5254=FACE_OUTER_BOUND('NONE',#5253,.T.);
#5255=DIRECTION('NONE',(-0.570648,0.821195,0));
#5256=DIRECTION('NONE',(0,0,1));
#5257=AXIS2_PLACEMENT_3D('NONE',#397,#5255,#5256);
#5258=PLANE('NONE',#5257);
#5259=FACE_SURFACE('NONE',(#5254),#5258,.T.);
#5260=POLY_LOOP('NONE',(#1191,#397,#396,#1192));
#5261=FACE_OUTER_BOUND('NONE',#5260,.T.);
#5262=DIRECTION('NONE',(-0.535064,0.844812,0));
#5263=DIRECTION('NONE',(0,0,-1));
#5264=AXIS2_PLACEMENT_3D('NONE',#1191,#5262,#5263);
#5265=PLANE('NONE',#5264);
#5266=FACE_SURFACE('NONE',(#5261),#5265,.T.);
#5267=POLY_LOOP('NONE',(#779,#778,#79,#78));
#5268=FACE_OUTER_BOUND('NONE',#5267,.T.);
#5269=DIRECTION('NONE',(0.39548,0.918474,0));
#5270=DIRECTION('NONE',(0.918474,-0.39548,0));
#5271=AXIS2_PLACEMENT_3D('NONE',#779,#5269,#5270);
#5272=PLANE('NONE',#5271);
#5273=FACE_SURFACE('NONE',(#5268),#5272,.T.);
#5274=POLY_LOOP('NONE',(#780,#779,#78,#77));
#5275=FACE_OUTER_BOUND('NONE',#5274,.T.);
#5276=DIRECTION('NONE',(0.52407,0.851675,0));
#5277=DIRECTION('NONE',(0.851675,-0.52407,0));
#5278=AXIS2_PLACEMENT_3D('NONE',#780,#5276,#5277);
#5279=PLANE('NONE',#5278);
#5280=FACE_SURFACE('NONE',(#5275),#5279,.T.);
#5281=POLY_LOOP('NONE',(#1288,#544,#543,#1289));
#5282=FACE_OUTER_BOUND('NONE',#5281,.T.);
#5283=DIRECTION('NONE',(-0.950096,-0.311957,0));
#5284=DIRECTION('NONE',(0,0,-1));
#5285=AXIS2_PLACEMENT_3D('NONE',#1288,#5283,#5284);
#5286=PLANE('NONE',#5285);
#5287=FACE_SURFACE('NONE',(#5282),#5286,.T.);
#5288=POLY_LOOP('NONE',(#1290,#1289,#543,#542));
#5289=FACE_OUTER_BOUND('NONE',#5288,.T.);
#5290=DIRECTION('NONE',(-0.964113,-0.265493,0));
#5291=DIRECTION('NONE',(-0.265493,0.964113,0));
#5292=AXIS2_PLACEMENT_3D('NONE',#1290,#5290,#5291);
#5293=PLANE('NONE',#5292);
#5294=FACE_SURFACE('NONE',(#5289),#5293,.T.);
#5295=POLY_LOOP('NONE',(#781,#780,#77,#76));
#5296=FACE_OUTER_BOUND('NONE',#5295,.T.);
#5297=DIRECTION('NONE',(0.646545,0.762876,0));
#5298=DIRECTION('NONE',(0.762876,-0.646545,0));
#5299=AXIS2_PLACEMENT_3D('NONE',#781,#5297,#5298);
#5300=PLANE('NONE',#5299);
#5301=FACE_SURFACE('NONE',(#5296),#5300,.T.);
#5302=POLY_LOOP('NONE',(#782,#781,#76,#75));
#5303=FACE_OUTER_BOUND('NONE',#5302,.T.);
#5304=DIRECTION('NONE',(0.762886,0.646533,0));
#5305=DIRECTION('NONE',(0.646533,-0.762886,0));
#5306=AXIS2_PLACEMENT_3D('NONE',#782,#5304,#5305);
#5307=PLANE('NONE',#5306);
#5308=FACE_SURFACE('NONE',(#5303),#5307,.T.);
#5309=POLY_LOOP('NONE',(#393,#392,#1196,#1195));
#5310=FACE_OUTER_BOUND('NONE',#5309,.T.);
#5311=DIRECTION('NONE',(-0.366527,0.930407,0));
#5312=DIRECTION('NONE',(-0.930407,-0.366527,0));
#5313=AXIS2_PLACEMENT_3D('NONE',#393,#5311,#5312);
#5314=PLANE('NONE',#5313);
#5315=FACE_SURFACE('NONE',(#5310),#5314,.T.);
#5316=POLY_LOOP('NONE',(#783,#782,#75,#74));
#5317=FACE_OUTER_BOUND('NONE',#5316,.T.);
#5318=DIRECTION('NONE',(0.851654,0.524105,0));
#5319=DIRECTION('NONE',(0.524105,-0.851654,0));
#5320=AXIS2_PLACEMENT_3D('NONE',#783,#5318,#5319);
#5321=PLANE('NONE',#5320);
#5322=FACE_SURFACE('NONE',(#5317),#5321,.T.);
#5323=POLY_LOOP('NONE',(#1196,#392,#391,#1197));
#5324=FACE_OUTER_BOUND('NONE',#5323,.T.);
#5325=DIRECTION('NONE',(-0.307825,0.951443,0));
#5326=DIRECTION('NONE',(0,0,-1));
#5327=AXIS2_PLACEMENT_3D('NONE',#1196,#5325,#5326);
#5328=PLANE('NONE',#5327);
#5329=FACE_SURFACE('NONE',(#5324),#5328,.T.);
#5330=POLY_LOOP('NONE',(#1292,#540,#539,#1293));
#5331=FACE_OUTER_BOUND('NONE',#5330,.T.);
#5332=DIRECTION('NONE',(-0.992063,-0.12574,0));
#5333=DIRECTION('NONE',(0,0,-1));
#5334=AXIS2_PLACEMENT_3D('NONE',#1292,#5332,#5333);
#5335=PLANE('NONE',#5334);
#5336=FACE_SURFACE('NONE',(#5331),#5335,.T.);
#5337=POLY_LOOP('NONE',(#784,#783,#74,#73));
#5338=FACE_OUTER_BOUND('NONE',#5337,.T.);
#5339=DIRECTION('NONE',(0.918489,0.395446,0));
#5340=DIRECTION('NONE',(0.395446,-0.918489,0));
#5341=AXIS2_PLACEMENT_3D('NONE',#784,#5339,#5340);
#5342=PLANE('NONE',#5341);
#5343=FACE_SURFACE('NONE',(#5338),#5342,.T.);
#5344=POLY_LOOP('NONE',(#1197,#391,#390,#1198));
#5345=FACE_OUTER_BOUND('NONE',#5344,.T.);
#5346=DIRECTION('NONE',(-0.265493,0.964113,0));
#5347=DIRECTION('NONE',(0,0,-1));
#5348=AXIS2_PLACEMENT_3D('NONE',#1197,#5346,#5347);
#5349=PLANE('NONE',#5348);
#5350=FACE_SURFACE('NONE',(#5345),#5349,.T.);
#5351=POLY_LOOP('NONE',(#785,#784,#73,#72));
#5352=FACE_OUTER_BOUND('NONE',#5351,.T.);
#5353=DIRECTION('NONE',(0.973747,0.227632,0));
#5354=DIRECTION('NONE',(0.227632,-0.973747,0));
#5355=AXIS2_PLACEMENT_3D('NONE',#785,#5353,#5354);
#5356=PLANE('NONE',#5355);
#5357=FACE_SURFACE('NONE',(#5352),#5356,.T.);
#5358=POLY_LOOP('NONE',(#786,#785,#72,#71));
#5359=FACE_OUTER_BOUND('NONE',#5358,.T.);
#5360=DIRECTION('NONE',(0.996287,0.086097,0));
#5361=DIRECTION('NONE',(0.086097,-0.996287,0));
#5362=AXIS2_PLACEMENT_3D('NONE',#786,#5360,#5361);
#5363=PLANE('NONE',#5362);
#5364=FACE_SURFACE('NONE',(#5359),#5363,.T.);
#5365=POLY_LOOP('NONE',(#306,#1017,#1016,#307));
#5366=FACE_OUTER_BOUND('NONE',#5365,.T.);
#5367=DIRECTION('NONE',(-0.656526,0.754304,0));
#5368=DIRECTION('NONE',(0,0,1));
#5369=AXIS2_PLACEMENT_3D('NONE',#306,#5367,#5368);
#5370=PLANE('NONE',#5369);
#5371=FACE_SURFACE('NONE',(#5366),#5370,.T.);
#5372=POLY_LOOP('NONE',(#82,#81,#776,#775));
#5373=FACE_OUTER_BOUND('NONE',#5372,.T.);
#5374=DIRECTION('NONE',(0,1,0));
#5375=DIRECTION('NONE',(-1,0,0));
#5376=AXIS2_PLACEMENT_3D('NONE',#82,#5374,#5375);
#5377=PLANE('NONE',#5376);
#5378=FACE_SURFACE('NONE',(#5373),#5377,.T.);
#5379=POLY_LOOP('NONE',(#768,#757,#756,#955));
#5380=FACE_OUTER_BOUND('NONE',#5379,.T.);
#5381=DIRECTION('NONE',(0,-1,0));
#5382=DIRECTION('NONE',(-1,0,0));
#5383=AXIS2_PLACEMENT_3D('NONE',#768,#5381,#5382);
#5384=PLANE('NONE',#5383);
#5385=FACE_SURFACE('NONE',(#5380),#5384,.T.);
#5386=POLY_LOOP('NONE',(#787,#786,#71,#70));
#5387=FACE_OUTER_BOUND('NONE',#5386,.T.);
#5388=DIRECTION('NONE',(1,0,0));
#5389=DIRECTION('NONE',(0,-1,0));
#5390=AXIS2_PLACEMENT_3D('NONE',#787,#5388,#5389);
#5391=PLANE('NONE',#5390);
#5392=FACE_SURFACE('NONE',(#5387),#5391,.T.);
#5393=POLY_LOOP('NONE',(#1017,#306,#305,#1018));
#5394=FACE_OUTER_BOUND('NONE',#5393,.T.);
#5395=DIRECTION('NONE',(-0.617812,0.786326,0));
#5396=DIRECTION('NONE',(0,0,-1));
#5397=AXIS2_PLACEMENT_3D('NONE',#1017,#5395,#5396);
#5398=PLANE('NONE',#5397);
#5399=FACE_SURFACE('NONE',(#5394),#5398,.T.);
#5400=POLY_LOOP('NONE',(#585,#584,#1248,#1247));
#5401=FACE_OUTER_BOUND('NONE',#5400,.T.);
#5402=DIRECTION('NONE',(0.685784,-0.727805,0));
#5403=DIRECTION('NONE',(0.727805,0.685784,0));
#5404=AXIS2_PLACEMENT_3D('NONE',#585,#5402,#5403);
#5405=PLANE('NONE',#5404);
#5406=FACE_SURFACE('NONE',(#5401),#5405,.T.);
#5407=POLY_LOOP('NONE',(#583,#1249,#1248,#584));
#5408=FACE_OUTER_BOUND('NONE',#5407,.T.);
#5409=DIRECTION('NONE',(0.656495,-0.75433,0));
#5410=DIRECTION('NONE',(0,0,1));
#5411=AXIS2_PLACEMENT_3D('NONE',#583,#5409,#5410);
#5412=PLANE('NONE',#5411);
#5413=FACE_SURFACE('NONE',(#5408),#5412,.T.);
#5414=POLY_LOOP('NONE',(#705,#704,#1361,#1360));
#5415=FACE_OUTER_BOUND('NONE',#5414,.T.);
#5416=DIRECTION('NONE',(-0.570648,-0.821195,0));
#5417=DIRECTION('NONE',(0.821195,-0.570648,0));
#5418=AXIS2_PLACEMENT_3D('NONE',#705,#5416,#5417);
#5419=PLANE('NONE',#5418);
#5420=FACE_SURFACE('NONE',(#5415),#5419,.T.);
#5421=POLY_LOOP('NONE',(#299,#1024,#1023,#300));
#5422=FACE_OUTER_BOUND('NONE',#5421,.T.);
#5423=DIRECTION('NONE',(-0.366527,0.930407,0));
#5424=DIRECTION('NONE',(0,0,1));
#5425=AXIS2_PLACEMENT_3D('NONE',#299,#5423,#5424);
#5426=PLANE('NONE',#5425);
#5427=FACE_SURFACE('NONE',(#5422),#5426,.T.);
#5428=POLY_LOOP('NONE',(#877,#876,#179,#178));
#5429=FACE_OUTER_BOUND('NONE',#5428,.T.);
#5430=DIRECTION('NONE',(-1,0,0));
#5431=DIRECTION('NONE',(0,1,0));
#5432=AXIS2_PLACEMENT_3D('NONE',#877,#5430,#5431);
#5433=PLANE('NONE',#5432);
#5434=FACE_SURFACE('NONE',(#5429),#5433,.T.);
#5435=POLY_LOOP('NONE',(#1080,#380,#379,#1081));
#5436=FACE_OUTER_BOUND('NONE',#5435,.T.);
#5437=DIRECTION('NONE',(0.265493,0.964113,0));
#5438=DIRECTION('NONE',(0,0,-1));
#5439=AXIS2_PLACEMENT_3D('NONE',#1080,#5437,#5438);
#5440=PLANE('NONE',#5439);
#5441=FACE_SURFACE('NONE',(#5436),#5440,.T.);
#5442=POLY_LOOP('NONE',(#878,#877,#178,#177));
#5443=FACE_OUTER_BOUND('NONE',#5442,.T.);
#5444=DIRECTION('NONE',(-0.996287,0.086097,0));
#5445=DIRECTION('NONE',(0.086097,0.996287,0));
#5446=AXIS2_PLACEMENT_3D('NONE',#878,#5444,#5445);
#5447=PLANE('NONE',#5446);
#5448=FACE_SURFACE('NONE',(#5443),#5447,.T.);
#5449=POLY_LOOP('NONE',(#1082,#378,#377,#1083));
#5450=FACE_OUTER_BOUND('NONE',#5449,.T.);
#5451=DIRECTION('NONE',(0.366527,0.930407,0));
#5452=DIRECTION('NONE',(0,0,-1));
#5453=AXIS2_PLACEMENT_3D('NONE',#1082,#5451,#5452);
#5454=PLANE('NONE',#5453);
#5455=FACE_SURFACE('NONE',(#5450),#5454,.T.);
#5456=POLY_LOOP('NONE',(#879,#878,#177,#176));
#5457=FACE_OUTER_BOUND('NONE',#5456,.T.);
#5458=DIRECTION('NONE',(-0.973747,0.227632,0));
#5459=DIRECTION('NONE',(0.227632,0.973747,0));
#5460=AXIS2_PLACEMENT_3D('NONE',#879,#5458,#5459);
#5461=PLANE('NONE',#5460);
#5462=FACE_SURFACE('NONE',(#5457),#5461,.T.);
#5463=POLY_LOOP('NONE',(#880,#879,#176,#175));
#5464=FACE_OUTER_BOUND('NONE',#5463,.T.);
#5465=DIRECTION('NONE',(-0.918489,0.395446,0));
#5466=DIRECTION('NONE',(0.395446,0.918489,0));
#5467=AXIS2_PLACEMENT_3D('NONE',#880,#5465,#5466);
#5468=PLANE('NONE',#5467);
#5469=FACE_SURFACE('NONE',(#5464),#5468,.T.);
#5470=POLY_LOOP('NONE',(#881,#880,#175,#174));
#5471=FACE_OUTER_BOUND('NONE',#5470,.T.);
#5472=DIRECTION('NONE',(-0.851654,0.524105,0));
#5473=DIRECTION('NONE',(0.524105,0.851654,0));
#5474=AXIS2_PLACEMENT_3D('NONE',#881,#5472,#5473);
#5475=PLANE('NONE',#5474);
#5476=FACE_SURFACE('NONE',(#5471),#5475,.T.);
#5477=POLY_LOOP('NONE',(#882,#881,#174,#173));
#5478=FACE_OUTER_BOUND('NONE',#5477,.T.);
#5479=DIRECTION('NONE',(-0.762884,0.646535,0));
#5480=DIRECTION('NONE',(0.646535,0.762884,0));
#5481=AXIS2_PLACEMENT_3D('NONE',#882,#5479,#5480);
#5482=PLANE('NONE',#5481);
#5483=FACE_SURFACE('NONE',(#5478),#5482,.T.);
#5484=POLY_LOOP('NONE',(#883,#882,#173,#172));
#5485=FACE_OUTER_BOUND('NONE',#5484,.T.);
#5486=DIRECTION('NONE',(-0.646545,0.762876,0));
#5487=DIRECTION('NONE',(0.762876,0.646545,0));
#5488=AXIS2_PLACEMENT_3D('NONE',#883,#5486,#5487);
#5489=PLANE('NONE',#5488);
#5490=FACE_SURFACE('NONE',(#5485),#5489,.T.);
#5491=POLY_LOOP('NONE',(#884,#883,#172,#171));
#5492=FACE_OUTER_BOUND('NONE',#5491,.T.);
#5493=DIRECTION('NONE',(-0.524071,0.851675,0));
#5494=DIRECTION('NONE',(0.851675,0.524071,0));
#5495=AXIS2_PLACEMENT_3D('NONE',#884,#5493,#5494);
#5496=PLANE('NONE',#5495);
#5497=FACE_SURFACE('NONE',(#5492),#5496,.T.);
#5498=POLY_LOOP('NONE',(#885,#884,#171,#170));
#5499=FACE_OUTER_BOUND('NONE',#5498,.T.);
#5500=DIRECTION('NONE',(-0.39548,0.918474,0));
#5501=DIRECTION('NONE',(0.918474,0.39548,0));
#5502=AXIS2_PLACEMENT_3D('NONE',#885,#5500,#5501);
#5503=PLANE('NONE',#5502);
#5504=FACE_SURFACE('NONE',(#5499),#5503,.T.);
#5505=POLY_LOOP('NONE',(#886,#885,#170,#169));
#5506=FACE_OUTER_BOUND('NONE',#5505,.T.);
#5507=DIRECTION('NONE',(-0.227602,0.973754,0));
#5508=DIRECTION('NONE',(0.973754,0.227602,0));
#5509=AXIS2_PLACEMENT_3D('NONE',#886,#5507,#5508);
#5510=PLANE('NONE',#5509);
#5511=FACE_SURFACE('NONE',(#5506),#5510,.T.);
#5512=POLY_LOOP('NONE',(#1201,#387,#386,#1202));
#5513=FACE_OUTER_BOUND('NONE',#5512,.T.);
#5514=DIRECTION('NONE',(-0.070261,0.997529,0));
#5515=DIRECTION('NONE',(0,0,-1));
#5516=AXIS2_PLACEMENT_3D('NONE',#1201,#5514,#5515);
#5517=PLANE('NONE',#5516);
#5518=FACE_SURFACE('NONE',(#5513),#5517,.T.);
#5519=POLY_LOOP('NONE',(#887,#886,#169,#168));
#5520=FACE_OUTER_BOUND('NONE',#5519,.T.);
#5521=DIRECTION('NONE',(-0.086099,0.996287,0));
#5522=DIRECTION('NONE',(0.996287,0.086099,0));
#5523=AXIS2_PLACEMENT_3D('NONE',#887,#5521,#5522);
#5524=PLANE('NONE',#5523);
#5525=FACE_SURFACE('NONE',(#5520),#5524,.T.);
#5526=POLY_LOOP('NONE',(#593,#1239,#1238,#594));
#5527=FACE_OUTER_BOUND('NONE',#5526,.T.);
#5528=DIRECTION('NONE',(0.932263,-0.36178,0));
#5529=DIRECTION('NONE',(0,0,1));
#5530=AXIS2_PLACEMENT_3D('NONE',#593,#5528,#5529);
#5531=PLANE('NONE',#5530);
#5532=FACE_SURFACE('NONE',(#5527),#5531,.T.);
#5533=POLY_LOOP('NONE',(#1205,#383,#382,#1206));
#5534=FACE_OUTER_BOUND('NONE',#5533,.T.);
#5535=DIRECTION('NONE',(0.12574,0.992063,0));
#5536=DIRECTION('NONE',(0,0,-1));
#5537=AXIS2_PLACEMENT_3D('NONE',#1205,#5535,#5536);
#5538=PLANE('NONE',#5537);
#5539=FACE_SURFACE('NONE',(#5534),#5538,.T.);
#5540=POLY_LOOP('NONE',(#866,#865,#190,#189));
#5541=FACE_OUTER_BOUND('NONE',#5540,.T.);
#5542=DIRECTION('NONE',(0,-1,0));
#5543=DIRECTION('NONE',(-1,0,0));
#5544=AXIS2_PLACEMENT_3D('NONE',#866,#5542,#5543);
#5545=PLANE('NONE',#5544);
#5546=FACE_SURFACE('NONE',(#5541),#5545,.T.);
#5547=POLY_LOOP('NONE',(#1239,#593,#592,#1240));
#5548=FACE_OUTER_BOUND('NONE',#5547,.T.);
#5549=DIRECTION('NONE',(0.918402,-0.395649,0));
#5550=DIRECTION('NONE',(0,0,-1));
#5551=AXIS2_PLACEMENT_3D('NONE',#1239,#5549,#5550);
#5552=PLANE('NONE',#5551);
#5553=FACE_SURFACE('NONE',(#5548),#5552,.T.);
#5554=POLY_LOOP('NONE',(#903,#902,#153,#152));
#5555=FACE_OUTER_BOUND('NONE',#5554,.T.);
#5556=DIRECTION('NONE',(0.851659,-0.524096,0));
#5557=DIRECTION('NONE',(-0.524096,-0.851659,0));
#5558=AXIS2_PLACEMENT_3D('NONE',#903,#5556,#5557);
#5559=PLANE('NONE',#5558);
#5560=FACE_SURFACE('NONE',(#5555),#5559,.T.);
#5561=POLY_LOOP('NONE',(#901,#900,#155,#154));
#5562=FACE_OUTER_BOUND('NONE',#5561,.T.);
#5563=DIRECTION('NONE',(0.973749,-0.227626,0));
#5564=DIRECTION('NONE',(-0.227626,-0.973749,0));
#5565=AXIS2_PLACEMENT_3D('NONE',#901,#5563,#5564);
#5566=PLANE('NONE',#5565);
#5567=FACE_SURFACE('NONE',(#5562),#5566,.T.);
#5568=POLY_LOOP('NONE',(#153,#902,#901,#154));
#5569=FACE_OUTER_BOUND('NONE',#5568,.T.);
#5570=DIRECTION('NONE',(0.918488,-0.395449,0));
#5571=DIRECTION('NONE',(0,0,1));
#5572=AXIS2_PLACEMENT_3D('NONE',#153,#5570,#5571);
#5573=PLANE('NONE',#5572);
#5574=FACE_SURFACE('NONE',(#5569),#5573,.T.);
#5575=POLY_LOOP('NONE',(#1084,#1083,#377,#376));
#5576=FACE_OUTER_BOUND('NONE',#5575,.T.);
#5577=DIRECTION('NONE',(0.402276,0.915519,0));
#5578=DIRECTION('NONE',(0.915519,-0.402276,0));
#5579=AXIS2_PLACEMENT_3D('NONE',#1084,#5577,#5578);
#5580=PLANE('NONE',#5579);
#5581=FACE_SURFACE('NONE',(#5576),#5580,.T.);
#5582=POLY_LOOP('NONE',(#155,#900,#899,#156));
#5583=FACE_OUTER_BOUND('NONE',#5582,.T.);
#5584=DIRECTION('NONE',(0.996286,-0.086101,0));
#5585=DIRECTION('NONE',(0,0,1));
#5586=AXIS2_PLACEMENT_3D('NONE',#155,#5584,#5585);
#5587=PLANE('NONE',#5586);
#5588=FACE_SURFACE('NONE',(#5583),#5587,.T.);
#5589=POLY_LOOP('NONE',(#904,#903,#152,#151));
#5590=FACE_OUTER_BOUND('NONE',#5589,.T.);
#5591=DIRECTION('NONE',(0.762899,-0.646518,0));
#5592=DIRECTION('NONE',(-0.646518,-0.762899,0));
#5593=AXIS2_PLACEMENT_3D('NONE',#904,#5591,#5592);
#5594=PLANE('NONE',#5593);
#5595=FACE_SURFACE('NONE',(#5590),#5594,.T.);
#5596=POLY_LOOP('NONE',(#905,#904,#151,#150));
#5597=FACE_OUTER_BOUND('NONE',#5596,.T.);
#5598=DIRECTION('NONE',(0.646516,-0.762901,0));
#5599=DIRECTION('NONE',(-0.762901,-0.646516,0));
#5600=AXIS2_PLACEMENT_3D('NONE',#905,#5598,#5599);
#5601=PLANE('NONE',#5600);
#5602=FACE_SURFACE('NONE',(#5597),#5601,.T.);
#5603=POLY_LOOP('NONE',(#389,#388,#1200,#1199));
#5604=FACE_OUTER_BOUND('NONE',#5603,.T.);
#5605=DIRECTION('NONE',(-0.168979,0.98562,0));
#5606=DIRECTION('NONE',(-0.98562,-0.168979,0));
#5607=AXIS2_PLACEMENT_3D('NONE',#389,#5605,#5606);
#5608=PLANE('NONE',#5607);
#5609=FACE_SURFACE('NONE',(#5604),#5608,.T.);
#5610=POLY_LOOP('NONE',(#316,#315,#1008,#1007));
#5611=FACE_OUTER_BOUND('NONE',#5610,.T.);
#5612=DIRECTION('NONE',(-0.918419,0.39561,0));
#5613=DIRECTION('NONE',(-0.39561,-0.918419,0));
#5614=AXIS2_PLACEMENT_3D('NONE',#316,#5612,#5613);
#5615=PLANE('NONE',#5614);
#5616=FACE_SURFACE('NONE',(#5611),#5615,.T.);
#5617=POLY_LOOP('NONE',(#1008,#315,#314,#1009));
#5618=FACE_OUTER_BOUND('NONE',#5617,.T.);
#5619=DIRECTION('NONE',(-0.888795,0.458304,0));
#5620=DIRECTION('NONE',(0,0,-1));
#5621=AXIS2_PLACEMENT_3D('NONE',#1008,#5619,#5620);
#5622=PLANE('NONE',#5621);
#5623=FACE_SURFACE('NONE',(#5618),#5622,.T.);
#5624=POLY_LOOP('NONE',(#693,#1372,#1371,#694));
#5625=FACE_OUTER_BOUND('NONE',#5624,.T.);
#5626=DIRECTION('NONE',(-0.918402,-0.395649,0));
#5627=DIRECTION('NONE',(0,0,1));
#5628=AXIS2_PLACEMENT_3D('NONE',#693,#5626,#5627);
#5629=PLANE('NONE',#5628);
#5630=FACE_SURFACE('NONE',(#5625),#5629,.T.);
#5631=POLY_LOOP('NONE',(#311,#310,#1013,#1012));
#5632=FACE_OUTER_BOUND('NONE',#5631,.T.);
#5633=DIRECTION('NONE',(-0.7863,0.617845,0));
#5634=DIRECTION('NONE',(-0.617845,-0.7863,0));
#5635=AXIS2_PLACEMENT_3D('NONE',#311,#5633,#5634);
#5636=PLANE('NONE',#5635);
#5637=FACE_SURFACE('NONE',(#5632),#5636,.T.);
#5638=POLY_LOOP('NONE',(#402,#1186,#1185,#403));
#5639=FACE_OUTER_BOUND('NONE',#5638,.T.);
#5640=DIRECTION('NONE',(-0.761216,0.648499,0));
#5641=DIRECTION('NONE',(0,0,1));
#5642=AXIS2_PLACEMENT_3D('NONE',#402,#5640,#5641);
#5643=PLANE('NONE',#5642);
#5644=FACE_SURFACE('NONE',(#5639),#5643,.T.);
#5645=POLY_LOOP('NONE',(#1255,#1254,#578,#577));
#5646=FACE_OUTER_BOUND('NONE',#5645,.T.);
#5647=DIRECTION('NONE',(0.402256,-0.915527,0));
#5648=DIRECTION('NONE',(-0.915527,-0.402256,0));
#5649=AXIS2_PLACEMENT_3D('NONE',#1255,#5647,#5648);
#5650=PLANE('NONE',#5649);
#5651=FACE_SURFACE('NONE',(#5646),#5650,.T.);
#5652=POLY_LOOP('NONE',(#862,#905,#150,#149));
#5653=FACE_OUTER_BOUND('NONE',#5652,.T.);
#5654=DIRECTION('NONE',(0.524114,-0.851648,0));
#5655=DIRECTION('NONE',(-0.851648,-0.524114,0));
#5656=AXIS2_PLACEMENT_3D('NONE',#862,#5654,#5655);
#5657=PLANE('NONE',#5656);
#5658=FACE_SURFACE('NONE',(#5653),#5657,.T.);
#5659=POLY_LOOP('NONE',(#1187,#1186,#402,#401));
#5660=FACE_OUTER_BOUND('NONE',#5659,.T.);
#5661=DIRECTION('NONE',(-0.727803,0.685786,0));
#5662=DIRECTION('NONE',(0.685786,0.727803,0));
#5663=AXIS2_PLACEMENT_3D('NONE',#1187,#5661,#5662);
#5664=PLANE('NONE',#5663);
#5665=FACE_SURFACE('NONE',(#5660),#5664,.T.);
#5666=POLY_LOOP('NONE',(#863,#862,#149,#148));
#5667=FACE_OUTER_BOUND('NONE',#5666,.T.);
#5668=DIRECTION('NONE',(0.395437,-0.918493,0));
#5669=DIRECTION('NONE',(-0.918493,-0.395437,0));
#5670=AXIS2_PLACEMENT_3D('NONE',#863,#5668,#5669);
#5671=PLANE('NONE',#5670);
#5672=FACE_SURFACE('NONE',(#5667),#5671,.T.);
#5673=POLY_LOOP('NONE',(#1188,#400,#399,#1189));
#5674=FACE_OUTER_BOUND('NONE',#5673,.T.);
#5675=DIRECTION('NONE',(-0.656552,0.754281,0));
#5676=DIRECTION('NONE',(0,0,-1));
#5677=AXIS2_PLACEMENT_3D('NONE',#1188,#5675,#5676);
#5678=PLANE('NONE',#5677);
#5679=FACE_SURFACE('NONE',(#5674),#5678,.T.);
#5680=POLY_LOOP('NONE',(#1361,#704,#703,#1362));
#5681=FACE_OUTER_BOUND('NONE',#5680,.T.);
#5682=DIRECTION('NONE',(-0.617878,-0.786274,0));
#5683=DIRECTION('NONE',(0,0,-1));
#5684=AXIS2_PLACEMENT_3D('NONE',#1361,#5682,#5683);
#5685=PLANE('NONE',#5684);
#5686=FACE_SURFACE('NONE',(#5681),#5685,.T.);
#5687=POLY_LOOP('NONE',(#395,#1193,#1192,#396));
#5688=FACE_OUTER_BOUND('NONE',#5687,.T.);
#5689=DIRECTION('NONE',(-0.491614,0.870813,0));
#5690=DIRECTION('NONE',(0,0,1));
#5691=AXIS2_PLACEMENT_3D('NONE',#395,#5689,#5690);
#5692=PLANE('NONE',#5691);
#5693=FACE_SURFACE('NONE',(#5688),#5692,.T.);
#5694=POLY_LOOP('NONE',(#1193,#395,#394,#1194));
#5695=FACE_OUTER_BOUND('NONE',#5694,.T.);
#5696=DIRECTION('NONE',(-0.452819,0.891602,0));
#5697=DIRECTION('NONE',(0,0,-1));
#5698=AXIS2_PLACEMENT_3D('NONE',#1193,#5696,#5697);
#5699=PLANE('NONE',#5698);
#5700=FACE_SURFACE('NONE',(#5695),#5699,.T.);
#5701=POLY_LOOP('NONE',(#1194,#394,#393,#1195));
#5702=FACE_OUTER_BOUND('NONE',#5701,.T.);
#5703=DIRECTION('NONE',(-0.402276,0.915519,0));
#5704=DIRECTION('NONE',(0,0,-1));
#5705=AXIS2_PLACEMENT_3D('NONE',#1194,#5703,#5704);
#5706=PLANE('NONE',#5705);
#5707=FACE_SURFACE('NONE',(#5702),#5706,.T.);
#5708=POLY_LOOP('NONE',(#1369,#1368,#697,#696));
#5709=FACE_OUTER_BOUND('NONE',#5708,.T.);
#5710=DIRECTION('NONE',(-0.844827,-0.535039,0));
#5711=DIRECTION('NONE',(-0.535039,0.844827,0));
#5712=AXIS2_PLACEMENT_3D('NONE',#1369,#5710,#5711);
#5713=PLANE('NONE',#5712);
#5714=FACE_SURFACE('NONE',(#5709),#5713,.T.);
#5715=POLY_LOOP('NONE',(#1177,#411,#410,#1178));
#5716=FACE_OUTER_BOUND('NONE',#5715,.T.);
#5717=DIRECTION('NONE',(-0.950096,0.311957,0));
#5718=DIRECTION('NONE',(0,0,-1));
#5719=AXIS2_PLACEMENT_3D('NONE',#1177,#5717,#5718);
#5720=PLANE('NONE',#5719);
#5721=FACE_SURFACE('NONE',(#5716),#5720,.T.);
#5722=POLY_LOOP('NONE',(#1340,#725,#724,#1341));
#5723=FACE_OUTER_BOUND('NONE',#5722,.T.);
#5724=DIRECTION('NONE',(0.366527,-0.930407,0));
#5725=DIRECTION('NONE',(0,0,-1));
#5726=AXIS2_PLACEMENT_3D('NONE',#1340,#5724,#5725);
#5727=PLANE('NONE',#5726);
#5728=FACE_SURFACE('NONE',(#5723),#5727,.T.);
#5729=POLY_LOOP('NONE',(#435,#1153,#1152,#436));
#5730=FACE_OUTER_BOUND('NONE',#5729,.T.);
#5731=DIRECTION('NONE',(-0.617812,-0.786326,0));
#5732=DIRECTION('NONE',(0,0,1));
#5733=AXIS2_PLACEMENT_3D('NONE',#435,#5731,#5732);
#5734=PLANE('NONE',#5733);
#5735=FACE_SURFACE('NONE',(#5730),#5734,.T.);
#5736=POLY_LOOP('NONE',(#724,#723,#1342,#1341));
#5737=FACE_OUTER_BOUND('NONE',#5736,.T.);
#5738=DIRECTION('NONE',(0.307857,-0.951433,0));
#5739=DIRECTION('NONE',(0.951433,0.307857,0));
#5740=AXIS2_PLACEMENT_3D('NONE',#724,#5738,#5739);
#5741=PLANE('NONE',#5740);
#5742=FACE_SURFACE('NONE',(#5737),#5741,.T.);
#5743=POLY_LOOP('NONE',(#1342,#723,#722,#1343));
#5744=FACE_OUTER_BOUND('NONE',#5743,.T.);
#5745=DIRECTION('NONE',(0.265458,-0.964123,0));
#5746=DIRECTION('NONE',(0,0,-1));
#5747=AXIS2_PLACEMENT_3D('NONE',#1342,#5745,#5746);
#5748=PLANE('NONE',#5747);
#5749=FACE_SURFACE('NONE',(#5744),#5748,.T.);
#5750=POLY_LOOP('NONE',(#332,#331,#992,#991));
#5751=FACE_OUTER_BOUND('NONE',#5750,.T.);
#5752=DIRECTION('NONE',(-0.932263,-0.36178,0));
#5753=DIRECTION('NONE',(0.36178,-0.932263,0));
#5754=AXIS2_PLACEMENT_3D('NONE',#332,#5752,#5753);
#5755=PLANE('NONE',#5754);
#5756=FACE_SURFACE('NONE',(#5751),#5755,.T.);
#5757=POLY_LOOP('NONE',(#992,#331,#330,#993));
#5758=FACE_OUTER_BOUND('NONE',#5757,.T.);
#5759=DIRECTION('NONE',(-0.950091,-0.311973,0));
#5760=DIRECTION('NONE',(0,0,-1));
#5761=AXIS2_PLACEMENT_3D('NONE',#992,#5759,#5760);
#5762=PLANE('NONE',#5761);
#5763=FACE_SURFACE('NONE',(#5758),#5762,.T.);
#5764=POLY_LOOP('NONE',(#716,#1349,#1348,#717));
#5765=FACE_OUTER_BOUND('NONE',#5764,.T.);
#5766=DIRECTION('NONE',(-0.027752,-0.999615,0));
#5767=DIRECTION('NONE',(0,0,1));
#5768=AXIS2_PLACEMENT_3D('NONE',#716,#5766,#5767);
#5769=PLANE('NONE',#5768);
#5770=FACE_SURFACE('NONE',(#5765),#5769,.T.);
#5771=POLY_LOOP('NONE',(#1349,#716,#715,#1350));
#5772=FACE_OUTER_BOUND('NONE',#5771,.T.);
#5773=DIRECTION('NONE',(-0.070207,-0.997532,0));
#5774=DIRECTION('NONE',(0,0,-1));
#5775=AXIS2_PLACEMENT_3D('NONE',#1349,#5773,#5774);
#5776=PLANE('NONE',#5775);
#5777=FACE_SURFACE('NONE',(#5772),#5776,.T.);
#5778=POLY_LOOP('NONE',(#425,#1163,#1162,#426));
#5779=FACE_OUTER_BOUND('NONE',#5778,.T.);
#5780=DIRECTION('NONE',(-0.91841,-0.395629,0));
#5781=DIRECTION('NONE',(0,0,1));
#5782=AXIS2_PLACEMENT_3D('NONE',#425,#5780,#5781);
#5783=PLANE('NONE',#5782);
#5784=FACE_SURFACE('NONE',(#5779),#5783,.T.);
#5785=POLY_LOOP('NONE',(#714,#1351,#1350,#715));
#5786=FACE_OUTER_BOUND('NONE',#5785,.T.);
#5787=DIRECTION('NONE',(-0.125793,-0.992057,0));
#5788=DIRECTION('NONE',(0,0,1));
#5789=AXIS2_PLACEMENT_3D('NONE',#714,#5787,#5788);
#5790=PLANE('NONE',#5789);
#5791=FACE_SURFACE('NONE',(#5786),#5790,.T.);
#5792=POLY_LOOP('NONE',(#713,#1352,#1351,#714));
#5793=FACE_OUTER_BOUND('NONE',#5792,.T.);
#5794=DIRECTION('NONE',(-0.168979,-0.98562,0));
#5795=DIRECTION('NONE',(0,0,1));
#5796=AXIS2_PLACEMENT_3D('NONE',#713,#5794,#5795);
#5797=PLANE('NONE',#5796);
#5798=FACE_SURFACE('NONE',(#5793),#5797,.T.);
#5799=POLY_LOOP('NONE',(#1163,#425,#424,#1164));
#5800=FACE_OUTER_BOUND('NONE',#5799,.T.);
#5801=DIRECTION('NONE',(-0.932263,-0.36178,0));
#5802=DIRECTION('NONE',(0,0,-1));
#5803=AXIS2_PLACEMENT_3D('NONE',#1163,#5801,#5802);
#5804=PLANE('NONE',#5803);
#5805=FACE_SURFACE('NONE',(#5800),#5804,.T.);
#5806=POLY_LOOP('NONE',(#576,#1256,#1255,#577));
#5807=FACE_OUTER_BOUND('NONE',#5806,.T.);
#5808=DIRECTION('NONE',(0.366546,-0.9304,0));
#5809=DIRECTION('NONE',(0,0,1));
#5810=AXIS2_PLACEMENT_3D('NONE',#576,#5808,#5809);
#5811=PLANE('NONE',#5810);
#5812=FACE_SURFACE('NONE',(#5807),#5811,.T.);
#5813=POLY_LOOP('NONE',(#773,#772,#951,#950));
#5814=FACE_OUTER_BOUND('NONE',#5813,.T.);
#5815=DIRECTION('NONE',(1,0,0));
#5816=DIRECTION('NONE',(0,-1,0));
#5817=AXIS2_PLACEMENT_3D('NONE',#773,#5815,#5816);
#5818=PLANE('NONE',#5817);
#5819=FACE_SURFACE('NONE',(#5814),#5818,.T.);
#5820=POLY_LOOP('NONE',(#1256,#576,#575,#1257));
#5821=FACE_OUTER_BOUND('NONE',#5820,.T.);
#5822=DIRECTION('NONE',(0.307857,-0.951433,0));
#5823=DIRECTION('NONE',(0,0,-1));
#5824=AXIS2_PLACEMENT_3D('NONE',#1256,#5822,#5823);
#5825=PLANE('NONE',#5824);
#5826=FACE_SURFACE('NONE',(#5821),#5825,.T.);
#5827=POLY_LOOP('NONE',(#1352,#713,#712,#1353));
#5828=FACE_OUTER_BOUND('NONE',#5827,.T.);
#5829=DIRECTION('NONE',(-0.225874,-0.974156,0));
#5830=DIRECTION('NONE',(0,0,-1));
#5831=AXIS2_PLACEMENT_3D('NONE',#1352,#5829,#5830);
#5832=PLANE('NONE',#5831);
#5833=FACE_SURFACE('NONE',(#5828),#5832,.T.);
#5834=POLY_LOOP('NONE',(#772,#771,#952,#951));
#5835=FACE_OUTER_BOUND('NONE',#5834,.T.);
#5836=DIRECTION('NONE',(0,1,0));
#5837=DIRECTION('NONE',(1,0,0));
#5838=AXIS2_PLACEMENT_3D('NONE',#772,#5836,#5837);
#5839=PLANE('NONE',#5838);
#5840=FACE_SURFACE('NONE',(#5835),#5839,.T.);
#5841=POLY_LOOP('NONE',(#1338,#727,#726,#1339));
#5842=FACE_OUTER_BOUND('NONE',#5841,.T.);
#5843=DIRECTION('NONE',(0.452841,-0.891591,0));
#5844=DIRECTION('NONE',(0,0,-1));
#5845=AXIS2_PLACEMENT_3D('NONE',#1338,#5843,#5844);
#5846=PLANE('NONE',#5845);
#5847=FACE_SURFACE('NONE',(#5842),#5846,.T.);
#5848=POLY_LOOP('NONE',(#1339,#726,#725,#1340));
#5849=FACE_OUTER_BOUND('NONE',#5848,.T.);
#5850=DIRECTION('NONE',(0.402276,-0.915519,0));
#5851=DIRECTION('NONE',(0,0,-1));
#5852=AXIS2_PLACEMENT_3D('NONE',#1339,#5850,#5851);
#5853=PLANE('NONE',#5852);
#5854=FACE_SURFACE('NONE',(#5849),#5853,.T.);
#5855=POLY_LOOP('NONE',(#1178,#410,#409,#1179));
#5856=FACE_OUTER_BOUND('NONE',#5855,.T.);
#5857=DIRECTION('NONE',(-0.932256,0.361798,0));
#5858=DIRECTION('NONE',(0,0,-1));
#5859=AXIS2_PLACEMENT_3D('NONE',#1178,#5857,#5858);
#5860=PLANE('NONE',#5859);
#5861=FACE_SURFACE('NONE',(#5856),#5860,.T.);
#5862=POLY_LOOP('NONE',(#409,#408,#1180,#1179));
#5863=FACE_OUTER_BOUND('NONE',#5862,.T.);
#5864=DIRECTION('NONE',(-0.918419,0.39561,0));
#5865=DIRECTION('NONE',(-0.39561,-0.918419,0));
#5866=AXIS2_PLACEMENT_3D('NONE',#409,#5864,#5865);
#5867=PLANE('NONE',#5866);
#5868=FACE_SURFACE('NONE',(#5863),#5867,.T.);
#5869=POLY_LOOP('NONE',(#1180,#408,#407,#1181));
#5870=FACE_OUTER_BOUND('NONE',#5869,.T.);
#5871=DIRECTION('NONE',(-0.888795,0.458304,0));
#5872=DIRECTION('NONE',(0,0,-1));
#5873=AXIS2_PLACEMENT_3D('NONE',#1180,#5871,#5872);
#5874=PLANE('NONE',#5873);
#5875=FACE_SURFACE('NONE',(#5870),#5874,.T.);
#5876=POLY_LOOP('NONE',(#1343,#722,#721,#1344));
#5877=FACE_OUTER_BOUND('NONE',#5876,.T.);
#5878=DIRECTION('NONE',(0.225874,-0.974156,0));
#5879=DIRECTION('NONE',(0,0,-1));
#5880=AXIS2_PLACEMENT_3D('NONE',#1343,#5878,#5879);
#5881=PLANE('NONE',#5880);
#5882=FACE_SURFACE('NONE',(#5877),#5881,.T.);
#5883=POLY_LOOP('NONE',(#721,#720,#1345,#1344));
#5884=FACE_OUTER_BOUND('NONE',#5883,.T.);
#5885=DIRECTION('NONE',(0.168979,-0.98562,0));
#5886=DIRECTION('NONE',(0.98562,0.168979,0));
#5887=AXIS2_PLACEMENT_3D('NONE',#721,#5885,#5886);
#5888=PLANE('NONE',#5887);
#5889=FACE_SURFACE('NONE',(#5884),#5888,.T.);
#5890=POLY_LOOP('NONE',(#720,#719,#1346,#1345));
#5891=FACE_OUTER_BOUND('NONE',#5890,.T.);
#5892=DIRECTION('NONE',(0.125786,-0.992057,0));
#5893=DIRECTION('NONE',(0.992057,0.125786,0));
#5894=AXIS2_PLACEMENT_3D('NONE',#720,#5892,#5893);
#5895=PLANE('NONE',#5894);
#5896=FACE_SURFACE('NONE',(#5891),#5895,.T.);
#5897=POLY_LOOP('NONE',(#1184,#1183,#405,#404));
#5898=FACE_OUTER_BOUND('NONE',#5897,.T.);
#5899=DIRECTION('NONE',(-0.816587,0.577223,0));
#5900=DIRECTION('NONE',(0.577223,0.816587,0));
#5901=AXIS2_PLACEMENT_3D('NONE',#1184,#5899,#5900);
#5902=PLANE('NONE',#5901);
#5903=FACE_SURFACE('NONE',(#5898),#5902,.T.);
#5904=POLY_LOOP('NONE',(#567,#566,#1266,#1265));
#5905=FACE_OUTER_BOUND('NONE',#5904,.T.);
#5906=DIRECTION('NONE',(-0.125786,-0.992057,0));
#5907=DIRECTION('NONE',(0.992057,-0.125786,0));
#5908=AXIS2_PLACEMENT_3D('NONE',#567,#5906,#5907);
#5909=PLANE('NONE',#5908);
#5910=FACE_SURFACE('NONE',(#5905),#5909,.T.);
#5911=POLY_LOOP('NONE',(#1184,#404,#403,#1185));
#5912=FACE_OUTER_BOUND('NONE',#5911,.T.);
#5913=DIRECTION('NONE',(-0.786326,0.617812,0));
#5914=DIRECTION('NONE',(0,0,-1));
#5915=AXIS2_PLACEMENT_3D('NONE',#1184,#5913,#5914);
#5916=PLANE('NONE',#5915);
#5917=FACE_SURFACE('NONE',(#5912),#5916,.T.);
#5918=POLY_LOOP('NONE',(#1346,#719,#718,#1347));
#5919=FACE_OUTER_BOUND('NONE',#5918,.T.);
#5920=DIRECTION('NONE',(0.070211,-0.997532,0));
#5921=DIRECTION('NONE',(0,0,-1));
#5922=AXIS2_PLACEMENT_3D('NONE',#1346,#5920,#5921);
#5923=PLANE('NONE',#5922);
#5924=FACE_SURFACE('NONE',(#5919),#5923,.T.);
#5925=POLY_LOOP('NONE',(#717,#1348,#1347,#718));
#5926=FACE_OUTER_BOUND('NONE',#5925,.T.);
#5927=DIRECTION('NONE',(0.028143,-0.999604,0));
#5928=DIRECTION('NONE',(0,0,1));
#5929=AXIS2_PLACEMENT_3D('NONE',#717,#5927,#5928);
#5930=PLANE('NONE',#5929);
#5931=FACE_SURFACE('NONE',(#5926),#5930,.T.);
#5932=POLY_LOOP('NONE',(#1153,#435,#434,#1154));
#5933=FACE_OUTER_BOUND('NONE',#5932,.T.);
#5934=DIRECTION('NONE',(-0.656552,-0.754281,0));
#5935=DIRECTION('NONE',(0,0,-1));
#5936=AXIS2_PLACEMENT_3D('NONE',#1153,#5934,#5935);
#5937=PLANE('NONE',#5936);
#5938=FACE_SURFACE('NONE',(#5933),#5937,.T.);
#5939=POLY_LOOP('NONE',(#1154,#434,#433,#1155));
#5940=FACE_OUTER_BOUND('NONE',#5939,.T.);
#5941=DIRECTION('NONE',(-0.685786,-0.727803,0));
#5942=DIRECTION('NONE',(0,0,-1));
#5943=AXIS2_PLACEMENT_3D('NONE',#1154,#5941,#5942);
#5944=PLANE('NONE',#5943);
#5945=FACE_SURFACE('NONE',(#5940),#5944,.T.);
#5946=POLY_LOOP('NONE',(#1156,#1155,#433,#432));
#5947=FACE_OUTER_BOUND('NONE',#5946,.T.);
#5948=DIRECTION('NONE',(-0.727803,-0.685786,0));
#5949=DIRECTION('NONE',(-0.685786,0.727803,0));
#5950=AXIS2_PLACEMENT_3D('NONE',#1156,#5948,#5949);
#5951=PLANE('NONE',#5950);
#5952=FACE_SURFACE('NONE',(#5947),#5951,.T.);
#5953=POLY_LOOP('NONE',(#1156,#432,#431,#1157));
#5954=FACE_OUTER_BOUND('NONE',#5953,.T.);
#5955=DIRECTION('NONE',(-0.761216,-0.648499,0));
#5956=DIRECTION('NONE',(0,0,-1));
#5957=AXIS2_PLACEMENT_3D('NONE',#1156,#5955,#5956);
#5958=PLANE('NONE',#5957);
#5959=FACE_SURFACE('NONE',(#5954),#5958,.T.);
#5960=POLY_LOOP('NONE',(#430,#1158,#1157,#431));
#5961=FACE_OUTER_BOUND('NONE',#5960,.T.);
#5962=DIRECTION('NONE',(-0.786346,-0.617786,0));
#5963=DIRECTION('NONE',(0,0,1));
#5964=AXIS2_PLACEMENT_3D('NONE',#430,#5962,#5963);
#5965=PLANE('NONE',#5964);
#5966=FACE_SURFACE('NONE',(#5961),#5965,.T.);
#5967=POLY_LOOP('NONE',(#1354,#1353,#712,#711));
#5968=FACE_OUTER_BOUND('NONE',#5967,.T.);
#5969=DIRECTION('NONE',(-0.265444,-0.964126,0));
#5970=DIRECTION('NONE',(-0.964126,0.265444,0));
#5971=AXIS2_PLACEMENT_3D('NONE',#1354,#5969,#5970);
#5972=PLANE('NONE',#5971);
#5973=FACE_SURFACE('NONE',(#5968),#5972,.T.);
#5974=POLY_LOOP('NONE',(#429,#1159,#1158,#430));
#5975=FACE_OUTER_BOUND('NONE',#5974,.T.);
#5976=DIRECTION('NONE',(-0.816569,-0.577248,0));
#5977=DIRECTION('NONE',(0,0,1));
#5978=AXIS2_PLACEMENT_3D('NONE',#429,#5976,#5977);
#5979=PLANE('NONE',#5978);
#5980=FACE_SURFACE('NONE',(#5975),#5979,.T.);
#5981=POLY_LOOP('NONE',(#710,#1355,#1354,#711));
#5982=FACE_OUTER_BOUND('NONE',#5981,.T.);
#5983=DIRECTION('NONE',(-0.307857,-0.951433,0));
#5984=DIRECTION('NONE',(0,0,1));
#5985=AXIS2_PLACEMENT_3D('NONE',#710,#5983,#5984);
#5986=PLANE('NONE',#5985);
#5987=FACE_SURFACE('NONE',(#5982),#5986,.T.);
#5988=POLY_LOOP('NONE',(#1160,#1159,#429,#428));
#5989=FACE_OUTER_BOUND('NONE',#5988,.T.);
#5990=DIRECTION('NONE',(-0.844836,-0.535025,0));
#5991=DIRECTION('NONE',(-0.535025,0.844836,0));
#5992=AXIS2_PLACEMENT_3D('NONE',#1160,#5990,#5991);
#5993=PLANE('NONE',#5992);
#5994=FACE_SURFACE('NONE',(#5989),#5993,.T.);
#5995=POLY_LOOP('NONE',(#981,#342,#341,#982));
#5996=FACE_OUTER_BOUND('NONE',#5995,.T.);
#5997=DIRECTION('NONE',(-0.656526,-0.754304,0));
#5998=DIRECTION('NONE',(0,0,-1));
#5999=AXIS2_PLACEMENT_3D('NONE',#981,#5997,#5998);
#6000=PLANE('NONE',#5999);
#6001=FACE_SURFACE('NONE',(#5996),#6000,.T.);
#6002=POLY_LOOP('NONE',(#1160,#428,#427,#1161));
#6003=FACE_OUTER_BOUND('NONE',#6002,.T.);
#6004=DIRECTION('NONE',(-0.870813,-0.491614,0));
#6005=DIRECTION('NONE',(0,0,-1));
#6006=AXIS2_PLACEMENT_3D('NONE',#1160,#6004,#6005);
#6007=PLANE('NONE',#6006);
#6008=FACE_SURFACE('NONE',(#6003),#6007,.T.);
#6009=POLY_LOOP('NONE',(#426,#1162,#1161,#427));
#6010=FACE_OUTER_BOUND('NONE',#6009,.T.);
#6011=DIRECTION('NONE',(-0.888807,-0.458283,0));
#6012=DIRECTION('NONE',(0,0,1));
#6013=AXIS2_PLACEMENT_3D('NONE',#426,#6011,#6012);
#6014=PLANE('NONE',#6013);
#6015=FACE_SURFACE('NONE',(#6010),#6014,.T.);
#6016=POLY_LOOP('NONE',(#588,#1244,#1243,#589));
#6017=FACE_OUTER_BOUND('NONE',#6016,.T.);
#6018=DIRECTION('NONE',(0.816569,-0.577248,0));
#6019=DIRECTION('NONE',(0,0,1));
#6020=AXIS2_PLACEMENT_3D('NONE',#588,#6018,#6019);
#6021=PLANE('NONE',#6020);
#6022=FACE_SURFACE('NONE',(#6017),#6021,.T.);
#6023=POLY_LOOP('NONE',(#1165,#1164,#424,#423));
#6024=FACE_OUTER_BOUND('NONE',#6023,.T.);
#6025=DIRECTION('NONE',(-0.950091,-0.311973,0));
#6026=DIRECTION('NONE',(-0.311973,0.950091,0));
#6027=AXIS2_PLACEMENT_3D('NONE',#1165,#6025,#6026);
#6028=PLANE('NONE',#6027);
#6029=FACE_SURFACE('NONE',(#6024),#6028,.T.);
#6030=POLY_LOOP('NONE',(#588,#587,#1245,#1244));
#6031=FACE_OUTER_BOUND('NONE',#6030,.T.);
#6032=DIRECTION('NONE',(0.786326,-0.617812,0));
#6033=DIRECTION('NONE',(0.617812,0.786326,0));
#6034=AXIS2_PLACEMENT_3D('NONE',#588,#6032,#6033);
#6035=PLANE('NONE',#6034);
#6036=FACE_SURFACE('NONE',(#6031),#6035,.T.);
#6037=POLY_LOOP('NONE',(#422,#1166,#1165,#423));
#6038=FACE_OUTER_BOUND('NONE',#6037,.T.);
#6039=DIRECTION('NONE',(-0.964113,-0.265493,0));
#6040=DIRECTION('NONE',(0,0,1));
#6041=AXIS2_PLACEMENT_3D('NONE',#422,#6039,#6040);
#6042=PLANE('NONE',#6041);
#6043=FACE_SURFACE('NONE',(#6038),#6042,.T.);
#6044=POLY_LOOP('NONE',(#420,#1168,#1167,#421));
#6045=FACE_OUTER_BOUND('NONE',#6044,.T.);
#6046=DIRECTION('NONE',(-0.98562,-0.168979,0));
#6047=DIRECTION('NONE',(0,0,1));
#6048=AXIS2_PLACEMENT_3D('NONE',#420,#6046,#6047);
#6049=PLANE('NONE',#6048);
#6050=FACE_SURFACE('NONE',(#6045),#6049,.T.);
#6051=POLY_LOOP('NONE',(#1168,#420,#419,#1169));
#6052=FACE_OUTER_BOUND('NONE',#6051,.T.);
#6053=DIRECTION('NONE',(-0.992064,-0.125734,0));
#6054=DIRECTION('NONE',(0,0,-1));
#6055=AXIS2_PLACEMENT_3D('NONE',#1168,#6053,#6054);
#6056=PLANE('NONE',#6055);
#6057=FACE_SURFACE('NONE',(#6052),#6056,.T.);
#6058=POLY_LOOP('NONE',(#318,#317,#1006,#1005));
#6059=FACE_OUTER_BOUND('NONE',#6058,.T.);
#6060=DIRECTION('NONE',(-0.950096,0.311957,0));
#6061=DIRECTION('NONE',(-0.311957,-0.950096,0));
#6062=AXIS2_PLACEMENT_3D('NONE',#318,#6060,#6061);
#6063=PLANE('NONE',#6062);
#6064=FACE_SURFACE('NONE',(#6059),#6063,.T.);
#6065=POLY_LOOP('NONE',(#418,#1170,#1169,#419));
#6066=FACE_OUTER_BOUND('NONE',#6065,.T.);
#6067=DIRECTION('NONE',(-0.997528,-0.070264,0));
#6068=DIRECTION('NONE',(0,0,1));
#6069=AXIS2_PLACEMENT_3D('NONE',#418,#6067,#6068);
#6070=PLANE('NONE',#6069);
#6071=FACE_SURFACE('NONE',(#6066),#6070,.T.);
#6072=POLY_LOOP('NONE',(#864,#863,#148,#191));
#6073=FACE_OUTER_BOUND('NONE',#6072,.T.);
#6074=DIRECTION('NONE',(0.227646,-0.973744,0));
#6075=DIRECTION('NONE',(-0.973744,-0.227646,0));
#6076=AXIS2_PLACEMENT_3D('NONE',#864,#6074,#6075);
#6077=PLANE('NONE',#6076);
#6078=FACE_SURFACE('NONE',(#6073),#6077,.T.);
#6079=POLY_LOOP('NONE',(#1170,#418,#417,#1171));
#6080=FACE_OUTER_BOUND('NONE',#6079,.T.);
#6081=DIRECTION('NONE',(-0.999604,-0.028143,0));
#6082=DIRECTION('NONE',(0,0,-1));
#6083=AXIS2_PLACEMENT_3D('NONE',#1170,#6081,#6082);
#6084=PLANE('NONE',#6083);
#6085=FACE_SURFACE('NONE',(#6080),#6084,.T.);
#6086=POLY_LOOP('NONE',(#865,#864,#191,#190));
#6087=FACE_OUTER_BOUND('NONE',#6086,.T.);
#6088=DIRECTION('NONE',(0.086099,-0.996287,0));
#6089=DIRECTION('NONE',(-0.996287,-0.086099,0));
#6090=AXIS2_PLACEMENT_3D('NONE',#865,#6088,#6089);
#6091=PLANE('NONE',#6090);
#6092=FACE_SURFACE('NONE',(#6087),#6091,.T.);
#6093=POLY_LOOP('NONE',(#416,#1172,#1171,#417));
#6094=FACE_OUTER_BOUND('NONE',#6093,.T.);
#6095=DIRECTION('NONE',(-0.999604,0.028143,0));
#6096=DIRECTION('NONE',(0,0,1));
#6097=AXIS2_PLACEMENT_3D('NONE',#416,#6095,#6096);
#6098=PLANE('NONE',#6097);
#6099=FACE_SURFACE('NONE',(#6094),#6098,.T.);
#6100=POLY_LOOP('NONE',(#1172,#416,#415,#1173));
#6101=FACE_OUTER_BOUND('NONE',#6100,.T.);
#6102=DIRECTION('NONE',(-0.997529,0.070261,0));
#6103=DIRECTION('NONE',(0,0,-1));
#6104=AXIS2_PLACEMENT_3D('NONE',#1172,#6102,#6103);
#6105=PLANE('NONE',#6104);
#6106=FACE_SURFACE('NONE',(#6101),#6105,.T.);
#6107=POLY_LOOP('NONE',(#579,#1253,#1252,#580));
#6108=FACE_OUTER_BOUND('NONE',#6107,.T.);
#6109=DIRECTION('NONE',(0.491632,-0.870803,0));
#6110=DIRECTION('NONE',(0,0,1));
#6111=AXIS2_PLACEMENT_3D('NONE',#579,#6109,#6110);
#6112=PLANE('NONE',#6111);
#6113=FACE_SURFACE('NONE',(#6108),#6112,.T.);
#6114=POLY_LOOP('NONE',(#414,#1174,#1173,#415));
#6115=FACE_OUTER_BOUND('NONE',#6114,.T.);
#6116=DIRECTION('NONE',(-0.992063,0.12574,0));
#6117=DIRECTION('NONE',(0,0,1));
#6118=AXIS2_PLACEMENT_3D('NONE',#414,#6116,#6117);
#6119=PLANE('NONE',#6118);
#6120=FACE_SURFACE('NONE',(#6115),#6119,.T.);
#6121=POLY_LOOP('NONE',(#1253,#579,#578,#1254));
#6122=FACE_OUTER_BOUND('NONE',#6121,.T.);
#6123=DIRECTION('NONE',(0.452841,-0.891591,0));
#6124=DIRECTION('NONE',(0,0,-1));
#6125=AXIS2_PLACEMENT_3D('NONE',#1253,#6123,#6124);
#6126=PLANE('NONE',#6125);
#6127=FACE_SURFACE('NONE',(#6122),#6126,.T.);
#6128=POLY_LOOP('NONE',(#920,#919,#223,#222));
#6129=FACE_OUTER_BOUND('NONE',#6128,.T.);
#6130=DIRECTION('NONE',(-0.227649,-0.973743,0));
#6131=DIRECTION('NONE',(-0.973743,0.227649,0));
#6132=AXIS2_PLACEMENT_3D('NONE',#920,#6130,#6131);
#6133=PLANE('NONE',#6132);
#6134=FACE_SURFACE('NONE',(#6129),#6133,.T.);
#6135=POLY_LOOP('NONE',(#1174,#414,#413,#1175));
#6136=FACE_OUTER_BOUND('NONE',#6135,.T.);
#6137=DIRECTION('NONE',(-0.98562,0.168979,0));
#6138=DIRECTION('NONE',(0,0,-1));
#6139=AXIS2_PLACEMENT_3D('NONE',#1174,#6137,#6138);
#6140=PLANE('NONE',#6139);
#6141=FACE_SURFACE('NONE',(#6136),#6140,.T.);
#6142=POLY_LOOP('NONE',(#412,#1176,#1175,#413));
#6143=FACE_OUTER_BOUND('NONE',#6142,.T.);
#6144=DIRECTION('NONE',(-0.974862,0.22281,0));
#6145=DIRECTION('NONE',(0,0,1));
#6146=AXIS2_PLACEMENT_3D('NONE',#412,#6144,#6145);
#6147=PLANE('NONE',#6146);
#6148=FACE_SURFACE('NONE',(#6143),#6147,.T.);
#6149=POLY_LOOP('NONE',(#921,#920,#222,#221));
#6150=FACE_OUTER_BOUND('NONE',#6149,.T.);
#6151=DIRECTION('NONE',(-0.395446,-0.918489,0));
#6152=DIRECTION('NONE',(-0.918489,0.395446,0));
#6153=AXIS2_PLACEMENT_3D('NONE',#921,#6151,#6152);
#6154=PLANE('NONE',#6153);
#6155=FACE_SURFACE('NONE',(#6150),#6154,.T.);
#6156=POLY_LOOP('NONE',(#411,#1177,#1176,#412));
#6157=FACE_OUTER_BOUND('NONE',#6156,.T.);
#6158=DIRECTION('NONE',(-0.964113,0.265493,0));
#6159=DIRECTION('NONE',(0,0,1));
#6160=AXIS2_PLACEMENT_3D('NONE',#411,#6158,#6159);
#6161=PLANE('NONE',#6160);
#6162=FACE_SURFACE('NONE',(#6157),#6161,.T.);
#6163=POLY_LOOP('NONE',(#922,#921,#221,#220));
#6164=FACE_OUTER_BOUND('NONE',#6163,.T.);
#6165=DIRECTION('NONE',(-0.524103,-0.851655,0));
#6166=DIRECTION('NONE',(-0.851655,0.524103,0));
#6167=AXIS2_PLACEMENT_3D('NONE',#922,#6165,#6166);
#6168=PLANE('NONE',#6167);
#6169=FACE_SURFACE('NONE',(#6164),#6168,.T.);
#6170=POLY_LOOP('NONE',(#998,#997,#326,#325));
#6171=FACE_OUTER_BOUND('NONE',#6170,.T.);
#6172=DIRECTION('NONE',(-0.997532,-0.070211,0));
#6173=DIRECTION('NONE',(-0.070211,0.997532,0));
#6174=AXIS2_PLACEMENT_3D('NONE',#998,#6172,#6173);
#6175=PLANE('NONE',#6174);
#6176=FACE_SURFACE('NONE',(#6171),#6175,.T.);
#6177=POLY_LOOP('NONE',(#591,#1241,#1240,#592));
#6178=FACE_OUTER_BOUND('NONE',#6177,.T.);
#6179=DIRECTION('NONE',(0.888828,-0.458241,0));
#6180=DIRECTION('NONE',(0,0,1));
#6181=AXIS2_PLACEMENT_3D('NONE',#591,#6179,#6180);
#6182=PLANE('NONE',#6181);
#6183=FACE_SURFACE('NONE',(#6178),#6182,.T.);
#6184=POLY_LOOP('NONE',(#463,#462,#1126,#1125));
#6185=FACE_OUTER_BOUND('NONE',#6184,.T.);
#6186=DIRECTION('NONE',(0.617812,-0.786326,0));
#6187=DIRECTION('NONE',(0.786326,0.617812,0));
#6188=AXIS2_PLACEMENT_3D('NONE',#463,#6186,#6187);
#6189=PLANE('NONE',#6188);
#6190=FACE_SURFACE('NONE',(#6185),#6189,.T.);
#6191=POLY_LOOP('NONE',(#923,#922,#220,#219));
#6192=FACE_OUTER_BOUND('NONE',#6191,.T.);
#6193=DIRECTION('NONE',(-0.646516,-0.762901,0));
#6194=DIRECTION('NONE',(-0.762901,0.646516,0));
#6195=AXIS2_PLACEMENT_3D('NONE',#923,#6193,#6194);
#6196=PLANE('NONE',#6195);
#6197=FACE_SURFACE('NONE',(#6192),#6196,.T.);
#6198=POLY_LOOP('NONE',(#1241,#591,#590,#1242));
#6199=FACE_OUTER_BOUND('NONE',#6198,.T.);
#6200=DIRECTION('NONE',(0.870813,-0.491614,0));
#6201=DIRECTION('NONE',(0,0,-1));
#6202=AXIS2_PLACEMENT_3D('NONE',#1241,#6200,#6201);
#6203=PLANE('NONE',#6202);
#6204=FACE_SURFACE('NONE',(#6199),#6203,.T.);
#6205=POLY_LOOP('NONE',(#1127,#461,#460,#1128));
#6206=FACE_OUTER_BOUND('NONE',#6205,.T.);
#6207=DIRECTION('NONE',(0.535025,-0.844836,0));
#6208=DIRECTION('NONE',(0,0,-1));
#6209=AXIS2_PLACEMENT_3D('NONE',#1127,#6207,#6208);
#6210=PLANE('NONE',#6209);
#6211=FACE_SURFACE('NONE',(#6206),#6210,.T.);
#6212=POLY_LOOP('NONE',(#924,#923,#219,#218));
#6213=FACE_OUTER_BOUND('NONE',#6212,.T.);
#6214=DIRECTION('NONE',(-0.762899,-0.646518,0));
#6215=DIRECTION('NONE',(-0.646518,0.762899,0));
#6216=AXIS2_PLACEMENT_3D('NONE',#924,#6214,#6215);
#6217=PLANE('NONE',#6216);
#6218=FACE_SURFACE('NONE',(#6213),#6217,.T.);
#6219=POLY_LOOP('NONE',(#1242,#590,#589,#1243));
#6220=FACE_OUTER_BOUND('NONE',#6219,.T.);
#6221=DIRECTION('NONE',(0.844827,-0.535039,0));
#6222=DIRECTION('NONE',(0,0,-1));
#6223=AXIS2_PLACEMENT_3D('NONE',#1242,#6221,#6222);
#6224=PLANE('NONE',#6223);
#6225=FACE_SURFACE('NONE',(#6220),#6224,.T.);
#6226=POLY_LOOP('NONE',(#459,#1129,#1128,#460));
#6227=FACE_OUTER_BOUND('NONE',#6226,.T.);
#6228=DIRECTION('NONE',(0.491614,-0.870813,0));
#6229=DIRECTION('NONE',(0,0,1));
#6230=AXIS2_PLACEMENT_3D('NONE',#459,#6228,#6229);
#6231=PLANE('NONE',#6230);
#6232=FACE_SURFACE('NONE',(#6227),#6231,.T.);
#6233=POLY_LOOP('NONE',(#322,#1001,#1000,#323));
#6234=FACE_OUTER_BOUND('NONE',#6233,.T.);
#6235=DIRECTION('NONE',(-0.997532,0.070207,0));
#6236=DIRECTION('NONE',(0,0,1));
#6237=AXIS2_PLACEMENT_3D('NONE',#322,#6235,#6236);
#6238=PLANE('NONE',#6237);
#6239=FACE_SURFACE('NONE',(#6234),#6238,.T.);
#6240=POLY_LOOP('NONE',(#925,#924,#218,#217));
#6241=FACE_OUTER_BOUND('NONE',#6240,.T.);
#6242=DIRECTION('NONE',(-0.851659,-0.524096,0));
#6243=DIRECTION('NONE',(-0.524096,0.851659,0));
#6244=AXIS2_PLACEMENT_3D('NONE',#925,#6242,#6243);
#6245=PLANE('NONE',#6244);
#6246=FACE_SURFACE('NONE',(#6241),#6245,.T.);
#6247=POLY_LOOP('NONE',(#322,#321,#1002,#1001));
#6248=FACE_OUTER_BOUND('NONE',#6247,.T.);
#6249=DIRECTION('NONE',(-0.992057,0.125793,0));
#6250=DIRECTION('NONE',(-0.125793,-0.992057,0));
#6251=AXIS2_PLACEMENT_3D('NONE',#322,#6249,#6250);
#6252=PLANE('NONE',#6251);
#6253=FACE_SURFACE('NONE',(#6248),#6252,.T.);
#6254=POLY_LOOP('NONE',(#459,#458,#1130,#1129));
#6255=FACE_OUTER_BOUND('NONE',#6254,.T.);
#6256=DIRECTION('NONE',(0.452862,-0.891581,0));
#6257=DIRECTION('NONE',(0.891581,0.452862,0));
#6258=AXIS2_PLACEMENT_3D('NONE',#459,#6256,#6257);
#6259=PLANE('NONE',#6258);
#6260=FACE_SURFACE('NONE',(#6255),#6259,.T.);
#6261=POLY_LOOP('NONE',(#926,#925,#217,#216));
#6262=FACE_OUTER_BOUND('NONE',#6261,.T.);
#6263=DIRECTION('NONE',(-0.918488,-0.395449,0));
#6264=DIRECTION('NONE',(-0.395449,0.918488,0));
#6265=AXIS2_PLACEMENT_3D('NONE',#926,#6263,#6264);
#6266=PLANE('NONE',#6265);
#6267=FACE_SURFACE('NONE',(#6262),#6266,.T.);
#6268=POLY_LOOP('NONE',(#587,#586,#1246,#1245));
#6269=FACE_OUTER_BOUND('NONE',#6268,.T.);
#6270=DIRECTION('NONE',(0.761238,-0.648472,0));
#6271=DIRECTION('NONE',(0.648472,0.761238,0));
#6272=AXIS2_PLACEMENT_3D('NONE',#587,#6270,#6271);
#6273=PLANE('NONE',#6272);
#6274=FACE_SURFACE('NONE',(#6269),#6273,.T.);
#6275=POLY_LOOP('NONE',(#707,#1358,#1357,#708));
#6276=FACE_OUTER_BOUND('NONE',#6275,.T.);
#6277=DIRECTION('NONE',(-0.452841,-0.891591,0));
#6278=DIRECTION('NONE',(0,0,1));
#6279=AXIS2_PLACEMENT_3D('NONE',#707,#6277,#6278);
#6280=PLANE('NONE',#6279);
#6281=FACE_SURFACE('NONE',(#6276),#6280,.T.);
#6282=POLY_LOOP('NONE',(#1247,#1246,#586,#585));
#6283=FACE_OUTER_BOUND('NONE',#6282,.T.);
#6284=DIRECTION('NONE',(0.727803,-0.685786,0));
#6285=DIRECTION('NONE',(-0.685786,-0.727803,0));
#6286=AXIS2_PLACEMENT_3D('NONE',#1247,#6284,#6285);
#6287=PLANE('NONE',#6286);
#6288=FACE_SURFACE('NONE',(#6283),#6287,.T.);
#6289=POLY_LOOP('NONE',(#1358,#707,#706,#1359));
#6290=FACE_OUTER_BOUND('NONE',#6289,.T.);
#6291=DIRECTION('NONE',(-0.491632,-0.870803,0));
#6292=DIRECTION('NONE',(0,0,-1));
#6293=AXIS2_PLACEMENT_3D('NONE',#1358,#6291,#6292);
#6294=PLANE('NONE',#6293);
#6295=FACE_SURFACE('NONE',(#6290),#6294,.T.);
#6296=POLY_LOOP('NONE',(#1359,#706,#705,#1360));
#6297=FACE_OUTER_BOUND('NONE',#6296,.T.);
#6298=DIRECTION('NONE',(-0.535011,-0.844845,0));
#6299=DIRECTION('NONE',(0,0,-1));
#6300=AXIS2_PLACEMENT_3D('NONE',#1359,#6298,#6299);
#6301=PLANE('NONE',#6300);
#6302=FACE_SURFACE('NONE',(#6297),#6301,.T.);
#6303=POLY_LOOP('NONE',(#1004,#319,#318,#1005));
#6304=FACE_OUTER_BOUND('NONE',#6303,.T.);
#6305=DIRECTION('NONE',(-0.964126,0.265444,0));
#6306=DIRECTION('NONE',(0,0,-1));
#6307=AXIS2_PLACEMENT_3D('NONE',#1004,#6305,#6306);
#6308=PLANE('NONE',#6307);
#6309=FACE_SURFACE('NONE',(#6304),#6308,.T.);
#6310=POLY_LOOP('NONE',(#582,#1250,#1249,#583));
#6311=FACE_OUTER_BOUND('NONE',#6310,.T.);
#6312=DIRECTION('NONE',(0.617878,-0.786274,0));
#6313=DIRECTION('NONE',(0,0,1));
#6314=AXIS2_PLACEMENT_3D('NONE',#582,#6312,#6313);
#6315=PLANE('NONE',#6314);
#6316=FACE_SURFACE('NONE',(#6311),#6315,.T.);
#6317=POLY_LOOP('NONE',(#316,#1007,#1006,#317));
#6318=FACE_OUTER_BOUND('NONE',#6317,.T.);
#6319=DIRECTION('NONE',(-0.932256,0.361798,0));
#6320=DIRECTION('NONE',(0,0,1));
#6321=AXIS2_PLACEMENT_3D('NONE',#316,#6319,#6320);
#6322=PLANE('NONE',#6321);
#6323=FACE_SURFACE('NONE',(#6318),#6322,.T.);
#6324=POLY_LOOP('NONE',(#582,#581,#1251,#1250));
#6325=FACE_OUTER_BOUND('NONE',#6324,.T.);
#6326=DIRECTION('NONE',(0.570648,-0.821195,0));
#6327=DIRECTION('NONE',(0.821195,0.570648,0));
#6328=AXIS2_PLACEMENT_3D('NONE',#582,#6326,#6327);
#6329=PLANE('NONE',#6328);
#6330=FACE_SURFACE('NONE',(#6325),#6329,.T.);
#6331=POLY_LOOP('NONE',(#1251,#581,#580,#1252));
#6332=FACE_OUTER_BOUND('NONE',#6331,.T.);
#6333=DIRECTION('NONE',(0.535011,-0.844845,0));
#6334=DIRECTION('NONE',(0,0,-1));
#6335=AXIS2_PLACEMENT_3D('NONE',#1251,#6333,#6334);
#6336=PLANE('NONE',#6335);
#6337=FACE_SURFACE('NONE',(#6332),#6336,.T.);
#6338=POLY_LOOP('NONE',(#313,#1010,#1009,#314));
#6339=FACE_OUTER_BOUND('NONE',#6338,.T.);
#6340=DIRECTION('NONE',(-0.870826,0.491591,0));
#6341=DIRECTION('NONE',(0,0,1));
#6342=AXIS2_PLACEMENT_3D('NONE',#313,#6340,#6341);
#6343=PLANE('NONE',#6342);
#6344=FACE_SURFACE('NONE',(#6339),#6343,.T.);
#6345=POLY_LOOP('NONE',(#1010,#313,#312,#1011));
#6346=FACE_OUTER_BOUND('NONE',#6345,.T.);
#6347=DIRECTION('NONE',(-0.844796,0.535088,0));
#6348=DIRECTION('NONE',(0,0,-1));
#6349=AXIS2_PLACEMENT_3D('NONE',#1010,#6347,#6348);
#6350=PLANE('NONE',#6349);
#6351=FACE_SURFACE('NONE',(#6346),#6350,.T.);
#6352=POLY_LOOP('NONE',(#1365,#1364,#701,#700));
#6353=FACE_OUTER_BOUND('NONE',#6352,.T.);
#6354=DIRECTION('NONE',(-0.727803,-0.685786,0));
#6355=DIRECTION('NONE',(-0.685786,0.727803,0));
#6356=AXIS2_PLACEMENT_3D('NONE',#1365,#6354,#6355);
#6357=PLANE('NONE',#6356);
#6358=FACE_SURFACE('NONE',(#6353),#6357,.T.);
#6359=POLY_LOOP('NONE',(#1012,#1011,#312,#311));
#6360=FACE_OUTER_BOUND('NONE',#6359,.T.);
#6361=DIRECTION('NONE',(-0.816612,0.577187,0));
#6362=DIRECTION('NONE',(0.577187,0.816612,0));
#6363=AXIS2_PLACEMENT_3D('NONE',#1012,#6361,#6362);
#6364=PLANE('NONE',#6363);
#6365=FACE_SURFACE('NONE',(#6360),#6364,.T.);
#6366=POLY_LOOP('NONE',(#1365,#700,#699,#1366));
#6367=FACE_OUTER_BOUND('NONE',#6366,.T.);
#6368=DIRECTION('NONE',(-0.761238,-0.648472,0));
#6369=DIRECTION('NONE',(0,0,-1));
#6370=AXIS2_PLACEMENT_3D('NONE',#1365,#6368,#6369);
#6371=PLANE('NONE',#6370);
#6372=FACE_SURFACE('NONE',(#6367),#6371,.T.);
#6373=POLY_LOOP('NONE',(#698,#697,#1368,#1367));
#6374=FACE_OUTER_BOUND('NONE',#6373,.T.);
#6375=DIRECTION('NONE',(-0.816569,-0.577248,0));
#6376=DIRECTION('NONE',(0.577248,-0.816569,0));
#6377=AXIS2_PLACEMENT_3D('NONE',#698,#6375,#6376);
#6378=PLANE('NONE',#6377);
#6379=FACE_SURFACE('NONE',(#6374),#6378,.T.);
#6380=POLY_LOOP('NONE',(#999,#998,#325,#324));
#6381=FACE_OUTER_BOUND('NONE',#6380,.T.);
#6382=DIRECTION('NONE',(-0.999602,-0.028196,0));
#6383=DIRECTION('NONE',(-0.028196,0.999602,0));
#6384=AXIS2_PLACEMENT_3D('NONE',#999,#6382,#6383);
#6385=PLANE('NONE',#6384);
#6386=FACE_SURFACE('NONE',(#6381),#6385,.T.);
#6387=POLY_LOOP('NONE',(#323,#1000,#999,#324));
#6388=FACE_OUTER_BOUND('NONE',#6387,.T.);
#6389=DIRECTION('NONE',(-0.999602,0.028196,0));
#6390=DIRECTION('NONE',(0,0,1));
#6391=AXIS2_PLACEMENT_3D('NONE',#323,#6389,#6390);
#6392=PLANE('NONE',#6391);
#6393=FACE_SURFACE('NONE',(#6388),#6392,.T.);
#6394=POLY_LOOP('NONE',(#1369,#696,#695,#1370));
#6395=FACE_OUTER_BOUND('NONE',#6394,.T.);
#6396=DIRECTION('NONE',(-0.870813,-0.491614,0));
#6397=DIRECTION('NONE',(0,0,-1));
#6398=AXIS2_PLACEMENT_3D('NONE',#1369,#6396,#6397);
#6399=PLANE('NONE',#6398);
#6400=FACE_SURFACE('NONE',(#6395),#6399,.T.);
#6401=POLY_LOOP('NONE',(#571,#570,#1262,#1261));
#6402=FACE_OUTER_BOUND('NONE',#6401,.T.);
#6403=DIRECTION('NONE',(0.070207,-0.997532,0));
#6404=DIRECTION('NONE',(0.997532,0.070207,0));
#6405=AXIS2_PLACEMENT_3D('NONE',#571,#6403,#6404);
#6406=PLANE('NONE',#6405);
#6407=FACE_SURFACE('NONE',(#6402),#6406,.T.);
#6408=POLY_LOOP('NONE',(#1263,#569,#568,#1264));
#6409=FACE_OUTER_BOUND('NONE',#6408,.T.);
#6410=DIRECTION('NONE',(-0.027752,-0.999615,0));
#6411=DIRECTION('NONE',(0,0,-1));
#6412=AXIS2_PLACEMENT_3D('NONE',#1263,#6410,#6411);
#6413=PLANE('NONE',#6412);
#6414=FACE_SURFACE('NONE',(#6409),#6413,.T.);
#6415=POLY_LOOP('NONE',(#989,#334,#333,#990));
#6416=FACE_OUTER_BOUND('NONE',#6415,.T.);
#6417=DIRECTION('NONE',(-0.888807,-0.458283,0));
#6418=DIRECTION('NONE',(0,0,-1));
#6419=AXIS2_PLACEMENT_3D('NONE',#989,#6417,#6418);
#6420=PLANE('NONE',#6419);
#6421=FACE_SURFACE('NONE',(#6416),#6420,.T.);
#6422=POLY_LOOP('NONE',(#1264,#568,#567,#1265));
#6423=FACE_OUTER_BOUND('NONE',#6422,.T.);
#6424=DIRECTION('NONE',(-0.070211,-0.997532,0));
#6425=DIRECTION('NONE',(0,0,-1));
#6426=AXIS2_PLACEMENT_3D('NONE',#1264,#6424,#6425);
#6427=PLANE('NONE',#6426);
#6428=FACE_SURFACE('NONE',(#6423),#6427,.T.);
#6429=POLY_LOOP('NONE',(#333,#332,#991,#990));
#6430=FACE_OUTER_BOUND('NONE',#6429,.T.);
#6431=DIRECTION('NONE',(-0.91841,-0.395629,0));
#6432=DIRECTION('NONE',(0.395629,-0.91841,0));
#6433=AXIS2_PLACEMENT_3D('NONE',#333,#6431,#6432);
#6434=PLANE('NONE',#6433);
#6435=FACE_SURFACE('NONE',(#6430),#6434,.T.);
#6436=POLY_LOOP('NONE',(#709,#1356,#1355,#710));
#6437=FACE_OUTER_BOUND('NONE',#6436,.T.);
#6438=DIRECTION('NONE',(-0.366546,-0.9304,0));
#6439=DIRECTION('NONE',(0,0,1));
#6440=AXIS2_PLACEMENT_3D('NONE',#709,#6438,#6439);
#6441=PLANE('NONE',#6440);
#6442=FACE_SURFACE('NONE',(#6437),#6441,.T.);
#6443=POLY_LOOP('NONE',(#1266,#566,#565,#1267));
#6444=FACE_OUTER_BOUND('NONE',#6443,.T.);
#6445=DIRECTION('NONE',(-0.168979,-0.98562,0));
#6446=DIRECTION('NONE',(0,0,-1));
#6447=AXIS2_PLACEMENT_3D('NONE',#1266,#6445,#6446);
#6448=PLANE('NONE',#6447);
#6449=FACE_SURFACE('NONE',(#6444),#6448,.T.);
#6450=POLY_LOOP('NONE',(#709,#708,#1357,#1356));
#6451=FACE_OUTER_BOUND('NONE',#6450,.T.);
#6452=DIRECTION('NONE',(-0.402256,-0.915527,0));
#6453=DIRECTION('NONE',(0.915527,-0.402256,0));
#6454=AXIS2_PLACEMENT_3D('NONE',#709,#6452,#6453);
#6455=PLANE('NONE',#6454);
#6456=FACE_SURFACE('NONE',(#6451),#6455,.T.);
#6457=POLY_LOOP('NONE',(#563,#1269,#1268,#564));
#6458=FACE_OUTER_BOUND('NONE',#6457,.T.);
#6459=DIRECTION('NONE',(-0.265458,-0.964123,0));
#6460=DIRECTION('NONE',(0,0,1));
#6461=AXIS2_PLACEMENT_3D('NONE',#563,#6459,#6460);
#6462=PLANE('NONE',#6461);
#6463=FACE_SURFACE('NONE',(#6458),#6462,.T.);
#6464=POLY_LOOP('NONE',(#329,#328,#995,#994));
#6465=FACE_OUTER_BOUND('NONE',#6464,.T.);
#6466=DIRECTION('NONE',(-0.97485,-0.222861,0));
#6467=DIRECTION('NONE',(0.222861,-0.97485,0));
#6468=AXIS2_PLACEMENT_3D('NONE',#329,#6466,#6467);
#6469=PLANE('NONE',#6468);
#6470=FACE_SURFACE('NONE',(#6465),#6469,.T.);
#6471=POLY_LOOP('NONE',(#563,#562,#1270,#1269));
#6472=FACE_OUTER_BOUND('NONE',#6471,.T.);
#6473=DIRECTION('NONE',(-0.307857,-0.951433,0));
#6474=DIRECTION('NONE',(0.951433,-0.307857,0));
#6475=AXIS2_PLACEMENT_3D('NONE',#563,#6473,#6474);
#6476=PLANE('NONE',#6475);
#6477=FACE_SURFACE('NONE',(#6472),#6476,.T.);
#6478=POLY_LOOP('NONE',(#575,#574,#1258,#1257));
#6479=FACE_OUTER_BOUND('NONE',#6478,.T.);
#6480=DIRECTION('NONE',(0.265444,-0.964126,0));
#6481=DIRECTION('NONE',(0.964126,0.265444,0));
#6482=AXIS2_PLACEMENT_3D('NONE',#575,#6480,#6481);
#6483=PLANE('NONE',#6482);
#6484=FACE_SURFACE('NONE',(#6479),#6483,.T.);
#6485=POLY_LOOP('NONE',(#573,#1259,#1258,#574));
#6486=FACE_OUTER_BOUND('NONE',#6485,.T.);
#6487=DIRECTION('NONE',(0.225874,-0.974156,0));
#6488=DIRECTION('NONE',(0,0,1));
#6489=AXIS2_PLACEMENT_3D('NONE',#573,#6487,#6488);
#6490=PLANE('NONE',#6489);
#6491=FACE_SURFACE('NONE',(#6486),#6490,.T.);
#6492=POLY_LOOP('NONE',(#703,#702,#1363,#1362));
#6493=FACE_OUTER_BOUND('NONE',#6492,.T.);
#6494=DIRECTION('NONE',(-0.656495,-0.75433,0));
#6495=DIRECTION('NONE',(0.75433,-0.656495,0));
#6496=AXIS2_PLACEMENT_3D('NONE',#703,#6494,#6495);
#6497=PLANE('NONE',#6496);
#6498=FACE_SURFACE('NONE',(#6493),#6497,.T.);
#6499=POLY_LOOP('NONE',(#1259,#573,#572,#1260));
#6500=FACE_OUTER_BOUND('NONE',#6499,.T.);
#6501=DIRECTION('NONE',(0.168979,-0.98562,0));
#6502=DIRECTION('NONE',(0,0,-1));
#6503=AXIS2_PLACEMENT_3D('NONE',#1259,#6501,#6502);
#6504=PLANE('NONE',#6503);
#6505=FACE_SURFACE('NONE',(#6500),#6504,.T.);
#6506=POLY_LOOP('NONE',(#1363,#702,#701,#1364));
#6507=FACE_OUTER_BOUND('NONE',#6506,.T.);
#6508=DIRECTION('NONE',(-0.685784,-0.727805,0));
#6509=DIRECTION('NONE',(0,0,-1));
#6510=AXIS2_PLACEMENT_3D('NONE',#1363,#6508,#6509);
#6511=PLANE('NONE',#6510);
#6512=FACE_SURFACE('NONE',(#6507),#6511,.T.);
#6513=POLY_LOOP('NONE',(#571,#1261,#1260,#572));
#6514=FACE_OUTER_BOUND('NONE',#6513,.T.);
#6515=DIRECTION('NONE',(0.125793,-0.992057,0));
#6516=DIRECTION('NONE',(0,0,1));
#6517=AXIS2_PLACEMENT_3D('NONE',#571,#6515,#6516);
#6518=PLANE('NONE',#6517);
#6519=FACE_SURFACE('NONE',(#6514),#6518,.T.);
#6520=POLY_LOOP('NONE',(#570,#569,#1263,#1262));
#6521=FACE_OUTER_BOUND('NONE',#6520,.T.);
#6522=DIRECTION('NONE',(0.028143,-0.999604,0));
#6523=DIRECTION('NONE',(0.999604,0.028143,0));
#6524=AXIS2_PLACEMENT_3D('NONE',#570,#6522,#6523);
#6525=PLANE('NONE',#6524);
#6526=FACE_SURFACE('NONE',(#6521),#6525,.T.);
#6527=POLY_LOOP('NONE',(#698,#1367,#1366,#699));
#6528=FACE_OUTER_BOUND('NONE',#6527,.T.);
#6529=DIRECTION('NONE',(-0.786326,-0.617812,0));
#6530=DIRECTION('NONE',(0,0,1));
#6531=AXIS2_PLACEMENT_3D('NONE',#698,#6529,#6530);
#6532=PLANE('NONE',#6531);
#6533=FACE_SURFACE('NONE',(#6528),#6532,.T.);
#6534=POLY_LOOP('NONE',(#564,#1268,#1267,#565));
#6535=FACE_OUTER_BOUND('NONE',#6534,.T.);
#6536=DIRECTION('NONE',(-0.225874,-0.974156,0));
#6537=DIRECTION('NONE',(0,0,1));
#6538=AXIS2_PLACEMENT_3D('NONE',#564,#6536,#6537);
#6539=PLANE('NONE',#6538);
#6540=FACE_SURFACE('NONE',(#6535),#6539,.T.);
#6541=POLY_LOOP('NONE',(#694,#1371,#1370,#695));
#6542=FACE_OUTER_BOUND('NONE',#6541,.T.);
#6543=DIRECTION('NONE',(-0.888828,-0.458241,0));
#6544=DIRECTION('NONE',(0,0,1));
#6545=AXIS2_PLACEMENT_3D('NONE',#694,#6543,#6544);
#6546=PLANE('NONE',#6545);
#6547=FACE_SURFACE('NONE',(#6542),#6546,.T.);
#6548=POLY_LOOP('NONE',(#336,#335,#988,#987));
#6549=FACE_OUTER_BOUND('NONE',#6548,.T.);
#6550=DIRECTION('NONE',(-0.844812,-0.535064,0));
#6551=DIRECTION('NONE',(0.535064,-0.844812,0));
#6552=AXIS2_PLACEMENT_3D('NONE',#336,#6550,#6551);
#6553=PLANE('NONE',#6552);
#6554=FACE_SURFACE('NONE',(#6549),#6553,.T.);
#6555=POLY_LOOP('NONE',(#988,#335,#334,#989));
#6556=FACE_OUTER_BOUND('NONE',#6555,.T.);
#6557=DIRECTION('NONE',(-0.870813,-0.491614,0));
#6558=DIRECTION('NONE',(0,0,-1));
#6559=AXIS2_PLACEMENT_3D('NONE',#988,#6557,#6558);
#6560=PLANE('NONE',#6559);
#6561=FACE_SURFACE('NONE',(#6556),#6560,.T.);
#6562=POLY_LOOP('NONE',(#692,#1373,#1372,#693));
#6563=FACE_OUTER_BOUND('NONE',#6562,.T.);
#6564=DIRECTION('NONE',(-0.932263,-0.36178,0));
#6565=DIRECTION('NONE',(0,0,1));
#6566=AXIS2_PLACEMENT_3D('NONE',#692,#6564,#6565);
#6567=PLANE('NONE',#6566);
#6568=FACE_SURFACE('NONE',(#6563),#6567,.T.);
#6569=POLY_LOOP('NONE',(#557,#556,#1276,#1275));
#6570=FACE_OUTER_BOUND('NONE',#6569,.T.);
#6571=DIRECTION('NONE',(-0.570672,-0.821178,0));
#6572=DIRECTION('NONE',(0.821178,-0.570672,0));
#6573=AXIS2_PLACEMENT_3D('NONE',#557,#6571,#6572);
#6574=PLANE('NONE',#6573);
#6575=FACE_SURFACE('NONE',(#6570),#6574,.T.);
#6576=POLY_LOOP('NONE',(#1279,#1278,#554,#553));
#6577=FACE_OUTER_BOUND('NONE',#6576,.T.);
#6578=DIRECTION('NONE',(-0.685758,-0.72783,0));
#6579=DIRECTION('NONE',(-0.72783,0.685758,0));
#6580=AXIS2_PLACEMENT_3D('NONE',#1279,#6578,#6579);
#6581=PLANE('NONE',#6580);
#6582=FACE_SURFACE('NONE',(#6577),#6581,.T.);
#6583=POLY_LOOP('NONE',(#446,#1142,#1141,#447));
#6584=FACE_OUTER_BOUND('NONE',#6583,.T.);
#6585=DIRECTION('NONE',(-0.12574,-0.992063,0));
#6586=DIRECTION('NONE',(0,0,1));
#6587=AXIS2_PLACEMENT_3D('NONE',#446,#6585,#6586);
#6588=PLANE('NONE',#6587);
#6589=FACE_SURFACE('NONE',(#6584),#6588,.T.);
#6590=POLY_LOOP('NONE',(#634,#1431,#1430,#635));
#6591=FACE_OUTER_BOUND('NONE',#6590,.T.);
#6592=DIRECTION('NONE',(0.7863,0.617845,0));
#6593=DIRECTION('NONE',(0,0,1));
#6594=AXIS2_PLACEMENT_3D('NONE',#634,#6592,#6593);
#6595=PLANE('NONE',#6594);
#6596=FACE_SURFACE('NONE',(#6591),#6595,.T.);
#6597=POLY_LOOP('NONE',(#1431,#634,#633,#1432));
#6598=FACE_OUTER_BOUND('NONE',#6597,.T.);
#6599=DIRECTION('NONE',(0.816569,0.577248,0));
#6600=DIRECTION('NONE',(0,0,-1));
#6601=AXIS2_PLACEMENT_3D('NONE',#1431,#6599,#6600);
#6602=PLANE('NONE',#6601);
#6603=FACE_SURFACE('NONE',(#6598),#6602,.T.);
#6604=POLY_LOOP('NONE',(#1433,#1432,#633,#632));
#6605=FACE_OUTER_BOUND('NONE',#6604,.T.);
#6606=DIRECTION('NONE',(0.844851,0.535001,0));
#6607=DIRECTION('NONE',(0.535001,-0.844851,0));
#6608=AXIS2_PLACEMENT_3D('NONE',#1433,#6606,#6607);
#6609=PLANE('NONE',#6608);
#6610=FACE_SURFACE('NONE',(#6605),#6609,.T.);
#6611=POLY_LOOP('NONE',(#339,#984,#983,#340));
#6612=FACE_OUTER_BOUND('NONE',#6611,.T.);
#6613=DIRECTION('NONE',(-0.727803,-0.685786,0));
#6614=DIRECTION('NONE',(0,0,1));
#6615=AXIS2_PLACEMENT_3D('NONE',#339,#6613,#6614);
#6616=PLANE('NONE',#6615);
#6617=FACE_SURFACE('NONE',(#6612),#6616,.T.);
#6618=POLY_LOOP('NONE',(#1147,#1146,#442,#441));
#6619=FACE_OUTER_BOUND('NONE',#6618,.T.);
#6620=DIRECTION('NONE',(-0.366527,-0.930407,0));
#6621=DIRECTION('NONE',(-0.930407,0.366527,0));
#6622=AXIS2_PLACEMENT_3D('NONE',#1147,#6620,#6621);
#6623=PLANE('NONE',#6622);
#6624=FACE_SURFACE('NONE',(#6619),#6623,.T.);
#6625=POLY_LOOP('NONE',(#984,#339,#338,#985));
#6626=FACE_OUTER_BOUND('NONE',#6625,.T.);
#6627=DIRECTION('NONE',(-0.761242,-0.648468,0));
#6628=DIRECTION('NONE',(0,0,-1));
#6629=AXIS2_PLACEMENT_3D('NONE',#984,#6627,#6628);
#6630=PLANE('NONE',#6629);
#6631=FACE_SURFACE('NONE',(#6626),#6630,.T.);
#6632=POLY_LOOP('NONE',(#1147,#441,#440,#1148));
#6633=FACE_OUTER_BOUND('NONE',#6632,.T.);
#6634=DIRECTION('NONE',(-0.402276,-0.915519,0));
#6635=DIRECTION('NONE',(0,0,-1));
#6636=AXIS2_PLACEMENT_3D('NONE',#1147,#6634,#6635);
#6637=PLANE('NONE',#6636);
#6638=FACE_SURFACE('NONE',(#6633),#6637,.T.);
#6639=POLY_LOOP('NONE',(#1436,#629,#628,#1437));
#6640=FACE_OUTER_BOUND('NONE',#6639,.T.);
#6641=DIRECTION('NONE',(0.93225,0.361816,0));
#6642=DIRECTION('NONE',(0,0,-1));
#6643=AXIS2_PLACEMENT_3D('NONE',#1436,#6641,#6642);
#6644=PLANE('NONE',#6643);
#6645=FACE_SURFACE('NONE',(#6640),#6644,.T.);
#6646=POLY_LOOP('NONE',(#337,#986,#985,#338));
#6647=FACE_OUTER_BOUND('NONE',#6646,.T.);
#6648=DIRECTION('NONE',(-0.78632,-0.617819,0));
#6649=DIRECTION('NONE',(0,0,1));
#6650=AXIS2_PLACEMENT_3D('NONE',#337,#6648,#6649);
#6651=PLANE('NONE',#6650);
#6652=FACE_SURFACE('NONE',(#6647),#6651,.T.);
#6653=POLY_LOOP('NONE',(#986,#337,#336,#987));
#6654=FACE_OUTER_BOUND('NONE',#6653,.T.);
#6655=DIRECTION('NONE',(-0.816594,-0.577212,0));
#6656=DIRECTION('NONE',(0,0,-1));
#6657=AXIS2_PLACEMENT_3D('NONE',#986,#6655,#6656);
#6658=PLANE('NONE',#6657);
#6659=FACE_SURFACE('NONE',(#6654),#6658,.T.);
#6660=POLY_LOOP('NONE',(#436,#1152,#1151,#437));
#6661=FACE_OUTER_BOUND('NONE',#6660,.T.);
#6662=DIRECTION('NONE',(-0.570648,-0.821195,0));
#6663=DIRECTION('NONE',(0,0,1));
#6664=AXIS2_PLACEMENT_3D('NONE',#436,#6662,#6663);
#6665=PLANE('NONE',#6664);
#6666=FACE_SURFACE('NONE',(#6661),#6665,.T.);
#6667=POLY_LOOP('NONE',(#1426,#639,#638,#1427));
#6668=FACE_OUTER_BOUND('NONE',#6667,.T.);
#6669=DIRECTION('NONE',(0.656495,0.75433,0));
#6670=DIRECTION('NONE',(0,0,-1));
#6671=AXIS2_PLACEMENT_3D('NONE',#1426,#6669,#6670);
#6672=PLANE('NONE',#6671);
#6673=FACE_SURFACE('NONE',(#6668),#6672,.T.);
#6674=POLY_LOOP('NONE',(#1427,#638,#637,#1428));
#6675=FACE_OUTER_BOUND('NONE',#6674,.T.);
#6676=DIRECTION('NONE',(0.685814,0.727777,0));
#6677=DIRECTION('NONE',(0,0,-1));
#6678=AXIS2_PLACEMENT_3D('NONE',#1427,#6676,#6677);
#6679=PLANE('NONE',#6678);
#6680=FACE_SURFACE('NONE',(#6675),#6679,.T.);
#6681=POLY_LOOP('NONE',(#241,#240,#959,#958));
#6682=FACE_OUTER_BOUND('NONE',#6681,.T.);
#6683=DIRECTION('NONE',(0.570672,-0.821178,0));
#6684=DIRECTION('NONE',(0.821178,0.570672,0));
#6685=AXIS2_PLACEMENT_3D('NONE',#241,#6683,#6684);
#6686=PLANE('NONE',#6685);
#6687=FACE_SURFACE('NONE',(#6682),#6686,.T.);
#6688=POLY_LOOP('NONE',(#451,#1137,#1136,#452));
#6689=FACE_OUTER_BOUND('NONE',#6688,.T.);
#6690=DIRECTION('NONE',(0.12574,-0.992063,0));
#6691=DIRECTION('NONE',(0,0,1));
#6692=AXIS2_PLACEMENT_3D('NONE',#451,#6690,#6691);
#6693=PLANE('NONE',#6692);
#6694=FACE_SURFACE('NONE',(#6689),#6693,.T.);
#6695=POLY_LOOP('NONE',(#447,#1141,#1140,#448));
#6696=FACE_OUTER_BOUND('NONE',#6695,.T.);
#6697=DIRECTION('NONE',(-0.070261,-0.997529,0));
#6698=DIRECTION('NONE',(0,0,1));
#6699=AXIS2_PLACEMENT_3D('NONE',#447,#6697,#6698);
#6700=PLANE('NONE',#6699);
#6701=FACE_SURFACE('NONE',(#6696),#6700,.T.);
#6702=POLY_LOOP('NONE',(#223,#919,#918,#224));
#6703=FACE_OUTER_BOUND('NONE',#6702,.T.);
#6704=DIRECTION('NONE',(-0.086097,-0.996287,0));
#6705=DIRECTION('NONE',(0,0,1));
#6706=AXIS2_PLACEMENT_3D('NONE',#223,#6704,#6705);
#6707=PLANE('NONE',#6706);
#6708=FACE_SURFACE('NONE',(#6703),#6707,.T.);
#6709=POLY_LOOP('NONE',(#1142,#446,#445,#1143));
#6710=FACE_OUTER_BOUND('NONE',#6709,.T.);
#6711=DIRECTION('NONE',(-0.168979,-0.98562,0));
#6712=DIRECTION('NONE',(0,0,-1));
#6713=AXIS2_PLACEMENT_3D('NONE',#1142,#6711,#6712);
#6714=PLANE('NONE',#6713);
#6715=FACE_SURFACE('NONE',(#6710),#6714,.T.);
#6716=POLY_LOOP('NONE',(#927,#926,#216,#215));
#6717=FACE_OUTER_BOUND('NONE',#6716,.T.);
#6718=DIRECTION('NONE',(-0.973749,-0.227626,0));
#6719=DIRECTION('NONE',(-0.227626,0.973749,0));
#6720=AXIS2_PLACEMENT_3D('NONE',#927,#6718,#6719);
#6721=PLANE('NONE',#6720);
#6722=FACE_SURFACE('NONE',(#6717),#6721,.T.);
#6723=POLY_LOOP('NONE',(#1145,#1144,#444,#443));
#6724=FACE_OUTER_BOUND('NONE',#6723,.T.);
#6725=DIRECTION('NONE',(-0.265493,-0.964113,0));
#6726=DIRECTION('NONE',(-0.964113,0.265493,0));
#6727=AXIS2_PLACEMENT_3D('NONE',#1145,#6725,#6726);
#6728=PLANE('NONE',#6727);
#6729=FACE_SURFACE('NONE',(#6724),#6728,.T.);
#6730=POLY_LOOP('NONE',(#928,#927,#215,#214));
#6731=FACE_OUTER_BOUND('NONE',#6730,.T.);
#6732=DIRECTION('NONE',(-0.996286,-0.086101,0));
#6733=DIRECTION('NONE',(-0.086101,0.996286,0));
#6734=AXIS2_PLACEMENT_3D('NONE',#928,#6732,#6733);
#6735=PLANE('NONE',#6734);
#6736=FACE_SURFACE('NONE',(#6731),#6735,.T.);
#6737=POLY_LOOP('NONE',(#928,#214,#213,#929));
#6738=FACE_OUTER_BOUND('NONE',#6737,.T.);
#6739=DIRECTION('NONE',(-1,0,0));
#6740=DIRECTION('NONE',(0,0,-1));
#6741=AXIS2_PLACEMENT_3D('NONE',#928,#6739,#6740);
#6742=PLANE('NONE',#6741);
#6743=FACE_SURFACE('NONE',(#6738),#6742,.T.);
#6744=POLY_LOOP('NONE',(#457,#1131,#1130,#458));
#6745=FACE_OUTER_BOUND('NONE',#6744,.T.);
#6746=DIRECTION('NONE',(0.402276,-0.915519,0));
#6747=DIRECTION('NONE',(0,0,1));
#6748=AXIS2_PLACEMENT_3D('NONE',#457,#6746,#6747);
#6749=PLANE('NONE',#6748);
#6750=FACE_SURFACE('NONE',(#6745),#6749,.T.);
#6751=POLY_LOOP('NONE',(#1131,#457,#456,#1132));
#6752=FACE_OUTER_BOUND('NONE',#6751,.T.);
#6753=DIRECTION('NONE',(0.366527,-0.930407,0));
#6754=DIRECTION('NONE',(0,0,-1));
#6755=AXIS2_PLACEMENT_3D('NONE',#1131,#6753,#6754);
#6756=PLANE('NONE',#6755);
#6757=FACE_SURFACE('NONE',(#6752),#6756,.T.);
#6758=POLY_LOOP('NONE',(#622,#1443,#1442,#623));
#6759=FACE_OUTER_BOUND('NONE',#6758,.T.);
#6760=DIRECTION('NONE',(0.997528,0.070264,0));
#6761=DIRECTION('NONE',(0,0,1));
#6762=AXIS2_PLACEMENT_3D('NONE',#622,#6760,#6761);
#6763=PLANE('NONE',#6762);
#6764=FACE_SURFACE('NONE',(#6759),#6763,.T.);
#6765=POLY_LOOP('NONE',(#456,#455,#1133,#1132));
#6766=FACE_OUTER_BOUND('NONE',#6765,.T.);
#6767=DIRECTION('NONE',(0.307825,-0.951443,0));
#6768=DIRECTION('NONE',(0.951443,0.307825,0));
#6769=AXIS2_PLACEMENT_3D('NONE',#456,#6767,#6768);
#6770=PLANE('NONE',#6769);
#6771=FACE_SURFACE('NONE',(#6766),#6770,.T.);
#6772=POLY_LOOP('NONE',(#899,#898,#157,#156));
#6773=FACE_OUTER_BOUND('NONE',#6772,.T.);
#6774=DIRECTION('NONE',(1,0,0));
#6775=DIRECTION('NONE',(0,-1,0));
#6776=AXIS2_PLACEMENT_3D('NONE',#899,#6774,#6775);
#6777=PLANE('NONE',#6776);
#6778=FACE_SURFACE('NONE',(#6773),#6777,.T.);
#6779=POLY_LOOP('NONE',(#1443,#622,#621,#1444));
#6780=FACE_OUTER_BOUND('NONE',#6779,.T.);
#6781=DIRECTION('NONE',(0.999604,0.02814,0));
#6782=DIRECTION('NONE',(0,0,-1));
#6783=AXIS2_PLACEMENT_3D('NONE',#1443,#6781,#6782);
#6784=PLANE('NONE',#6783);
#6785=FACE_SURFACE('NONE',(#6780),#6784,.T.);
#6786=POLY_LOOP('NONE',(#1133,#455,#454,#1134));
#6787=FACE_OUTER_BOUND('NONE',#6786,.T.);
#6788=DIRECTION('NONE',(0.265493,-0.964113,0));
#6789=DIRECTION('NONE',(0,0,-1));
#6790=AXIS2_PLACEMENT_3D('NONE',#1133,#6788,#6789);
#6791=PLANE('NONE',#6790);
#6792=FACE_SURFACE('NONE',(#6787),#6791,.T.);
#6793=POLY_LOOP('NONE',(#887,#168,#167,#888));
#6794=FACE_OUTER_BOUND('NONE',#6793,.T.);
#6795=DIRECTION('NONE',(0,1,0));
#6796=DIRECTION('NONE',(0,0,-1));
#6797=AXIS2_PLACEMENT_3D('NONE',#887,#6795,#6796);
#6798=PLANE('NONE',#6797);
#6799=FACE_SURFACE('NONE',(#6794),#6798,.T.);
#6800=POLY_LOOP('NONE',(#1134,#454,#453,#1135));
#6801=FACE_OUTER_BOUND('NONE',#6800,.T.);
#6802=DIRECTION('NONE',(0.225874,-0.974156,0));
#6803=DIRECTION('NONE',(0,0,-1));
#6804=AXIS2_PLACEMENT_3D('NONE',#1134,#6802,#6803);
#6805=PLANE('NONE',#6804);
#6806=FACE_SURFACE('NONE',(#6801),#6805,.T.);
#6807=POLY_LOOP('NONE',(#1135,#453,#452,#1136));
#6808=FACE_OUTER_BOUND('NONE',#6807,.T.);
#6809=DIRECTION('NONE',(0.168979,-0.98562,0));
#6810=DIRECTION('NONE',(0,0,-1));
#6811=AXIS2_PLACEMENT_3D('NONE',#1135,#6809,#6810);
#6812=PLANE('NONE',#6811);
#6813=FACE_SURFACE('NONE',(#6808),#6812,.T.);
#6814=POLY_LOOP('NONE',(#747,#1446,#1445,#620));
#6815=FACE_OUTER_BOUND('NONE',#6814,.T.);
#6816=DIRECTION('NONE',(0.997528,-0.070264,0));
#6817=DIRECTION('NONE',(0,0,1));
#6818=AXIS2_PLACEMENT_3D('NONE',#747,#6816,#6817);
#6819=PLANE('NONE',#6818);
#6820=FACE_SURFACE('NONE',(#6815),#6819,.T.);
#6821=POLY_LOOP('NONE',(#746,#1447,#1446,#747));
#6822=FACE_OUTER_BOUND('NONE',#6821,.T.);
#6823=DIRECTION('NONE',(0.992063,-0.12574,0));
#6824=DIRECTION('NONE',(0,0,1));
#6825=AXIS2_PLACEMENT_3D('NONE',#746,#6823,#6824);
#6826=PLANE('NONE',#6825);
#6827=FACE_SURFACE('NONE',(#6822),#6826,.T.);
#6828=POLY_LOOP('NONE',(#1138,#1137,#451,#450));
#6829=FACE_OUTER_BOUND('NONE',#6828,.T.);
#6830=DIRECTION('NONE',(0.070261,-0.997529,0));
#6831=DIRECTION('NONE',(-0.997529,-0.070261,0));
#6832=AXIS2_PLACEMENT_3D('NONE',#1138,#6830,#6831);
#6833=PLANE('NONE',#6832);
#6834=FACE_SURFACE('NONE',(#6829),#6833,.T.);
#6835=POLY_LOOP('NONE',(#896,#895,#160,#159));
#6836=FACE_OUTER_BOUND('NONE',#6835,.T.);
#6837=DIRECTION('NONE',(0.918488,0.395449,0));
#6838=DIRECTION('NONE',(0.395449,-0.918488,0));
#6839=AXIS2_PLACEMENT_3D('NONE',#896,#6837,#6838);
#6840=PLANE('NONE',#6839);
#6841=FACE_SURFACE('NONE',(#6836),#6840,.T.);
#6842=POLY_LOOP('NONE',(#553,#552,#1280,#1279));
#6843=FACE_OUTER_BOUND('NONE',#6842,.T.);
#6844=DIRECTION('NONE',(-0.727803,-0.685786,0));
#6845=DIRECTION('NONE',(0.685786,-0.727803,0));
#6846=AXIS2_PLACEMENT_3D('NONE',#553,#6844,#6845);
#6847=PLANE('NONE',#6846);
#6848=FACE_SURFACE('NONE',(#6843),#6847,.T.);
#6849=POLY_LOOP('NONE',(#744,#1449,#1448,#745));
#6850=FACE_OUTER_BOUND('NONE',#6849,.T.);
#6851=DIRECTION('NONE',(0.974862,-0.22281,0));
#6852=DIRECTION('NONE',(0,0,1));
#6853=AXIS2_PLACEMENT_3D('NONE',#744,#6851,#6852);
#6854=PLANE('NONE',#6853);
#6855=FACE_SURFACE('NONE',(#6850),#6854,.T.);
#6856=POLY_LOOP('NONE',(#897,#896,#159,#158));
#6857=FACE_OUTER_BOUND('NONE',#6856,.T.);
#6858=DIRECTION('NONE',(0.973749,0.227626,0));
#6859=DIRECTION('NONE',(0.227626,-0.973749,0));
#6860=AXIS2_PLACEMENT_3D('NONE',#897,#6858,#6859);
#6861=PLANE('NONE',#6860);
#6862=FACE_SURFACE('NONE',(#6857),#6861,.T.);
#6863=POLY_LOOP('NONE',(#450,#449,#1139,#1138));
#6864=FACE_OUTER_BOUND('NONE',#6863,.T.);
#6865=DIRECTION('NONE',(0.028143,-0.999604,0));
#6866=DIRECTION('NONE',(0.999604,0.028143,0));
#6867=AXIS2_PLACEMENT_3D('NONE',#450,#6865,#6866);
#6868=PLANE('NONE',#6867);
#6869=FACE_SURFACE('NONE',(#6864),#6868,.T.);
#6870=POLY_LOOP('NONE',(#1139,#449,#448,#1140));
#6871=FACE_OUTER_BOUND('NONE',#6870,.T.);
#6872=DIRECTION('NONE',(-0.027752,-0.999615,0));
#6873=DIRECTION('NONE',(0,0,-1));
#6874=AXIS2_PLACEMENT_3D('NONE',#1139,#6872,#6873);
#6875=PLANE('NONE',#6874);
#6876=FACE_SURFACE('NONE',(#6871),#6875,.T.);
#6877=POLY_LOOP('NONE',(#889,#888,#167,#166));
#6878=FACE_OUTER_BOUND('NONE',#6877,.T.);
#6879=DIRECTION('NONE',(0.086099,0.996287,0));
#6880=DIRECTION('NONE',(0.996287,-0.086099,0));
#6881=AXIS2_PLACEMENT_3D('NONE',#889,#6879,#6880);
#6882=PLANE('NONE',#6881);
#6883=FACE_SURFACE('NONE',(#6878),#6882,.T.);
#6884=POLY_LOOP('NONE',(#157,#898,#897,#158));
#6885=FACE_OUTER_BOUND('NONE',#6884,.T.);
#6886=DIRECTION('NONE',(0.996287,0.086097,0));
#6887=DIRECTION('NONE',(0,0,1));
#6888=AXIS2_PLACEMENT_3D('NONE',#157,#6886,#6887);
#6889=PLANE('NONE',#6888);
#6890=FACE_SURFACE('NONE',(#6885),#6889,.T.);
#6891=POLY_LOOP('NONE',(#890,#889,#166,#165));
#6892=FACE_OUTER_BOUND('NONE',#6891,.T.);
#6893=DIRECTION('NONE',(0.227601,0.973755,0));
#6894=DIRECTION('NONE',(0.973755,-0.227601,0));
#6895=AXIS2_PLACEMENT_3D('NONE',#890,#6893,#6894);
#6896=PLANE('NONE',#6895);
#6897=FACE_SURFACE('NONE',(#6892),#6896,.T.);
#6898=POLY_LOOP('NONE',(#891,#890,#165,#164));
#6899=FACE_OUTER_BOUND('NONE',#6898,.T.);
#6900=DIRECTION('NONE',(0.395478,0.918475,0));
#6901=DIRECTION('NONE',(0.918475,-0.395478,0));
#6902=AXIS2_PLACEMENT_3D('NONE',#891,#6900,#6901);
#6903=PLANE('NONE',#6902);
#6904=FACE_SURFACE('NONE',(#6899),#6903,.T.);
#6905=POLY_LOOP('NONE',(#892,#891,#164,#163));
#6906=FACE_OUTER_BOUND('NONE',#6905,.T.);
#6907=DIRECTION('NONE',(0.524078,0.85167,0));
#6908=DIRECTION('NONE',(0.85167,-0.524078,0));
#6909=AXIS2_PLACEMENT_3D('NONE',#892,#6907,#6908);
#6910=PLANE('NONE',#6909);
#6911=FACE_SURFACE('NONE',(#6906),#6910,.T.);
#6912=POLY_LOOP('NONE',(#893,#892,#163,#162));
#6913=FACE_OUTER_BOUND('NONE',#6912,.T.);
#6914=DIRECTION('NONE',(0.646545,0.762876,0));
#6915=DIRECTION('NONE',(0.762876,-0.646545,0));
#6916=AXIS2_PLACEMENT_3D('NONE',#893,#6914,#6915);
#6917=PLANE('NONE',#6916);
#6918=FACE_SURFACE('NONE',(#6913),#6917,.T.);
#6919=POLY_LOOP('NONE',(#1445,#1444,#621,#620));
#6920=FACE_OUTER_BOUND('NONE',#6919,.T.);
#6921=DIRECTION('NONE',(0.999604,-0.028143,0));
#6922=DIRECTION('NONE',(-0.028143,-0.999604,0));
#6923=AXIS2_PLACEMENT_3D('NONE',#1445,#6921,#6922);
#6924=PLANE('NONE',#6923);
#6925=FACE_SURFACE('NONE',(#6920),#6924,.T.);
#6926=POLY_LOOP('NONE',(#894,#893,#162,#161));
#6927=FACE_OUTER_BOUND('NONE',#6926,.T.);
#6928=DIRECTION('NONE',(0.762878,0.646542,0));
#6929=DIRECTION('NONE',(0.646542,-0.762878,0));
#6930=AXIS2_PLACEMENT_3D('NONE',#894,#6928,#6929);
#6931=PLANE('NONE',#6930);
#6932=FACE_SURFACE('NONE',(#6927),#6931,.T.);
#6933=POLY_LOOP('NONE',(#160,#895,#894,#161));
#6934=FACE_OUTER_BOUND('NONE',#6933,.T.);
#6935=DIRECTION('NONE',(0.851659,0.524096,0));
#6936=DIRECTION('NONE',(0,0,1));
#6937=AXIS2_PLACEMENT_3D('NONE',#160,#6935,#6936);
#6938=PLANE('NONE',#6937);
#6939=FACE_SURFACE('NONE',(#6934),#6938,.T.);
#6940=POLY_LOOP('NONE',(#1276,#556,#555,#1277));
#6941=FACE_OUTER_BOUND('NONE',#6940,.T.);
#6942=DIRECTION('NONE',(-0.617878,-0.786274,0));
#6943=DIRECTION('NONE',(0,0,-1));
#6944=AXIS2_PLACEMENT_3D('NONE',#1276,#6942,#6943);
#6945=PLANE('NONE',#6944);
#6946=FACE_SURFACE('NONE',(#6941),#6945,.T.);
#6947=POLY_LOOP('NONE',(#206,#205,#937,#936));
#6948=FACE_OUTER_BOUND('NONE',#6947,.T.);
#6949=DIRECTION('NONE',(-0.395487,0.918472,0));
#6950=DIRECTION('NONE',(-0.918472,-0.395487,0));
#6951=AXIS2_PLACEMENT_3D('NONE',#206,#6949,#6950);
#6952=PLANE('NONE',#6951);
#6953=FACE_SURFACE('NONE',(#6948),#6952,.T.);
#6954=POLY_LOOP('NONE',(#745,#1448,#1447,#746));
#6955=FACE_OUTER_BOUND('NONE',#6954,.T.);
#6956=DIRECTION('NONE',(0.98562,-0.168979,0));
#6957=DIRECTION('NONE',(0,0,1));
#6958=AXIS2_PLACEMENT_3D('NONE',#745,#6956,#6957);
#6959=PLANE('NONE',#6958);
#6960=FACE_SURFACE('NONE',(#6955),#6959,.T.);
#6961=POLY_LOOP('NONE',(#1143,#445,#444,#1144));
#6962=FACE_OUTER_BOUND('NONE',#6961,.T.);
#6963=DIRECTION('NONE',(-0.225874,-0.974156,0));
#6964=DIRECTION('NONE',(0,0,-1));
#6965=AXIS2_PLACEMENT_3D('NONE',#1143,#6963,#6964);
#6966=PLANE('NONE',#6965);
#6967=FACE_SURFACE('NONE',(#6962),#6966,.T.);
#6968=POLY_LOOP('NONE',(#938,#937,#205,#204));
#6969=FACE_OUTER_BOUND('NONE',#6968,.T.);
#6970=DIRECTION('NONE',(-0.227603,0.973754,0));
#6971=DIRECTION('NONE',(0.973754,0.227603,0));
#6972=AXIS2_PLACEMENT_3D('NONE',#938,#6970,#6971);
#6973=PLANE('NONE',#6972);
#6974=FACE_SURFACE('NONE',(#6969),#6973,.T.);
#6975=POLY_LOOP('NONE',(#210,#209,#933,#932));
#6976=FACE_OUTER_BOUND('NONE',#6975,.T.);
#6977=DIRECTION('NONE',(-0.851659,0.524096,0));
#6978=DIRECTION('NONE',(-0.524096,-0.851659,0));
#6979=AXIS2_PLACEMENT_3D('NONE',#210,#6977,#6978);
#6980=PLANE('NONE',#6979);
#6981=FACE_SURFACE('NONE',(#6976),#6980,.T.);
#6982=POLY_LOOP('NONE',(#934,#933,#209,#208));
#6983=FACE_OUTER_BOUND('NONE',#6982,.T.);
#6984=DIRECTION('NONE',(-0.762878,0.646542,0));
#6985=DIRECTION('NONE',(0.646542,0.762878,0));
#6986=AXIS2_PLACEMENT_3D('NONE',#934,#6984,#6985);
#6987=PLANE('NONE',#6986);
#6988=FACE_SURFACE('NONE',(#6983),#6987,.T.);
#6989=POLY_LOOP('NONE',(#1145,#443,#442,#1146));
#6990=FACE_OUTER_BOUND('NONE',#6989,.T.);
#6991=DIRECTION('NONE',(-0.307825,-0.951443,0));
#6992=DIRECTION('NONE',(0,0,-1));
#6993=AXIS2_PLACEMENT_3D('NONE',#1145,#6991,#6992);
#6994=PLANE('NONE',#6993);
#6995=FACE_SURFACE('NONE',(#6990),#6994,.T.);
#6996=POLY_LOOP('NONE',(#935,#934,#208,#207));
#6997=FACE_OUTER_BOUND('NONE',#6996,.T.);
#6998=DIRECTION('NONE',(-0.646545,0.762876,0));
#6999=DIRECTION('NONE',(0.762876,0.646545,0));
#7000=AXIS2_PLACEMENT_3D('NONE',#935,#6998,#6999);
#7001=PLANE('NONE',#7000);
#7002=FACE_SURFACE('NONE',(#6997),#7001,.T.);
#7003=POLY_LOOP('NONE',(#936,#935,#207,#206));
#7004=FACE_OUTER_BOUND('NONE',#7003,.T.);
#7005=DIRECTION('NONE',(-0.524067,0.851677,0));
#7006=DIRECTION('NONE',(0.851677,0.524067,0));
#7007=AXIS2_PLACEMENT_3D('NONE',#936,#7005,#7006);
#7008=PLANE('NONE',#7007);
#7009=FACE_SURFACE('NONE',(#7004),#7008,.T.);
#7010=POLY_LOOP('NONE',(#1417,#1416,#649,#648));
#7011=FACE_OUTER_BOUND('NONE',#7010,.T.);
#7012=DIRECTION('NONE',(0.225874,0.974156,0));
#7013=DIRECTION('NONE',(0.974156,-0.225874,0));
#7014=AXIS2_PLACEMENT_3D('NONE',#1417,#7012,#7013);
#7015=PLANE('NONE',#7014);
#7016=FACE_SURFACE('NONE',(#7011),#7015,.T.);
#7017=POLY_LOOP('NONE',(#1148,#440,#439,#1149));
#7018=FACE_OUTER_BOUND('NONE',#7017,.T.);
#7019=DIRECTION('NONE',(-0.452862,-0.891581,0));
#7020=DIRECTION('NONE',(0,0,-1));
#7021=AXIS2_PLACEMENT_3D('NONE',#1148,#7019,#7020);
#7022=PLANE('NONE',#7021);
#7023=FACE_SURFACE('NONE',(#7018),#7022,.T.);
#7024=POLY_LOOP('NONE',(#939,#938,#204,#203));
#7025=FACE_OUTER_BOUND('NONE',#7024,.T.);
#7026=DIRECTION('NONE',(-0.086097,0.996287,0));
#7027=DIRECTION('NONE',(0.996287,0.086097,0));
#7028=AXIS2_PLACEMENT_3D('NONE',#939,#7026,#7027);
#7029=PLANE('NONE',#7028);
#7030=FACE_SURFACE('NONE',(#7025),#7029,.T.);
#7031=POLY_LOOP('NONE',(#548,#547,#1285,#1284));
#7032=FACE_OUTER_BOUND('NONE',#7031,.T.);
#7033=DIRECTION('NONE',(-0.870813,-0.491614,0));
#7034=DIRECTION('NONE',(0.491614,-0.870813,0));
#7035=AXIS2_PLACEMENT_3D('NONE',#548,#7033,#7034);
#7036=PLANE('NONE',#7035);
#7037=FACE_SURFACE('NONE',(#7032),#7036,.T.);
#7038=POLY_LOOP('NONE',(#438,#1150,#1149,#439));
#7039=FACE_OUTER_BOUND('NONE',#7038,.T.);
#7040=DIRECTION('NONE',(-0.491614,-0.870813,0));
#7041=DIRECTION('NONE',(0,0,1));
#7042=AXIS2_PLACEMENT_3D('NONE',#438,#7040,#7041);
#7043=PLANE('NONE',#7042);
#7044=FACE_SURFACE('NONE',(#7039),#7043,.T.);
#7045=POLY_LOOP('NONE',(#1285,#547,#546,#1286));
#7046=FACE_OUTER_BOUND('NONE',#7045,.T.);
#7047=DIRECTION('NONE',(-0.888807,-0.458283,0));
#7048=DIRECTION('NONE',(0,0,-1));
#7049=AXIS2_PLACEMENT_3D('NONE',#1285,#7047,#7048);
#7050=PLANE('NONE',#7049);
#7051=FACE_SURFACE('NONE',(#7046),#7050,.T.);
#7052=POLY_LOOP('NONE',(#213,#212,#930,#929));
#7053=FACE_OUTER_BOUND('NONE',#7052,.T.);
#7054=DIRECTION('NONE',(-0.996287,0.086097,0));
#7055=DIRECTION('NONE',(-0.086097,-0.996287,0));
#7056=AXIS2_PLACEMENT_3D('NONE',#213,#7054,#7055);
#7057=PLANE('NONE',#7056);
#7058=FACE_SURFACE('NONE',(#7053),#7057,.T.);
#7059=POLY_LOOP('NONE',(#1150,#438,#437,#1151));
#7060=FACE_OUTER_BOUND('NONE',#7059,.T.);
#7061=DIRECTION('NONE',(-0.535025,-0.844836,0));
#7062=DIRECTION('NONE',(0,0,-1));
#7063=AXIS2_PLACEMENT_3D('NONE',#1150,#7061,#7062);
#7064=PLANE('NONE',#7063);
#7065=FACE_SURFACE('NONE',(#7060),#7064,.T.);
#7066=POLY_LOOP('NONE',(#931,#930,#212,#211));
#7067=FACE_OUTER_BOUND('NONE',#7066,.T.);
#7068=DIRECTION('NONE',(-0.973749,0.227626,0));
#7069=DIRECTION('NONE',(0.227626,0.973749,0));
#7070=AXIS2_PLACEMENT_3D('NONE',#931,#7068,#7069);
#7071=PLANE('NONE',#7070);
#7072=FACE_SURFACE('NONE',(#7067),#7071,.T.);
#7073=POLY_LOOP('NONE',(#932,#931,#211,#210));
#7074=FACE_OUTER_BOUND('NONE',#7073,.T.);
#7075=DIRECTION('NONE',(-0.918488,0.395449,0));
#7076=DIRECTION('NONE',(0.395449,0.918488,0));
#7077=AXIS2_PLACEMENT_3D('NONE',#932,#7075,#7076);
#7078=PLANE('NONE',#7077);
#7079=FACE_SURFACE('NONE',(#7074),#7078,.T.);
#7080=POLY_LOOP('NONE',(#642,#1423,#1422,#643));
#7081=FACE_OUTER_BOUND('NONE',#7080,.T.);
#7082=DIRECTION('NONE',(0.491591,0.870826,0));
#7083=DIRECTION('NONE',(0,0,1));
#7084=AXIS2_PLACEMENT_3D('NONE',#642,#7082,#7083);
#7085=PLANE('NONE',#7084);
#7086=FACE_SURFACE('NONE',(#7081),#7085,.T.);
#7087=POLY_LOOP('NONE',(#1270,#562,#561,#1271));
#7088=FACE_OUTER_BOUND('NONE',#7087,.T.);
#7089=DIRECTION('NONE',(-0.366527,-0.930407,0));
#7090=DIRECTION('NONE',(0,0,-1));
#7091=AXIS2_PLACEMENT_3D('NONE',#1270,#7089,#7090);
#7092=PLANE('NONE',#7091);
#7093=FACE_SURFACE('NONE',(#7088),#7092,.T.);
#7094=POLY_LOOP('NONE',(#560,#1272,#1271,#561));
#7095=FACE_OUTER_BOUND('NONE',#7094,.T.);
#7096=DIRECTION('NONE',(-0.402276,-0.915519,0));
#7097=DIRECTION('NONE',(0,0,1));
#7098=AXIS2_PLACEMENT_3D('NONE',#560,#7096,#7097);
#7099=PLANE('NONE',#7098);
#7100=FACE_SURFACE('NONE',(#7095),#7099,.T.);
#7101=POLY_LOOP('NONE',(#636,#1429,#1428,#637));
#7102=FACE_OUTER_BOUND('NONE',#7101,.T.);
#7103=DIRECTION('NONE',(0.727753,0.685839,0));
#7104=DIRECTION('NONE',(0,0,1));
#7105=AXIS2_PLACEMENT_3D('NONE',#636,#7103,#7104);
#7106=PLANE('NONE',#7105);
#7107=FACE_SURFACE('NONE',(#7102),#7106,.T.);
#7108=POLY_LOOP('NONE',(#373,#1087,#1086,#374));
#7109=FACE_OUTER_BOUND('NONE',#7108,.T.);
#7110=DIRECTION('NONE',(0.535064,0.844812,0));
#7111=DIRECTION('NONE',(0,0,1));
#7112=AXIS2_PLACEMENT_3D('NONE',#373,#7110,#7111);
#7113=PLANE('NONE',#7112);
#7114=FACE_SURFACE('NONE',(#7109),#7113,.T.);
#7115=POLY_LOOP('NONE',(#560,#559,#1273,#1272));
#7116=FACE_OUTER_BOUND('NONE',#7115,.T.);
#7117=DIRECTION('NONE',(-0.452841,-0.891591,0));
#7118=DIRECTION('NONE',(0.891591,-0.452841,0));
#7119=AXIS2_PLACEMENT_3D('NONE',#560,#7117,#7118);
#7120=PLANE('NONE',#7119);
#7121=FACE_SURFACE('NONE',(#7116),#7120,.T.);
#7122=POLY_LOOP('NONE',(#635,#1430,#1429,#636));
#7123=FACE_OUTER_BOUND('NONE',#7122,.T.);
#7124=DIRECTION('NONE',(0.761265,0.648441,0));
#7125=DIRECTION('NONE',(0,0,1));
#7126=AXIS2_PLACEMENT_3D('NONE',#635,#7124,#7125);
#7127=PLANE('NONE',#7126);
#7128=FACE_SURFACE('NONE',(#7123),#7127,.T.);
#7129=POLY_LOOP('NONE',(#1273,#559,#558,#1274));
#7130=FACE_OUTER_BOUND('NONE',#7129,.T.);
#7131=DIRECTION('NONE',(-0.491632,-0.870803,0));
#7132=DIRECTION('NONE',(0,0,-1));
#7133=AXIS2_PLACEMENT_3D('NONE',#1273,#7131,#7132);
#7134=PLANE('NONE',#7133);
#7135=FACE_SURFACE('NONE',(#7130),#7134,.T.);
#7136=POLY_LOOP('NONE',(#909,#908,#234,#233));
#7137=FACE_OUTER_BOUND('NONE',#7136,.T.);
#7138=DIRECTION('NONE',(0.973754,-0.227603,0));
#7139=DIRECTION('NONE',(-0.227603,-0.973754,0));
#7140=AXIS2_PLACEMENT_3D('NONE',#909,#7138,#7139);
#7141=PLANE('NONE',#7140);
#7142=FACE_SURFACE('NONE',(#7137),#7141,.T.);
#7143=POLY_LOOP('NONE',(#1274,#558,#557,#1275));
#7144=FACE_OUTER_BOUND('NONE',#7143,.T.);
#7145=DIRECTION('NONE',(-0.534987,-0.84486,0));
#7146=DIRECTION('NONE',(0,0,-1));
#7147=AXIS2_PLACEMENT_3D('NONE',#1274,#7145,#7146);
#7148=PLANE('NONE',#7147);
#7149=FACE_SURFACE('NONE',(#7144),#7148,.T.);
#7150=POLY_LOOP('NONE',(#910,#909,#233,#232));
#7151=FACE_OUTER_BOUND('NONE',#7150,.T.);
#7152=DIRECTION('NONE',(0.918479,-0.395469,0));
#7153=DIRECTION('NONE',(-0.395469,-0.918479,0));
#7154=AXIS2_PLACEMENT_3D('NONE',#910,#7152,#7153);
#7155=PLANE('NONE',#7154);
#7156=FACE_SURFACE('NONE',(#7151),#7155,.T.);
#7157=POLY_LOOP('NONE',(#911,#910,#232,#231));
#7158=FACE_OUTER_BOUND('NONE',#7157,.T.);
#7159=DIRECTION('NONE',(0.85167,-0.524078,0));
#7160=DIRECTION('NONE',(-0.524078,-0.85167,0));
#7161=AXIS2_PLACEMENT_3D('NONE',#911,#7159,#7160);
#7162=PLANE('NONE',#7161);
#7163=FACE_SURFACE('NONE',(#7158),#7162,.T.);
#7164=POLY_LOOP('NONE',(#1089,#371,#370,#1090));
#7165=FACE_OUTER_BOUND('NONE',#7164,.T.);
#7166=DIRECTION('NONE',(0.656552,0.754281,0));
#7167=DIRECTION('NONE',(0,0,-1));
#7168=AXIS2_PLACEMENT_3D('NONE',#1089,#7166,#7167);
#7169=PLANE('NONE',#7168);
#7170=FACE_SURFACE('NONE',(#7165),#7169,.T.);
#7171=POLY_LOOP('NONE',(#912,#911,#231,#230));
#7172=FACE_OUTER_BOUND('NONE',#7171,.T.);
#7173=DIRECTION('NONE',(0.762887,-0.646532,0));
#7174=DIRECTION('NONE',(-0.646532,-0.762887,0));
#7175=AXIS2_PLACEMENT_3D('NONE',#912,#7173,#7174);
#7176=PLANE('NONE',#7175);
#7177=FACE_SURFACE('NONE',(#7172),#7176,.T.);
#7178=POLY_LOOP('NONE',(#369,#1091,#1090,#370));
#7179=FACE_OUTER_BOUND('NONE',#7178,.T.);
#7180=DIRECTION('NONE',(0.685786,0.727803,0));
#7181=DIRECTION('NONE',(0,0,1));
#7182=AXIS2_PLACEMENT_3D('NONE',#369,#7180,#7181);
#7183=PLANE('NONE',#7182);
#7184=FACE_SURFACE('NONE',(#7179),#7183,.T.);
#7185=POLY_LOOP('NONE',(#913,#912,#230,#229));
#7186=FACE_OUTER_BOUND('NONE',#7185,.T.);
#7187=DIRECTION('NONE',(0.646528,-0.76289,0));
#7188=DIRECTION('NONE',(-0.76289,-0.646528,0));
#7189=AXIS2_PLACEMENT_3D('NONE',#913,#7187,#7188);
#7190=PLANE('NONE',#7189);
#7191=FACE_SURFACE('NONE',(#7186),#7190,.T.);
#7192=POLY_LOOP('NONE',(#914,#913,#229,#228));
#7193=FACE_OUTER_BOUND('NONE',#7192,.T.);
#7194=DIRECTION('NONE',(0.524114,-0.851648,0));
#7195=DIRECTION('NONE',(-0.851648,-0.524114,0));
#7196=AXIS2_PLACEMENT_3D('NONE',#914,#7194,#7195);
#7197=PLANE('NONE',#7196);
#7198=FACE_SURFACE('NONE',(#7193),#7197,.T.);
#7199=POLY_LOOP('NONE',(#368,#1092,#1091,#369));
#7200=FACE_OUTER_BOUND('NONE',#7199,.T.);
#7201=DIRECTION('NONE',(0.727803,0.685786,0));
#7202=DIRECTION('NONE',(0,0,1));
#7203=AXIS2_PLACEMENT_3D('NONE',#368,#7201,#7202);
#7204=PLANE('NONE',#7203);
#7205=FACE_SURFACE('NONE',(#7200),#7204,.T.);
#7206=POLY_LOOP('NONE',(#555,#554,#1278,#1277));
#7207=FACE_OUTER_BOUND('NONE',#7206,.T.);
#7208=DIRECTION('NONE',(-0.656495,-0.75433,0));
#7209=DIRECTION('NONE',(0.75433,-0.656495,0));
#7210=AXIS2_PLACEMENT_3D('NONE',#555,#7208,#7209);
#7211=PLANE('NONE',#7210);
#7212=FACE_SURFACE('NONE',(#7207),#7211,.T.);
#7213=POLY_LOOP('NONE',(#915,#914,#228,#227));
#7214=FACE_OUTER_BOUND('NONE',#7213,.T.);
#7215=DIRECTION('NONE',(0.395428,-0.918497,0));
#7216=DIRECTION('NONE',(-0.918497,-0.395428,0));
#7217=AXIS2_PLACEMENT_3D('NONE',#915,#7215,#7216);
#7218=PLANE('NONE',#7217);
#7219=FACE_SURFACE('NONE',(#7214),#7218,.T.);
#7220=POLY_LOOP('NONE',(#916,#915,#227,#226));
#7221=FACE_OUTER_BOUND('NONE',#7220,.T.);
#7222=DIRECTION('NONE',(0.227649,-0.973743,0));
#7223=DIRECTION('NONE',(-0.973743,-0.227649,0));
#7224=AXIS2_PLACEMENT_3D('NONE',#916,#7222,#7223);
#7225=PLANE('NONE',#7224);
#7226=FACE_SURFACE('NONE',(#7221),#7225,.T.);
#7227=POLY_LOOP('NONE',(#1092,#368,#367,#1093));
#7228=FACE_OUTER_BOUND('NONE',#7227,.T.);
#7229=DIRECTION('NONE',(0.761216,0.648499,0));
#7230=DIRECTION('NONE',(0,0,-1));
#7231=AXIS2_PLACEMENT_3D('NONE',#1092,#7229,#7230);
#7232=PLANE('NONE',#7231);
#7233=FACE_SURFACE('NONE',(#7228),#7232,.T.);
#7234=POLY_LOOP('NONE',(#917,#916,#226,#225));
#7235=FACE_OUTER_BOUND('NONE',#7234,.T.);
#7236=DIRECTION('NONE',(0.086097,-0.996287,0));
#7237=DIRECTION('NONE',(-0.996287,-0.086097,0));
#7238=AXIS2_PLACEMENT_3D('NONE',#917,#7236,#7237);
#7239=PLANE('NONE',#7238);
#7240=FACE_SURFACE('NONE',(#7235),#7239,.T.);
#7241=POLY_LOOP('NONE',(#192,#235,#907,#906));
#7242=FACE_OUTER_BOUND('NONE',#7241,.T.);
#7243=DIRECTION('NONE',(1,0,0));
#7244=DIRECTION('NONE',(0,1,0));
#7245=AXIS2_PLACEMENT_3D('NONE',#192,#7243,#7244);
#7246=PLANE('NONE',#7245);
#7247=FACE_SURFACE('NONE',(#7242),#7246,.T.);
#7248=POLY_LOOP('NONE',(#234,#908,#907,#235));
#7249=FACE_OUTER_BOUND('NONE',#7248,.T.);
#7250=DIRECTION('NONE',(0.996286,-0.086101,0));
#7251=DIRECTION('NONE',(0,0,1));
#7252=AXIS2_PLACEMENT_3D('NONE',#234,#7250,#7251);
#7253=PLANE('NONE',#7252);
#7254=FACE_SURFACE('NONE',(#7249),#7253,.T.);
#7255=POLY_LOOP('NONE',(#1424,#1423,#642,#641));
#7256=FACE_OUTER_BOUND('NONE',#7255,.T.);
#7257=DIRECTION('NONE',(0.535064,0.844812,0));
#7258=DIRECTION('NONE',(0.844812,-0.535064,0));
#7259=AXIS2_PLACEMENT_3D('NONE',#1424,#7257,#7258);
#7260=PLANE('NONE',#7259);
#7261=FACE_SURFACE('NONE',(#7256),#7260,.T.);
#7262=POLY_LOOP('NONE',(#225,#224,#918,#917));
#7263=FACE_OUTER_BOUND('NONE',#7262,.T.);
#7264=DIRECTION('NONE',(0,-1,0));
#7265=DIRECTION('NONE',(1,0,0));
#7266=AXIS2_PLACEMENT_3D('NONE',#225,#7264,#7265);
#7267=PLANE('NONE',#7266);
#7268=FACE_SURFACE('NONE',(#7263),#7267,.T.);
#7269=POLY_LOOP('NONE',(#202,#201,#941,#940));
#7270=FACE_OUTER_BOUND('NONE',#7269,.T.);
#7271=DIRECTION('NONE',(0.086097,0.996287,0));
#7272=DIRECTION('NONE',(-0.996287,0.086097,0));
#7273=AXIS2_PLACEMENT_3D('NONE',#202,#7271,#7272);
#7274=PLANE('NONE',#7273);
#7275=FACE_SURFACE('NONE',(#7270),#7274,.T.);
#7276=POLY_LOOP('NONE',(#942,#941,#201,#200));
#7277=FACE_OUTER_BOUND('NONE',#7276,.T.);
#7278=DIRECTION('NONE',(0.227603,0.973754,0));
#7279=DIRECTION('NONE',(0.973754,-0.227603,0));
#7280=AXIS2_PLACEMENT_3D('NONE',#942,#7278,#7279);
#7281=PLANE('NONE',#7280);
#7282=FACE_SURFACE('NONE',(#7277),#7281,.T.);
#7283=POLY_LOOP('NONE',(#550,#1282,#1281,#551));
#7284=FACE_OUTER_BOUND('NONE',#7283,.T.);
#7285=DIRECTION('NONE',(-0.7863,-0.617845,0));
#7286=DIRECTION('NONE',(0,0,1));
#7287=AXIS2_PLACEMENT_3D('NONE',#550,#7285,#7286);
#7288=PLANE('NONE',#7287);
#7289=FACE_SURFACE('NONE',(#7284),#7288,.T.);
#7290=POLY_LOOP('NONE',(#943,#942,#200,#199));
#7291=FACE_OUTER_BOUND('NONE',#7290,.T.);
#7292=DIRECTION('NONE',(0.395469,0.918479,0));
#7293=DIRECTION('NONE',(0.918479,-0.395469,0));
#7294=AXIS2_PLACEMENT_3D('NONE',#943,#7292,#7293);
#7295=PLANE('NONE',#7294);
#7296=FACE_SURFACE('NONE',(#7291),#7295,.T.);
#7297=POLY_LOOP('NONE',(#1282,#550,#549,#1283));
#7298=FACE_OUTER_BOUND('NONE',#7297,.T.);
#7299=DIRECTION('NONE',(-0.816569,-0.577248,0));
#7300=DIRECTION('NONE',(0,0,-1));
#7301=AXIS2_PLACEMENT_3D('NONE',#1282,#7299,#7300);
#7302=PLANE('NONE',#7301);
#7303=FACE_SURFACE('NONE',(#7298),#7302,.T.);
#7304=POLY_LOOP('NONE',(#944,#943,#199,#198));
#7305=FACE_OUTER_BOUND('NONE',#7304,.T.);
#7306=DIRECTION('NONE',(0.524078,0.85167,0));
#7307=DIRECTION('NONE',(0.85167,-0.524078,0));
#7308=AXIS2_PLACEMENT_3D('NONE',#944,#7306,#7307);
#7309=PLANE('NONE',#7308);
#7310=FACE_SURFACE('NONE',(#7305),#7309,.T.);
#7311=POLY_LOOP('NONE',(#945,#944,#198,#197));
#7312=FACE_OUTER_BOUND('NONE',#7311,.T.);
#7313=DIRECTION('NONE',(0.646557,0.762866,0));
#7314=DIRECTION('NONE',(0.762866,-0.646557,0));
#7315=AXIS2_PLACEMENT_3D('NONE',#945,#7313,#7314);
#7316=PLANE('NONE',#7315);
#7317=FACE_SURFACE('NONE',(#7312),#7316,.T.);
#7318=POLY_LOOP('NONE',(#1284,#1283,#549,#548));
#7319=FACE_OUTER_BOUND('NONE',#7318,.T.);
#7320=DIRECTION('NONE',(-0.844851,-0.535001,0));
#7321=DIRECTION('NONE',(-0.535001,0.844851,0));
#7322=AXIS2_PLACEMENT_3D('NONE',#1284,#7320,#7321);
#7323=PLANE('NONE',#7322);
#7324=FACE_SURFACE('NONE',(#7319),#7323,.T.);
#7325=POLY_LOOP('NONE',(#946,#945,#197,#196));
#7326=FACE_OUTER_BOUND('NONE',#7325,.T.);
#7327=DIRECTION('NONE',(0.762866,0.646557,0));
#7328=DIRECTION('NONE',(0.646557,-0.762866,0));
#7329=AXIS2_PLACEMENT_3D('NONE',#946,#7327,#7328);
#7330=PLANE('NONE',#7329);
#7331=FACE_SURFACE('NONE',(#7326),#7330,.T.);
#7332=POLY_LOOP('NONE',(#947,#946,#196,#195));
#7333=FACE_OUTER_BOUND('NONE',#7332,.T.);
#7334=DIRECTION('NONE',(0.85167,0.524078,0));
#7335=DIRECTION('NONE',(0.524078,-0.85167,0));
#7336=AXIS2_PLACEMENT_3D('NONE',#947,#7334,#7335);
#7337=PLANE('NONE',#7336);
#7338=FACE_SURFACE('NONE',(#7333),#7337,.T.);
#7339=POLY_LOOP('NONE',(#948,#947,#195,#194));
#7340=FACE_OUTER_BOUND('NONE',#7339,.T.);
#7341=DIRECTION('NONE',(0.918479,0.395469,0));
#7342=DIRECTION('NONE',(0.395469,-0.918479,0));
#7343=AXIS2_PLACEMENT_3D('NONE',#948,#7341,#7342);
#7344=PLANE('NONE',#7343);
#7345=FACE_SURFACE('NONE',(#7340),#7344,.T.);
#7346=POLY_LOOP('NONE',(#949,#948,#194,#193));
#7347=FACE_OUTER_BOUND('NONE',#7346,.T.);
#7348=DIRECTION('NONE',(0.973754,0.227603,0));
#7349=DIRECTION('NONE',(0.227603,-0.973754,0));
#7350=AXIS2_PLACEMENT_3D('NONE',#949,#7348,#7349);
#7351=PLANE('NONE',#7350);
#7352=FACE_SURFACE('NONE',(#7347),#7351,.T.);
#7353=POLY_LOOP('NONE',(#906,#949,#193,#192));
#7354=FACE_OUTER_BOUND('NONE',#7353,.T.);
#7355=DIRECTION('NONE',(0.996287,0.086097,0));
#7356=DIRECTION('NONE',(0.086097,-0.996287,0));
#7357=AXIS2_PLACEMENT_3D('NONE',#906,#7355,#7356);
#7358=PLANE('NONE',#7357);
#7359=FACE_SURFACE('NONE',(#7354),#7358,.T.);
#7360=POLY_LOOP('NONE',(#1286,#546,#545,#1287));
#7361=FACE_OUTER_BOUND('NONE',#7360,.T.);
#7362=DIRECTION('NONE',(-0.918402,-0.395649,0));
#7363=DIRECTION('NONE',(0,0,-1));
#7364=AXIS2_PLACEMENT_3D('NONE',#1286,#7362,#7363);
#7365=PLANE('NONE',#7364);
#7366=FACE_SURFACE('NONE',(#7361),#7365,.T.);
#7367=POLY_LOOP('NONE',(#1101,#1100,#488,#487));
#7368=FACE_OUTER_BOUND('NONE',#7367,.T.);
#7369=DIRECTION('NONE',(0.950096,0.311957,0));
#7370=DIRECTION('NONE',(0.311957,-0.950096,0));
#7371=AXIS2_PLACEMENT_3D('NONE',#1101,#7369,#7370);
#7372=PLANE('NONE',#7371);
#7373=FACE_SURFACE('NONE',(#7368),#7372,.T.);
#7374=POLY_LOOP('NONE',(#203,#202,#940,#939));
#7375=FACE_OUTER_BOUND('NONE',#7374,.T.);
#7376=DIRECTION('NONE',(0,1,0));
#7377=DIRECTION('NONE',(-1,0,0));
#7378=AXIS2_PLACEMENT_3D('NONE',#203,#7376,#7377);
#7379=PLANE('NONE',#7378);
#7380=FACE_SURFACE('NONE',(#7375),#7379,.T.);
#7381=POLY_LOOP('NONE',(#1103,#485,#484,#1104));
#7382=FACE_OUTER_BOUND('NONE',#7381,.T.);
#7383=DIRECTION('NONE',(0.98562,0.168979,0));
#7384=DIRECTION('NONE',(0,0,-1));
#7385=AXIS2_PLACEMENT_3D('NONE',#1103,#7383,#7384);
#7386=PLANE('NONE',#7385);
#7387=FACE_SURFACE('NONE',(#7382),#7386,.T.);
#7388=POLY_LOOP('NONE',(#484,#483,#1105,#1104));
#7389=FACE_OUTER_BOUND('NONE',#7388,.T.);
#7390=DIRECTION('NONE',(0.992063,0.12574,0));
#7391=DIRECTION('NONE',(-0.12574,0.992063,0));
#7392=AXIS2_PLACEMENT_3D('NONE',#484,#7390,#7391);
#7393=PLANE('NONE',#7392);
#7394=FACE_SURFACE('NONE',(#7389),#7393,.T.);
#7395=POLY_LOOP('NONE',(#482,#481,#1107,#1106));
#7396=FACE_OUTER_BOUND('NONE',#7395,.T.);
#7397=DIRECTION('NONE',(0.999604,0.028143,0));
#7398=DIRECTION('NONE',(-0.028143,0.999604,0));
#7399=AXIS2_PLACEMENT_3D('NONE',#482,#7397,#7398);
#7400=PLANE('NONE',#7399);
#7401=FACE_SURFACE('NONE',(#7396),#7400,.T.);
#7402=POLY_LOOP('NONE',(#481,#480,#1108,#1107));
#7403=FACE_OUTER_BOUND('NONE',#7402,.T.);
#7404=DIRECTION('NONE',(0.999604,-0.028143,0));
#7405=DIRECTION('NONE',(0.028143,0.999604,0));
#7406=AXIS2_PLACEMENT_3D('NONE',#481,#7404,#7405);
#7407=PLANE('NONE',#7406);
#7408=FACE_SURFACE('NONE',(#7403),#7407,.T.);
#7409=POLY_LOOP('NONE',(#489,#1099,#1098,#490));
#7410=FACE_OUTER_BOUND('NONE',#7409,.T.);
#7411=DIRECTION('NONE',(0.918419,0.39561,0));
#7412=DIRECTION('NONE',(0,0,1));
#7413=AXIS2_PLACEMENT_3D('NONE',#489,#7411,#7412);
#7414=PLANE('NONE',#7413);
#7415=FACE_SURFACE('NONE',(#7410),#7414,.T.);
#7416=POLY_LOOP('NONE',(#1099,#489,#488,#1100));
#7417=FACE_OUTER_BOUND('NONE',#7416,.T.);
#7418=DIRECTION('NONE',(0.932256,0.361798,0));
#7419=DIRECTION('NONE',(0,0,-1));
#7420=AXIS2_PLACEMENT_3D('NONE',#1099,#7418,#7419);
#7421=PLANE('NONE',#7420);
#7422=FACE_SURFACE('NONE',(#7417),#7421,.T.);
#7423=POLY_LOOP('NONE',(#1105,#483,#482,#1106));
#7424=FACE_OUTER_BOUND('NONE',#7423,.T.);
#7425=DIRECTION('NONE',(0.997529,0.070261,0));
#7426=DIRECTION('NONE',(0,0,-1));
#7427=AXIS2_PLACEMENT_3D('NONE',#1105,#7425,#7426);
#7428=PLANE('NONE',#7427);
#7429=FACE_SURFACE('NONE',(#7424),#7428,.T.);
#7430=POLY_LOOP('NONE',(#1114,#1113,#475,#474));
#7431=FACE_OUTER_BOUND('NONE',#7430,.T.);
#7432=DIRECTION('NONE',(0.950091,-0.311973,0));
#7433=DIRECTION('NONE',(-0.311973,-0.950091,0));
#7434=AXIS2_PLACEMENT_3D('NONE',#1114,#7432,#7433);
#7435=PLANE('NONE',#7434);
#7436=FACE_SURFACE('NONE',(#7431),#7435,.T.);
#7437=POLY_LOOP('NONE',(#1117,#471,#470,#1118));
#7438=FACE_OUTER_BOUND('NONE',#7437,.T.);
#7439=DIRECTION('NONE',(0.870813,-0.491614,0));
#7440=DIRECTION('NONE',(0,0,-1));
#7441=AXIS2_PLACEMENT_3D('NONE',#1117,#7439,#7440);
#7442=PLANE('NONE',#7441);
#7443=FACE_SURFACE('NONE',(#7438),#7442,.T.);
#7444=POLY_LOOP('NONE',(#469,#1119,#1118,#470));
#7445=FACE_OUTER_BOUND('NONE',#7444,.T.);
#7446=DIRECTION('NONE',(0.844836,-0.535025,0));
#7447=DIRECTION('NONE',(0,0,1));
#7448=AXIS2_PLACEMENT_3D('NONE',#469,#7446,#7447);
#7449=PLANE('NONE',#7448);
#7450=FACE_SURFACE('NONE',(#7445),#7449,.T.);
#7451=POLY_LOOP('NONE',(#1122,#466,#465,#1123));
#7452=FACE_OUTER_BOUND('NONE',#7451,.T.);
#7453=DIRECTION('NONE',(0.727803,-0.685786,0));
#7454=DIRECTION('NONE',(0,0,-1));
#7455=AXIS2_PLACEMENT_3D('NONE',#1122,#7453,#7454);
#7456=PLANE('NONE',#7455);
#7457=FACE_SURFACE('NONE',(#7452),#7456,.T.);
#7458=POLY_LOOP('NONE',(#1108,#480,#479,#1109));
#7459=FACE_OUTER_BOUND('NONE',#7458,.T.);
#7460=DIRECTION('NONE',(0.997528,-0.070264,0));
#7461=DIRECTION('NONE',(0,0,-1));
#7462=AXIS2_PLACEMENT_3D('NONE',#1108,#7460,#7461);
#7463=PLANE('NONE',#7462);
#7464=FACE_SURFACE('NONE',(#7459),#7463,.T.);
#7465=POLY_LOOP('NONE',(#381,#1207,#1206,#382));
#7466=FACE_OUTER_BOUND('NONE',#7465,.T.);
#7467=DIRECTION('NONE',(0.168979,0.98562,0));
#7468=DIRECTION('NONE',(0,0,1));
#7469=AXIS2_PLACEMENT_3D('NONE',#381,#7467,#7468);
#7470=PLANE('NONE',#7469);
#7471=FACE_SURFACE('NONE',(#7466),#7470,.T.);
#7472=POLY_LOOP('NONE',(#1198,#390,#389,#1199));
#7473=FACE_OUTER_BOUND('NONE',#7472,.T.);
#7474=DIRECTION('NONE',(-0.225874,0.974156,0));
#7475=DIRECTION('NONE',(0,0,-1));
#7476=AXIS2_PLACEMENT_3D('NONE',#1198,#7474,#7475);
#7477=PLANE('NONE',#7476);
#7478=FACE_SURFACE('NONE',(#7473),#7477,.T.);
#7479=POLY_LOOP('NONE',(#386,#385,#1203,#1202));
#7480=FACE_OUTER_BOUND('NONE',#7479,.T.);
#7481=DIRECTION('NONE',(-0.01388,0.999904,0));
#7482=DIRECTION('NONE',(-0.999904,-0.01388,0));
#7483=AXIS2_PLACEMENT_3D('NONE',#386,#7481,#7482);
#7484=PLANE('NONE',#7483);
#7485=FACE_SURFACE('NONE',(#7480),#7484,.T.);
#7486=POLY_LOOP('NONE',(#1189,#399,#398,#1190));
#7487=FACE_OUTER_BOUND('NONE',#7486,.T.);
#7488=DIRECTION('NONE',(-0.617812,0.786326,0));
#7489=DIRECTION('NONE',(0,0,-1));
#7490=AXIS2_PLACEMENT_3D('NONE',#1189,#7488,#7489);
#7491=PLANE('NONE',#7490);
#7492=FACE_SURFACE('NONE',(#7487),#7491,.T.);
#7493=POLY_LOOP('NONE',(#406,#1182,#1181,#407));
#7494=FACE_OUTER_BOUND('NONE',#7493,.T.);
#7495=DIRECTION('NONE',(-0.870826,0.491591,0));
#7496=DIRECTION('NONE',(0,0,1));
#7497=AXIS2_PLACEMENT_3D('NONE',#406,#7495,#7496);
#7498=PLANE('NONE',#7497);
#7499=FACE_SURFACE('NONE',(#7494),#7498,.T.);
#7500=POLY_LOOP('NONE',(#1182,#406,#405,#1183));
#7501=FACE_OUTER_BOUND('NONE',#7500,.T.);
#7502=DIRECTION('NONE',(-0.844821,0.53505,0));
#7503=DIRECTION('NONE',(0,0,-1));
#7504=AXIS2_PLACEMENT_3D('NONE',#1182,#7502,#7503);
#7505=PLANE('NONE',#7504);
#7506=FACE_SURFACE('NONE',(#7501),#7505,.T.);
#7507=POLY_LOOP('NONE',(#1464,#1465,#1466,#1467));
#7508=FACE_OUTER_BOUND('NONE',#7507,.T.);
#7509=DIRECTION('NONE',(1,0,0));
#7510=DIRECTION('NONE',(0,1,0));
#7511=AXIS2_PLACEMENT_3D('NONE',#1464,#7509,#7510);
#7512=PLANE('NONE',#7511);
#7513=FACE_SURFACE('NONE',(#7508),#7512,.T.);
#7514=POLY_LOOP('NONE',(#1464,#1467,#1468,#1469));
#7515=FACE_OUTER_BOUND('NONE',#7514,.T.);
#7516=DIRECTION('NONE',(0,-1,0));
#7517=DIRECTION('NONE',(0,0,1));
#7518=AXIS2_PLACEMENT_3D('NONE',#1464,#7516,#7517);
#7519=PLANE('NONE',#7518);
#7520=FACE_SURFACE('NONE',(#7515),#7519,.T.);
#7521=POLY_LOOP('NONE',(#1470,#1471,#1472,#1468,#1467,#1466,#1473,#1474,#1475,#1476,#1477,#1478));
#7522=FACE_OUTER_BOUND('NONE',#7521,.T.);
#7523=POLY_LOOP('NONE',(#1479,#1480,#1481,#1482,#1483,#1484,#1485,#1486,#1487,#1488,#1489,#1490,#1491,#1492,#1493,#1494,#1495,#1496,#1497,#1498,#1499,#1500,#1501,#1502,#1503,#1504,#1505,#1506,#1507,#1508,#1509,#1510,#1511,#1512,#1513,#1514,#1515,#1516,#1517,#1518,#1519,#1520,#1521,#1522,#1523,#1524,#1525,#1526,#1527,#1528,#1529,#1530,#1531,#1532,#1533,#1534,#1535,#1536,#1537,#1538,#1539,#1540,#1541,#1542,#1543,#1544,#1545,#1546,#1547,#1548,#1549,#1550,#1551,#1552,#1553,#1554,#1555,#1556,#1557,#1558,#1559,#1560,#1561,#1562,#1563,#1564,#1565,#1566,#1567,#1568,#1569,#1570,#1571,#1572,#1573,#1574,#1575,#1576,#1577,#1578,#1579,#1580,#1581,#1582,#1583,#1584,#1585,#1586,#1587,#1588,#1589,#1590,#1591,#1592,#1593,#1594,#1595,#1596,#1597,#1598,#1599,#1600,#1601,#1602,#1603,#1604,#1605,#1606));
#7524=FACE_BOUND('NONE',#7523,.T.);
#7525=POLY_LOOP('NONE',(#1607,#1608,#1609,#1610,#1611,#1612,#1613,#1614,#1615,#1616,#1617,#1618,#1619,#1620,#1621,#1622,#1623,#1624,#1625,#1626,#1627,#1628,#1629,#1630,#1631,#1632,#1633,#1634,#1635,#1636,#1637,#1638,#1639,#1640,#1641,#1642,#1643,#1644,#1645,#1646,#1647,#1648,#1649,#1650,#1651,#1652,#1653,#1654,#1655,#1656,#1657,#1658,#1659,#1660,#1661,#1662,#1663,#1664,#1665,#1666,#1667,#1668,#1669,#1670,#1671,#1672,#1673,#1674,#1675,#1676,#1677,#1678,#1679,#1680,#1681,#1682,#1683,#1684,#1685,#1686,#1687,#1688,#1689,#1690,#1691,#1692,#1693,#1694,#1695,#1696,#1697,#1698,#1699,#1700,#1701,#1702,#1703,#1704,#1705,#1706,#1707,#1708,#1709,#1710,#1711,#1712,#1713,#1714,#1715,#1716,#1717,#1718,#1719,#1720,#1721,#1722,#1723,#1724,#1725,#1726,#1727,#1728,#1729,#1730,#1731,#1732,#1733,#1734));
#7526=FACE_BOUND('NONE',#7525,.T.);
#7527=POLY_LOOP('NONE',(#1735,#1736,#1737,#1738,#1739,#1740,#1741,#1742,#1743,#1744,#1745,#1746,#1747,#1748,#1749,#1750,#1751,#1752,#1753,#1754,#1755,#1756,#1757,#1758,#1759,#1760,#1761,#1762,#1763,#1764,#1765,#1766,#1767,#1768,#1769,#1770,#1771,#1772,#1773,#1774,#1775,#1776,#1777,#1778,#1779,#1780,#1781,#1782,#1783,#1784,#1785,#1786,#1787,#1788,#1789,#1790,#1791,#1792,#1793,#1794,#1795,#1796,#1797,#1798,#1799,#1800,#1801,#1802,#1803,#1804,#1805,#1806,#1807,#1808,#1809,#1810,#1811,#1812,#1813,#1814,#1815,#1816,#1817,#1818,#1819,#1820,#1821,#1822,#1823,#1824,#1825,#1826,#1827,#1828,#1829,#1830,#1831,#1832,#1833,#1834,#1835,#1836,#1837,#1838,#1839,#1840,#1841,#1842,#1843,#1844,#1845,#1846,#1847,#1848,#1849,#1850,#1851,#1852,#1853,#1854,#1855,#1856,#1857,#1858,#1859,#1860,#1861,#1862));
#7528=FACE_BOUND('NONE',#7527,.T.);
#7529=POLY_LOOP('NONE',(#1863,#1864,#1865,#1866,#1867,#1868,#1869,#1870,#1871,#1872,#1873,#1874,#1875,#1876,#1877,#1878,#1879,#1880,#1881,#1882,#1883,#1884,#1885,#1886,#1887,#1888,#1889,#1890,#1891,#1892,#1893,#1894,#1895,#1896,#1897,#1898,#1899,#1900,#1901,#1902,#1903,#1904,#1905,#1906,#1907,#1908,#1909,#1910,#1911,#1912,#1913,#1914,#1915,#1916,#1917,#1918,#1919,#1920,#1921,#1922,#1923,#1924,#1925,#1926,#1927,#1928,#1929,#1930,#1931,#1932,#1933,#1934,#1935,#1936,#1937,#1938,#1939,#1940,#1941,#1942,#1943,#1944,#1945,#1946,#1947,#1948,#1949,#1950,#1951,#1952,#1953,#1954,#1955,#1956,#1957,#1958,#1959,#1960,#1961,#1962,#1963,#1964,#1965,#1966,#1967,#1968,#1969,#1970,#1971,#1972,#1973,#1974,#1975,#1976,#1977,#1978,#1979,#1980,#1981,#1982,#1983,#1984,#1985,#1986,#1987,#1988,#1989,#1990));
#7530=FACE_BOUND('NONE',#7529,.T.);
#7531=DIRECTION('NONE',(0,0,1));
#7532=DIRECTION('NONE',(0,-1,0));
#7533=AXIS2_PLACEMENT_3D('NONE',#1470,#7531,#7532);
#7534=PLANE('NONE',#7533);
#7535=FACE_SURFACE('NONE',(#7522,#7524,#7526,#7528,#7530),#7534,.T.);
#7536=POLY_LOOP('NONE',(#1991,#1992,#1478,#1477));
#7537=FACE_OUTER_BOUND('NONE',#7536,.T.);
#7538=DIRECTION('NONE',(-1,0,0));
#7539=DIRECTION('NONE',(0,-1,0));
#7540=AXIS2_PLACEMENT_3D('NONE',#1991,#7538,#7539);
#7541=PLANE('NONE',#7540);
#7542=FACE_SURFACE('NONE',(#7537),#7541,.T.);
#7543=POLY_LOOP('NONE',(#1993,#1994,#1995,#1996));
#7544=FACE_OUTER_BOUND('NONE',#7543,.T.);
#7545=DIRECTION('NONE',(1,0,0));
#7546=DIRECTION('NONE',(0,0,1));
#7547=AXIS2_PLACEMENT_3D('NONE',#1993,#7545,#7546);
#7548=PLANE('NONE',#7547);
#7549=FACE_SURFACE('NONE',(#7544),#7548,.T.);
#7550=POLY_LOOP('NONE',(#1468,#1472,#1997,#1998,#1474,#1473,#1999,#1469));
#7551=FACE_OUTER_BOUND('NONE',#7550,.T.);
#7552=DIRECTION('NONE',(-1,0,0));
#7553=DIRECTION('NONE',(0,1,0));
#7554=AXIS2_PLACEMENT_3D('NONE',#1468,#7552,#7553);
#7555=PLANE('NONE',#7554);
#7556=FACE_SURFACE('NONE',(#7551),#7555,.T.);
#7557=POLY_LOOP('NONE',(#1999,#1473,#1466,#1465));
#7558=FACE_OUTER_BOUND('NONE',#7557,.T.);
#7559=DIRECTION('NONE',(0,1,0));
#7560=DIRECTION('NONE',(0,0,1));
#7561=AXIS2_PLACEMENT_3D('NONE',#1999,#7559,#7560);
#7562=PLANE('NONE',#7561);
#7563=FACE_SURFACE('NONE',(#7558),#7562,.T.);
#7564=POLY_LOOP('NONE',(#1464,#1469,#1999,#1465));
#7565=FACE_OUTER_BOUND('NONE',#7564,.T.);
#7566=POLY_LOOP('NONE',(#2000,#1995,#1994,#2001));
#7567=FACE_BOUND('NONE',#7566,.T.);
#7568=POLY_LOOP('NONE',(#2002,#2003,#2004,#2005,#2006,#2007,#2008,#2009,#2010,#2011,#2012,#2013,#2014,#2015,#2016,#2017,#2018,#2019,#2020,#2021,#2022,#2023,#2024,#2025,#2026,#2027,#2028,#2029,#2030,#2031,#2032,#2033,#2034,#2035,#2036,#2037,#2038,#2039,#2040,#2041,#2042,#2043,#2044,#2045,#2046,#2047,#2048,#2049,#2050,#2051,#2052,#2053,#2054,#2055,#2056,#2057,#2058,#2059,#2060,#2061,#2062,#2063,#2064,#2065,#2066,#2067,#2068,#2069,#2070,#2071,#2072,#2073,#2074,#2075,#2076,#2077,#2078,#2079,#2080,#2081,#2082,#2083,#2084,#2085,#2086,#2087,#2088,#2089,#2090,#2091,#2092,#2093,#2094,#2095,#2096,#2097,#2098,#2099,#2100,#2101,#2102,#2103,#2104,#2105,#2106,#2107,#2108,#2109,#2110,#2111,#2112,#2113,#2114,#2115,#2116,#2117,#2118,#2119,#2120,#2121,#2122,#2123,#2124,#2125,#2126,#2127,#2128,#2129));
#7569=FACE_BOUND('NONE',#7568,.T.);
#7570=POLY_LOOP('NONE',(#2130,#2131,#2132,#2133,#2134,#2135,#2136,#2137,#2138,#2139,#2140,#2141,#2142,#2143,#2144,#2145,#2146,#2147,#2148,#2149,#2150,#2151,#2152,#2153,#2154,#2155,#2156,#2157,#2158,#2159,#2160,#2161,#2162,#2163,#2164,#2165,#2166,#2167,#2168,#2169,#2170,#2171,#2172,#2173,#2174,#2175,#2176,#2177,#2178,#2179,#2180,#2181,#2182,#2183,#2184,#2185,#2186,#2187,#2188,#2189,#2190,#2191,#2192,#2193,#2194,#2195,#2196,#2197,#2198,#2199,#2200,#2201,#2202,#2203,#2204,#2205,#2206,#2207,#2208,#2209,#2210,#2211,#2212,#2213,#2214,#2215,#2216,#2217,#2218,#2219,#2220,#2221,#2222,#2223,#2224,#2225,#2226,#2227,#2228,#2229,#2230,#2231,#2232,#2233,#2234,#2235,#2236,#2237,#2238,#2239,#2240,#2241,#2242,#2243,#2244,#2245,#2246,#2247,#2248,#2249,#2250,#2251,#2252,#2253,#2254,#2255,#2256,#2257));
#7571=FACE_BOUND('NONE',#7570,.T.);
#7572=POLY_LOOP('NONE',(#2258,#2259,#2260,#2261,#2262,#2263,#2264,#2265,#2266,#2267,#2268,#2269,#2270,#2271,#2272,#2273,#2274,#2275,#2276,#2277,#2278,#2279,#2280,#2281,#2282,#2283,#2284,#2285,#2286,#2287,#2288,#2289,#2290,#2291,#2292,#2293,#2294,#2295,#2296,#2297,#2298,#2299,#2300,#2301,#2302,#2303,#2304,#2305,#2306,#2307,#2308,#2309,#2310,#2311,#2312,#2313,#2314,#2315,#2316,#2317,#2318,#2319,#2320,#2321,#2322,#2323,#2324,#2325,#2326,#2327,#2328,#2329,#2330,#2331,#2332,#2333,#2334,#2335,#2336,#2337,#2338,#2339,#2340,#2341,#2342,#2343,#2344,#2345,#2346,#2347,#2348,#2349,#2350,#2351,#2352,#2353,#2354,#2355,#2356,#2357,#2358,#2359,#2360,#2361,#2362,#2363,#2364,#2365,#2366,#2367,#2368,#2369,#2370,#2371,#2372,#2373,#2374,#2375,#2376,#2377,#2378,#2379,#2380,#2381,#2382,#2383,#2384,#2385));
#7573=FACE_BOUND('NONE',#7572,.T.);
#7574=POLY_LOOP('NONE',(#2386,#2387,#2388,#2389,#2390,#2391,#2392,#2393,#2394,#2395,#2396,#2397,#2398,#2399,#2400,#2401,#2402,#2403,#2404,#2405,#2406,#2407,#2408,#2409,#2410,#2411,#2412,#2413,#2414,#2415,#2416,#2417,#2418,#2419,#2420,#2421,#2422,#2423,#2424,#2425,#2426,#2427,#2428,#2429,#2430,#2431,#2432,#2433,#2434,#2435,#2436,#2437,#2438,#2439,#2440,#2441,#2442,#2443,#2444,#2445,#2446,#2447,#2448,#2449,#2450,#2451,#2452,#2453,#2454,#2455,#2456,#2457,#2458,#2459,#2460,#2461,#2462,#2463,#2464,#2465,#2466,#2467,#2468,#2469,#2470,#2471,#2472,#2473,#2474,#2475,#2476,#2477,#2478,#2479,#2480,#2481,#2482,#2483,#2484,#2485,#2486,#2487,#2488,#2489,#2490,#2491,#2492,#2493,#2494,#2495,#2496,#2497,#2498,#2499,#2500,#2501,#2502,#2503,#2504,#2505,#2506,#2507,#2508,#2509,#2510,#2511,#2512,#2513));
#7575=FACE_BOUND('NONE',#7574,.T.);
#7576=DIRECTION('NONE',(0,0,-1));
#7577=DIRECTION('NONE',(-1,0,0));
#7578=AXIS2_PLACEMENT_3D('NONE',#1464,#7576,#7577);
#7579=PLANE('NONE',#7578);
#7580=FACE_SURFACE('NONE',(#7565,#7567,#7569,#7571,#7573,#7575),#7579,.T.);
#7581=POLY_LOOP('NONE',(#1884,#2398,#2397,#1885));
#7582=FACE_OUTER_BOUND('NONE',#7581,.T.);
#7583=DIRECTION('NONE',(-0.535069,0.844809,0));
#7584=DIRECTION('NONE',(0,0,-1));
#7585=AXIS2_PLACEMENT_3D('NONE',#1884,#7583,#7584);
#7586=PLANE('NONE',#7585);
#7587=FACE_SURFACE('NONE',(#7582),#7586,.T.);
#7588=POLY_LOOP('NONE',(#2351,#1749,#1748,#2352));
#7589=FACE_OUTER_BOUND('NONE',#7588,.T.);
#7590=DIRECTION('NONE',(0.168966,0.985622,0));
#7591=DIRECTION('NONE',(0,0,1));
#7592=AXIS2_PLACEMENT_3D('NONE',#2351,#7590,#7591);
#7593=PLANE('NONE',#7592);
#7594=FACE_SURFACE('NONE',(#7589),#7593,.T.);
#7595=POLY_LOOP('NONE',(#2495,#1915,#1914,#2496));
#7596=FACE_OUTER_BOUND('NONE',#7595,.T.);
#7597=DIRECTION('NONE',(0.786326,0.617812,0));
#7598=DIRECTION('NONE',(0,0,1));
#7599=AXIS2_PLACEMENT_3D('NONE',#2495,#7597,#7598);
#7600=PLANE('NONE',#7599);
#7601=FACE_SURFACE('NONE',(#7596),#7600,.T.);
#7602=POLY_LOOP('NONE',(#2493,#2492,#1918,#1917));
#7603=FACE_OUTER_BOUND('NONE',#7602,.T.);
#7604=DIRECTION('NONE',(0.870826,0.491591,0));
#7605=DIRECTION('NONE',(-0.491591,0.870826,0));
#7606=AXIS2_PLACEMENT_3D('NONE',#2493,#7604,#7605);
#7607=PLANE('NONE',#7606);
#7608=FACE_SURFACE('NONE',(#7603),#7607,.T.);
#7609=POLY_LOOP('NONE',(#2503,#1907,#1906,#2504));
#7610=FACE_OUTER_BOUND('NONE',#7609,.T.);
#7611=DIRECTION('NONE',(0.491591,0.870826,0));
#7612=DIRECTION('NONE',(0,0,1));
#7613=AXIS2_PLACEMENT_3D('NONE',#2503,#7611,#7612);
#7614=PLANE('NONE',#7613);
#7615=FACE_SURFACE('NONE',(#7610),#7614,.T.);
#7616=POLY_LOOP('NONE',(#2369,#1859,#1858,#2370));
#7617=FACE_OUTER_BOUND('NONE',#7616,.T.);
#7618=DIRECTION('NONE',(-0.656518,0.75431,0));
#7619=DIRECTION('NONE',(0,0,1));
#7620=AXIS2_PLACEMENT_3D('NONE',#2369,#7618,#7619);
#7621=PLANE('NONE',#7620);
#7622=FACE_SURFACE('NONE',(#7617),#7621,.T.);
#7623=POLY_LOOP('NONE',(#2314,#1786,#1785,#2315));
#7624=FACE_OUTER_BOUND('NONE',#7623,.T.);
#7625=DIRECTION('NONE',(0.913234,-0.407436,0));
#7626=DIRECTION('NONE',(0,0,1));
#7627=AXIS2_PLACEMENT_3D('NONE',#2314,#7625,#7626);
#7628=PLANE('NONE',#7627);
#7629=FACE_SURFACE('NONE',(#7624),#7628,.T.);
#7630=POLY_LOOP('NONE',(#2314,#2313,#1787,#1786));
#7631=FACE_OUTER_BOUND('NONE',#7630,.T.);
#7632=DIRECTION('NONE',(0.894441,-0.447187,0));
#7633=DIRECTION('NONE',(0.447187,0.894441,0));
#7634=AXIS2_PLACEMENT_3D('NONE',#2314,#7632,#7633);
#7635=PLANE('NONE',#7634);
#7636=FACE_SURFACE('NONE',(#7631),#7635,.T.);
#7637=POLY_LOOP('NONE',(#2300,#2299,#1801,#1800));
#7638=FACE_OUTER_BOUND('NONE',#7637,.T.);
#7639=DIRECTION('NONE',(0.407432,-0.913235,0));
#7640=DIRECTION('NONE',(0.913235,0.407432,0));
#7641=AXIS2_PLACEMENT_3D('NONE',#2300,#7639,#7640);
#7642=PLANE('NONE',#7641);
#7643=FACE_SURFACE('NONE',(#7638),#7642,.T.);
#7644=POLY_LOOP('NONE',(#1925,#2485,#2484,#1926));
#7645=FACE_OUTER_BOUND('NONE',#7644,.T.);
#7646=DIRECTION('NONE',(0.992064,0.125737,0));
#7647=DIRECTION('NONE',(0,0,-1));
#7648=AXIS2_PLACEMENT_3D('NONE',#1925,#7646,#7647);
#7649=PLANE('NONE',#7648);
#7650=FACE_SURFACE('NONE',(#7645),#7649,.T.);
#7651=POLY_LOOP('NONE',(#2316,#2315,#1785,#1784));
#7652=FACE_OUTER_BOUND('NONE',#7651,.T.);
#7653=DIRECTION('NONE',(0.932262,-0.361785,0));
#7654=DIRECTION('NONE',(0.361785,0.932262,0));
#7655=AXIS2_PLACEMENT_3D('NONE',#2316,#7653,#7654);
#7656=PLANE('NONE',#7655);
#7657=FACE_SURFACE('NONE',(#7652),#7656,.T.);
#7658=POLY_LOOP('NONE',(#2144,#2143,#1724,#1723));
#7659=FACE_OUTER_BOUND('NONE',#7658,.T.);
#7660=DIRECTION('NONE',(0.727791,0.685799,0));
#7661=DIRECTION('NONE',(-0.685799,0.727791,0));
#7662=AXIS2_PLACEMENT_3D('NONE',#2144,#7660,#7661);
#7663=PLANE('NONE',#7662);
#7664=FACE_SURFACE('NONE',(#7659),#7663,.T.);
#7665=POLY_LOOP('NONE',(#2489,#2488,#1922,#1921));
#7666=FACE_OUTER_BOUND('NONE',#7665,.T.);
#7667=DIRECTION('NONE',(0.950094,0.311965,0));
#7668=DIRECTION('NONE',(-0.311965,0.950094,0));
#7669=AXIS2_PLACEMENT_3D('NONE',#2489,#7667,#7668);
#7670=PLANE('NONE',#7669);
#7671=FACE_SURFACE('NONE',(#7666),#7670,.T.);
#7672=POLY_LOOP('NONE',(#2466,#1944,#1943,#2467));
#7673=FACE_OUTER_BOUND('NONE',#7672,.T.);
#7674=DIRECTION('NONE',(0.727791,-0.685799,0));
#7675=DIRECTION('NONE',(0,0,1));
#7676=AXIS2_PLACEMENT_3D('NONE',#2466,#7674,#7675);
#7677=PLANE('NONE',#7676);
#7678=FACE_SURFACE('NONE',(#7673),#7677,.T.);
#7679=POLY_LOOP('NONE',(#2209,#1658,#1657,#2210));
#7680=FACE_OUTER_BOUND('NONE',#7679,.T.);
#7681=DIRECTION('NONE',(-0.656518,-0.75431,0));
#7682=DIRECTION('NONE',(0,0,1));
#7683=AXIS2_PLACEMENT_3D('NONE',#2209,#7681,#7682);
#7684=PLANE('NONE',#7683);
#7685=FACE_SURFACE('NONE',(#7680),#7684,.T.);
#7686=POLY_LOOP('NONE',(#2487,#2486,#1924,#1923));
#7687=FACE_OUTER_BOUND('NONE',#7686,.T.);
#7688=DIRECTION('NONE',(0.974862,0.22281,0));
#7689=DIRECTION('NONE',(-0.22281,0.974862,0));
#7690=AXIS2_PLACEMENT_3D('NONE',#2487,#7688,#7689);
#7691=PLANE('NONE',#7690);
#7692=FACE_SURFACE('NONE',(#7687),#7691,.T.);
#7693=POLY_LOOP('NONE',(#1925,#1924,#2486,#2485));
#7694=FACE_OUTER_BOUND('NONE',#7693,.T.);
#7695=DIRECTION('NONE',(0.98562,0.168979,0));
#7696=DIRECTION('NONE',(0.168979,-0.98562,0));
#7697=AXIS2_PLACEMENT_3D('NONE',#1925,#7695,#7696);
#7698=PLANE('NONE',#7697);
#7699=FACE_SURFACE('NONE',(#7694),#7698,.T.);
#7700=POLY_LOOP('NONE',(#1659,#1658,#2209,#2208));
#7701=FACE_OUTER_BOUND('NONE',#7700,.T.);
#7702=DIRECTION('NONE',(-0.68582,-0.727772,0));
#7703=DIRECTION('NONE',(-0.727772,0.68582,0));
#7704=AXIS2_PLACEMENT_3D('NONE',#1659,#7702,#7703);
#7705=PLANE('NONE',#7704);
#7706=FACE_SURFACE('NONE',(#7701),#7705,.T.);
#7707=POLY_LOOP('NONE',(#2142,#1725,#1724,#2143));
#7708=FACE_OUTER_BOUND('NONE',#7707,.T.);
#7709=DIRECTION('NONE',(0.754298,0.656532,0));
#7710=DIRECTION('NONE',(0,0,1));
#7711=AXIS2_PLACEMENT_3D('NONE',#2142,#7709,#7710);
#7712=PLANE('NONE',#7711);
#7713=FACE_SURFACE('NONE',(#7708),#7712,.T.);
#7714=POLY_LOOP('NONE',(#1522,#1521,#2082,#2081));
#7715=FACE_OUTER_BOUND('NONE',#7714,.T.);
#7716=DIRECTION('NONE',(0.65651,-0.754317,0));
#7717=DIRECTION('NONE',(-0.754317,-0.65651,0));
#7718=AXIS2_PLACEMENT_3D('NONE',#1522,#7716,#7717);
#7719=PLANE('NONE',#7718);
#7720=FACE_SURFACE('NONE',(#7715),#7719,.T.);
#7721=POLY_LOOP('NONE',(#2405,#1877,#1876,#2406));
#7722=FACE_OUTER_BOUND('NONE',#7721,.T.);
#7723=DIRECTION('NONE',(-0.816569,0.577248,0));
#7724=DIRECTION('NONE',(0,0,1));
#7725=AXIS2_PLACEMENT_3D('NONE',#2405,#7723,#7724);
#7726=PLANE('NONE',#7725);
#7727=FACE_SURFACE('NONE',(#7722),#7726,.T.);
#7728=POLY_LOOP('NONE',(#1877,#2405,#2404,#1878));
#7729=FACE_OUTER_BOUND('NONE',#7728,.T.);
#7730=DIRECTION('NONE',(-0.786326,0.617812,0));
#7731=DIRECTION('NONE',(0,0,-1));
#7732=AXIS2_PLACEMENT_3D('NONE',#1877,#7730,#7731);
#7733=PLANE('NONE',#7732);
#7734=FACE_SURFACE('NONE',(#7729),#7733,.T.);
#7735=POLY_LOOP('NONE',(#1878,#2404,#2403,#1879));
#7736=FACE_OUTER_BOUND('NONE',#7735,.T.);
#7737=DIRECTION('NONE',(-0.754304,0.656526,0));
#7738=DIRECTION('NONE',(0,0,-1));
#7739=AXIS2_PLACEMENT_3D('NONE',#1878,#7737,#7738);
#7740=PLANE('NONE',#7739);
#7741=FACE_SURFACE('NONE',(#7736),#7740,.T.);
#7742=POLY_LOOP('NONE',(#2408,#1874,#1873,#2409));
#7743=FACE_OUTER_BOUND('NONE',#7742,.T.);
#7744=DIRECTION('NONE',(-0.894417,0.447235,0));
#7745=DIRECTION('NONE',(0,0,1));
#7746=AXIS2_PLACEMENT_3D('NONE',#2408,#7744,#7745);
#7747=PLANE('NONE',#7746);
#7748=FACE_SURFACE('NONE',(#7743),#7747,.T.);
#7749=POLY_LOOP('NONE',(#1765,#1764,#2336,#2335));
#7750=FACE_OUTER_BOUND('NONE',#7749,.T.);
#7751=DIRECTION('NONE',(0.816573,0.577242,0));
#7752=DIRECTION('NONE',(0.577242,-0.816573,0));
#7753=AXIS2_PLACEMENT_3D('NONE',#1765,#7751,#7752);
#7754=PLANE('NONE',#7753);
#7755=FACE_SURFACE('NONE',(#7750),#7754,.T.);
#7756=POLY_LOOP('NONE',(#1766,#1765,#2335,#2334));
#7757=FACE_OUTER_BOUND('NONE',#7756,.T.);
#7758=DIRECTION('NONE',(0.844808,0.53507,0));
#7759=DIRECTION('NONE',(0.53507,-0.844808,0));
#7760=AXIS2_PLACEMENT_3D('NONE',#1766,#7758,#7759);
#7761=PLANE('NONE',#7760);
#7762=FACE_SURFACE('NONE',(#7757),#7761,.T.);
#7763=POLY_LOOP('NONE',(#1753,#2347,#2346,#1754));
#7764=FACE_OUTER_BOUND('NONE',#7763,.T.);
#7765=DIRECTION('NONE',(0.407432,0.913235,0));
#7766=DIRECTION('NONE',(0,0,-1));
#7767=AXIS2_PLACEMENT_3D('NONE',#1753,#7765,#7766);
#7768=PLANE('NONE',#7767);
#7769=FACE_SURFACE('NONE',(#7764),#7768,.T.);
#7770=POLY_LOOP('NONE',(#1590,#2013,#2012,#1591));
#7771=FACE_OUTER_BOUND('NONE',#7770,.T.);
#7772=DIRECTION('NONE',(-0.447214,0.894427,0));
#7773=DIRECTION('NONE',(0,0,-1));
#7774=AXIS2_PLACEMENT_3D('NONE',#1590,#7772,#7773);
#7775=PLANE('NONE',#7774);
#7776=FACE_SURFACE('NONE',(#7771),#7775,.T.);
#7777=POLY_LOOP('NONE',(#1754,#2346,#2345,#1755));
#7778=FACE_OUTER_BOUND('NONE',#7777,.T.);
#7779=DIRECTION('NONE',(0.447214,0.894427,0));
#7780=DIRECTION('NONE',(0,0,-1));
#7781=AXIS2_PLACEMENT_3D('NONE',#1754,#7779,#7780);
#7782=PLANE('NONE',#7781);
#7783=FACE_SURFACE('NONE',(#7778),#7782,.T.);
#7784=POLY_LOOP('NONE',(#1574,#2029,#2028,#1575));
#7785=FACE_OUTER_BOUND('NONE',#7784,.T.);
#7786=DIRECTION('NONE',(-0.950078,0.312013,0));
#7787=DIRECTION('NONE',(0,0,-1));
#7788=AXIS2_PLACEMENT_3D('NONE',#1574,#7786,#7787);
#7789=PLANE('NONE',#7788);
#7790=FACE_SURFACE('NONE',(#7785),#7789,.T.);
#7791=POLY_LOOP('NONE',(#1702,#1701,#2166,#2165));
#7792=FACE_OUTER_BOUND('NONE',#7791,.T.);
#7793=DIRECTION('NONE',(-0.265481,0.964116,0));
#7794=DIRECTION('NONE',(0.964116,0.265481,0));
#7795=AXIS2_PLACEMENT_3D('NONE',#1702,#7793,#7794);
#7796=PLANE('NONE',#7795);
#7797=FACE_SURFACE('NONE',(#7792),#7796,.T.);
#7798=POLY_LOOP('NONE',(#2033,#1570,#1569,#2034));
#7799=FACE_OUTER_BOUND('NONE',#7798,.T.);
#7800=DIRECTION('NONE',(-0.997532,0.070211,0));
#7801=DIRECTION('NONE',(0,0,1));
#7802=AXIS2_PLACEMENT_3D('NONE',#2033,#7800,#7801);
#7803=PLANE('NONE',#7802);
#7804=FACE_SURFACE('NONE',(#7799),#7803,.T.);
#7805=POLY_LOOP('NONE',(#1770,#2330,#2329,#1771));
#7806=FACE_OUTER_BOUND('NONE',#7805,.T.);
#7807=DIRECTION('NONE',(0.950095,0.311961,0));
#7808=DIRECTION('NONE',(0,0,-1));
#7809=AXIS2_PLACEMENT_3D('NONE',#1770,#7807,#7808);
#7810=PLANE('NONE',#7809);
#7811=FACE_SURFACE('NONE',(#7806),#7810,.T.);
#7812=POLY_LOOP('NONE',(#1764,#1763,#2337,#2336));
#7813=FACE_OUTER_BOUND('NONE',#7812,.T.);
#7814=DIRECTION('NONE',(0.786331,0.617806,0));
#7815=DIRECTION('NONE',(0.617806,-0.786331,0));
#7816=AXIS2_PLACEMENT_3D('NONE',#1764,#7814,#7815);
#7817=PLANE('NONE',#7816);
#7818=FACE_SURFACE('NONE',(#7813),#7817,.T.);
#7819=POLY_LOOP('NONE',(#1746,#1745,#2355,#2354));
#7820=FACE_OUTER_BOUND('NONE',#7819,.T.);
#7821=DIRECTION('NONE',(0.028156,0.999604,0));
#7822=DIRECTION('NONE',(0.999604,-0.028156,0));
#7823=AXIS2_PLACEMENT_3D('NONE',#1746,#7821,#7822);
#7824=PLANE('NONE',#7823);
#7825=FACE_SURFACE('NONE',(#7820),#7824,.T.);
#7826=POLY_LOOP('NONE',(#2186,#1681,#1680,#2187));
#7827=FACE_OUTER_BOUND('NONE',#7826,.T.);
#7828=DIRECTION('NONE',(-0.964112,0.265497,0));
#7829=DIRECTION('NONE',(0,0,1));
#7830=AXIS2_PLACEMENT_3D('NONE',#2186,#7828,#7829);
#7831=PLANE('NONE',#7830);
#7832=FACE_SURFACE('NONE',(#7827),#7831,.T.);
#7833=POLY_LOOP('NONE',(#1693,#2174,#2173,#1694));
#7834=FACE_OUTER_BOUND('NONE',#7833,.T.);
#7835=DIRECTION('NONE',(-0.61782,0.786319,0));
#7836=DIRECTION('NONE',(0,0,-1));
#7837=AXIS2_PLACEMENT_3D('NONE',#1693,#7835,#7836);
#7838=PLANE('NONE',#7837);
#7839=FACE_SURFACE('NONE',(#7834),#7838,.T.);
#7840=POLY_LOOP('NONE',(#2035,#2034,#1569,#1568));
#7841=FACE_OUTER_BOUND('NONE',#7840,.T.);
#7842=DIRECTION('NONE',(-0.999602,0.028196,0));
#7843=DIRECTION('NONE',(-0.028196,-0.999602,0));
#7844=AXIS2_PLACEMENT_3D('NONE',#2035,#7842,#7843);
#7845=PLANE('NONE',#7844);
#7846=FACE_SURFACE('NONE',(#7841),#7845,.T.);
#7847=POLY_LOOP('NONE',(#1683,#2184,#2183,#1684));
#7848=FACE_OUTER_BOUND('NONE',#7847,.T.);
#7849=DIRECTION('NONE',(-0.913236,0.407431,0));
#7850=DIRECTION('NONE',(0,0,-1));
#7851=AXIS2_PLACEMENT_3D('NONE',#1683,#7849,#7850);
#7852=PLANE('NONE',#7851);
#7853=FACE_SURFACE('NONE',(#7848),#7852,.T.);
#7854=POLY_LOOP('NONE',(#1682,#1681,#2186,#2185));
#7855=FACE_OUTER_BOUND('NONE',#7854,.T.);
#7856=DIRECTION('NONE',(-0.950095,0.311961,0));
#7857=DIRECTION('NONE',(0.311961,0.950095,0));
#7858=AXIS2_PLACEMENT_3D('NONE',#1682,#7856,#7857);
#7859=PLANE('NONE',#7858);
#7860=FACE_SURFACE('NONE',(#7855),#7859,.T.);
#7861=POLY_LOOP('NONE',(#2363,#1737,#1736,#2364));
#7862=FACE_OUTER_BOUND('NONE',#7861,.T.);
#7863=DIRECTION('NONE',(-0.407452,0.913227,0));
#7864=DIRECTION('NONE',(0,0,1));
#7865=AXIS2_PLACEMENT_3D('NONE',#2363,#7863,#7864);
#7866=PLANE('NONE',#7865);
#7867=FACE_SURFACE('NONE',(#7862),#7866,.T.);
#7868=POLY_LOOP('NONE',(#1737,#2363,#2362,#1738));
#7869=FACE_OUTER_BOUND('NONE',#7868,.T.);
#7870=DIRECTION('NONE',(-0.361769,0.932268,0));
#7871=DIRECTION('NONE',(0,0,-1));
#7872=AXIS2_PLACEMENT_3D('NONE',#1737,#7870,#7871);
#7873=PLANE('NONE',#7872);
#7874=FACE_SURFACE('NONE',(#7869),#7873,.T.);
#7875=POLY_LOOP('NONE',(#1612,#2255,#2254,#1613));
#7876=FACE_OUTER_BOUND('NONE',#7875,.T.);
#7877=DIRECTION('NONE',(0.997528,-0.070263,0));
#7878=DIRECTION('NONE',(0,0,-1));
#7879=AXIS2_PLACEMENT_3D('NONE',#1612,#7877,#7878);
#7880=PLANE('NONE',#7879);
#7881=FACE_SURFACE('NONE',(#7876),#7880,.T.);
#7882=POLY_LOOP('NONE',(#1743,#1742,#2358,#2357));
#7883=FACE_OUTER_BOUND('NONE',#7882,.T.);
#7884=DIRECTION('NONE',(-0.125753,0.992062,0));
#7885=DIRECTION('NONE',(0.992062,0.125753,0));
#7886=AXIS2_PLACEMENT_3D('NONE',#1743,#7884,#7885);
#7887=PLANE('NONE',#7886);
#7888=FACE_SURFACE('NONE',(#7883),#7887,.T.);
#7889=POLY_LOOP('NONE',(#1960,#1959,#2451,#2450));
#7890=FACE_OUTER_BOUND('NONE',#7889,.T.);
#7891=DIRECTION('NONE',(0.028143,-0.999604,0));
#7892=DIRECTION('NONE',(-0.999604,-0.028143,0));
#7893=AXIS2_PLACEMENT_3D('NONE',#1960,#7891,#7892);
#7894=PLANE('NONE',#7893);
#7895=FACE_SURFACE('NONE',(#7890),#7894,.T.);
#7896=POLY_LOOP('NONE',(#1619,#2248,#2247,#1620));
#7897=FACE_OUTER_BOUND('NONE',#7896,.T.);
#7898=DIRECTION('NONE',(0.913234,-0.407436,0));
#7899=DIRECTION('NONE',(0,0,-1));
#7900=AXIS2_PLACEMENT_3D('NONE',#1619,#7898,#7899);
#7901=PLANE('NONE',#7900);
#7902=FACE_SURFACE('NONE',(#7897),#7901,.T.);
#7903=POLY_LOOP('NONE',(#1960,#2450,#2449,#1961));
#7904=FACE_OUTER_BOUND('NONE',#7903,.T.);
#7905=DIRECTION('NONE',(-0.028143,-0.999604,0));
#7906=DIRECTION('NONE',(0,0,-1));
#7907=AXIS2_PLACEMENT_3D('NONE',#1960,#7905,#7906);
#7908=PLANE('NONE',#7907);
#7909=FACE_SURFACE('NONE',(#7904),#7908,.T.);
#7910=POLY_LOOP('NONE',(#1634,#1633,#2234,#2233));
#7911=FACE_OUTER_BOUND('NONE',#7910,.T.);
#7912=DIRECTION('NONE',(0.447214,-0.894427,0));
#7913=DIRECTION('NONE',(-0.894427,-0.447214,0));
#7914=AXIS2_PLACEMENT_3D('NONE',#1634,#7912,#7913);
#7915=PLANE('NONE',#7914);
#7916=FACE_SURFACE('NONE',(#7911),#7915,.T.);
#7917=POLY_LOOP('NONE',(#1966,#2444,#2443,#1967));
#7918=FACE_OUTER_BOUND('NONE',#7917,.T.);
#7919=DIRECTION('NONE',(-0.311973,-0.950091,0));
#7920=DIRECTION('NONE',(0,0,-1));
#7921=AXIS2_PLACEMENT_3D('NONE',#1966,#7919,#7920);
#7922=PLANE('NONE',#7921);
#7923=FACE_SURFACE('NONE',(#7918),#7922,.T.);
#7924=POLY_LOOP('NONE',(#1572,#1571,#2032,#2031));
#7925=FACE_OUTER_BOUND('NONE',#7924,.T.);
#7926=DIRECTION('NONE',(-0.985629,0.168927,0));
#7927=DIRECTION('NONE',(0.168927,0.985629,0));
#7928=AXIS2_PLACEMENT_3D('NONE',#1572,#7926,#7927);
#7929=PLANE('NONE',#7928);
#7930=FACE_SURFACE('NONE',(#7925),#7929,.T.);
#7931=POLY_LOOP('NONE',(#2030,#1573,#1572,#2031));
#7932=FACE_OUTER_BOUND('NONE',#7931,.T.);
#7933=DIRECTION('NONE',(-0.97485,0.222861,0));
#7934=DIRECTION('NONE',(0,0,1));
#7935=AXIS2_PLACEMENT_3D('NONE',#2030,#7933,#7934);
#7936=PLANE('NONE',#7935);
#7937=FACE_SURFACE('NONE',(#7932),#7936,.T.);
#7938=POLY_LOOP('NONE',(#2493,#1917,#1916,#2494));
#7939=FACE_OUTER_BOUND('NONE',#7938,.T.);
#7940=DIRECTION('NONE',(0.844836,0.535025,0));
#7941=DIRECTION('NONE',(0,0,1));
#7942=AXIS2_PLACEMENT_3D('NONE',#2493,#7940,#7941);
#7943=PLANE('NONE',#7942);
#7944=FACE_SURFACE('NONE',(#7939),#7943,.T.);
#7945=POLY_LOOP('NONE',(#2366,#2365,#1735,#1862));
#7946=FACE_OUTER_BOUND('NONE',#7945,.T.);
#7947=DIRECTION('NONE',(-0.491591,0.870826,0));
#7948=DIRECTION('NONE',(-0.870826,-0.491591,0));
#7949=AXIS2_PLACEMENT_3D('NONE',#2366,#7947,#7948);
#7950=PLANE('NONE',#7949);
#7951=FACE_SURFACE('NONE',(#7946),#7950,.T.);
#7952=POLY_LOOP('NONE',(#2364,#1736,#1735,#2365));
#7953=FACE_OUTER_BOUND('NONE',#7952,.T.);
#7954=DIRECTION('NONE',(-0.447214,0.894427,0));
#7955=DIRECTION('NONE',(0,0,1));
#7956=AXIS2_PLACEMENT_3D('NONE',#2364,#7954,#7955);
#7957=PLANE('NONE',#7956);
#7958=FACE_SURFACE('NONE',(#7953),#7957,.T.);
#7959=POLY_LOOP('NONE',(#1906,#1905,#2505,#2504));
#7960=FACE_OUTER_BOUND('NONE',#7959,.T.);
#7961=DIRECTION('NONE',(0.447192,0.894438,0));
#7962=DIRECTION('NONE',(0.894438,-0.447192,0));
#7963=AXIS2_PLACEMENT_3D('NONE',#1906,#7961,#7962);
#7964=PLANE('NONE',#7963);
#7965=FACE_SURFACE('NONE',(#7960),#7964,.T.);
#7966=POLY_LOOP('NONE',(#2043,#2042,#1561,#1560));
#7967=FACE_OUTER_BOUND('NONE',#7966,.T.);
#7968=DIRECTION('NONE',(-0.932278,-0.361743,0));
#7969=DIRECTION('NONE',(0.361743,-0.932278,0));
#7970=AXIS2_PLACEMENT_3D('NONE',#2043,#7968,#7969);
#7971=PLANE('NONE',#7970);
#7972=FACE_SURFACE('NONE',(#7967),#7971,.T.);
#7973=POLY_LOOP('NONE',(#2370,#1858,#1857,#2371));
#7974=FACE_OUTER_BOUND('NONE',#7973,.T.);
#7975=DIRECTION('NONE',(-0.685786,0.727803,0));
#7976=DIRECTION('NONE',(0,0,1));
#7977=AXIS2_PLACEMENT_3D('NONE',#2370,#7975,#7976);
#7978=PLANE('NONE',#7977);
#7979=FACE_SURFACE('NONE',(#7974),#7978,.T.);
#7980=POLY_LOOP('NONE',(#1843,#1842,#2258,#2385));
#7981=FACE_OUTER_BOUND('NONE',#7980,.T.);
#7982=DIRECTION('NONE',(-0.997528,0.070263,0));
#7983=DIRECTION('NONE',(0.070263,0.997528,0));
#7984=AXIS2_PLACEMENT_3D('NONE',#1843,#7982,#7983);
#7985=PLANE('NONE',#7984);
#7986=FACE_SURFACE('NONE',(#7981),#7985,.T.);
#7987=POLY_LOOP('NONE',(#1966,#1965,#2445,#2444));
#7988=FACE_OUTER_BOUND('NONE',#7987,.T.);
#7989=DIRECTION('NONE',(-0.265493,-0.964113,0));
#7990=DIRECTION('NONE',(-0.964113,0.265493,0));
#7991=AXIS2_PLACEMENT_3D('NONE',#1966,#7989,#7990);
#7992=PLANE('NONE',#7991);
#7993=FACE_SURFACE('NONE',(#7988),#7992,.T.);
#7994=POLY_LOOP('NONE',(#1909,#1908,#2502,#2501));
#7995=FACE_OUTER_BOUND('NONE',#7994,.T.);
#7996=DIRECTION('NONE',(0.577223,0.816587,0));
#7997=DIRECTION('NONE',(0.816587,-0.577223,0));
#7998=AXIS2_PLACEMENT_3D('NONE',#1909,#7996,#7997);
#7999=PLANE('NONE',#7998);
#8000=FACE_SURFACE('NONE',(#7995),#7999,.T.);
#8001=POLY_LOOP('NONE',(#2500,#1910,#1909,#2501));
#8002=FACE_OUTER_BOUND('NONE',#8001,.T.);
#8003=DIRECTION('NONE',(0.617812,0.786326,0));
#8004=DIRECTION('NONE',(0,0,1));
#8005=AXIS2_PLACEMENT_3D('NONE',#2500,#8003,#8004);
#8006=PLANE('NONE',#8005);
#8007=FACE_SURFACE('NONE',(#8002),#8006,.T.);
#8008=POLY_LOOP('NONE',(#1857,#1856,#2372,#2371));
#8009=FACE_OUTER_BOUND('NONE',#8008,.T.);
#8010=DIRECTION('NONE',(-0.727791,0.685799,0));
#8011=DIRECTION('NONE',(0.685799,0.727791,0));
#8012=AXIS2_PLACEMENT_3D('NONE',#1857,#8010,#8011);
#8013=PLANE('NONE',#8012);
#8014=FACE_SURFACE('NONE',(#8009),#8013,.T.);
#8015=POLY_LOOP('NONE',(#2055,#2054,#1549,#1548));
#8016=FACE_OUTER_BOUND('NONE',#8015,.T.);
#8017=DIRECTION('NONE',(-0.577248,-0.816569,0));
#8018=DIRECTION('NONE',(0.816569,-0.577248,0));
#8019=AXIS2_PLACEMENT_3D('NONE',#2055,#8017,#8018);
#8020=PLANE('NONE',#8019);
#8021=FACE_SURFACE('NONE',(#8016),#8020,.T.);
#8022=POLY_LOOP('NONE',(#1846,#1845,#2383,#2382));
#8023=FACE_OUTER_BOUND('NONE',#8022,.T.);
#8024=DIRECTION('NONE',(-0.974862,0.222807,0));
#8025=DIRECTION('NONE',(0.222807,0.974862,0));
#8026=AXIS2_PLACEMENT_3D('NONE',#1846,#8024,#8025);
#8027=PLANE('NONE',#8026);
#8028=FACE_SURFACE('NONE',(#8023),#8027,.T.);
#8029=POLY_LOOP('NONE',(#2194,#2193,#1674,#1673));
#8030=FACE_OUTER_BOUND('NONE',#8029,.T.);
#8031=DIRECTION('NONE',(-0.997528,-0.070263,0));
#8032=DIRECTION('NONE',(0.070263,-0.997528,0));
#8033=AXIS2_PLACEMENT_3D('NONE',#2194,#8031,#8032);
#8034=PLANE('NONE',#8033);
#8035=FACE_SURFACE('NONE',(#8030),#8034,.T.);
#8036=POLY_LOOP('NONE',(#1600,#2003,#2002,#1601));
#8037=FACE_OUTER_BOUND('NONE',#8036,.T.);
#8038=DIRECTION('NONE',(0.014076,0.999901,0));
#8039=DIRECTION('NONE',(0,0,-1));
#8040=AXIS2_PLACEMENT_3D('NONE',#1600,#8038,#8039);
#8041=PLANE('NONE',#8040);
#8042=FACE_SURFACE('NONE',(#8037),#8041,.T.);
#8043=POLY_LOOP('NONE',(#1628,#2239,#2238,#1629));
#8044=FACE_OUTER_BOUND('NONE',#8043,.T.);
#8045=DIRECTION('NONE',(0.656518,-0.75431,0));
#8046=DIRECTION('NONE',(0,0,-1));
#8047=AXIS2_PLACEMENT_3D('NONE',#1628,#8045,#8046);
#8048=PLANE('NONE',#8047);
#8049=FACE_SURFACE('NONE',(#8044),#8048,.T.);
#8050=POLY_LOOP('NONE',(#1535,#2068,#2067,#1536));
#8051=FACE_OUTER_BOUND('NONE',#8050,.T.);
#8052=DIRECTION('NONE',(0.028143,-0.999604,0));
#8053=DIRECTION('NONE',(0,0,-1));
#8054=AXIS2_PLACEMENT_3D('NONE',#1535,#8052,#8053);
#8055=PLANE('NONE',#8054);
#8056=FACE_SURFACE('NONE',(#8051),#8055,.T.);
#8057=POLY_LOOP('NONE',(#2237,#1630,#1629,#2238));
#8058=FACE_OUTER_BOUND('NONE',#8057,.T.);
#8059=DIRECTION('NONE',(0.61782,-0.786319,0));
#8060=DIRECTION('NONE',(0,0,1));
#8061=AXIS2_PLACEMENT_3D('NONE',#2237,#8059,#8060);
#8062=PLANE('NONE',#8061);
#8063=FACE_SURFACE('NONE',(#8058),#8062,.T.);
#8064=POLY_LOOP('NONE',(#2067,#2066,#1537,#1536));
#8065=FACE_OUTER_BOUND('NONE',#8064,.T.);
#8066=DIRECTION('NONE',(-0.028141,-0.999604,0));
#8067=DIRECTION('NONE',(0.999604,-0.028141,0));
#8068=AXIS2_PLACEMENT_3D('NONE',#2067,#8066,#8067);
#8069=PLANE('NONE',#8068);
#8070=FACE_SURFACE('NONE',(#8065),#8069,.T.);
#8071=POLY_LOOP('NONE',(#2502,#1908,#1907,#2503));
#8072=FACE_OUTER_BOUND('NONE',#8071,.T.);
#8073=DIRECTION('NONE',(0.535069,0.844809,0));
#8074=DIRECTION('NONE',(0,0,1));
#8075=AXIS2_PLACEMENT_3D('NONE',#2502,#8073,#8074);
#8076=PLANE('NONE',#8075);
#8077=FACE_SURFACE('NONE',(#8072),#8076,.T.);
#8078=POLY_LOOP('NONE',(#2302,#1798,#1797,#2303));
#8079=FACE_OUTER_BOUND('NONE',#8078,.T.);
#8080=DIRECTION('NONE',(0.535059,-0.844815,0));
#8081=DIRECTION('NONE',(0,0,1));
#8082=AXIS2_PLACEMENT_3D('NONE',#2302,#8080,#8081);
#8083=PLANE('NONE',#8082);
#8084=FACE_SURFACE('NONE',(#8079),#8083,.T.);
#8085=POLY_LOOP('NONE',(#1799,#1798,#2302,#2301));
#8086=FACE_OUTER_BOUND('NONE',#8085,.T.);
#8087=DIRECTION('NONE',(0.491601,-0.87082,0));
#8088=DIRECTION('NONE',(-0.87082,-0.491601,0));
#8089=AXIS2_PLACEMENT_3D('NONE',#1799,#8087,#8088);
#8090=PLANE('NONE',#8089);
#8091=FACE_SURFACE('NONE',(#8086),#8090,.T.);
#8092=POLY_LOOP('NONE',(#1802,#2298,#2297,#1803));
#8093=FACE_OUTER_BOUND('NONE',#8092,.T.);
#8094=DIRECTION('NONE',(0.311957,-0.950096,0));
#8095=DIRECTION('NONE',(0,0,-1));
#8096=AXIS2_PLACEMENT_3D('NONE',#1802,#8094,#8095);
#8097=PLANE('NONE',#8096);
#8098=FACE_SURFACE('NONE',(#8093),#8097,.T.);
#8099=POLY_LOOP('NONE',(#2498,#2497,#1913,#1912));
#8100=FACE_OUTER_BOUND('NONE',#8099,.T.);
#8101=DIRECTION('NONE',(0.727791,0.685799,0));
#8102=DIRECTION('NONE',(-0.685799,0.727791,0));
#8103=AXIS2_PLACEMENT_3D('NONE',#2498,#8101,#8102);
#8104=PLANE('NONE',#8103);
#8105=FACE_SURFACE('NONE',(#8100),#8104,.T.);
#8106=POLY_LOOP('NONE',(#2219,#1648,#1647,#2220));
#8107=FACE_OUTER_BOUND('NONE',#8106,.T.);
#8108=DIRECTION('NONE',(-0.222836,-0.974856,0));
#8109=DIRECTION('NONE',(0,0,1));
#8110=AXIS2_PLACEMENT_3D('NONE',#2219,#8108,#8109);
#8111=PLANE('NONE',#8110);
#8112=FACE_SURFACE('NONE',(#8107),#8111,.T.);
#8113=POLY_LOOP('NONE',(#1913,#2497,#2496,#1914));
#8114=FACE_OUTER_BOUND('NONE',#8113,.T.);
#8115=DIRECTION('NONE',(0.754304,0.656526,0));
#8116=DIRECTION('NONE',(0,0,-1));
#8117=AXIS2_PLACEMENT_3D('NONE',#1913,#8115,#8116);
#8118=PLANE('NONE',#8117);
#8119=FACE_SURFACE('NONE',(#8114),#8118,.T.);
#8120=POLY_LOOP('NONE',(#2507,#2506,#1904,#1903));
#8121=FACE_OUTER_BOUND('NONE',#8120,.T.);
#8122=DIRECTION('NONE',(0.361757,0.932272,0));
#8123=DIRECTION('NONE',(-0.932272,0.361757,0));
#8124=AXIS2_PLACEMENT_3D('NONE',#2507,#8122,#8123);
#8125=PLANE('NONE',#8124);
#8126=FACE_SURFACE('NONE',(#8121),#8125,.T.);
#8127=POLY_LOOP('NONE',(#1904,#2506,#2505,#1905));
#8128=FACE_OUTER_BOUND('NONE',#8127,.T.);
#8129=DIRECTION('NONE',(0.407463,0.913222,0));
#8130=DIRECTION('NONE',(0,0,-1));
#8131=AXIS2_PLACEMENT_3D('NONE',#1904,#8129,#8130);
#8132=PLANE('NONE',#8131);
#8133=FACE_SURFACE('NONE',(#8128),#8132,.T.);
#8134=POLY_LOOP('NONE',(#1910,#2500,#2499,#1911));
#8135=FACE_OUTER_BOUND('NONE',#8134,.T.);
#8136=DIRECTION('NONE',(0.656552,0.754281,0));
#8137=DIRECTION('NONE',(0,0,-1));
#8138=AXIS2_PLACEMENT_3D('NONE',#1910,#8136,#8137);
#8139=PLANE('NONE',#8138);
#8140=FACE_SURFACE('NONE',(#8135),#8139,.T.);
#8141=POLY_LOOP('NONE',(#2494,#1916,#1915,#2495));
#8142=FACE_OUTER_BOUND('NONE',#8141,.T.);
#8143=DIRECTION('NONE',(0.816569,0.577248,0));
#8144=DIRECTION('NONE',(0,0,1));
#8145=AXIS2_PLACEMENT_3D('NONE',#2494,#8143,#8144);
#8146=PLANE('NONE',#8145);
#8147=FACE_SURFACE('NONE',(#8142),#8146,.T.);
#8148=POLY_LOOP('NONE',(#1663,#1662,#2205,#2204));
#8149=FACE_OUTER_BOUND('NONE',#8148,.T.);
#8150=DIRECTION('NONE',(-0.816573,-0.577242,0));
#8151=DIRECTION('NONE',(-0.577242,0.816573,0));
#8152=AXIS2_PLACEMENT_3D('NONE',#1663,#8150,#8151);
#8153=PLANE('NONE',#8152);
#8154=FACE_SURFACE('NONE',(#8149),#8153,.T.);
#8155=POLY_LOOP('NONE',(#2464,#1946,#1945,#2465));
#8156=FACE_OUTER_BOUND('NONE',#8155,.T.);
#8157=DIRECTION('NONE',(0.656537,-0.754294,0));
#8158=DIRECTION('NONE',(0,0,1));
#8159=AXIS2_PLACEMENT_3D('NONE',#2464,#8157,#8158);
#8160=PLANE('NONE',#8159);
#8161=FACE_SURFACE('NONE',(#8156),#8160,.T.);
#8162=POLY_LOOP('NONE',(#2130,#1609,#1608,#2131));
#8163=FACE_OUTER_BOUND('NONE',#8162,.T.);
#8164=DIRECTION('NONE',(0.992063,0.125739,0));
#8165=DIRECTION('NONE',(0,0,1));
#8166=AXIS2_PLACEMENT_3D('NONE',#2130,#8164,#8165);
#8167=PLANE('NONE',#8166);
#8168=FACE_SURFACE('NONE',(#8163),#8167,.T.);
#8169=POLY_LOOP('NONE',(#1673,#1672,#2195,#2194));
#8170=FACE_OUTER_BOUND('NONE',#8169,.T.);
#8171=DIRECTION('NONE',(-0.992063,-0.12574,0));
#8172=DIRECTION('NONE',(-0.12574,0.992063,0));
#8173=AXIS2_PLACEMENT_3D('NONE',#1673,#8171,#8172);
#8174=PLANE('NONE',#8173);
#8175=FACE_SURFACE('NONE',(#8170),#8174,.T.);
#8176=POLY_LOOP('NONE',(#2074,#1529,#1528,#2075));
#8177=FACE_OUTER_BOUND('NONE',#8176,.T.);
#8178=DIRECTION('NONE',(0.36178,-0.932263,0));
#8179=DIRECTION('NONE',(0,0,1));
#8180=AXIS2_PLACEMENT_3D('NONE',#2074,#8178,#8179);
#8181=PLANE('NONE',#8180);
#8182=FACE_SURFACE('NONE',(#8177),#8181,.T.);
#8183=POLY_LOOP('NONE',(#2136,#1731,#1730,#2137));
#8184=FACE_OUTER_BOUND('NONE',#8183,.T.);
#8185=DIRECTION('NONE',(0.913236,0.407431,0));
#8186=DIRECTION('NONE',(0,0,1));
#8187=AXIS2_PLACEMENT_3D('NONE',#2136,#8185,#8186);
#8188=PLANE('NONE',#8187);
#8189=FACE_SURFACE('NONE',(#8184),#8188,.T.);
#8190=POLY_LOOP('NONE',(#2136,#2135,#1732,#1731));
#8191=FACE_OUTER_BOUND('NONE',#8190,.T.);
#8192=DIRECTION('NONE',(0.93226,0.361789,0));
#8193=DIRECTION('NONE',(-0.361789,0.93226,0));
#8194=AXIS2_PLACEMENT_3D('NONE',#2136,#8192,#8193);
#8195=PLANE('NONE',#8194);
#8196=FACE_SURFACE('NONE',(#8191),#8195,.T.);
#8197=POLY_LOOP('NONE',(#2476,#2475,#1935,#1934));
#8198=FACE_OUTER_BOUND('NONE',#8197,.T.);
#8199=DIRECTION('NONE',(0.950096,-0.311957,0));
#8200=DIRECTION('NONE',(0.311957,0.950096,0));
#8201=AXIS2_PLACEMENT_3D('NONE',#2476,#8199,#8200);
#8202=PLANE('NONE',#8201);
#8203=FACE_SURFACE('NONE',(#8198),#8202,.T.);
#8204=POLY_LOOP('NONE',(#2113,#1490,#1489,#2114));
#8205=FACE_OUTER_BOUND('NONE',#8204,.T.);
#8206=DIRECTION('NONE',(0.75433,0.656495,0));
#8207=DIRECTION('NONE',(0,0,1));
#8208=AXIS2_PLACEMENT_3D('NONE',#2113,#8206,#8207);
#8209=PLANE('NONE',#8208);
#8210=FACE_SURFACE('NONE',(#8205),#8209,.T.);
#8211=POLY_LOOP('NONE',(#1923,#1922,#2488,#2487));
#8212=FACE_OUTER_BOUND('NONE',#8211,.T.);
#8213=DIRECTION('NONE',(0.964113,0.265493,0));
#8214=DIRECTION('NONE',(0.265493,-0.964113,0));
#8215=AXIS2_PLACEMENT_3D('NONE',#1923,#8213,#8214);
#8216=PLANE('NONE',#8215);
#8217=FACE_SURFACE('NONE',(#8212),#8216,.T.);
#8218=POLY_LOOP('NONE',(#2288,#1812,#1811,#2289));
#8219=FACE_OUTER_BOUND('NONE',#8218,.T.);
#8220=DIRECTION('NONE',(-0.125753,-0.992062,0));
#8221=DIRECTION('NONE',(0,0,1));
#8222=AXIS2_PLACEMENT_3D('NONE',#2288,#8220,#8221);
#8223=PLANE('NONE',#8222);
#8224=FACE_SURFACE('NONE',(#8219),#8223,.T.);
#8225=POLY_LOOP('NONE',(#2273,#2272,#1828,#1827));
#8226=FACE_OUTER_BOUND('NONE',#8225,.T.);
#8227=DIRECTION('NONE',(-0.786326,-0.617812,0));
#8228=DIRECTION('NONE',(0.617812,-0.786326,0));
#8229=AXIS2_PLACEMENT_3D('NONE',#2273,#8227,#8228);
#8230=PLANE('NONE',#8229);
#8231=FACE_SURFACE('NONE',(#8226),#8230,.T.);
#8232=POLY_LOOP('NONE',(#2478,#1932,#1931,#2479));
#8233=FACE_OUTER_BOUND('NONE',#8232,.T.);
#8234=DIRECTION('NONE',(0.98562,-0.168979,0));
#8235=DIRECTION('NONE',(0,0,1));
#8236=AXIS2_PLACEMENT_3D('NONE',#2478,#8234,#8235);
#8237=PLANE('NONE',#8236);
#8238=FACE_SURFACE('NONE',(#8233),#8237,.T.);
#8239=POLY_LOOP('NONE',(#2284,#1816,#1815,#2285));
#8240=FACE_OUTER_BOUND('NONE',#8239,.T.);
#8241=DIRECTION('NONE',(-0.311973,-0.950091,0));
#8242=DIRECTION('NONE',(0,0,1));
#8243=AXIS2_PLACEMENT_3D('NONE',#2284,#8241,#8242);
#8244=PLANE('NONE',#8243);
#8245=FACE_SURFACE('NONE',(#8240),#8244,.T.);
#8246=POLY_LOOP('NONE',(#1933,#1932,#2478,#2477));
#8247=FACE_OUTER_BOUND('NONE',#8246,.T.);
#8248=DIRECTION('NONE',(0.974862,-0.22281,0));
#8249=DIRECTION('NONE',(-0.22281,-0.974862,0));
#8250=AXIS2_PLACEMENT_3D('NONE',#1933,#8248,#8249);
#8251=PLANE('NONE',#8250);
#8252=FACE_SURFACE('NONE',(#8247),#8251,.T.);
#8253=POLY_LOOP('NONE',(#2198,#2197,#1670,#1669));
#8254=FACE_OUTER_BOUND('NONE',#8253,.T.);
#8255=DIRECTION('NONE',(-0.964113,-0.265493,0));
#8256=DIRECTION('NONE',(0.265493,-0.964113,0));
#8257=AXIS2_PLACEMENT_3D('NONE',#2198,#8255,#8256);
#8258=PLANE('NONE',#8257);
#8259=FACE_SURFACE('NONE',(#8254),#8258,.T.);
#8260=POLY_LOOP('NONE',(#2474,#1936,#1935,#2475));
#8261=FACE_OUTER_BOUND('NONE',#8260,.T.);
#8262=DIRECTION('NONE',(0.93226,-0.361789,0));
#8263=DIRECTION('NONE',(0,0,1));
#8264=AXIS2_PLACEMENT_3D('NONE',#2474,#8262,#8263);
#8265=PLANE('NONE',#8264);
#8266=FACE_SURFACE('NONE',(#8261),#8265,.T.);
#8267=POLY_LOOP('NONE',(#1939,#2471,#2470,#1940));
#8268=FACE_OUTER_BOUND('NONE',#8267,.T.);
#8269=DIRECTION('NONE',(0.844828,-0.535037,0));
#8270=DIRECTION('NONE',(0,0,-1));
#8271=AXIS2_PLACEMENT_3D('NONE',#1939,#8269,#8270);
#8272=PLANE('NONE',#8271);
#8273=FACE_SURFACE('NONE',(#8268),#8272,.T.);
#8274=POLY_LOOP('NONE',(#2288,#2287,#1813,#1812));
#8275=FACE_OUTER_BOUND('NONE',#8274,.T.);
#8276=DIRECTION('NONE',(-0.168957,-0.985623,0));
#8277=DIRECTION('NONE',(0.985623,-0.168957,0));
#8278=AXIS2_PLACEMENT_3D('NONE',#2288,#8276,#8277);
#8279=PLANE('NONE',#8278);
#8280=FACE_SURFACE('NONE',(#8275),#8279,.T.);
#8281=POLY_LOOP('NONE',(#2465,#1945,#1944,#2466));
#8282=FACE_OUTER_BOUND('NONE',#8281,.T.);
#8283=DIRECTION('NONE',(0.685786,-0.727803,0));
#8284=DIRECTION('NONE',(0,0,1));
#8285=AXIS2_PLACEMENT_3D('NONE',#2465,#8283,#8284);
#8286=PLANE('NONE',#8285);
#8287=FACE_SURFACE('NONE',(#8282),#8286,.T.);
#8288=POLY_LOOP('NONE',(#1819,#2281,#2280,#1820));
#8289=FACE_OUTER_BOUND('NONE',#8288,.T.);
#8290=DIRECTION('NONE',(-0.491601,-0.87082,0));
#8291=DIRECTION('NONE',(0,0,-1));
#8292=AXIS2_PLACEMENT_3D('NONE',#1819,#8290,#8291);
#8293=PLANE('NONE',#8292);
#8294=FACE_SURFACE('NONE',(#8289),#8293,.T.);
#8295=POLY_LOOP('NONE',(#2461,#2460,#1950,#1949));
#8296=FACE_OUTER_BOUND('NONE',#8295,.T.);
#8297=DIRECTION('NONE',(0.491591,-0.870826,0));
#8298=DIRECTION('NONE',(0.870826,0.491591,0));
#8299=AXIS2_PLACEMENT_3D('NONE',#2461,#8297,#8298);
#8300=PLANE('NONE',#8299);
#8301=FACE_SURFACE('NONE',(#8296),#8300,.T.);
#8302=POLY_LOOP('NONE',(#2131,#1608,#1607,#2132));
#8303=FACE_OUTER_BOUND('NONE',#8302,.T.);
#8304=DIRECTION('NONE',(0.98562,0.168979,0));
#8305=DIRECTION('NONE',(0,0,1));
#8306=AXIS2_PLACEMENT_3D('NONE',#2131,#8304,#8305);
#8307=PLANE('NONE',#8306);
#8308=FACE_SURFACE('NONE',(#8303),#8307,.T.);
#8309=POLY_LOOP('NONE',(#2473,#1937,#1936,#2474));
#8310=FACE_OUTER_BOUND('NONE',#8309,.T.);
#8311=DIRECTION('NONE',(0.913236,-0.407431,0));
#8312=DIRECTION('NONE',(0,0,1));
#8313=AXIS2_PLACEMENT_3D('NONE',#2473,#8311,#8312);
#8314=PLANE('NONE',#8313);
#8315=FACE_SURFACE('NONE',(#8310),#8314,.T.);
#8316=POLY_LOOP('NONE',(#2148,#1719,#1718,#2149));
#8317=FACE_OUTER_BOUND('NONE',#8316,.T.);
#8318=DIRECTION('NONE',(0.535044,0.844824,0));
#8319=DIRECTION('NONE',(0,0,1));
#8320=AXIS2_PLACEMENT_3D('NONE',#2148,#8318,#8319);
#8321=PLANE('NONE',#8320);
#8322=FACE_SURFACE('NONE',(#8317),#8321,.T.);
#8323=POLY_LOOP('NONE',(#2147,#1720,#1719,#2148));
#8324=FACE_OUTER_BOUND('NONE',#8323,.T.);
#8325=DIRECTION('NONE',(0.577248,0.816569,0));
#8326=DIRECTION('NONE',(0,0,1));
#8327=AXIS2_PLACEMENT_3D('NONE',#2147,#8325,#8326);
#8328=PLANE('NONE',#8327);
#8329=FACE_SURFACE('NONE',(#8324),#8328,.T.);
#8330=POLY_LOOP('NONE',(#1720,#2147,#2146,#1721));
#8331=FACE_OUTER_BOUND('NONE',#8330,.T.);
#8332=DIRECTION('NONE',(0.61782,0.786319,0));
#8333=DIRECTION('NONE',(0,0,-1));
#8334=AXIS2_PLACEMENT_3D('NONE',#1720,#8332,#8333);
#8335=PLANE('NONE',#8334);
#8336=FACE_SURFACE('NONE',(#8331),#8335,.T.);
#8337=POLY_LOOP('NONE',(#2146,#2145,#1722,#1721));
#8338=FACE_OUTER_BOUND('NONE',#8337,.T.);
#8339=DIRECTION('NONE',(0.656518,0.75431,0));
#8340=DIRECTION('NONE',(-0.75431,0.656518,0));
#8341=AXIS2_PLACEMENT_3D('NONE',#2146,#8339,#8340);
#8342=PLANE('NONE',#8341);
#8343=FACE_SURFACE('NONE',(#8338),#8342,.T.);
#8344=POLY_LOOP('NONE',(#2152,#2151,#1716,#1715));
#8345=FACE_OUTER_BOUND('NONE',#8344,.T.);
#8346=DIRECTION('NONE',(0.407452,0.913227,0));
#8347=DIRECTION('NONE',(-0.913227,0.407452,0));
#8348=AXIS2_PLACEMENT_3D('NONE',#2152,#8346,#8347);
#8349=PLANE('NONE',#8348);
#8350=FACE_SURFACE('NONE',(#8345),#8349,.T.);
#8351=POLY_LOOP('NONE',(#1929,#1928,#2482,#2481));
#8352=FACE_OUTER_BOUND('NONE',#8351,.T.);
#8353=DIRECTION('NONE',(0.999604,-0.028143,0));
#8354=DIRECTION('NONE',(-0.028143,-0.999604,0));
#8355=AXIS2_PLACEMENT_3D('NONE',#1929,#8353,#8354);
#8356=PLANE('NONE',#8355);
#8357=FACE_SURFACE('NONE',(#8352),#8356,.T.);
#8358=POLY_LOOP('NONE',(#2481,#2480,#1930,#1929));
#8359=FACE_OUTER_BOUND('NONE',#8358,.T.);
#8360=DIRECTION('NONE',(0.997529,-0.070262,0));
#8361=DIRECTION('NONE',(0.070262,0.997529,0));
#8362=AXIS2_PLACEMENT_3D('NONE',#2481,#8360,#8361);
#8363=PLANE('NONE',#8362);
#8364=FACE_SURFACE('NONE',(#8359),#8363,.T.);
#8365=POLY_LOOP('NONE',(#2094,#1509,#1508,#2095));
#8366=FACE_OUTER_BOUND('NONE',#8365,.T.);
#8367=DIRECTION('NONE',(0.97485,-0.222861,0));
#8368=DIRECTION('NONE',(0,0,1));
#8369=AXIS2_PLACEMENT_3D('NONE',#2094,#8367,#8368);
#8370=PLANE('NONE',#8369);
#8371=FACE_SURFACE('NONE',(#8366),#8370,.T.);
#8372=POLY_LOOP('NONE',(#1920,#2490,#2489,#1921));
#8373=FACE_OUTER_BOUND('NONE',#8372,.T.);
#8374=DIRECTION('NONE',(0.93226,0.361789,0));
#8375=DIRECTION('NONE',(0,0,-1));
#8376=AXIS2_PLACEMENT_3D('NONE',#1920,#8374,#8375);
#8377=PLANE('NONE',#8376);
#8378=FACE_SURFACE('NONE',(#8373),#8377,.T.);
#8379=POLY_LOOP('NONE',(#2461,#1949,#1948,#2462));
#8380=FACE_OUTER_BOUND('NONE',#8379,.T.);
#8381=DIRECTION('NONE',(0.535069,-0.844809,0));
#8382=DIRECTION('NONE',(0,0,1));
#8383=AXIS2_PLACEMENT_3D('NONE',#2461,#8381,#8382);
#8384=PLANE('NONE',#8383);
#8385=FACE_SURFACE('NONE',(#8380),#8384,.T.);
#8386=POLY_LOOP('NONE',(#2484,#2483,#1927,#1926));
#8387=FACE_OUTER_BOUND('NONE',#8386,.T.);
#8388=DIRECTION('NONE',(0.997528,0.070264,0));
#8389=DIRECTION('NONE',(-0.070264,0.997528,0));
#8390=AXIS2_PLACEMENT_3D('NONE',#2484,#8388,#8389);
#8391=PLANE('NONE',#8390);
#8392=FACE_SURFACE('NONE',(#8387),#8391,.T.);
#8393=POLY_LOOP('NONE',(#2482,#1928,#1927,#2483));
#8394=FACE_OUTER_BOUND('NONE',#8393,.T.);
#8395=DIRECTION('NONE',(0.999604,0.028142,0));
#8396=DIRECTION('NONE',(0,0,1));
#8397=AXIS2_PLACEMENT_3D('NONE',#2482,#8395,#8396);
#8398=PLANE('NONE',#8397);
#8399=FACE_SURFACE('NONE',(#8394),#8398,.T.);
#8400=POLY_LOOP('NONE',(#1809,#2291,#2290,#1810));
#8401=FACE_OUTER_BOUND('NONE',#8400,.T.);
#8402=DIRECTION('NONE',(-0.014076,-0.999901,0));
#8403=DIRECTION('NONE',(0,0,-1));
#8404=AXIS2_PLACEMENT_3D('NONE',#1809,#8402,#8403);
#8405=PLANE('NONE',#8404);
#8406=FACE_SURFACE('NONE',(#8401),#8405,.T.);
#8407=POLY_LOOP('NONE',(#2479,#1931,#1930,#2480));
#8408=FACE_OUTER_BOUND('NONE',#8407,.T.);
#8409=DIRECTION('NONE',(0.992063,-0.12574,0));
#8410=DIRECTION('NONE',(0,0,1));
#8411=AXIS2_PLACEMENT_3D('NONE',#2479,#8409,#8410);
#8412=PLANE('NONE',#8411);
#8413=FACE_SURFACE('NONE',(#8408),#8412,.T.);
#8414=POLY_LOOP('NONE',(#2510,#1900,#1899,#2511));
#8415=FACE_OUTER_BOUND('NONE',#8414,.T.);
#8416=DIRECTION('NONE',(0.168953,0.985624,0));
#8417=DIRECTION('NONE',(0,0,1));
#8418=AXIS2_PLACEMENT_3D('NONE',#2510,#8416,#8417);
#8419=PLANE('NONE',#8418);
#8420=FACE_SURFACE('NONE',(#8415),#8419,.T.);
#8421=POLY_LOOP('NONE',(#1834,#1833,#2267,#2266));
#8422=FACE_OUTER_BOUND('NONE',#8421,.T.);
#8423=DIRECTION('NONE',(-0.932262,-0.361785,0));
#8424=DIRECTION('NONE',(-0.361785,0.932262,0));
#8425=AXIS2_PLACEMENT_3D('NONE',#1834,#8423,#8424);
#8426=PLANE('NONE',#8425);
#8427=FACE_SURFACE('NONE',(#8422),#8426,.T.);
#8428=POLY_LOOP('NONE',(#1933,#2477,#2476,#1934));
#8429=FACE_OUTER_BOUND('NONE',#8428,.T.);
#8430=DIRECTION('NONE',(0.964113,-0.265493,0));
#8431=DIRECTION('NONE',(0,0,-1));
#8432=AXIS2_PLACEMENT_3D('NONE',#1933,#8430,#8431);
#8433=PLANE('NONE',#8432);
#8434=FACE_SURFACE('NONE',(#8429),#8433,.T.);
#8435=POLY_LOOP('NONE',(#1918,#2492,#2491,#1919));
#8436=FACE_OUTER_BOUND('NONE',#8435,.T.);
#8437=DIRECTION('NONE',(0.894417,0.447235,0));
#8438=DIRECTION('NONE',(0,0,-1));
#8439=AXIS2_PLACEMENT_3D('NONE',#1918,#8437,#8438);
#8440=PLANE('NONE',#8439);
#8441=FACE_SURFACE('NONE',(#8436),#8440,.T.);
#8442=POLY_LOOP('NONE',(#2491,#2490,#1920,#1919));
#8443=FACE_OUTER_BOUND('NONE',#8442,.T.);
#8444=DIRECTION('NONE',(0.913236,0.407431,0));
#8445=DIRECTION('NONE',(-0.407431,0.913236,0));
#8446=AXIS2_PLACEMENT_3D('NONE',#2491,#8444,#8445);
#8447=PLANE('NONE',#8446);
#8448=FACE_SURFACE('NONE',(#8443),#8447,.T.);
#8449=POLY_LOOP('NONE',(#2350,#1750,#1749,#2351));
#8450=FACE_OUTER_BOUND('NONE',#8449,.T.);
#8451=DIRECTION('NONE',(0.222823,0.974859,0));
#8452=DIRECTION('NONE',(0,0,1));
#8453=AXIS2_PLACEMENT_3D('NONE',#2350,#8451,#8452);
#8454=PLANE('NONE',#8453);
#8455=FACE_SURFACE('NONE',(#8450),#8454,.T.);
#8456=POLY_LOOP('NONE',(#1888,#2394,#2393,#1889));
#8457=FACE_OUTER_BOUND('NONE',#8456,.T.);
#8458=DIRECTION('NONE',(-0.361757,0.932272,0));
#8459=DIRECTION('NONE',(0,0,-1));
#8460=AXIS2_PLACEMENT_3D('NONE',#1888,#8458,#8459);
#8461=PLANE('NONE',#8460);
#8462=FACE_SURFACE('NONE',(#8457),#8461,.T.);
#8463=POLY_LOOP('NONE',(#1751,#1750,#2350,#2349));
#8464=FACE_OUTER_BOUND('NONE',#8463,.T.);
#8465=DIRECTION('NONE',(0.265481,0.964116,0));
#8466=DIRECTION('NONE',(0.964116,-0.265481,0));
#8467=AXIS2_PLACEMENT_3D('NONE',#1751,#8465,#8466);
#8468=PLANE('NONE',#8467);
#8469=FACE_SURFACE('NONE',(#8464),#8468,.T.);
#8470=POLY_LOOP('NONE',(#2473,#2472,#1938,#1937));
#8471=FACE_OUTER_BOUND('NONE',#8470,.T.);
#8472=DIRECTION('NONE',(0.894417,-0.447235,0));
#8473=DIRECTION('NONE',(0.447235,0.894417,0));
#8474=AXIS2_PLACEMENT_3D('NONE',#2473,#8472,#8473);
#8475=PLANE('NONE',#8474);
#8476=FACE_SURFACE('NONE',(#8471),#8475,.T.);
#8477=POLY_LOOP('NONE',(#2471,#1939,#1938,#2472));
#8478=FACE_OUTER_BOUND('NONE',#8477,.T.);
#8479=DIRECTION('NONE',(0.870826,-0.491591,0));
#8480=DIRECTION('NONE',(0,0,1));
#8481=AXIS2_PLACEMENT_3D('NONE',#2471,#8479,#8480);
#8482=PLANE('NONE',#8481);
#8483=FACE_SURFACE('NONE',(#8478),#8482,.T.);
#8484=POLY_LOOP('NONE',(#2509,#1901,#1900,#2510));
#8485=FACE_OUTER_BOUND('NONE',#8484,.T.);
#8486=DIRECTION('NONE',(0.222836,0.974856,0));
#8487=DIRECTION('NONE',(0,0,1));
#8488=AXIS2_PLACEMENT_3D('NONE',#2509,#8486,#8487);
#8489=PLANE('NONE',#8488);
#8490=FACE_SURFACE('NONE',(#8485),#8489,.T.);
#8491=POLY_LOOP('NONE',(#1705,#2162,#2161,#1706));
#8492=FACE_OUTER_BOUND('NONE',#8491,.T.);
#8493=DIRECTION('NONE',(-0.070247,0.99753,0));
#8494=DIRECTION('NONE',(0,0,-1));
#8495=AXIS2_PLACEMENT_3D('NONE',#1705,#8493,#8494);
#8496=PLANE('NONE',#8495);
#8497=FACE_SURFACE('NONE',(#8492),#8496,.T.);
#8498=POLY_LOOP('NONE',(#2088,#2087,#1516,#1515));
#8499=FACE_OUTER_BOUND('NONE',#8498,.T.);
#8500=DIRECTION('NONE',(0.844828,-0.535037,0));
#8501=DIRECTION('NONE',(0.535037,0.844828,0));
#8502=AXIS2_PLACEMENT_3D('NONE',#2088,#8500,#8501);
#8503=PLANE('NONE',#8502);
#8504=FACE_SURFACE('NONE',(#8499),#8503,.T.);
#8505=POLY_LOOP('NONE',(#1950,#2460,#2459,#1951));
#8506=FACE_OUTER_BOUND('NONE',#8505,.T.);
#8507=DIRECTION('NONE',(0.447192,-0.894438,0));
#8508=DIRECTION('NONE',(0,0,-1));
#8509=AXIS2_PLACEMENT_3D('NONE',#1950,#8507,#8508);
#8510=PLANE('NONE',#8509);
#8511=FACE_SURFACE('NONE',(#8506),#8510,.T.);
#8512=POLY_LOOP('NONE',(#2161,#2160,#1707,#1706));
#8513=FACE_OUTER_BOUND('NONE',#8512,.T.);
#8514=DIRECTION('NONE',(-0.028156,0.999604,0));
#8515=DIRECTION('NONE',(-0.999604,-0.028156,0));
#8516=AXIS2_PLACEMENT_3D('NONE',#2161,#8514,#8515);
#8517=PLANE('NONE',#8516);
#8518=FACE_SURFACE('NONE',(#8513),#8517,.T.);
#8519=POLY_LOOP('NONE',(#1889,#2393,#2392,#1890));
#8520=FACE_OUTER_BOUND('NONE',#8519,.T.);
#8521=DIRECTION('NONE',(-0.311997,0.950083,0));
#8522=DIRECTION('NONE',(0,0,-1));
#8523=AXIS2_PLACEMENT_3D('NONE',#1889,#8521,#8522);
#8524=PLANE('NONE',#8523);
#8525=FACE_SURFACE('NONE',(#8520),#8524,.T.);
#8526=POLY_LOOP('NONE',(#2167,#1700,#1699,#2168));
#8527=FACE_OUTER_BOUND('NONE',#8526,.T.);
#8528=DIRECTION('NONE',(-0.361787,0.932261,0));
#8529=DIRECTION('NONE',(0,0,1));
#8530=AXIS2_PLACEMENT_3D('NONE',#2167,#8528,#8529);
#8531=PLANE('NONE',#8530);
#8532=FACE_SURFACE('NONE',(#8527),#8531,.T.);
#8533=POLY_LOOP('NONE',(#1700,#2167,#2166,#1701));
#8534=FACE_OUTER_BOUND('NONE',#8533,.T.);
#8535=DIRECTION('NONE',(-0.311969,0.950092,0));
#8536=DIRECTION('NONE',(0,0,-1));
#8537=AXIS2_PLACEMENT_3D('NONE',#1700,#8535,#8536);
#8538=PLANE('NONE',#8537);
#8539=FACE_SURFACE('NONE',(#8534),#8538,.T.);
#8540=POLY_LOOP('NONE',(#2353,#2352,#1748,#1747));
#8541=FACE_OUTER_BOUND('NONE',#8540,.T.);
#8542=DIRECTION('NONE',(0.125753,0.992062,0));
#8543=DIRECTION('NONE',(-0.992062,0.125753,0));
#8544=AXIS2_PLACEMENT_3D('NONE',#2353,#8542,#8543);
#8545=PLANE('NONE',#8544);
#8546=FACE_SURFACE('NONE',(#8541),#8545,.T.);
#8547=POLY_LOOP('NONE',(#2080,#1523,#1522,#2081));
#8548=FACE_OUTER_BOUND('NONE',#8547,.T.);
#8549=DIRECTION('NONE',(0.617829,-0.786313,0));
#8550=DIRECTION('NONE',(0,0,1));
#8551=AXIS2_PLACEMENT_3D('NONE',#2080,#8549,#8550);
#8552=PLANE('NONE',#8551);
#8553=FACE_SURFACE('NONE',(#8548),#8552,.T.);
#8554=POLY_LOOP('NONE',(#2467,#1943,#1942,#2468));
#8555=FACE_OUTER_BOUND('NONE',#8554,.T.);
#8556=DIRECTION('NONE',(0.754304,-0.656526,0));
#8557=DIRECTION('NONE',(0,0,1));
#8558=AXIS2_PLACEMENT_3D('NONE',#2467,#8556,#8557);
#8559=PLANE('NONE',#8558);
#8560=FACE_SURFACE('NONE',(#8555),#8559,.T.);
#8561=POLY_LOOP('NONE',(#1862,#1861,#2367,#2366));
#8562=FACE_OUTER_BOUND('NONE',#8561,.T.);
#8563=DIRECTION('NONE',(-0.535044,0.844824,0));
#8564=DIRECTION('NONE',(0.844824,0.535044,0));
#8565=AXIS2_PLACEMENT_3D('NONE',#1862,#8563,#8564);
#8566=PLANE('NONE',#8565);
#8567=FACE_SURFACE('NONE',(#8562),#8566,.T.);
#8568=POLY_LOOP('NONE',(#1694,#2173,#2172,#1695));
#8569=FACE_OUTER_BOUND('NONE',#8568,.T.);
#8570=DIRECTION('NONE',(-0.577223,0.816587,0));
#8571=DIRECTION('NONE',(0,0,-1));
#8572=AXIS2_PLACEMENT_3D('NONE',#1694,#8570,#8571);
#8573=PLANE('NONE',#8572);
#8574=FACE_SURFACE('NONE',(#8569),#8573,.T.);
#8575=POLY_LOOP('NONE',(#1526,#2077,#2076,#1527));
#8576=FACE_OUTER_BOUND('NONE',#8575,.T.);
#8577=DIRECTION('NONE',(0.447214,-0.894427,0));
#8578=DIRECTION('NONE',(0,0,-1));
#8579=AXIS2_PLACEMENT_3D('NONE',#1526,#8577,#8578);
#8580=PLANE('NONE',#8579);
#8581=FACE_SURFACE('NONE',(#8576),#8580,.T.);
#8582=POLY_LOOP('NONE',(#1741,#1740,#2360,#2359));
#8583=FACE_OUTER_BOUND('NONE',#8582,.T.);
#8584=DIRECTION('NONE',(-0.222823,0.974859,0));
#8585=DIRECTION('NONE',(0.974859,0.222823,0));
#8586=AXIS2_PLACEMENT_3D('NONE',#1741,#8584,#8585);
#8587=PLANE('NONE',#8586);
#8588=FACE_SURFACE('NONE',(#8583),#8587,.T.);
#8589=POLY_LOOP('NONE',(#1886,#1885,#2397,#2396));
#8590=FACE_OUTER_BOUND('NONE',#8589,.T.);
#8591=DIRECTION('NONE',(-0.491591,0.870826,0));
#8592=DIRECTION('NONE',(0.870826,0.491591,0));
#8593=AXIS2_PLACEMENT_3D('NONE',#1886,#8591,#8592);
#8594=PLANE('NONE',#8593);
#8595=FACE_SURFACE('NONE',(#8590),#8594,.T.);
#8596=POLY_LOOP('NONE',(#1952,#2458,#2457,#1953));
#8597=FACE_OUTER_BOUND('NONE',#8596,.T.);
#8598=DIRECTION('NONE',(0.36178,-0.932263,0));
#8599=DIRECTION('NONE',(0,0,-1));
#8600=AXIS2_PLACEMENT_3D('NONE',#1952,#8598,#8599);
#8601=PLANE('NONE',#8600);
#8602=FACE_SURFACE('NONE',(#8597),#8601,.T.);
#8603=POLY_LOOP('NONE',(#2183,#2182,#1685,#1684));
#8604=FACE_OUTER_BOUND('NONE',#8603,.T.);
#8605=DIRECTION('NONE',(-0.894441,0.447187,0));
#8606=DIRECTION('NONE',(-0.447187,-0.894441,0));
#8607=AXIS2_PLACEMENT_3D('NONE',#2183,#8605,#8606);
#8608=PLANE('NONE',#8607);
#8609=FACE_SURFACE('NONE',(#8604),#8608,.T.);
#8610=POLY_LOOP('NONE',(#1514,#2089,#2088,#1515));
#8611=FACE_OUTER_BOUND('NONE',#8610,.T.);
#8612=DIRECTION('NONE',(0.870826,-0.491591,0));
#8613=DIRECTION('NONE',(0,0,-1));
#8614=AXIS2_PLACEMENT_3D('NONE',#1514,#8612,#8613);
#8615=PLANE('NONE',#8614);
#8616=FACE_SURFACE('NONE',(#8611),#8615,.T.);
#8617=POLY_LOOP('NONE',(#1690,#1689,#2178,#2177));
#8618=FACE_OUTER_BOUND('NONE',#8617,.T.);
#8619=DIRECTION('NONE',(-0.754298,0.656532,0));
#8620=DIRECTION('NONE',(0.656532,0.754298,0));
#8621=AXIS2_PLACEMENT_3D('NONE',#1690,#8619,#8620);
#8622=PLANE('NONE',#8621);
#8623=FACE_SURFACE('NONE',(#8618),#8622,.T.);
#8624=POLY_LOOP('NONE',(#1691,#1690,#2177,#2176));
#8625=FACE_OUTER_BOUND('NONE',#8624,.T.);
#8626=DIRECTION('NONE',(-0.727791,0.685799,0));
#8627=DIRECTION('NONE',(0.685799,0.727791,0));
#8628=AXIS2_PLACEMENT_3D('NONE',#1691,#8626,#8627);
#8629=PLANE('NONE',#8628);
#8630=FACE_SURFACE('NONE',(#8625),#8629,.T.);
#8631=POLY_LOOP('NONE',(#2020,#1583,#1582,#2021));
#8632=FACE_OUTER_BOUND('NONE',#8631,.T.);
#8633=DIRECTION('NONE',(-0.754304,0.656526,0));
#8634=DIRECTION('NONE',(0,0,1));
#8635=AXIS2_PLACEMENT_3D('NONE',#2020,#8633,#8634);
#8636=PLANE('NONE',#8635);
#8637=FACE_SURFACE('NONE',(#8632),#8636,.T.);
#8638=POLY_LOOP('NONE',(#2395,#1887,#1886,#2396));
#8639=FACE_OUTER_BOUND('NONE',#8638,.T.);
#8640=DIRECTION('NONE',(-0.447192,0.894438,0));
#8641=DIRECTION('NONE',(0,0,1));
#8642=AXIS2_PLACEMENT_3D('NONE',#2395,#8640,#8641);
#8643=PLANE('NONE',#8642);
#8644=FACE_SURFACE('NONE',(#8639),#8643,.T.);
#8645=POLY_LOOP('NONE',(#1888,#1887,#2395,#2394));
#8646=FACE_OUTER_BOUND('NONE',#8645,.T.);
#8647=DIRECTION('NONE',(-0.407463,0.913222,0));
#8648=DIRECTION('NONE',(0.913222,0.407463,0));
#8649=AXIS2_PLACEMENT_3D('NONE',#1888,#8647,#8648);
#8650=PLANE('NONE',#8649);
#8651=FACE_SURFACE('NONE',(#8646),#8650,.T.);
#8652=POLY_LOOP('NONE',(#2362,#2361,#1739,#1738));
#8653=FACE_OUTER_BOUND('NONE',#8652,.T.);
#8654=DIRECTION('NONE',(-0.311985,0.950087,0));
#8655=DIRECTION('NONE',(-0.950087,-0.311985,0));
#8656=AXIS2_PLACEMENT_3D('NONE',#2362,#8654,#8655);
#8657=PLANE('NONE',#8656);
#8658=FACE_SURFACE('NONE',(#8653),#8657,.T.);
#8659=POLY_LOOP('NONE',(#2348,#1752,#1751,#2349));
#8660=FACE_OUTER_BOUND('NONE',#8659,.T.);
#8661=DIRECTION('NONE',(0.311969,0.950092,0));
#8662=DIRECTION('NONE',(0,0,1));
#8663=AXIS2_PLACEMENT_3D('NONE',#2348,#8661,#8662);
#8664=PLANE('NONE',#8663);
#8665=FACE_SURFACE('NONE',(#8660),#8664,.T.);
#8666=POLY_LOOP('NONE',(#1739,#2361,#2360,#1740));
#8667=FACE_OUTER_BOUND('NONE',#8666,.T.);
#8668=DIRECTION('NONE',(-0.265481,0.964116,0));
#8669=DIRECTION('NONE',(0,0,-1));
#8670=AXIS2_PLACEMENT_3D('NONE',#1739,#8668,#8669);
#8671=PLANE('NONE',#8670);
#8672=FACE_SURFACE('NONE',(#8667),#8671,.T.);
#8673=POLY_LOOP('NONE',(#1752,#2348,#2347,#1753));
#8674=FACE_OUTER_BOUND('NONE',#8673,.T.);
#8675=DIRECTION('NONE',(0.361787,0.932261,0));
#8676=DIRECTION('NONE',(0,0,-1));
#8677=AXIS2_PLACEMENT_3D('NONE',#1752,#8675,#8676);
#8678=PLANE('NONE',#8677);
#8679=FACE_SURFACE('NONE',(#8674),#8678,.T.);
#8680=POLY_LOOP('NONE',(#1742,#1741,#2359,#2358));
#8681=FACE_OUTER_BOUND('NONE',#8680,.T.);
#8682=DIRECTION('NONE',(-0.168957,0.985623,0));
#8683=DIRECTION('NONE',(0.985623,0.168957,0));
#8684=AXIS2_PLACEMENT_3D('NONE',#1742,#8682,#8683);
#8685=PLANE('NONE',#8684);
#8686=FACE_SURFACE('NONE',(#8681),#8685,.T.);
#8687=POLY_LOOP('NONE',(#1528,#1527,#2076,#2075));
#8688=FACE_OUTER_BOUND('NONE',#8687,.T.);
#8689=DIRECTION('NONE',(0.407441,-0.913232,0));
#8690=DIRECTION('NONE',(-0.913232,-0.407441,0));
#8691=AXIS2_PLACEMENT_3D('NONE',#1528,#8689,#8690);
#8692=PLANE('NONE',#8691);
#8693=FACE_SURFACE('NONE',(#8688),#8692,.T.);
#8694=POLY_LOOP('NONE',(#2178,#1689,#1688,#2179));
#8695=FACE_OUTER_BOUND('NONE',#8694,.T.);
#8696=DIRECTION('NONE',(-0.786331,0.617806,0));
#8697=DIRECTION('NONE',(0,0,1));
#8698=AXIS2_PLACEMENT_3D('NONE',#2178,#8696,#8697);
#8699=PLANE('NONE',#8698);
#8700=FACE_SURFACE('NONE',(#8695),#8699,.T.);
#8701=POLY_LOOP('NONE',(#2181,#1686,#1685,#2182));
#8702=FACE_OUTER_BOUND('NONE',#8701,.T.);
#8703=DIRECTION('NONE',(-0.870823,0.491597,0));
#8704=DIRECTION('NONE',(0,0,1));
#8705=AXIS2_PLACEMENT_3D('NONE',#2181,#8703,#8704);
#8706=PLANE('NONE',#8705);
#8707=FACE_SURFACE('NONE',(#8702),#8706,.T.);
#8708=POLY_LOOP('NONE',(#2020,#2019,#1584,#1583));
#8709=FACE_OUTER_BOUND('NONE',#8708,.T.);
#8710=DIRECTION('NONE',(-0.727791,0.685799,0));
#8711=DIRECTION('NONE',(-0.685799,-0.727791,0));
#8712=AXIS2_PLACEMENT_3D('NONE',#2020,#8710,#8711);
#8713=PLANE('NONE',#8712);
#8714=FACE_SURFACE('NONE',(#8709),#8713,.T.);
#8715=POLY_LOOP('NONE',(#1768,#1767,#2333,#2332));
#8716=FACE_OUTER_BOUND('NONE',#8715,.T.);
#8717=DIRECTION('NONE',(0.894441,0.447187,0));
#8718=DIRECTION('NONE',(0.447187,-0.894441,0));
#8719=AXIS2_PLACEMENT_3D('NONE',#1768,#8717,#8718);
#8720=PLANE('NONE',#8719);
#8721=FACE_SURFACE('NONE',(#8716),#8720,.T.);
#8722=POLY_LOOP('NONE',(#2331,#1769,#1768,#2332));
#8723=FACE_OUTER_BOUND('NONE',#8722,.T.);
#8724=DIRECTION('NONE',(0.913236,0.407431,0));
#8725=DIRECTION('NONE',(0,0,1));
#8726=AXIS2_PLACEMENT_3D('NONE',#2331,#8724,#8725);
#8727=PLANE('NONE',#8726);
#8728=FACE_SURFACE('NONE',(#8723),#8727,.T.);
#8729=POLY_LOOP('NONE',(#2015,#1588,#1587,#2016));
#8730=FACE_OUTER_BOUND('NONE',#8729,.T.);
#8731=DIRECTION('NONE',(-0.577248,0.816569,0));
#8732=DIRECTION('NONE',(0,0,1));
#8733=AXIS2_PLACEMENT_3D('NONE',#2015,#8731,#8732);
#8734=PLANE('NONE',#8733);
#8735=FACE_SURFACE('NONE',(#8730),#8734,.T.);
#8736=POLY_LOOP('NONE',(#1588,#2015,#2014,#1589));
#8737=FACE_OUTER_BOUND('NONE',#8736,.T.);
#8738=DIRECTION('NONE',(-0.535044,0.844824,0));
#8739=DIRECTION('NONE',(0,0,-1));
#8740=AXIS2_PLACEMENT_3D('NONE',#1588,#8738,#8739);
#8741=PLANE('NONE',#8740);
#8742=FACE_SURFACE('NONE',(#8737),#8741,.T.);
#8743=POLY_LOOP('NONE',(#2107,#2106,#1497,#1496));
#8744=FACE_OUTER_BOUND('NONE',#8743,.T.);
#8745=DIRECTION('NONE',(0.93226,0.361789,0));
#8746=DIRECTION('NONE',(-0.361789,0.93226,0));
#8747=AXIS2_PLACEMENT_3D('NONE',#2107,#8745,#8746);
#8748=PLANE('NONE',#8747);
#8749=FACE_SURFACE('NONE',(#8744),#8748,.T.);
#8750=POLY_LOOP('NONE',(#2106,#2105,#1498,#1497));
#8751=FACE_OUTER_BOUND('NONE',#8750,.T.);
#8752=DIRECTION('NONE',(0.950094,0.311965,0));
#8753=DIRECTION('NONE',(-0.311965,0.950094,0));
#8754=AXIS2_PLACEMENT_3D('NONE',#2106,#8752,#8753);
#8755=PLANE('NONE',#8754);
#8756=FACE_SURFACE('NONE',(#8751),#8755,.T.);
#8757=POLY_LOOP('NONE',(#1676,#2191,#2190,#1677));
#8758=FACE_OUTER_BOUND('NONE',#8757,.T.);
#8759=DIRECTION('NONE',(-0.997528,0.070263,0));
#8760=DIRECTION('NONE',(0,0,-1));
#8761=AXIS2_PLACEMENT_3D('NONE',#1676,#8759,#8760);
#8762=PLANE('NONE',#8761);
#8763=FACE_SURFACE('NONE',(#8758),#8762,.T.);
#8764=POLY_LOOP('NONE',(#2390,#1892,#1891,#2391));
#8765=FACE_OUTER_BOUND('NONE',#8764,.T.);
#8766=DIRECTION('NONE',(-0.222836,0.974856,0));
#8767=DIRECTION('NONE',(0,0,1));
#8768=AXIS2_PLACEMENT_3D('NONE',#2390,#8766,#8767);
#8769=PLANE('NONE',#8768);
#8770=FACE_SURFACE('NONE',(#8765),#8769,.T.);
#8771=POLY_LOOP('NONE',(#1893,#1892,#2390,#2389));
#8772=FACE_OUTER_BOUND('NONE',#8771,.T.);
#8773=DIRECTION('NONE',(-0.168953,0.985624,0));
#8774=DIRECTION('NONE',(0.985624,0.168953,0));
#8775=AXIS2_PLACEMENT_3D('NONE',#1893,#8773,#8774);
#8776=PLANE('NONE',#8775);
#8777=FACE_SURFACE('NONE',(#8772),#8776,.T.);
#8778=POLY_LOOP('NONE',(#2188,#2187,#1680,#1679));
#8779=FACE_OUTER_BOUND('NONE',#8778,.T.);
#8780=DIRECTION('NONE',(-0.974862,0.222807,0));
#8781=DIRECTION('NONE',(-0.222807,-0.974862,0));
#8782=AXIS2_PLACEMENT_3D('NONE',#2188,#8780,#8781);
#8783=PLANE('NONE',#8782);
#8784=FACE_SURFACE('NONE',(#8779),#8783,.T.);
#8785=POLY_LOOP('NONE',(#1614,#1613,#2254,#2253));
#8786=FACE_OUTER_BOUND('NONE',#8785,.T.);
#8787=DIRECTION('NONE',(0.992063,-0.12574,0));
#8788=DIRECTION('NONE',(-0.12574,-0.992063,0));
#8789=AXIS2_PLACEMENT_3D('NONE',#1614,#8787,#8788);
#8790=PLANE('NONE',#8789);
#8791=FACE_SURFACE('NONE',(#8786),#8790,.T.);
#8792=POLY_LOOP('NONE',(#2252,#1615,#1614,#2253));
#8793=FACE_OUTER_BOUND('NONE',#8792,.T.);
#8794=DIRECTION('NONE',(0.98562,-0.168976,0));
#8795=DIRECTION('NONE',(0,0,1));
#8796=AXIS2_PLACEMENT_3D('NONE',#2252,#8794,#8795);
#8797=PLANE('NONE',#8796);
#8798=FACE_SURFACE('NONE',(#8793),#8797,.T.);
#8799=POLY_LOOP('NONE',(#1503,#1502,#2101,#2100));
#8800=FACE_OUTER_BOUND('NONE',#8799,.T.);
#8801=DIRECTION('NONE',(0.997528,0.070264,0));
#8802=DIRECTION('NONE',(0.070264,-0.997528,0));
#8803=AXIS2_PLACEMENT_3D('NONE',#1503,#8801,#8802);
#8804=PLANE('NONE',#8803);
#8805=FACE_SURFACE('NONE',(#8800),#8804,.T.);
#8806=POLY_LOOP('NONE',(#1874,#2408,#2407,#1875));
#8807=FACE_OUTER_BOUND('NONE',#8806,.T.);
#8808=DIRECTION('NONE',(-0.870826,0.491591,0));
#8809=DIRECTION('NONE',(0,0,-1));
#8810=AXIS2_PLACEMENT_3D('NONE',#1874,#8808,#8809);
#8811=PLANE('NONE',#8810);
#8812=FACE_SURFACE('NONE',(#8807),#8811,.T.);
#8813=POLY_LOOP('NONE',(#1683,#1682,#2185,#2184));
#8814=FACE_OUTER_BOUND('NONE',#8813,.T.);
#8815=DIRECTION('NONE',(-0.93226,0.361789,0));
#8816=DIRECTION('NONE',(0.361789,0.93226,0));
#8817=AXIS2_PLACEMENT_3D('NONE',#1683,#8815,#8816);
#8818=PLANE('NONE',#8817);
#8819=FACE_SURFACE('NONE',(#8814),#8818,.T.);
#8820=POLY_LOOP('NONE',(#2251,#1616,#1615,#2252));
#8821=FACE_OUTER_BOUND('NONE',#8820,.T.);
#8822=DIRECTION('NONE',(0.974862,-0.22281,0));
#8823=DIRECTION('NONE',(0,0,1));
#8824=AXIS2_PLACEMENT_3D('NONE',#2251,#8822,#8823);
#8825=PLANE('NONE',#8824);
#8826=FACE_SURFACE('NONE',(#8821),#8825,.T.);
#8827=POLY_LOOP('NONE',(#1876,#1875,#2407,#2406));
#8828=FACE_OUTER_BOUND('NONE',#8827,.T.);
#8829=DIRECTION('NONE',(-0.844836,0.535025,0));
#8830=DIRECTION('NONE',(0.535025,0.844836,0));
#8831=AXIS2_PLACEMENT_3D('NONE',#1876,#8829,#8830);
#8832=PLANE('NONE',#8831);
#8833=FACE_SURFACE('NONE',(#8828),#8832,.T.);
#8834=POLY_LOOP('NONE',(#1617,#1616,#2251,#2250));
#8835=FACE_OUTER_BOUND('NONE',#8834,.T.);
#8836=DIRECTION('NONE',(0.964113,-0.265493,0));
#8837=DIRECTION('NONE',(-0.265493,-0.964113,0));
#8838=AXIS2_PLACEMENT_3D('NONE',#1617,#8836,#8837);
#8839=PLANE('NONE',#8838);
#8840=FACE_SURFACE('NONE',(#8835),#8839,.T.);
#8841=POLY_LOOP('NONE',(#1692,#1691,#2176,#2175));
#8842=FACE_OUTER_BOUND('NONE',#8841,.T.);
#8843=DIRECTION('NONE',(-0.685813,0.727778,0));
#8844=DIRECTION('NONE',(0.727778,0.685813,0));
#8845=AXIS2_PLACEMENT_3D('NONE',#1692,#8843,#8844);
#8846=PLANE('NONE',#8845);
#8847=FACE_SURFACE('NONE',(#8842),#8846,.T.);
#8848=POLY_LOOP('NONE',(#1505,#1504,#2099,#2098));
#8849=FACE_OUTER_BOUND('NONE',#8848,.T.);
#8850=DIRECTION('NONE',(0.999901,-0.014076,0));
#8851=DIRECTION('NONE',(-0.014076,-0.999901,0));
#8852=AXIS2_PLACEMENT_3D('NONE',#1505,#8850,#8851);
#8853=PLANE('NONE',#8852);
#8854=FACE_SURFACE('NONE',(#8849),#8853,.T.);
#8855=POLY_LOOP('NONE',(#1692,#2175,#2174,#1693));
#8856=FACE_OUTER_BOUND('NONE',#8855,.T.);
#8857=DIRECTION('NONE',(-0.656518,0.75431,0));
#8858=DIRECTION('NONE',(0,0,-1));
#8859=AXIS2_PLACEMENT_3D('NONE',#1692,#8857,#8858);
#8860=PLANE('NONE',#8859);
#8861=FACE_SURFACE('NONE',(#8856),#8860,.T.);
#8862=POLY_LOOP('NONE',(#2248,#1619,#1618,#2249));
#8863=FACE_OUTER_BOUND('NONE',#8862,.T.);
#8864=DIRECTION('NONE',(0.932262,-0.361785,0));
#8865=DIRECTION('NONE',(0,0,1));
#8866=AXIS2_PLACEMENT_3D('NONE',#2248,#8864,#8865);
#8867=PLANE('NONE',#8866);
#8868=FACE_SURFACE('NONE',(#8863),#8867,.T.);
#8869=POLY_LOOP('NONE',(#1879,#2403,#2402,#1880));
#8870=FACE_OUTER_BOUND('NONE',#8869,.T.);
#8871=DIRECTION('NONE',(-0.727791,0.685799,0));
#8872=DIRECTION('NONE',(0,0,-1));
#8873=AXIS2_PLACEMENT_3D('NONE',#1879,#8871,#8872);
#8874=PLANE('NONE',#8873);
#8875=FACE_SURFACE('NONE',(#8870),#8874,.T.);
#8876=POLY_LOOP('NONE',(#1696,#1695,#2172,#2171));
#8877=FACE_OUTER_BOUND('NONE',#8876,.T.);
#8878=DIRECTION('NONE',(-0.535069,0.844809,0));
#8879=DIRECTION('NONE',(0.844809,0.535069,0));
#8880=AXIS2_PLACEMENT_3D('NONE',#1696,#8878,#8879);
#8881=PLANE('NONE',#8880);
#8882=FACE_SURFACE('NONE',(#8877),#8881,.T.);
#8883=POLY_LOOP('NONE',(#1621,#1620,#2247,#2246));
#8884=FACE_OUTER_BOUND('NONE',#8883,.T.);
#8885=DIRECTION('NONE',(0.894419,-0.44723,0));
#8886=DIRECTION('NONE',(-0.44723,-0.894419,0));
#8887=AXIS2_PLACEMENT_3D('NONE',#1621,#8885,#8886);
#8888=PLANE('NONE',#8887);
#8889=FACE_SURFACE('NONE',(#8884),#8888,.T.);
#8890=POLY_LOOP('NONE',(#2170,#1697,#1696,#2171));
#8891=FACE_OUTER_BOUND('NONE',#8890,.T.);
#8892=DIRECTION('NONE',(-0.491591,0.870826,0));
#8893=DIRECTION('NONE',(0,0,1));
#8894=AXIS2_PLACEMENT_3D('NONE',#2170,#8892,#8893);
#8895=PLANE('NONE',#8894);
#8896=FACE_SURFACE('NONE',(#8891),#8895,.T.);
#8897=POLY_LOOP('NONE',(#2345,#2344,#1756,#1755));
#8898=FACE_OUTER_BOUND('NONE',#8897,.T.);
#8899=DIRECTION('NONE',(0.491591,0.870826,0));
#8900=DIRECTION('NONE',(-0.870826,0.491591,0));
#8901=AXIS2_PLACEMENT_3D('NONE',#2345,#8899,#8900);
#8902=PLANE('NONE',#8901);
#8903=FACE_SURFACE('NONE',(#8898),#8902,.T.);
#8904=POLY_LOOP('NONE',(#2399,#1883,#1882,#2400));
#8905=FACE_OUTER_BOUND('NONE',#8904,.T.);
#8906=DIRECTION('NONE',(-0.617812,0.786326,0));
#8907=DIRECTION('NONE',(0,0,1));
#8908=AXIS2_PLACEMENT_3D('NONE',#2399,#8906,#8907);
#8909=PLANE('NONE',#8908);
#8910=FACE_SURFACE('NONE',(#8905),#8909,.T.);
#8911=POLY_LOOP('NONE',(#1757,#1756,#2344,#2343));
#8912=FACE_OUTER_BOUND('NONE',#8911,.T.);
#8913=DIRECTION('NONE',(0.535069,0.844809,0));
#8914=DIRECTION('NONE',(0.844809,-0.535069,0));
#8915=AXIS2_PLACEMENT_3D('NONE',#1757,#8913,#8914);
#8916=PLANE('NONE',#8915);
#8917=FACE_SURFACE('NONE',(#8912),#8916,.T.);
#8918=POLY_LOOP('NONE',(#2108,#2107,#1496,#1495));
#8919=FACE_OUTER_BOUND('NONE',#8918,.T.);
#8920=DIRECTION('NONE',(0.913236,0.407431,0));
#8921=DIRECTION('NONE',(-0.407431,0.913236,0));
#8922=AXIS2_PLACEMENT_3D('NONE',#2108,#8920,#8921);
#8923=PLANE('NONE',#8922);
#8924=FACE_SURFACE('NONE',(#8919),#8923,.T.);
#8925=POLY_LOOP('NONE',(#1884,#1883,#2399,#2398));
#8926=FACE_OUTER_BOUND('NONE',#8925,.T.);
#8927=DIRECTION('NONE',(-0.577223,0.816587,0));
#8928=DIRECTION('NONE',(0.816587,0.577223,0));
#8929=AXIS2_PLACEMENT_3D('NONE',#1884,#8927,#8928);
#8930=PLANE('NONE',#8929);
#8931=FACE_SURFACE('NONE',(#8926),#8930,.T.);
#8932=POLY_LOOP('NONE',(#1757,#2343,#2342,#1758));
#8933=FACE_OUTER_BOUND('NONE',#8932,.T.);
#8934=DIRECTION('NONE',(0.577223,0.816587,0));
#8935=DIRECTION('NONE',(0,0,-1));
#8936=AXIS2_PLACEMENT_3D('NONE',#1757,#8934,#8935);
#8937=PLANE('NONE',#8936);
#8938=FACE_SURFACE('NONE',(#8933),#8937,.T.);
#8939=POLY_LOOP('NONE',(#1759,#1758,#2342,#2341));
#8940=FACE_OUTER_BOUND('NONE',#8939,.T.);
#8941=DIRECTION('NONE',(0.61782,0.786319,0));
#8942=DIRECTION('NONE',(0.786319,-0.61782,0));
#8943=AXIS2_PLACEMENT_3D('NONE',#1759,#8941,#8942);
#8944=PLANE('NONE',#8943);
#8945=FACE_SURFACE('NONE',(#8940),#8944,.T.);
#8946=POLY_LOOP('NONE',(#1759,#2341,#2340,#1760));
#8947=FACE_OUTER_BOUND('NONE',#8946,.T.);
#8948=DIRECTION('NONE',(0.656518,0.75431,0));
#8949=DIRECTION('NONE',(0,0,-1));
#8950=AXIS2_PLACEMENT_3D('NONE',#1759,#8948,#8949);
#8951=PLANE('NONE',#8950);
#8952=FACE_SURFACE('NONE',(#8947),#8951,.T.);
#8953=POLY_LOOP('NONE',(#2104,#1499,#1498,#2105));
#8954=FACE_OUTER_BOUND('NONE',#8953,.T.);
#8955=DIRECTION('NONE',(0.964126,0.265444,0));
#8956=DIRECTION('NONE',(0,0,1));
#8957=AXIS2_PLACEMENT_3D('NONE',#2104,#8955,#8956);
#8958=PLANE('NONE',#8957);
#8959=FACE_SURFACE('NONE',(#8954),#8958,.T.);
#8960=POLY_LOOP('NONE',(#2339,#1761,#1760,#2340));
#8961=FACE_OUTER_BOUND('NONE',#8960,.T.);
#8962=DIRECTION('NONE',(0.685813,0.727778,0));
#8963=DIRECTION('NONE',(0,0,1));
#8964=AXIS2_PLACEMENT_3D('NONE',#2339,#8962,#8963);
#8965=PLANE('NONE',#8964);
#8966=FACE_SURFACE('NONE',(#8961),#8965,.T.);
#8967=POLY_LOOP('NONE',(#1766,#2334,#2333,#1767));
#8968=FACE_OUTER_BOUND('NONE',#8967,.T.);
#8969=DIRECTION('NONE',(0.870823,0.491597,0));
#8970=DIRECTION('NONE',(0,0,-1));
#8971=AXIS2_PLACEMENT_3D('NONE',#1766,#8969,#8970);
#8972=PLANE('NONE',#8971);
#8973=FACE_SURFACE('NONE',(#8968),#8972,.T.);
#8974=POLY_LOOP('NONE',(#2101,#1502,#1501,#2102));
#8975=FACE_OUTER_BOUND('NONE',#8974,.T.);
#8976=DIRECTION('NONE',(0.992064,0.125737,0));
#8977=DIRECTION('NONE',(0,0,1));
#8978=AXIS2_PLACEMENT_3D('NONE',#2101,#8976,#8977);
#8979=PLANE('NONE',#8978);
#8980=FACE_SURFACE('NONE',(#8975),#8979,.T.);
#8981=POLY_LOOP('NONE',(#2237,#2236,#1631,#1630));
#8982=FACE_OUTER_BOUND('NONE',#8981,.T.);
#8983=DIRECTION('NONE',(0.577248,-0.816569,0));
#8984=DIRECTION('NONE',(0.816569,0.577248,0));
#8985=AXIS2_PLACEMENT_3D('NONE',#2237,#8983,#8984);
#8986=PLANE('NONE',#8985);
#8987=FACE_SURFACE('NONE',(#8982),#8986,.T.);
#8988=POLY_LOOP('NONE',(#2331,#2330,#1770,#1769));
#8989=FACE_OUTER_BOUND('NONE',#8988,.T.);
#8990=DIRECTION('NONE',(0.93226,0.361789,0));
#8991=DIRECTION('NONE',(-0.361789,0.93226,0));
#8992=AXIS2_PLACEMENT_3D('NONE',#2331,#8990,#8991);
#8993=PLANE('NONE',#8992);
#8994=FACE_SURFACE('NONE',(#8989),#8993,.T.);
#8995=POLY_LOOP('NONE',(#1870,#2412,#2411,#1871));
#8996=FACE_OUTER_BOUND('NONE',#8995,.T.);
#8997=DIRECTION('NONE',(-0.950094,0.311965,0));
#8998=DIRECTION('NONE',(0,0,-1));
#8999=AXIS2_PLACEMENT_3D('NONE',#1870,#8997,#8998);
#9000=PLANE('NONE',#8999);
#9001=FACE_SURFACE('NONE',(#8996),#9000,.T.);
#9002=POLY_LOOP('NONE',(#2513,#2512,#1898,#1897));
#9003=FACE_OUTER_BOUND('NONE',#9002,.T.);
#9004=DIRECTION('NONE',(0.070238,0.99753,0));
#9005=DIRECTION('NONE',(-0.99753,0.070238,0));
#9006=AXIS2_PLACEMENT_3D('NONE',#2513,#9004,#9005);
#9007=PLANE('NONE',#9006);
#9008=FACE_SURFACE('NONE',(#9003),#9007,.T.);
#9009=POLY_LOOP('NONE',(#1633,#1632,#2235,#2234));
#9010=FACE_OUTER_BOUND('NONE',#9009,.T.);
#9011=DIRECTION('NONE',(0.491601,-0.87082,0));
#9012=DIRECTION('NONE',(-0.87082,-0.491601,0));
#9013=AXIS2_PLACEMENT_3D('NONE',#1633,#9011,#9012);
#9014=PLANE('NONE',#9013);
#9015=FACE_SURFACE('NONE',(#9010),#9014,.T.);
#9016=POLY_LOOP('NONE',(#1783,#2317,#2316,#1784));
#9017=FACE_OUTER_BOUND('NONE',#9016,.T.);
#9018=DIRECTION('NONE',(0.950094,-0.311965,0));
#9019=DIRECTION('NONE',(0,0,-1));
#9020=AXIS2_PLACEMENT_3D('NONE',#1783,#9018,#9019);
#9021=PLANE('NONE',#9020);
#9022=FACE_SURFACE('NONE',(#9017),#9021,.T.);
#9023=POLY_LOOP('NONE',(#1503,#2100,#2099,#1504));
#9024=FACE_OUTER_BOUND('NONE',#9023,.T.);
#9025=DIRECTION('NONE',(0.999901,0.014075,0));
#9026=DIRECTION('NONE',(0,0,-1));
#9027=AXIS2_PLACEMENT_3D('NONE',#1503,#9025,#9026);
#9028=PLANE('NONE',#9027);
#9029=FACE_SURFACE('NONE',(#9024),#9028,.T.);
#9030=POLY_LOOP('NONE',(#1898,#2512,#2511,#1899));
#9031=FACE_OUTER_BOUND('NONE',#9030,.T.);
#9032=DIRECTION('NONE',(0.12576,0.992061,0));
#9033=DIRECTION('NONE',(0,0,-1));
#9034=AXIS2_PLACEMENT_3D('NONE',#1898,#9032,#9033);
#9035=PLANE('NONE',#9034);
#9036=FACE_SURFACE('NONE',(#9031),#9035,.T.);
#9037=POLY_LOOP('NONE',(#1505,#2098,#2097,#1506));
#9038=FACE_OUTER_BOUND('NONE',#9037,.T.);
#9039=DIRECTION('NONE',(0.997529,-0.070262,0));
#9040=DIRECTION('NONE',(0,0,-1));
#9041=AXIS2_PLACEMENT_3D('NONE',#1505,#9039,#9040);
#9042=PLANE('NONE',#9041);
#9043=FACE_SURFACE('NONE',(#9038),#9042,.T.);
#9044=POLY_LOOP('NONE',(#2339,#2338,#1762,#1761));
#9045=FACE_OUTER_BOUND('NONE',#9044,.T.);
#9046=DIRECTION('NONE',(0.727791,0.685799,0));
#9047=DIRECTION('NONE',(-0.685799,0.727791,0));
#9048=AXIS2_PLACEMENT_3D('NONE',#2339,#9046,#9047);
#9049=PLANE('NONE',#9048);
#9050=FACE_SURFACE('NONE',(#9045),#9049,.T.);
#9051=POLY_LOOP('NONE',(#1762,#2338,#2337,#1763));
#9052=FACE_OUTER_BOUND('NONE',#9051,.T.);
#9053=DIRECTION('NONE',(0.754298,0.656532,0));
#9054=DIRECTION('NONE',(0,0,-1));
#9055=AXIS2_PLACEMENT_3D('NONE',#1762,#9053,#9054);
#9056=PLANE('NONE',#9055);
#9057=FACE_SURFACE('NONE',(#9052),#9056,.T.);
#9058=POLY_LOOP('NONE',(#2096,#2095,#1508,#1507));
#9059=FACE_OUTER_BOUND('NONE',#9058,.T.);
#9060=DIRECTION('NONE',(0.98562,-0.168979,0));
#9061=DIRECTION('NONE',(0.168979,0.98562,0));
#9062=AXIS2_PLACEMENT_3D('NONE',#2096,#9060,#9061);
#9063=PLANE('NONE',#9062);
#9064=FACE_SURFACE('NONE',(#9059),#9063,.T.);
#9065=POLY_LOOP('NONE',(#2306,#1794,#1793,#2307));
#9066=FACE_OUTER_BOUND('NONE',#9065,.T.);
#9067=DIRECTION('NONE',(0.68582,-0.727772,0));
#9068=DIRECTION('NONE',(0,0,1));
#9069=AXIS2_PLACEMENT_3D('NONE',#2306,#9067,#9068);
#9070=PLANE('NONE',#9069);
#9071=FACE_SURFACE('NONE',(#9066),#9070,.T.);
#9072=POLY_LOOP('NONE',(#1746,#2354,#2353,#1747));
#9073=FACE_OUTER_BOUND('NONE',#9072,.T.);
#9074=DIRECTION('NONE',(0.070247,0.99753,0));
#9075=DIRECTION('NONE',(0,0,-1));
#9076=AXIS2_PLACEMENT_3D('NONE',#1746,#9074,#9075);
#9077=PLANE('NONE',#9076);
#9078=FACE_SURFACE('NONE',(#9073),#9077,.T.);
#9079=POLY_LOOP('NONE',(#1795,#1794,#2306,#2305));
#9080=FACE_OUTER_BOUND('NONE',#9079,.T.);
#9081=DIRECTION('NONE',(0.656518,-0.75431,0));
#9082=DIRECTION('NONE',(-0.75431,-0.656518,0));
#9083=AXIS2_PLACEMENT_3D('NONE',#1795,#9081,#9082);
#9084=PLANE('NONE',#9083);
#9085=FACE_SURFACE('NONE',(#9080),#9084,.T.);
#9086=POLY_LOOP('NONE',(#2391,#1891,#1890,#2392));
#9087=FACE_OUTER_BOUND('NONE',#9086,.T.);
#9088=DIRECTION('NONE',(-0.265469,0.964119,0));
#9089=DIRECTION('NONE',(0,0,1));
#9090=AXIS2_PLACEMENT_3D('NONE',#2391,#9088,#9089);
#9091=PLANE('NONE',#9090);
#9092=FACE_SURFACE('NONE',(#9087),#9091,.T.);
#9093=POLY_LOOP('NONE',(#2090,#2089,#1514,#1513));
#9094=FACE_OUTER_BOUND('NONE',#9093,.T.);
#9095=DIRECTION('NONE',(0.894417,-0.447235,0));
#9096=DIRECTION('NONE',(0.447235,0.894417,0));
#9097=AXIS2_PLACEMENT_3D('NONE',#2090,#9095,#9096);
#9098=PLANE('NONE',#9097);
#9099=FACE_SURFACE('NONE',(#9094),#9098,.T.);
#9100=POLY_LOOP('NONE',(#1686,#2181,#2180,#1687));
#9101=FACE_OUTER_BOUND('NONE',#9100,.T.);
#9102=DIRECTION('NONE',(-0.844808,0.53507,0));
#9103=DIRECTION('NONE',(0,0,-1));
#9104=AXIS2_PLACEMENT_3D('NONE',#1686,#9102,#9103);
#9105=PLANE('NONE',#9104);
#9106=FACE_SURFACE('NONE',(#9101),#9105,.T.);
#9107=POLY_LOOP('NONE',(#2180,#2179,#1688,#1687));
#9108=FACE_OUTER_BOUND('NONE',#9107,.T.);
#9109=DIRECTION('NONE',(-0.816573,0.577242,0));
#9110=DIRECTION('NONE',(-0.577242,-0.816573,0));
#9111=AXIS2_PLACEMENT_3D('NONE',#2180,#9109,#9110);
#9112=PLANE('NONE',#9111);
#9113=FACE_SURFACE('NONE',(#9108),#9112,.T.);
#9114=POLY_LOOP('NONE',(#1896,#2386,#2513,#1897));
#9115=FACE_OUTER_BOUND('NONE',#9114,.T.);
#9116=DIRECTION('NONE',(0.014076,0.999901,0));
#9117=DIRECTION('NONE',(0,0,-1));
#9118=AXIS2_PLACEMENT_3D('NONE',#1896,#9116,#9117);
#9119=PLANE('NONE',#9118);
#9120=FACE_SURFACE('NONE',(#9115),#9119,.T.);
#9121=POLY_LOOP('NONE',(#1804,#1803,#2297,#2296));
#9122=FACE_OUTER_BOUND('NONE',#9121,.T.);
#9123=DIRECTION('NONE',(0.265481,-0.964116,0));
#9124=DIRECTION('NONE',(-0.964116,-0.265481,0));
#9125=AXIS2_PLACEMENT_3D('NONE',#1804,#9123,#9124);
#9126=PLANE('NONE',#9125);
#9127=FACE_SURFACE('NONE',(#9122),#9126,.T.);
#9128=POLY_LOOP('NONE',(#2410,#2409,#1873,#1872));
#9129=FACE_OUTER_BOUND('NONE',#9128,.T.);
#9130=DIRECTION('NONE',(-0.913236,0.407431,0));
#9131=DIRECTION('NONE',(-0.407431,-0.913236,0));
#9132=AXIS2_PLACEMENT_3D('NONE',#2410,#9130,#9131);
#9133=PLANE('NONE',#9132);
#9134=FACE_SURFACE('NONE',(#9129),#9133,.T.);
#9135=POLY_LOOP('NONE',(#2218,#1649,#1648,#2219));
#9136=FACE_OUTER_BOUND('NONE',#9135,.T.);
#9137=DIRECTION('NONE',(-0.265481,-0.964116,0));
#9138=DIRECTION('NONE',(0,0,1));
#9139=AXIS2_PLACEMENT_3D('NONE',#2218,#9137,#9138);
#9140=PLANE('NONE',#9139);
#9141=FACE_SURFACE('NONE',(#9136),#9140,.T.);
#9142=POLY_LOOP('NONE',(#2084,#2083,#1520,#1519));
#9143=FACE_OUTER_BOUND('NONE',#9142,.T.);
#9144=DIRECTION('NONE',(0.727764,-0.685828,0));
#9145=DIRECTION('NONE',(0.685828,0.727764,0));
#9146=AXIS2_PLACEMENT_3D('NONE',#2084,#9144,#9145);
#9147=PLANE('NONE',#9146);
#9148=FACE_SURFACE('NONE',(#9143),#9147,.T.);
#9149=POLY_LOOP('NONE',(#1650,#1649,#2218,#2217));
#9150=FACE_OUTER_BOUND('NONE',#9149,.T.);
#9151=DIRECTION('NONE',(-0.311957,-0.950096,0));
#9152=DIRECTION('NONE',(-0.950096,0.311957,0));
#9153=AXIS2_PLACEMENT_3D('NONE',#1650,#9151,#9152);
#9154=PLANE('NONE',#9153);
#9155=FACE_SURFACE('NONE',(#9150),#9154,.T.);
#9156=POLY_LOOP('NONE',(#1520,#2083,#2082,#1521));
#9157=FACE_OUTER_BOUND('NONE',#9156,.T.);
#9158=DIRECTION('NONE',(0.685813,-0.727778,0));
#9159=DIRECTION('NONE',(0,0,-1));
#9160=AXIS2_PLACEMENT_3D('NONE',#1520,#9158,#9159);
#9161=PLANE('NONE',#9160);
#9162=FACE_SURFACE('NONE',(#9157),#9161,.T.);
#9163=POLY_LOOP('NONE',(#1894,#2388,#2387,#1895));
#9164=FACE_OUTER_BOUND('NONE',#9163,.T.);
#9165=DIRECTION('NONE',(-0.070238,0.99753,0));
#9166=DIRECTION('NONE',(0,0,-1));
#9167=AXIS2_PLACEMENT_3D('NONE',#1894,#9165,#9166);
#9168=PLANE('NONE',#9167);
#9169=FACE_SURFACE('NONE',(#9164),#9168,.T.);
#9170=POLY_LOOP('NONE',(#2189,#1678,#1677,#2190));
#9171=FACE_OUTER_BOUND('NONE',#9170,.T.);
#9172=DIRECTION('NONE',(-0.992063,0.125739,0));
#9173=DIRECTION('NONE',(0,0,1));
#9174=AXIS2_PLACEMENT_3D('NONE',#2189,#9172,#9173);
#9175=PLANE('NONE',#9174);
#9176=FACE_SURFACE('NONE',(#9171),#9175,.T.);
#9177=POLY_LOOP('NONE',(#2387,#2386,#1896,#1895));
#9178=FACE_OUTER_BOUND('NONE',#9177,.T.);
#9179=DIRECTION('NONE',(-0.014076,0.999901,0));
#9180=DIRECTION('NONE',(-0.999901,-0.014076,0));
#9181=AXIS2_PLACEMENT_3D('NONE',#2387,#9179,#9180);
#9182=PLANE('NONE',#9181);
#9183=FACE_SURFACE('NONE',(#9178),#9182,.T.);
#9184=POLY_LOOP('NONE',(#1679,#1678,#2189,#2188));
#9185=FACE_OUTER_BOUND('NONE',#9184,.T.);
#9186=DIRECTION('NONE',(-0.98562,0.168979,0));
#9187=DIRECTION('NONE',(0.168979,0.98562,0));
#9188=AXIS2_PLACEMENT_3D('NONE',#1679,#9186,#9187);
#9189=PLANE('NONE',#9188);
#9190=FACE_SURFACE('NONE',(#9185),#9189,.T.);
#9191=POLY_LOOP('NONE',(#1523,#2080,#2079,#1524));
#9192=FACE_OUTER_BOUND('NONE',#9191,.T.);
#9193=DIRECTION('NONE',(0.577248,-0.816569,0));
#9194=DIRECTION('NONE',(0,0,-1));
#9195=AXIS2_PLACEMENT_3D('NONE',#1523,#9193,#9194);
#9196=PLANE('NONE',#9195);
#9197=FACE_SURFACE('NONE',(#9192),#9196,.T.);
#9198=POLY_LOOP('NONE',(#1526,#1525,#2078,#2077));
#9199=FACE_OUTER_BOUND('NONE',#9198,.T.);
#9200=DIRECTION('NONE',(0.491591,-0.870826,0));
#9201=DIRECTION('NONE',(-0.870826,-0.491591,0));
#9202=AXIS2_PLACEMENT_3D('NONE',#1526,#9200,#9201);
#9203=PLANE('NONE',#9202);
#9204=FACE_SURFACE('NONE',(#9199),#9203,.T.);
#9205=POLY_LOOP('NONE',(#2225,#2224,#1643,#1642));
#9206=FACE_OUTER_BOUND('NONE',#9205,.T.);
#9207=DIRECTION('NONE',(0.014076,-0.999901,0));
#9208=DIRECTION('NONE',(0.999901,0.014076,0));
#9209=AXIS2_PLACEMENT_3D('NONE',#2225,#9207,#9208);
#9210=PLANE('NONE',#9209);
#9211=FACE_SURFACE('NONE',(#9206),#9210,.T.);
#9212=POLY_LOOP('NONE',(#2257,#2256,#1611,#1610));
#9213=FACE_OUTER_BOUND('NONE',#9212,.T.);
#9214=DIRECTION('NONE',(0.999901,0.014075,0));
#9215=DIRECTION('NONE',(-0.014075,0.999901,0));
#9216=AXIS2_PLACEMENT_3D('NONE',#2257,#9214,#9215);
#9217=PLANE('NONE',#9216);
#9218=FACE_SURFACE('NONE',(#9213),#9217,.T.);
#9219=POLY_LOOP('NONE',(#1612,#1611,#2256,#2255));
#9220=FACE_OUTER_BOUND('NONE',#9219,.T.);
#9221=DIRECTION('NONE',(0.999901,-0.014075,0));
#9222=DIRECTION('NONE',(-0.014075,-0.999901,0));
#9223=AXIS2_PLACEMENT_3D('NONE',#1612,#9221,#9222);
#9224=PLANE('NONE',#9223);
#9225=FACE_SURFACE('NONE',(#9220),#9224,.T.);
#9226=POLY_LOOP('NONE',(#2443,#2442,#1968,#1967));
#9227=FACE_OUTER_BOUND('NONE',#9226,.T.);
#9228=DIRECTION('NONE',(-0.36178,-0.932263,0));
#9229=DIRECTION('NONE',(0.932263,-0.36178,0));
#9230=AXIS2_PLACEMENT_3D('NONE',#2443,#9228,#9229);
#9231=PLANE('NONE',#9230);
#9232=FACE_SURFACE('NONE',(#9227),#9231,.T.);
#9233=POLY_LOOP('NONE',(#2389,#2388,#1894,#1893));
#9234=FACE_OUTER_BOUND('NONE',#9233,.T.);
#9235=DIRECTION('NONE',(-0.12576,0.992061,0));
#9236=DIRECTION('NONE',(-0.992061,-0.12576,0));
#9237=AXIS2_PLACEMENT_3D('NONE',#2389,#9235,#9236);
#9238=PLANE('NONE',#9237);
#9239=FACE_SURFACE('NONE',(#9234),#9238,.T.);
#9240=POLY_LOOP('NONE',(#1969,#1968,#2442,#2441));
#9241=FACE_OUTER_BOUND('NONE',#9240,.T.);
#9242=DIRECTION('NONE',(-0.407441,-0.913232,0));
#9243=DIRECTION('NONE',(-0.913232,0.407441,0));
#9244=AXIS2_PLACEMENT_3D('NONE',#1969,#9242,#9243);
#9245=PLANE('NONE',#9244);
#9246=FACE_SURFACE('NONE',(#9241),#9245,.T.);
#9247=POLY_LOOP('NONE',(#2440,#1970,#1969,#2441));
#9248=FACE_OUTER_BOUND('NONE',#9247,.T.);
#9249=DIRECTION('NONE',(-0.447192,-0.894438,0));
#9250=DIRECTION('NONE',(0,0,1));
#9251=AXIS2_PLACEMENT_3D('NONE',#2440,#9249,#9250);
#9252=PLANE('NONE',#9251);
#9253=FACE_SURFACE('NONE',(#9248),#9252,.T.);
#9254=POLY_LOOP('NONE',(#2093,#2092,#1511,#1510));
#9255=FACE_OUTER_BOUND('NONE',#9254,.T.);
#9256=DIRECTION('NONE',(0.950096,-0.311957,0));
#9257=DIRECTION('NONE',(0.311957,0.950096,0));
#9258=AXIS2_PLACEMENT_3D('NONE',#2093,#9256,#9257);
#9259=PLANE('NONE',#9258);
#9260=FACE_SURFACE('NONE',(#9255),#9259,.T.);
#9261=POLY_LOOP('NONE',(#2092,#2091,#1512,#1511));
#9262=FACE_OUTER_BOUND('NONE',#9261,.T.);
#9263=DIRECTION('NONE',(0.93226,-0.361789,0));
#9264=DIRECTION('NONE',(0.361789,0.93226,0));
#9265=AXIS2_PLACEMENT_3D('NONE',#2092,#9263,#9264);
#9266=PLANE('NONE',#9265);
#9267=FACE_SURFACE('NONE',(#9262),#9266,.T.);
#9268=POLY_LOOP('NONE',(#2091,#2090,#1513,#1512));
#9269=FACE_OUTER_BOUND('NONE',#9268,.T.);
#9270=DIRECTION('NONE',(0.913236,-0.407431,0));
#9271=DIRECTION('NONE',(0.407431,0.913236,0));
#9272=AXIS2_PLACEMENT_3D('NONE',#2091,#9270,#9271);
#9273=PLANE('NONE',#9272);
#9274=FACE_SURFACE('NONE',(#9269),#9273,.T.);
#9275=POLY_LOOP('NONE',(#2086,#1517,#1516,#2087));
#9276=FACE_OUTER_BOUND('NONE',#9275,.T.);
#9277=DIRECTION('NONE',(0.816578,-0.577236,0));
#9278=DIRECTION('NONE',(0,0,1));
#9279=AXIS2_PLACEMENT_3D('NONE',#2086,#9277,#9278);
#9280=PLANE('NONE',#9279);
#9281=FACE_SURFACE('NONE',(#9276),#9280,.T.);
#9282=POLY_LOOP('NONE',(#1880,#2402,#2401,#1881));
#9283=FACE_OUTER_BOUND('NONE',#9282,.T.);
#9284=DIRECTION('NONE',(-0.685786,0.727803,0));
#9285=DIRECTION('NONE',(0,0,-1));
#9286=AXIS2_PLACEMENT_3D('NONE',#1880,#9284,#9285);
#9287=PLANE('NONE',#9286);
#9288=FACE_SURFACE('NONE',(#9283),#9287,.T.);
#9289=POLY_LOOP('NONE',(#1881,#2401,#2400,#1882));
#9290=FACE_OUTER_BOUND('NONE',#9289,.T.);
#9291=DIRECTION('NONE',(-0.656552,0.754281,0));
#9292=DIRECTION('NONE',(0,0,-1));
#9293=AXIS2_PLACEMENT_3D('NONE',#1881,#9291,#9292);
#9294=PLANE('NONE',#9293);
#9295=FACE_SURFACE('NONE',(#9290),#9294,.T.);
#9296=POLY_LOOP('NONE',(#2086,#2085,#1518,#1517));
#9297=FACE_OUTER_BOUND('NONE',#9296,.T.);
#9298=DIRECTION('NONE',(0.7863,-0.617845,0));
#9299=DIRECTION('NONE',(0.617845,0.7863,0));
#9300=AXIS2_PLACEMENT_3D('NONE',#2086,#9298,#9299);
#9301=PLANE('NONE',#9300);
#9302=FACE_SURFACE('NONE',(#9297),#9301,.T.);
#9303=POLY_LOOP('NONE',(#2369,#2368,#1860,#1859));
#9304=FACE_OUTER_BOUND('NONE',#9303,.T.);
#9305=DIRECTION('NONE',(-0.61782,0.786319,0));
#9306=DIRECTION('NONE',(-0.786319,-0.61782,0));
#9307=AXIS2_PLACEMENT_3D('NONE',#2369,#9305,#9306);
#9308=PLANE('NONE',#9307);
#9309=FACE_SURFACE('NONE',(#9304),#9308,.T.);
#9310=POLY_LOOP('NONE',(#2057,#1546,#1545,#2058));
#9311=FACE_OUTER_BOUND('NONE',#9310,.T.);
#9312=DIRECTION('NONE',(-0.447214,-0.894427,0));
#9313=DIRECTION('NONE',(0,0,1));
#9314=AXIS2_PLACEMENT_3D('NONE',#2057,#9312,#9313);
#9315=PLANE('NONE',#9314);
#9316=FACE_SURFACE('NONE',(#9311),#9315,.T.);
#9317=POLY_LOOP('NONE',(#2438,#1972,#1971,#2439));
#9318=FACE_OUTER_BOUND('NONE',#9317,.T.);
#9319=DIRECTION('NONE',(-0.535069,-0.844809,0));
#9320=DIRECTION('NONE',(0,0,1));
#9321=AXIS2_PLACEMENT_3D('NONE',#2438,#9319,#9320);
#9322=PLANE('NONE',#9321);
#9323=FACE_SURFACE('NONE',(#9318),#9322,.T.);
#9324=POLY_LOOP('NONE',(#1817,#1816,#2284,#2283));
#9325=FACE_OUTER_BOUND('NONE',#9324,.T.);
#9326=DIRECTION('NONE',(-0.361769,-0.932268,0));
#9327=DIRECTION('NONE',(-0.932268,0.361769,0));
#9328=AXIS2_PLACEMENT_3D('NONE',#1817,#9326,#9327);
#9329=PLANE('NONE',#9328);
#9330=FACE_SURFACE('NONE',(#9325),#9329,.T.);
#9331=POLY_LOOP('NONE',(#1850,#2378,#2377,#1851));
#9332=FACE_OUTER_BOUND('NONE',#9331,.T.);
#9333=DIRECTION('NONE',(-0.894419,0.44723,0));
#9334=DIRECTION('NONE',(0,0,-1));
#9335=AXIS2_PLACEMENT_3D('NONE',#1850,#9333,#9334);
#9336=PLANE('NONE',#9335);
#9337=FACE_SURFACE('NONE',(#9332),#9336,.T.);
#9338=POLY_LOOP('NONE',(#2078,#1525,#1524,#2079));
#9339=FACE_OUTER_BOUND('NONE',#9338,.T.);
#9340=DIRECTION('NONE',(0.535044,-0.844824,0));
#9341=DIRECTION('NONE',(0,0,1));
#9342=AXIS2_PLACEMENT_3D('NONE',#2078,#9340,#9341);
#9343=PLANE('NONE',#9342);
#9344=FACE_SURFACE('NONE',(#9339),#9343,.T.);
#9345=POLY_LOOP('NONE',(#1854,#2374,#2373,#1855));
#9346=FACE_OUTER_BOUND('NONE',#9345,.T.);
#9347=DIRECTION('NONE',(-0.786331,0.617806,0));
#9348=DIRECTION('NONE',(0,0,-1));
#9349=AXIS2_PLACEMENT_3D('NONE',#1854,#9347,#9348);
#9350=PLANE('NONE',#9349);
#9351=FACE_SURFACE('NONE',(#9346),#9350,.T.);
#9352=POLY_LOOP('NONE',(#2372,#1856,#1855,#2373));
#9353=FACE_OUTER_BOUND('NONE',#9352,.T.);
#9354=DIRECTION('NONE',(-0.754298,0.656532,0));
#9355=DIRECTION('NONE',(0,0,1));
#9356=AXIS2_PLACEMENT_3D('NONE',#2372,#9354,#9355);
#9357=PLANE('NONE',#9356);
#9358=FACE_SURFACE('NONE',(#9353),#9357,.T.);
#9359=POLY_LOOP('NONE',(#1543,#2060,#2059,#1544));
#9360=FACE_OUTER_BOUND('NONE',#9359,.T.);
#9361=DIRECTION('NONE',(-0.361798,-0.932256,0));
#9362=DIRECTION('NONE',(0,0,-1));
#9363=AXIS2_PLACEMENT_3D('NONE',#1543,#9361,#9362);
#9364=PLANE('NONE',#9363);
#9365=FACE_SURFACE('NONE',(#9360),#9364,.T.);
#9366=POLY_LOOP('NONE',(#1634,#2233,#2232,#1635));
#9367=FACE_OUTER_BOUND('NONE',#9366,.T.);
#9368=DIRECTION('NONE',(0.407452,-0.913227,0));
#9369=DIRECTION('NONE',(0,0,-1));
#9370=AXIS2_PLACEMENT_3D('NONE',#1634,#9368,#9369);
#9371=PLANE('NONE',#9370);
#9372=FACE_SURFACE('NONE',(#9367),#9371,.T.);
#9373=POLY_LOOP('NONE',(#1670,#2197,#2196,#1671));
#9374=FACE_OUTER_BOUND('NONE',#9373,.T.);
#9375=DIRECTION('NONE',(-0.974862,-0.22281,0));
#9376=DIRECTION('NONE',(0,0,-1));
#9377=AXIS2_PLACEMENT_3D('NONE',#1670,#9375,#9376);
#9378=PLANE('NONE',#9377);
#9379=FACE_SURFACE('NONE',(#9374),#9378,.T.);
#9380=POLY_LOOP('NONE',(#2420,#2419,#1863,#1990));
#9381=FACE_OUTER_BOUND('NONE',#9380,.T.);
#9382=DIRECTION('NONE',(-0.997529,-0.070262,0));
#9383=DIRECTION('NONE',(0.070262,-0.997529,0));
#9384=AXIS2_PLACEMENT_3D('NONE',#2420,#9382,#9383);
#9385=PLANE('NONE',#9384);
#9386=FACE_SURFACE('NONE',(#9381),#9385,.T.);
#9387=POLY_LOOP('NONE',(#2231,#1636,#1635,#2232));
#9388=FACE_OUTER_BOUND('NONE',#9387,.T.);
#9389=DIRECTION('NONE',(0.361769,-0.932268,0));
#9390=DIRECTION('NONE',(0,0,1));
#9391=AXIS2_PLACEMENT_3D('NONE',#2231,#9389,#9390);
#9392=PLANE('NONE',#9391);
#9393=FACE_SURFACE('NONE',(#9388),#9392,.T.);
#9394=POLY_LOOP('NONE',(#1636,#2231,#2230,#1637));
#9395=FACE_OUTER_BOUND('NONE',#9394,.T.);
#9396=DIRECTION('NONE',(0.311973,-0.950091,0));
#9397=DIRECTION('NONE',(0,0,-1));
#9398=AXIS2_PLACEMENT_3D('NONE',#1636,#9396,#9397);
#9399=PLANE('NONE',#9398);
#9400=FACE_SURFACE('NONE',(#9395),#9399,.T.);
#9401=POLY_LOOP('NONE',(#1846,#2382,#2381,#1847));
#9402=FACE_OUTER_BOUND('NONE',#9401,.T.);
#9403=DIRECTION('NONE',(-0.964112,0.265497,0));
#9404=DIRECTION('NONE',(0,0,-1));
#9405=AXIS2_PLACEMENT_3D('NONE',#1846,#9403,#9404);
#9406=PLANE('NONE',#9405);
#9407=FACE_SURFACE('NONE',(#9402),#9406,.T.);
#9408=POLY_LOOP('NONE',(#2057,#2056,#1547,#1546));
#9409=FACE_OUTER_BOUND('NONE',#9408,.T.);
#9410=DIRECTION('NONE',(-0.491591,-0.870826,0));
#9411=DIRECTION('NONE',(0.870826,-0.491591,0));
#9412=AXIS2_PLACEMENT_3D('NONE',#2057,#9410,#9411);
#9413=PLANE('NONE',#9412);
#9414=FACE_SURFACE('NONE',(#9409),#9413,.T.);
#9415=POLY_LOOP('NONE',(#1548,#1547,#2056,#2055));
#9416=FACE_OUTER_BOUND('NONE',#9415,.T.);
#9417=DIRECTION('NONE',(-0.535044,-0.844824,0));
#9418=DIRECTION('NONE',(-0.844824,0.535044,0));
#9419=AXIS2_PLACEMENT_3D('NONE',#1548,#9417,#9418);
#9420=PLANE('NONE',#9419);
#9421=FACE_SURFACE('NONE',(#9416),#9420,.T.);
#9422=POLY_LOOP('NONE',(#1589,#2014,#2013,#1590));
#9423=FACE_OUTER_BOUND('NONE',#9422,.T.);
#9424=DIRECTION('NONE',(-0.491591,0.870826,0));
#9425=DIRECTION('NONE',(0,0,-1));
#9426=AXIS2_PLACEMENT_3D('NONE',#1589,#9424,#9425);
#9427=PLANE('NONE',#9426);
#9428=FACE_SURFACE('NONE',(#9423),#9427,.T.);
#9429=POLY_LOOP('NONE',(#1869,#2413,#2412,#1870));
#9430=FACE_OUTER_BOUND('NONE',#9429,.T.);
#9431=DIRECTION('NONE',(-0.964113,0.265493,0));
#9432=DIRECTION('NONE',(0,0,-1));
#9433=AXIS2_PLACEMENT_3D('NONE',#1869,#9431,#9432);
#9434=PLANE('NONE',#9433);
#9435=FACE_SURFACE('NONE',(#9430),#9434,.T.);
#9436=POLY_LOOP('NONE',(#2436,#2435,#1975,#1974));
#9437=FACE_OUTER_BOUND('NONE',#9436,.T.);
#9438=DIRECTION('NONE',(-0.656537,-0.754294,0));
#9439=DIRECTION('NONE',(0.754294,-0.656537,0));
#9440=AXIS2_PLACEMENT_3D('NONE',#2436,#9438,#9439);
#9441=PLANE('NONE',#9440);
#9442=FACE_SURFACE('NONE',(#9437),#9441,.T.);
#9443=POLY_LOOP('NONE',(#2203,#1664,#1663,#2204));
#9444=FACE_OUTER_BOUND('NONE',#9443,.T.);
#9445=DIRECTION('NONE',(-0.844808,-0.53507,0));
#9446=DIRECTION('NONE',(0,0,1));
#9447=AXIS2_PLACEMENT_3D('NONE',#2203,#9445,#9446);
#9448=PLANE('NONE',#9447);
#9449=FACE_SURFACE('NONE',(#9444),#9448,.T.);
#9450=POLY_LOOP('NONE',(#1664,#2203,#2202,#1665));
#9451=FACE_OUTER_BOUND('NONE',#9450,.T.);
#9452=DIRECTION('NONE',(-0.870826,-0.491591,0));
#9453=DIRECTION('NONE',(0,0,-1));
#9454=AXIS2_PLACEMENT_3D('NONE',#1664,#9452,#9453);
#9455=PLANE('NONE',#9454);
#9456=FACE_SURFACE('NONE',(#9451),#9455,.T.);
#9457=POLY_LOOP('NONE',(#2224,#2223,#1644,#1643));
#9458=FACE_OUTER_BOUND('NONE',#9457,.T.);
#9459=DIRECTION('NONE',(-0.014076,-0.999901,0));
#9460=DIRECTION('NONE',(0.999901,-0.014076,0));
#9461=AXIS2_PLACEMENT_3D('NONE',#2224,#9459,#9460);
#9462=PLANE('NONE',#9461);
#9463=FACE_SURFACE('NONE',(#9458),#9462,.T.);
#9464=POLY_LOOP('NONE',(#2260,#1840,#1839,#2261));
#9465=FACE_OUTER_BOUND('NONE',#9464,.T.);
#9466=DIRECTION('NONE',(-0.997528,-0.070263,0));
#9467=DIRECTION('NONE',(0,0,1));
#9468=AXIS2_PLACEMENT_3D('NONE',#2260,#9466,#9467);
#9469=PLANE('NONE',#9468);
#9470=FACE_SURFACE('NONE',(#9465),#9469,.T.);
#9471=POLY_LOOP('NONE',(#1840,#2260,#2259,#1841));
#9472=FACE_OUTER_BOUND('NONE',#9471,.T.);
#9473=DIRECTION('NONE',(-0.999901,-0.014075,0));
#9474=DIRECTION('NONE',(0,0,-1));
#9475=AXIS2_PLACEMENT_3D('NONE',#1840,#9473,#9474);
#9476=PLANE('NONE',#9475);
#9477=FACE_SURFACE('NONE',(#9472),#9476,.T.);
#9478=POLY_LOOP('NONE',(#2216,#1651,#1650,#2217));
#9479=FACE_OUTER_BOUND('NONE',#9478,.T.);
#9480=DIRECTION('NONE',(-0.361787,-0.932261,0));
#9481=DIRECTION('NONE',(0,0,1));
#9482=AXIS2_PLACEMENT_3D('NONE',#2216,#9480,#9481);
#9483=PLANE('NONE',#9482);
#9484=FACE_SURFACE('NONE',(#9479),#9483,.T.);
#9485=POLY_LOOP('NONE',(#1831,#2269,#2268,#1832));
#9486=FACE_OUTER_BOUND('NONE',#9485,.T.);
#9487=DIRECTION('NONE',(-0.894419,-0.44723,0));
#9488=DIRECTION('NONE',(0,0,-1));
#9489=AXIS2_PLACEMENT_3D('NONE',#1831,#9487,#9488);
#9490=PLANE('NONE',#9489);
#9491=FACE_SURFACE('NONE',(#9486),#9490,.T.);
#9492=POLY_LOOP('NONE',(#1832,#2268,#2267,#1833));
#9493=FACE_OUTER_BOUND('NONE',#9492,.T.);
#9494=DIRECTION('NONE',(-0.913234,-0.407436,0));
#9495=DIRECTION('NONE',(0,0,-1));
#9496=AXIS2_PLACEMENT_3D('NONE',#1832,#9494,#9495);
#9497=PLANE('NONE',#9496);
#9498=FACE_SURFACE('NONE',(#9493),#9497,.T.);
#9499=POLY_LOOP('NONE',(#2280,#2279,#1821,#1820));
#9500=FACE_OUTER_BOUND('NONE',#9499,.T.);
#9501=DIRECTION('NONE',(-0.535035,-0.84483,0));
#9502=DIRECTION('NONE',(0.84483,-0.535035,0));
#9503=AXIS2_PLACEMENT_3D('NONE',#2280,#9501,#9502);
#9504=PLANE('NONE',#9503);
#9505=FACE_SURFACE('NONE',(#9500),#9504,.T.);
#9506=POLY_LOOP('NONE',(#1641,#1640,#2227,#2226));
#9507=FACE_OUTER_BOUND('NONE',#9506,.T.);
#9508=DIRECTION('NONE',(0.125753,-0.992062,0));
#9509=DIRECTION('NONE',(-0.992062,-0.125753,0));
#9510=AXIS2_PLACEMENT_3D('NONE',#1641,#9508,#9509);
#9511=PLANE('NONE',#9510);
#9512=FACE_SURFACE('NONE',(#9507),#9511,.T.);
#9513=POLY_LOOP('NONE',(#2275,#1825,#1824,#2276));
#9514=FACE_OUTER_BOUND('NONE',#9513,.T.);
#9515=DIRECTION('NONE',(-0.685793,-0.727797,0));
#9516=DIRECTION('NONE',(0,0,1));
#9517=AXIS2_PLACEMENT_3D('NONE',#2275,#9515,#9516);
#9518=PLANE('NONE',#9517);
#9519=FACE_SURFACE('NONE',(#9514),#9518,.T.);
#9520=POLY_LOOP('NONE',(#2036,#2035,#1568,#1567));
#9521=FACE_OUTER_BOUND('NONE',#9520,.T.);
#9522=DIRECTION('NONE',(-0.999602,-0.028196,0));
#9523=DIRECTION('NONE',(0.028196,-0.999602,0));
#9524=AXIS2_PLACEMENT_3D('NONE',#2036,#9522,#9523);
#9525=PLANE('NONE',#9524);
#9526=FACE_SURFACE('NONE',(#9521),#9525,.T.);
#9527=POLY_LOOP('NONE',(#1826,#1825,#2275,#2274));
#9528=FACE_OUTER_BOUND('NONE',#9527,.T.);
#9529=DIRECTION('NONE',(-0.727791,-0.685799,0));
#9530=DIRECTION('NONE',(-0.685799,0.727791,0));
#9531=AXIS2_PLACEMENT_3D('NONE',#1826,#9529,#9530);
#9532=PLANE('NONE',#9531);
#9533=FACE_SURFACE('NONE',(#9528),#9532,.T.);
#9534=POLY_LOOP('NONE',(#1743,#2357,#2356,#1744));
#9535=FACE_OUTER_BOUND('NONE',#9534,.T.);
#9536=DIRECTION('NONE',(-0.070251,0.997529,0));
#9537=DIRECTION('NONE',(0,0,-1));
#9538=AXIS2_PLACEMENT_3D('NONE',#1743,#9536,#9537);
#9539=PLANE('NONE',#9538);
#9540=FACE_SURFACE('NONE',(#9535),#9539,.T.);
#9541=POLY_LOOP('NONE',(#1866,#2416,#2415,#1867));
#9542=FACE_OUTER_BOUND('NONE',#9541,.T.);
#9543=DIRECTION('NONE',(-0.992064,0.125737,0));
#9544=DIRECTION('NONE',(0,0,-1));
#9545=AXIS2_PLACEMENT_3D('NONE',#1866,#9543,#9544);
#9546=PLANE('NONE',#9545);
#9547=FACE_SURFACE('NONE',(#9542),#9546,.T.);
#9548=POLY_LOOP('NONE',(#1471,#2514,#1997,#1472));
#9549=FACE_OUTER_BOUND('NONE',#9548,.T.);
#9550=DIRECTION('NONE',(0,1,0));
#9551=DIRECTION('NONE',(0,0,-1));
#9552=AXIS2_PLACEMENT_3D('NONE',#1471,#9550,#9551);
#9553=PLANE('NONE',#9552);
#9554=FACE_SURFACE('NONE',(#9549),#9553,.T.);
#9555=POLY_LOOP('NONE',(#2355,#1745,#1744,#2356));
#9556=FACE_OUTER_BOUND('NONE',#9555,.T.);
#9557=DIRECTION('NONE',(-0.028156,0.999604,0));
#9558=DIRECTION('NONE',(0,0,1));
#9559=AXIS2_PLACEMENT_3D('NONE',#2355,#9557,#9558);
#9560=PLANE('NONE',#9559);
#9561=FACE_SURFACE('NONE',(#9556),#9560,.T.);
#9562=POLY_LOOP('NONE',(#1474,#1998,#2515,#1475));
#9563=FACE_OUTER_BOUND('NONE',#9562,.T.);
#9564=DIRECTION('NONE',(0,-1,0));
#9565=DIRECTION('NONE',(0,0,-1));
#9566=AXIS2_PLACEMENT_3D('NONE',#1474,#9564,#9565);
#9567=PLANE('NONE',#9566);
#9568=FACE_SURFACE('NONE',(#9563),#9567,.T.);
#9569=POLY_LOOP('NONE',(#2414,#1868,#1867,#2415));
#9570=FACE_OUTER_BOUND('NONE',#9569,.T.);
#9571=DIRECTION('NONE',(-0.98562,0.168979,0));
#9572=DIRECTION('NONE',(0,0,1));
#9573=AXIS2_PLACEMENT_3D('NONE',#2414,#9571,#9572);
#9574=PLANE('NONE',#9573);
#9575=FACE_SURFACE('NONE',(#9570),#9574,.T.);
#9576=POLY_LOOP('NONE',(#1868,#2414,#2413,#1869));
#9577=FACE_OUTER_BOUND('NONE',#9576,.T.);
#9578=DIRECTION('NONE',(-0.974862,0.22281,0));
#9579=DIRECTION('NONE',(0,0,-1));
#9580=AXIS2_PLACEMENT_3D('NONE',#1868,#9578,#9579);
#9581=PLANE('NONE',#9580);
#9582=FACE_SURFACE('NONE',(#9577),#9581,.T.);
#9583=POLY_LOOP('NONE',(#2515,#1998,#1997,#2514,#2516,#2517));
#9584=FACE_OUTER_BOUND('NONE',#9583,.T.);
#9585=DIRECTION('NONE',(0,0,1));
#9586=DIRECTION('NONE',(-1,0,0));
#9587=AXIS2_PLACEMENT_3D('NONE',#2515,#9585,#9586);
#9588=PLANE('NONE',#9587);
#9589=FACE_SURFACE('NONE',(#9584),#9588,.T.);
#9590=POLY_LOOP('NONE',(#1872,#1871,#2411,#2410));
#9591=FACE_OUTER_BOUND('NONE',#9590,.T.);
#9592=DIRECTION('NONE',(-0.93226,0.361789,0));
#9593=DIRECTION('NONE',(0.361789,0.93226,0));
#9594=AXIS2_PLACEMENT_3D('NONE',#1872,#9592,#9593);
#9595=PLANE('NONE',#9594);
#9596=FACE_SURFACE('NONE',(#9591),#9595,.T.);
#9597=POLY_LOOP('NONE',(#2422,#1988,#1987,#2423));
#9598=FACE_OUTER_BOUND('NONE',#9597,.T.);
#9599=DIRECTION('NONE',(-0.974862,-0.22281,0));
#9600=DIRECTION('NONE',(0,0,1));
#9601=AXIS2_PLACEMENT_3D('NONE',#2422,#9599,#9600);
#9602=PLANE('NONE',#9601);
#9603=FACE_SURFACE('NONE',(#9598),#9602,.T.);
#9604=POLY_LOOP('NONE',(#1989,#1988,#2422,#2421));
#9605=FACE_OUTER_BOUND('NONE',#9604,.T.);
#9606=DIRECTION('NONE',(-0.98562,-0.168979,0));
#9607=DIRECTION('NONE',(-0.168979,0.98562,0));
#9608=AXIS2_PLACEMENT_3D('NONE',#1989,#9606,#9607);
#9609=PLANE('NONE',#9608);
#9610=FACE_SURFACE('NONE',(#9605),#9609,.T.);
#9611=POLY_LOOP('NONE',(#2420,#1990,#1989,#2421));
#9612=FACE_OUTER_BOUND('NONE',#9611,.T.);
#9613=DIRECTION('NONE',(-0.992063,-0.12574,0));
#9614=DIRECTION('NONE',(0,0,1));
#9615=AXIS2_PLACEMENT_3D('NONE',#2420,#9613,#9614);
#9616=PLANE('NONE',#9615);
#9617=FACE_SURFACE('NONE',(#9612),#9616,.T.);
#9618=POLY_LOOP('NONE',(#1617,#2250,#2249,#1618));
#9619=FACE_OUTER_BOUND('NONE',#9618,.T.);
#9620=DIRECTION('NONE',(0.950094,-0.311965,0));
#9621=DIRECTION('NONE',(0,0,-1));
#9622=AXIS2_PLACEMENT_3D('NONE',#1617,#9620,#9621);
#9623=PLANE('NONE',#9622);
#9624=FACE_SURFACE('NONE',(#9619),#9623,.T.);
#9625=POLY_LOOP('NONE',(#2416,#1866,#1865,#2417));
#9626=FACE_OUTER_BOUND('NONE',#9625,.T.);
#9627=DIRECTION('NONE',(-0.997528,0.070264,0));
#9628=DIRECTION('NONE',(0,0,1));
#9629=AXIS2_PLACEMENT_3D('NONE',#2416,#9627,#9628);
#9630=PLANE('NONE',#9629);
#9631=FACE_SURFACE('NONE',(#9626),#9630,.T.);
#9632=POLY_LOOP('NONE',(#1621,#2246,#2245,#1622));
#9633=FACE_OUTER_BOUND('NONE',#9632,.T.);
#9634=DIRECTION('NONE',(0.870826,-0.491591,0));
#9635=DIRECTION('NONE',(0,0,-1));
#9636=AXIS2_PLACEMENT_3D('NONE',#1621,#9634,#9635);
#9637=PLANE('NONE',#9636);
#9638=FACE_SURFACE('NONE',(#9633),#9637,.T.);
#9639=POLY_LOOP('NONE',(#2244,#1623,#1622,#2245));
#9640=FACE_OUTER_BOUND('NONE',#9639,.T.);
#9641=DIRECTION('NONE',(0.844832,-0.535031,0));
#9642=DIRECTION('NONE',(0,0,1));
#9643=AXIS2_PLACEMENT_3D('NONE',#2244,#9641,#9642);
#9644=PLANE('NONE',#9643);
#9645=FACE_SURFACE('NONE',(#9640),#9644,.T.);
#9646=POLY_LOOP('NONE',(#2025,#2024,#1579,#1578));
#9647=FACE_OUTER_BOUND('NONE',#9646,.T.);
#9648=DIRECTION('NONE',(-0.870826,0.491591,0));
#9649=DIRECTION('NONE',(-0.491591,-0.870826,0));
#9650=AXIS2_PLACEMENT_3D('NONE',#2025,#9648,#9649);
#9651=PLANE('NONE',#9650);
#9652=FACE_SURFACE('NONE',(#9647),#9651,.T.);
#9653=POLY_LOOP('NONE',(#2243,#1624,#1623,#2244));
#9654=FACE_OUTER_BOUND('NONE',#9653,.T.);
#9655=DIRECTION('NONE',(0.816573,-0.577242,0));
#9656=DIRECTION('NONE',(0,0,1));
#9657=AXIS2_PLACEMENT_3D('NONE',#2243,#9655,#9656);
#9658=PLANE('NONE',#9657);
#9659=FACE_SURFACE('NONE',(#9654),#9658,.T.);
#9660=POLY_LOOP('NONE',(#2023,#1580,#1579,#2024));
#9661=FACE_OUTER_BOUND('NONE',#9660,.T.);
#9662=DIRECTION('NONE',(-0.844812,0.535064,0));
#9663=DIRECTION('NONE',(0,0,1));
#9664=AXIS2_PLACEMENT_3D('NONE',#2023,#9662,#9663);
#9665=PLANE('NONE',#9664);
#9666=FACE_SURFACE('NONE',(#9661),#9665,.T.);
#9667=POLY_LOOP('NONE',(#1625,#1624,#2243,#2242));
#9668=FACE_OUTER_BOUND('NONE',#9667,.T.);
#9669=DIRECTION('NONE',(0.786326,-0.617812,0));
#9670=DIRECTION('NONE',(-0.617812,-0.786326,0));
#9671=AXIS2_PLACEMENT_3D('NONE',#1625,#9669,#9670);
#9672=PLANE('NONE',#9671);
#9673=FACE_SURFACE('NONE',(#9668),#9672,.T.);
#9674=POLY_LOOP('NONE',(#2047,#2046,#1557,#1556));
#9675=FACE_OUTER_BOUND('NONE',#9674,.T.);
#9676=DIRECTION('NONE',(-0.844804,-0.535076,0));
#9677=DIRECTION('NONE',(0.535076,-0.844804,0));
#9678=AXIS2_PLACEMENT_3D('NONE',#2047,#9676,#9677);
#9679=PLANE('NONE',#9678);
#9680=FACE_SURFACE('NONE',(#9675),#9679,.T.);
#9681=POLY_LOOP('NONE',(#1625,#2242,#2241,#1626));
#9682=FACE_OUTER_BOUND('NONE',#9681,.T.);
#9683=DIRECTION('NONE',(0.754298,-0.656532,0));
#9684=DIRECTION('NONE',(0,0,-1));
#9685=AXIS2_PLACEMENT_3D('NONE',#1625,#9683,#9684);
#9686=PLANE('NONE',#9685);
#9687=FACE_SURFACE('NONE',(#9682),#9686,.T.);
#9688=POLY_LOOP('NONE',(#2440,#2439,#1971,#1970));
#9689=FACE_OUTER_BOUND('NONE',#9688,.T.);
#9690=DIRECTION('NONE',(-0.491591,-0.870826,0));
#9691=DIRECTION('NONE',(0.870826,-0.491591,0));
#9692=AXIS2_PLACEMENT_3D('NONE',#2440,#9690,#9691);
#9693=PLANE('NONE',#9692);
#9694=FACE_SURFACE('NONE',(#9689),#9693,.T.);
#9695=POLY_LOOP('NONE',(#2021,#1582,#1581,#2022));
#9696=FACE_OUTER_BOUND('NONE',#9695,.T.);
#9697=DIRECTION('NONE',(-0.786326,0.617812,0));
#9698=DIRECTION('NONE',(0,0,1));
#9699=AXIS2_PLACEMENT_3D('NONE',#2021,#9697,#9698);
#9700=PLANE('NONE',#9699);
#9701=FACE_SURFACE('NONE',(#9696),#9700,.T.);
#9702=POLY_LOOP('NONE',(#2240,#1627,#1626,#2241));
#9703=FACE_OUTER_BOUND('NONE',#9702,.T.);
#9704=DIRECTION('NONE',(0.727791,-0.685799,0));
#9705=DIRECTION('NONE',(0,0,1));
#9706=AXIS2_PLACEMENT_3D('NONE',#2240,#9704,#9705);
#9707=PLANE('NONE',#9706);
#9708=FACE_SURFACE('NONE',(#9703),#9707,.T.);
#9709=POLY_LOOP('NONE',(#2239,#1628,#1627,#2240));
#9710=FACE_OUTER_BOUND('NONE',#9709,.T.);
#9711=DIRECTION('NONE',(0.685793,-0.727797,0));
#9712=DIRECTION('NONE',(0,0,1));
#9713=AXIS2_PLACEMENT_3D('NONE',#2239,#9711,#9712);
#9714=PLANE('NONE',#9713);
#9715=FACE_SURFACE('NONE',(#9710),#9714,.T.);
#9716=POLY_LOOP('NONE',(#2017,#1586,#1585,#2018));
#9717=FACE_OUTER_BOUND('NONE',#9716,.T.);
#9718=DIRECTION('NONE',(-0.656526,0.754304,0));
#9719=DIRECTION('NONE',(0,0,1));
#9720=AXIS2_PLACEMENT_3D('NONE',#2017,#9718,#9719);
#9721=PLANE('NONE',#9720);
#9722=FACE_SURFACE('NONE',(#9717),#9721,.T.);
#9723=POLY_LOOP('NONE',(#2017,#2016,#1587,#1586));
#9724=FACE_OUTER_BOUND('NONE',#9723,.T.);
#9725=DIRECTION('NONE',(-0.617812,0.786326,0));
#9726=DIRECTION('NONE',(-0.786326,-0.617812,0));
#9727=AXIS2_PLACEMENT_3D('NONE',#2017,#9725,#9726);
#9728=PLANE('NONE',#9727);
#9729=FACE_SURFACE('NONE',(#9724),#9728,.T.);
#9730=POLY_LOOP('NONE',(#2367,#1861,#1860,#2368));
#9731=FACE_OUTER_BOUND('NONE',#9730,.T.);
#9732=DIRECTION('NONE',(-0.577248,0.816569,0));
#9733=DIRECTION('NONE',(0,0,1));
#9734=AXIS2_PLACEMENT_3D('NONE',#2367,#9732,#9733);
#9735=PLANE('NONE',#9734);
#9736=FACE_SURFACE('NONE',(#9731),#9735,.T.);
#9737=POLY_LOOP('NONE',(#2235,#1632,#1631,#2236));
#9738=FACE_OUTER_BOUND('NONE',#9737,.T.);
#9739=DIRECTION('NONE',(0.535035,-0.84483,0));
#9740=DIRECTION('NONE',(0,0,1));
#9741=AXIS2_PLACEMENT_3D('NONE',#2235,#9739,#9740);
#9742=PLANE('NONE',#9741);
#9743=FACE_SURFACE('NONE',(#9738),#9742,.T.);
#9744=POLY_LOOP('NONE',(#1977,#1976,#2434,#2433));
#9745=FACE_OUTER_BOUND('NONE',#9744,.T.);
#9746=DIRECTION('NONE',(-0.727791,-0.685799,0));
#9747=DIRECTION('NONE',(-0.685799,0.727791,0));
#9748=AXIS2_PLACEMENT_3D('NONE',#1977,#9746,#9747);
#9749=PLANE('NONE',#9748);
#9750=FACE_SURFACE('NONE',(#9745),#9749,.T.);
#9751=POLY_LOOP('NONE',(#2379,#1849,#1848,#2380));
#9752=FACE_OUTER_BOUND('NONE',#9751,.T.);
#9753=DIRECTION('NONE',(-0.93226,0.361789,0));
#9754=DIRECTION('NONE',(0,0,1));
#9755=AXIS2_PLACEMENT_3D('NONE',#2379,#9753,#9754);
#9756=PLANE('NONE',#9755);
#9757=FACE_SURFACE('NONE',(#9752),#9756,.T.);
#9758=POLY_LOOP('NONE',(#1852,#1851,#2377,#2376));
#9759=FACE_OUTER_BOUND('NONE',#9758,.T.);
#9760=DIRECTION('NONE',(-0.870823,0.491597,0));
#9761=DIRECTION('NONE',(0.491597,0.870823,0));
#9762=AXIS2_PLACEMENT_3D('NONE',#1852,#9760,#9761);
#9763=PLANE('NONE',#9762);
#9764=FACE_SURFACE('NONE',(#9759),#9763,.T.);
#9765=POLY_LOOP('NONE',(#2375,#1853,#1852,#2376));
#9766=FACE_OUTER_BOUND('NONE',#9765,.T.);
#9767=DIRECTION('NONE',(-0.844832,0.535031,0));
#9768=DIRECTION('NONE',(0,0,1));
#9769=AXIS2_PLACEMENT_3D('NONE',#2375,#9767,#9768);
#9770=PLANE('NONE',#9769);
#9771=FACE_SURFACE('NONE',(#9766),#9770,.T.);
#9772=POLY_LOOP('NONE',(#2051,#1552,#1551,#2052));
#9773=FACE_OUTER_BOUND('NONE',#9772,.T.);
#9774=DIRECTION('NONE',(-0.685813,-0.727778,0));
#9775=DIRECTION('NONE',(0,0,1));
#9776=AXIS2_PLACEMENT_3D('NONE',#2051,#9774,#9775);
#9777=PLANE('NONE',#9776);
#9778=FACE_SURFACE('NONE',(#9773),#9777,.T.);
#9779=POLY_LOOP('NONE',(#2375,#2374,#1854,#1853));
#9780=FACE_OUTER_BOUND('NONE',#9779,.T.);
#9781=DIRECTION('NONE',(-0.816573,0.577242,0));
#9782=DIRECTION('NONE',(-0.577242,-0.816573,0));
#9783=AXIS2_PLACEMENT_3D('NONE',#2375,#9781,#9782);
#9784=PLANE('NONE',#9783);
#9785=FACE_SURFACE('NONE',(#9780),#9784,.T.);
#9786=POLY_LOOP('NONE',(#1552,#2051,#2050,#1553));
#9787=FACE_OUTER_BOUND('NONE',#9786,.T.);
#9788=DIRECTION('NONE',(-0.727791,-0.685799,0));
#9789=DIRECTION('NONE',(0,0,-1));
#9790=AXIS2_PLACEMENT_3D('NONE',#1552,#9788,#9789);
#9791=PLANE('NONE',#9790);
#9792=FACE_SURFACE('NONE',(#9787),#9791,.T.);
#9793=POLY_LOOP('NONE',(#2230,#2229,#1638,#1637));
#9794=FACE_OUTER_BOUND('NONE',#9793,.T.);
#9795=DIRECTION('NONE',(0.265481,-0.964116,0));
#9796=DIRECTION('NONE',(0.964116,0.265481,0));
#9797=AXIS2_PLACEMENT_3D('NONE',#2230,#9795,#9796);
#9798=PLANE('NONE',#9797);
#9799=FACE_SURFACE('NONE',(#9794),#9798,.T.);
#9800=POLY_LOOP('NONE',(#1976,#1975,#2435,#2434));
#9801=FACE_OUTER_BOUND('NONE',#9800,.T.);
#9802=DIRECTION('NONE',(-0.685786,-0.727803,0));
#9803=DIRECTION('NONE',(-0.727803,0.685786,0));
#9804=AXIS2_PLACEMENT_3D('NONE',#1976,#9802,#9803);
#9805=PLANE('NONE',#9804);
#9806=FACE_SURFACE('NONE',(#9801),#9805,.T.);
#9807=POLY_LOOP('NONE',(#1573,#2030,#2029,#1574));
#9808=FACE_OUTER_BOUND('NONE',#9807,.T.);
#9809=DIRECTION('NONE',(-0.964126,0.265444,0));
#9810=DIRECTION('NONE',(0,0,-1));
#9811=AXIS2_PLACEMENT_3D('NONE',#1573,#9809,#9810);
#9812=PLANE('NONE',#9811);
#9813=FACE_SURFACE('NONE',(#9808),#9812,.T.);
#9814=POLY_LOOP('NONE',(#1977,#2433,#2432,#1978));
#9815=FACE_OUTER_BOUND('NONE',#9814,.T.);
#9816=DIRECTION('NONE',(-0.754304,-0.656526,0));
#9817=DIRECTION('NONE',(0,0,-1));
#9818=AXIS2_PLACEMENT_3D('NONE',#1977,#9816,#9817);
#9819=PLANE('NONE',#9818);
#9820=FACE_SURFACE('NONE',(#9815),#9819,.T.);
#9821=POLY_LOOP('NONE',(#1555,#2048,#2047,#1556));
#9822=FACE_OUTER_BOUND('NONE',#9821,.T.);
#9823=DIRECTION('NONE',(-0.816578,-0.577236,0));
#9824=DIRECTION('NONE',(0,0,-1));
#9825=AXIS2_PLACEMENT_3D('NONE',#1555,#9823,#9824);
#9826=PLANE('NONE',#9825);
#9827=FACE_SURFACE('NONE',(#9822),#9826,.T.);
#9828=POLY_LOOP('NONE',(#1979,#1978,#2432,#2431));
#9829=FACE_OUTER_BOUND('NONE',#9828,.T.);
#9830=DIRECTION('NONE',(-0.786326,-0.617812,0));
#9831=DIRECTION('NONE',(-0.617812,0.786326,0));
#9832=AXIS2_PLACEMENT_3D('NONE',#1979,#9830,#9831);
#9833=PLANE('NONE',#9832);
#9834=FACE_SURFACE('NONE',(#9829),#9833,.T.);
#9835=POLY_LOOP('NONE',(#2429,#1981,#1980,#2430));
#9836=FACE_OUTER_BOUND('NONE',#9835,.T.);
#9837=DIRECTION('NONE',(-0.844828,-0.535037,0));
#9838=DIRECTION('NONE',(0,0,1));
#9839=AXIS2_PLACEMENT_3D('NONE',#2429,#9837,#9838);
#9840=PLANE('NONE',#9839);
#9841=FACE_SURFACE('NONE',(#9836),#9840,.T.);
#9842=POLY_LOOP('NONE',(#2429,#2428,#1982,#1981));
#9843=FACE_OUTER_BOUND('NONE',#9842,.T.);
#9844=DIRECTION('NONE',(-0.870826,-0.491591,0));
#9845=DIRECTION('NONE',(0.491591,-0.870826,0));
#9846=AXIS2_PLACEMENT_3D('NONE',#2429,#9844,#9845);
#9847=PLANE('NONE',#9846);
#9848=FACE_SURFACE('NONE',(#9843),#9847,.T.);
#9849=POLY_LOOP('NONE',(#2384,#2383,#1845,#1844));
#9850=FACE_OUTER_BOUND('NONE',#9849,.T.);
#9851=DIRECTION('NONE',(-0.98562,0.168979,0));
#9852=DIRECTION('NONE',(-0.168979,-0.98562,0));
#9853=AXIS2_PLACEMENT_3D('NONE',#2384,#9851,#9852);
#9854=PLANE('NONE',#9853);
#9855=FACE_SURFACE('NONE',(#9850),#9854,.T.);
#9856=POLY_LOOP('NONE',(#1984,#1983,#2427,#2426));
#9857=FACE_OUTER_BOUND('NONE',#9856,.T.);
#9858=DIRECTION('NONE',(-0.913236,-0.407431,0));
#9859=DIRECTION('NONE',(-0.407431,0.913236,0));
#9860=AXIS2_PLACEMENT_3D('NONE',#1984,#9858,#9859);
#9861=PLANE('NONE',#9860);
#9862=FACE_SURFACE('NONE',(#9857),#9861,.T.);
#9863=POLY_LOOP('NONE',(#1985,#1984,#2426,#2425));
#9864=FACE_OUTER_BOUND('NONE',#9863,.T.);
#9865=DIRECTION('NONE',(-0.93226,-0.361789,0));
#9866=DIRECTION('NONE',(-0.361789,0.93226,0));
#9867=AXIS2_PLACEMENT_3D('NONE',#1985,#9865,#9866);
#9868=PLANE('NONE',#9867);
#9869=FACE_SURFACE('NONE',(#9864),#9868,.T.);
#9870=POLY_LOOP('NONE',(#2418,#1864,#1863,#2419));
#9871=FACE_OUTER_BOUND('NONE',#9870,.T.);
#9872=DIRECTION('NONE',(-0.999901,-0.014076,0));
#9873=DIRECTION('NONE',(0,0,1));
#9874=AXIS2_PLACEMENT_3D('NONE',#2418,#9872,#9873);
#9875=PLANE('NONE',#9874);
#9876=FACE_SURFACE('NONE',(#9871),#9875,.T.);
#9877=POLY_LOOP('NONE',(#1865,#1864,#2418,#2417));
#9878=FACE_OUTER_BOUND('NONE',#9877,.T.);
#9879=DIRECTION('NONE',(-0.999901,0.014075,0));
#9880=DIRECTION('NONE',(0.014075,0.999901,0));
#9881=AXIS2_PLACEMENT_3D('NONE',#1865,#9879,#9880);
#9882=PLANE('NONE',#9881);
#9883=FACE_SURFACE('NONE',(#9878),#9882,.T.);
#9884=POLY_LOOP('NONE',(#2423,#1987,#1986,#2424));
#9885=FACE_OUTER_BOUND('NONE',#9884,.T.);
#9886=DIRECTION('NONE',(-0.964113,-0.265493,0));
#9887=DIRECTION('NONE',(0,0,1));
#9888=AXIS2_PLACEMENT_3D('NONE',#2423,#9886,#9887);
#9889=PLANE('NONE',#9888);
#9890=FACE_SURFACE('NONE',(#9885),#9889,.T.);
#9891=POLY_LOOP('NONE',(#1849,#2379,#2378,#1850));
#9892=FACE_OUTER_BOUND('NONE',#9891,.T.);
#9893=DIRECTION('NONE',(-0.913236,0.407431,0));
#9894=DIRECTION('NONE',(0,0,-1));
#9895=AXIS2_PLACEMENT_3D('NONE',#1849,#9893,#9894);
#9896=PLANE('NONE',#9895);
#9897=FACE_SURFACE('NONE',(#9892),#9896,.T.);
#9898=POLY_LOOP('NONE',(#2320,#2319,#1781,#1780));
#9899=FACE_OUTER_BOUND('NONE',#9898,.T.);
#9900=DIRECTION('NONE',(0.98562,-0.168976,0));
#9901=DIRECTION('NONE',(0.168976,0.98562,0));
#9902=AXIS2_PLACEMENT_3D('NONE',#2320,#9900,#9901);
#9903=PLANE('NONE',#9902);
#9904=FACE_SURFACE('NONE',(#9899),#9903,.T.);
#9905=POLY_LOOP('NONE',(#2438,#2437,#1973,#1972));
#9906=FACE_OUTER_BOUND('NONE',#9905,.T.);
#9907=DIRECTION('NONE',(-0.577223,-0.816587,0));
#9908=DIRECTION('NONE',(0.816587,-0.577223,0));
#9909=AXIS2_PLACEMENT_3D('NONE',#2438,#9907,#9908);
#9910=PLANE('NONE',#9909);
#9911=FACE_SURFACE('NONE',(#9906),#9910,.T.);
#9912=POLY_LOOP('NONE',(#2437,#2436,#1974,#1973));
#9913=FACE_OUTER_BOUND('NONE',#9912,.T.);
#9914=DIRECTION('NONE',(-0.617829,-0.786313,0));
#9915=DIRECTION('NONE',(0.786313,-0.617829,0));
#9916=AXIS2_PLACEMENT_3D('NONE',#2437,#9914,#9915);
#9917=PLANE('NONE',#9916);
#9918=FACE_SURFACE('NONE',(#9913),#9917,.T.);
#9919=POLY_LOOP('NONE',(#1652,#1651,#2216,#2215));
#9920=FACE_OUTER_BOUND('NONE',#9919,.T.);
#9921=DIRECTION('NONE',(-0.407432,-0.913235,0));
#9922=DIRECTION('NONE',(-0.913235,0.407432,0));
#9923=AXIS2_PLACEMENT_3D('NONE',#1652,#9921,#9922);
#9924=PLANE('NONE',#9923);
#9925=FACE_SURFACE('NONE',(#9920),#9924,.T.);
#9926=POLY_LOOP('NONE',(#2053,#2052,#1551,#1550));
#9927=FACE_OUTER_BOUND('NONE',#9926,.T.);
#9928=DIRECTION('NONE',(-0.65651,-0.754317,0));
#9929=DIRECTION('NONE',(0.754317,-0.65651,0));
#9930=AXIS2_PLACEMENT_3D('NONE',#2053,#9928,#9929);
#9931=PLANE('NONE',#9930);
#9932=FACE_SURFACE('NONE',(#9927),#9931,.T.);
#9933=POLY_LOOP('NONE',(#2028,#2027,#1576,#1575));
#9934=FACE_OUTER_BOUND('NONE',#9933,.T.);
#9935=DIRECTION('NONE',(-0.932278,0.361743,0));
#9936=DIRECTION('NONE',(-0.361743,-0.932278,0));
#9937=AXIS2_PLACEMENT_3D('NONE',#2028,#9935,#9936);
#9938=PLANE('NONE',#9937);
#9939=FACE_SURFACE('NONE',(#9934),#9938,.T.);
#9940=POLY_LOOP('NONE',(#1638,#2229,#2228,#1639));
#9941=FACE_OUTER_BOUND('NONE',#9940,.T.);
#9942=DIRECTION('NONE',(0.222836,-0.974856,0));
#9943=DIRECTION('NONE',(0,0,-1));
#9944=AXIS2_PLACEMENT_3D('NONE',#1638,#9942,#9943);
#9945=PLANE('NONE',#9944);
#9946=FACE_SURFACE('NONE',(#9941),#9945,.T.);
#9947=POLY_LOOP('NONE',(#1639,#2228,#2227,#1640));
#9948=FACE_OUTER_BOUND('NONE',#9947,.T.);
#9949=DIRECTION('NONE',(0.168957,-0.985623,0));
#9950=DIRECTION('NONE',(0,0,-1));
#9951=AXIS2_PLACEMENT_3D('NONE',#1639,#9949,#9950);
#9952=PLANE('NONE',#9951);
#9953=FACE_SURFACE('NONE',(#9948),#9952,.T.);
#9954=POLY_LOOP('NONE',(#1771,#2329,#2328,#1772));
#9955=FACE_OUTER_BOUND('NONE',#9954,.T.);
#9956=DIRECTION('NONE',(0.964112,0.265497,0));
#9957=DIRECTION('NONE',(0,0,-1));
#9958=AXIS2_PLACEMENT_3D('NONE',#1771,#9956,#9957);
#9959=PLANE('NONE',#9958);
#9960=FACE_SURFACE('NONE',(#9955),#9959,.T.);
#9961=POLY_LOOP('NONE',(#2328,#2327,#1773,#1772));
#9962=FACE_OUTER_BOUND('NONE',#9961,.T.);
#9963=DIRECTION('NONE',(0.974862,0.222807,0));
#9964=DIRECTION('NONE',(-0.222807,0.974862,0));
#9965=AXIS2_PLACEMENT_3D('NONE',#2328,#9963,#9964);
#9966=PLANE('NONE',#9965);
#9967=FACE_SURFACE('NONE',(#9962),#9966,.T.);
#9968=POLY_LOOP('NONE',(#2258,#1842,#1841,#2259));
#9969=FACE_OUTER_BOUND('NONE',#9968,.T.);
#9970=DIRECTION('NONE',(-0.999901,0.014075,0));
#9971=DIRECTION('NONE',(0,0,1));
#9972=AXIS2_PLACEMENT_3D('NONE',#2258,#9970,#9971);
#9973=PLANE('NONE',#9972);
#9974=FACE_SURFACE('NONE',(#9969),#9973,.T.);
#9975=POLY_LOOP('NONE',(#1773,#2327,#2326,#1774));
#9976=FACE_OUTER_BOUND('NONE',#9975,.T.);
#9977=DIRECTION('NONE',(0.98562,0.168979,0));
#9978=DIRECTION('NONE',(0,0,-1));
#9979=AXIS2_PLACEMENT_3D('NONE',#1773,#9977,#9978);
#9980=PLANE('NONE',#9979);
#9981=FACE_SURFACE('NONE',(#9976),#9980,.T.);
#9982=POLY_LOOP('NONE',(#2225,#1642,#1641,#2226));
#9983=FACE_OUTER_BOUND('NONE',#9982,.T.);
#9984=DIRECTION('NONE',(0.070251,-0.997529,0));
#9985=DIRECTION('NONE',(0,0,1));
#9986=AXIS2_PLACEMENT_3D('NONE',#2225,#9984,#9985);
#9987=PLANE('NONE',#9986);
#9988=FACE_SURFACE('NONE',(#9983),#9987,.T.);
#9989=POLY_LOOP('NONE',(#2326,#2325,#1775,#1774));
#9990=FACE_OUTER_BOUND('NONE',#9989,.T.);
#9991=DIRECTION('NONE',(0.992063,0.125739,0));
#9992=DIRECTION('NONE',(-0.125739,0.992063,0));
#9993=AXIS2_PLACEMENT_3D('NONE',#2326,#9991,#9992);
#9994=PLANE('NONE',#9993);
#9995=FACE_SURFACE('NONE',(#9990),#9994,.T.);
#9996=POLY_LOOP('NONE',(#1529,#2074,#2073,#1530));
#9997=FACE_OUTER_BOUND('NONE',#9996,.T.);
#9998=DIRECTION('NONE',(0.311957,-0.950096,0));
#9999=DIRECTION('NONE',(0,0,-1));
#10000=AXIS2_PLACEMENT_3D('NONE',#1529,#9998,#9999);
#10001=PLANE('NONE',#10000);
#10002=FACE_SURFACE('NONE',(#9997),#10001,.T.);
#10003=POLY_LOOP('NONE',(#1843,#2385,#2384,#1844));
#10004=FACE_OUTER_BOUND('NONE',#10003,.T.);
#10005=DIRECTION('NONE',(-0.992063,0.125739,0));
#10006=DIRECTION('NONE',(0,0,-1));
#10007=AXIS2_PLACEMENT_3D('NONE',#1843,#10005,#10006);
#10008=PLANE('NONE',#10007);
#10009=FACE_SURFACE('NONE',(#10004),#10008,.T.);
#10010=POLY_LOOP('NONE',(#2037,#1566,#1565,#2038));
#10011=FACE_OUTER_BOUND('NONE',#10010,.T.);
#10012=DIRECTION('NONE',(-0.992057,-0.125793,0));
#10013=DIRECTION('NONE',(0,0,1));
#10014=AXIS2_PLACEMENT_3D('NONE',#2037,#10012,#10013);
#10015=PLANE('NONE',#10014);
#10016=FACE_SURFACE('NONE',(#10011),#10015,.T.);
#10017=POLY_LOOP('NONE',(#1566,#2037,#2036,#1567));
#10018=FACE_OUTER_BOUND('NONE',#10017,.T.);
#10019=DIRECTION('NONE',(-0.997532,-0.070209,0));
#10020=DIRECTION('NONE',(0,0,-1));
#10021=AXIS2_PLACEMENT_3D('NONE',#1566,#10019,#10020);
#10022=PLANE('NONE',#10021);
#10023=FACE_SURFACE('NONE',(#10018),#10022,.T.);
#10024=POLY_LOOP('NONE',(#1644,#2223,#2222,#1645));
#10025=FACE_OUTER_BOUND('NONE',#10024,.T.);
#10026=DIRECTION('NONE',(-0.070247,-0.99753,0));
#10027=DIRECTION('NONE',(0,0,-1));
#10028=AXIS2_PLACEMENT_3D('NONE',#1644,#10026,#10027);
#10029=PLANE('NONE',#10028);
#10030=FACE_SURFACE('NONE',(#10025),#10029,.T.);
#10031=POLY_LOOP('NONE',(#2381,#2380,#1848,#1847));
#10032=FACE_OUTER_BOUND('NONE',#10031,.T.);
#10033=DIRECTION('NONE',(-0.950095,0.311961,0));
#10034=DIRECTION('NONE',(-0.311961,-0.950095,0));
#10035=AXIS2_PLACEMENT_3D('NONE',#2381,#10033,#10034);
#10036=PLANE('NONE',#10035);
#10037=FACE_SURFACE('NONE',(#10032),#10036,.T.);
#10038=POLY_LOOP('NONE',(#1645,#2222,#2221,#1646));
#10039=FACE_OUTER_BOUND('NONE',#10038,.T.);
#10040=DIRECTION('NONE',(-0.125753,-0.992062,0));
#10041=DIRECTION('NONE',(0,0,-1));
#10042=AXIS2_PLACEMENT_3D('NONE',#1645,#10040,#10041);
#10043=PLANE('NONE',#10042);
#10044=FACE_SURFACE('NONE',(#10039),#10043,.T.);
#10045=POLY_LOOP('NONE',(#1647,#1646,#2221,#2220));
#10046=FACE_OUTER_BOUND('NONE',#10045,.T.);
#10047=DIRECTION('NONE',(-0.168966,-0.985622,0));
#10048=DIRECTION('NONE',(-0.985622,0.168966,0));
#10049=AXIS2_PLACEMENT_3D('NONE',#1647,#10047,#10048);
#10050=PLANE('NONE',#10049);
#10051=FACE_SURFACE('NONE',(#10046),#10050,.T.);
#10052=POLY_LOOP('NONE',(#2449,#2448,#1962,#1961));
#10053=FACE_OUTER_BOUND('NONE',#10052,.T.);
#10054=DIRECTION('NONE',(-0.070264,-0.997528,0));
#10055=DIRECTION('NONE',(0.997528,-0.070264,0));
#10056=AXIS2_PLACEMENT_3D('NONE',#2449,#10054,#10055);
#10057=PLANE('NONE',#10056);
#10058=FACE_SURFACE('NONE',(#10053),#10057,.T.);
#10059=POLY_LOOP('NONE',(#2049,#2048,#1555,#1554));
#10060=FACE_OUTER_BOUND('NONE',#10059,.T.);
#10061=DIRECTION('NONE',(-0.786326,-0.617812,0));
#10062=DIRECTION('NONE',(0.617812,-0.786326,0));
#10063=AXIS2_PLACEMENT_3D('NONE',#2049,#10061,#10062);
#10064=PLANE('NONE',#10063);
#10065=FACE_SURFACE('NONE',(#10060),#10064,.T.);
#10066=POLY_LOOP('NONE',(#1962,#2448,#2447,#1963));
#10067=FACE_OUTER_BOUND('NONE',#10066,.T.);
#10068=DIRECTION('NONE',(-0.125734,-0.992064,0));
#10069=DIRECTION('NONE',(0,0,-1));
#10070=AXIS2_PLACEMENT_3D('NONE',#1962,#10068,#10069);
#10071=PLANE('NONE',#10070);
#10072=FACE_SURFACE('NONE',(#10067),#10071,.T.);
#10073=POLY_LOOP('NONE',(#2063,#1540,#1539,#2064));
#10074=FACE_OUTER_BOUND('NONE',#10073,.T.);
#10075=DIRECTION('NONE',(-0.168979,-0.98562,0));
#10076=DIRECTION('NONE',(0,0,1));
#10077=AXIS2_PLACEMENT_3D('NONE',#2063,#10075,#10076);
#10078=PLANE('NONE',#10077);
#10079=FACE_SURFACE('NONE',(#10074),#10078,.T.);
#10080=POLY_LOOP('NONE',(#1541,#1540,#2063,#2062));
#10081=FACE_OUTER_BOUND('NONE',#10080,.T.);
#10082=DIRECTION('NONE',(-0.22281,-0.974862,0));
#10083=DIRECTION('NONE',(-0.974862,0.22281,0));
#10084=AXIS2_PLACEMENT_3D('NONE',#1541,#10082,#10083);
#10085=PLANE('NONE',#10084);
#10086=FACE_SURFACE('NONE',(#10081),#10085,.T.);
#10087=POLY_LOOP('NONE',(#2061,#1542,#1541,#2062));
#10088=FACE_OUTER_BOUND('NONE',#10087,.T.);
#10089=DIRECTION('NONE',(-0.265493,-0.964113,0));
#10090=DIRECTION('NONE',(0,0,1));
#10091=AXIS2_PLACEMENT_3D('NONE',#2061,#10089,#10090);
#10092=PLANE('NONE',#10091);
#10093=FACE_SURFACE('NONE',(#10088),#10092,.T.);
#10094=POLY_LOOP('NONE',(#2045,#2044,#1559,#1558));
#10095=FACE_OUTER_BOUND('NONE',#10094,.T.);
#10096=DIRECTION('NONE',(-0.894438,-0.447192,0));
#10097=DIRECTION('NONE',(0.447192,-0.894438,0));
#10098=AXIS2_PLACEMENT_3D('NONE',#2045,#10096,#10097);
#10099=PLANE('NONE',#10098);
#10100=FACE_SURFACE('NONE',(#10095),#10099,.T.);
#10101=POLY_LOOP('NONE',(#1543,#1542,#2061,#2060));
#10102=FACE_OUTER_BOUND('NONE',#10101,.T.);
#10103=DIRECTION('NONE',(-0.311957,-0.950096,0));
#10104=DIRECTION('NONE',(-0.950096,0.311957,0));
#10105=AXIS2_PLACEMENT_3D('NONE',#1543,#10103,#10104);
#10106=PLANE('NONE',#10105);
#10107=FACE_SURFACE('NONE',(#10102),#10106,.T.);
#10108=POLY_LOOP('NONE',(#1789,#1788,#2312,#2311));
#10109=FACE_OUTER_BOUND('NONE',#10108,.T.);
#10110=DIRECTION('NONE',(0.844808,-0.53507,0));
#10111=DIRECTION('NONE',(-0.53507,-0.844808,0));
#10112=AXIS2_PLACEMENT_3D('NONE',#1789,#10110,#10111);
#10113=PLANE('NONE',#10112);
#10114=FACE_SURFACE('NONE',(#10109),#10113,.T.);
#10115=POLY_LOOP('NONE',(#1781,#2319,#2318,#1782));
#10116=FACE_OUTER_BOUND('NONE',#10115,.T.);
#10117=DIRECTION('NONE',(0.974862,-0.22281,0));
#10118=DIRECTION('NONE',(0,0,-1));
#10119=AXIS2_PLACEMENT_3D('NONE',#1781,#10117,#10118);
#10120=PLANE('NONE',#10119);
#10121=FACE_SURFACE('NONE',(#10116),#10120,.T.);
#10122=POLY_LOOP('NONE',(#1791,#2309,#2308,#1792));
#10123=FACE_OUTER_BOUND('NONE',#10122,.T.);
#10124=DIRECTION('NONE',(0.754298,-0.656532,0));
#10125=DIRECTION('NONE',(0,0,-1));
#10126=AXIS2_PLACEMENT_3D('NONE',#1791,#10124,#10125);
#10127=PLANE('NONE',#10126);
#10128=FACE_SURFACE('NONE',(#10123),#10127,.T.);
#10129=POLY_LOOP('NONE',(#1491,#1490,#2113,#2112));
#10130=FACE_OUTER_BOUND('NONE',#10129,.T.);
#10131=DIRECTION('NONE',(0.7863,0.617845,0));
#10132=DIRECTION('NONE',(0.617845,-0.7863,0));
#10133=AXIS2_PLACEMENT_3D('NONE',#1491,#10131,#10132);
#10134=PLANE('NONE',#10133);
#10135=FACE_SURFACE('NONE',(#10130),#10134,.T.);
#10136=POLY_LOOP('NONE',(#2424,#1986,#1985,#2425));
#10137=FACE_OUTER_BOUND('NONE',#10136,.T.);
#10138=DIRECTION('NONE',(-0.950096,-0.311957,0));
#10139=DIRECTION('NONE',(0,0,1));
#10140=AXIS2_PLACEMENT_3D('NONE',#2424,#10138,#10139);
#10141=PLANE('NONE',#10140);
#10142=FACE_SURFACE('NONE',(#10137),#10141,.T.);
#10143=POLY_LOOP('NONE',(#2304,#1796,#1795,#2305));
#10144=FACE_OUTER_BOUND('NONE',#10143,.T.);
#10145=DIRECTION('NONE',(0.61782,-0.786319,0));
#10146=DIRECTION('NONE',(0,0,1));
#10147=AXIS2_PLACEMENT_3D('NONE',#2304,#10145,#10146);
#10148=PLANE('NONE',#10147);
#10149=FACE_SURFACE('NONE',(#10144),#10148,.T.);
#10150=POLY_LOOP('NONE',(#2301,#2300,#1800,#1799));
#10151=FACE_OUTER_BOUND('NONE',#10150,.T.);
#10152=DIRECTION('NONE',(0.447214,-0.894427,0));
#10153=DIRECTION('NONE',(0.894427,0.447214,0));
#10154=AXIS2_PLACEMENT_3D('NONE',#2301,#10152,#10153);
#10155=PLANE('NONE',#10154);
#10156=FACE_SURFACE('NONE',(#10151),#10155,.T.);
#10157=POLY_LOOP('NONE',(#1662,#1661,#2206,#2205));
#10158=FACE_OUTER_BOUND('NONE',#10157,.T.);
#10159=DIRECTION('NONE',(-0.786326,-0.617812,0));
#10160=DIRECTION('NONE',(-0.617812,0.786326,0));
#10161=AXIS2_PLACEMENT_3D('NONE',#1662,#10159,#10160);
#10162=PLANE('NONE',#10161);
#10163=FACE_SURFACE('NONE',(#10158),#10162,.T.);
#10164=POLY_LOOP('NONE',(#1979,#2431,#2430,#1980));
#10165=FACE_OUTER_BOUND('NONE',#10164,.T.);
#10166=DIRECTION('NONE',(-0.816578,-0.577236,0));
#10167=DIRECTION('NONE',(0,0,-1));
#10168=AXIS2_PLACEMENT_3D('NONE',#1979,#10166,#10167);
#10169=PLANE('NONE',#10168);
#10170=FACE_SURFACE('NONE',(#10165),#10169,.T.);
#10171=POLY_LOOP('NONE',(#2199,#1668,#1667,#2200));
#10172=FACE_OUTER_BOUND('NONE',#10171,.T.);
#10173=DIRECTION('NONE',(-0.932262,-0.361785,0));
#10174=DIRECTION('NONE',(0,0,1));
#10175=AXIS2_PLACEMENT_3D('NONE',#2199,#10173,#10174);
#10176=PLANE('NONE',#10175);
#10177=FACE_SURFACE('NONE',(#10172),#10176,.T.);
#10178=POLY_LOOP('NONE',(#1558,#1557,#2046,#2045));
#10179=FACE_OUTER_BOUND('NONE',#10178,.T.);
#10180=DIRECTION('NONE',(-0.870826,-0.491591,0));
#10181=DIRECTION('NONE',(-0.491591,0.870826,0));
#10182=AXIS2_PLACEMENT_3D('NONE',#1558,#10180,#10181);
#10183=PLANE('NONE',#10182);
#10184=FACE_SURFACE('NONE',(#10179),#10183,.T.);
#10185=POLY_LOOP('NONE',(#1783,#1782,#2318,#2317));
#10186=FACE_OUTER_BOUND('NONE',#10185,.T.);
#10187=DIRECTION('NONE',(0.964113,-0.265493,0));
#10188=DIRECTION('NONE',(-0.265493,-0.964113,0));
#10189=AXIS2_PLACEMENT_3D('NONE',#1783,#10187,#10188);
#10190=PLANE('NONE',#10189);
#10191=FACE_SURFACE('NONE',(#10186),#10190,.T.);
#10192=POLY_LOOP('NONE',(#1559,#2044,#2043,#1560));
#10193=FACE_OUTER_BOUND('NONE',#10192,.T.);
#10194=DIRECTION('NONE',(-0.913216,-0.407476,0));
#10195=DIRECTION('NONE',(0,0,-1));
#10196=AXIS2_PLACEMENT_3D('NONE',#1559,#10194,#10195);
#10197=PLANE('NONE',#10196);
#10198=FACE_SURFACE('NONE',(#10193),#10197,.T.);
#10199=POLY_LOOP('NONE',(#1982,#2428,#2427,#1983));
#10200=FACE_OUTER_BOUND('NONE',#10199,.T.);
#10201=DIRECTION('NONE',(-0.894417,-0.447235,0));
#10202=DIRECTION('NONE',(0,0,-1));
#10203=AXIS2_PLACEMENT_3D('NONE',#1982,#10201,#10202);
#10204=PLANE('NONE',#10203);
#10205=FACE_SURFACE('NONE',(#10200),#10204,.T.);
#10206=POLY_LOOP('NONE',(#1561,#2042,#2041,#1562));
#10207=FACE_OUTER_BOUND('NONE',#10206,.T.);
#10208=DIRECTION('NONE',(-0.95008,-0.312005,0));
#10209=DIRECTION('NONE',(0,0,-1));
#10210=AXIS2_PLACEMENT_3D('NONE',#1561,#10208,#10209);
#10211=PLANE('NONE',#10210);
#10212=FACE_SURFACE('NONE',(#10207),#10211,.T.);
#10213=POLY_LOOP('NONE',(#2196,#2195,#1672,#1671));
#10214=FACE_OUTER_BOUND('NONE',#10213,.T.);
#10215=DIRECTION('NONE',(-0.98562,-0.168976,0));
#10216=DIRECTION('NONE',(0.168976,-0.98562,0));
#10217=AXIS2_PLACEMENT_3D('NONE',#2196,#10215,#10216);
#10218=PLANE('NONE',#10217);
#10219=FACE_SURFACE('NONE',(#10214),#10218,.T.);
#10220=POLY_LOOP('NONE',(#2312,#1788,#1787,#2313));
#10221=FACE_OUTER_BOUND('NONE',#10220,.T.);
#10222=DIRECTION('NONE',(0.870826,-0.491591,0));
#10223=DIRECTION('NONE',(0,0,1));
#10224=AXIS2_PLACEMENT_3D('NONE',#2312,#10222,#10223);
#10225=PLANE('NONE',#10224);
#10226=FACE_SURFACE('NONE',(#10221),#10225,.T.);
#10227=POLY_LOOP('NONE',(#2192,#1675,#1674,#2193));
#10228=FACE_OUTER_BOUND('NONE',#10227,.T.);
#10229=DIRECTION('NONE',(-0.999604,-0.028142,0));
#10230=DIRECTION('NONE',(0,0,1));
#10231=AXIS2_PLACEMENT_3D('NONE',#2192,#10229,#10230);
#10232=PLANE('NONE',#10231);
#10233=FACE_SURFACE('NONE',(#10228),#10232,.T.);
#10234=POLY_LOOP('NONE',(#1790,#1789,#2311,#2310));
#10235=FACE_OUTER_BOUND('NONE',#10234,.T.);
#10236=DIRECTION('NONE',(0.816573,-0.577242,0));
#10237=DIRECTION('NONE',(-0.577242,-0.816573,0));
#10238=AXIS2_PLACEMENT_3D('NONE',#1790,#10236,#10237);
#10239=PLANE('NONE',#10238);
#10240=FACE_SURFACE('NONE',(#10235),#10239,.T.);
#10241=POLY_LOOP('NONE',(#1790,#2310,#2309,#1791));
#10242=FACE_OUTER_BOUND('NONE',#10241,.T.);
#10243=DIRECTION('NONE',(0.786326,-0.617812,0));
#10244=DIRECTION('NONE',(0,0,-1));
#10245=AXIS2_PLACEMENT_3D('NONE',#1790,#10243,#10244);
#10246=PLANE('NONE',#10245);
#10247=FACE_SURFACE('NONE',(#10242),#10246,.T.);
#10248=POLY_LOOP('NONE',(#2120,#2119,#1484,#1483));
#10249=FACE_OUTER_BOUND('NONE',#10248,.T.);
#10250=DIRECTION('NONE',(0.535044,0.844824,0));
#10251=DIRECTION('NONE',(-0.844824,0.535044,0));
#10252=AXIS2_PLACEMENT_3D('NONE',#2120,#10250,#10251);
#10253=PLANE('NONE',#10252);
#10254=FACE_SURFACE('NONE',(#10249),#10253,.T.);
#10255=POLY_LOOP('NONE',(#2308,#2307,#1793,#1792));
#10256=FACE_OUTER_BOUND('NONE',#10255,.T.);
#10257=DIRECTION('NONE',(0.727791,-0.685799,0));
#10258=DIRECTION('NONE',(0.685799,0.727791,0));
#10259=AXIS2_PLACEMENT_3D('NONE',#2308,#10257,#10258);
#10260=PLANE('NONE',#10259);
#10261=FACE_SURFACE('NONE',(#10256),#10260,.T.);
#10262=POLY_LOOP('NONE',(#1549,#2054,#2053,#1550));
#10263=FACE_OUTER_BOUND('NONE',#10262,.T.);
#10264=DIRECTION('NONE',(-0.617829,-0.786313,0));
#10265=DIRECTION('NONE',(0,0,-1));
#10266=AXIS2_PLACEMENT_3D('NONE',#1549,#10264,#10265);
#10267=PLANE('NONE',#10266);
#10268=FACE_SURFACE('NONE',(#10263),#10267,.T.);
#10269=POLY_LOOP('NONE',(#1901,#2509,#2508,#1902));
#10270=FACE_OUTER_BOUND('NONE',#10269,.T.);
#10271=DIRECTION('NONE',(0.265469,0.964119,0));
#10272=DIRECTION('NONE',(0,0,-1));
#10273=AXIS2_PLACEMENT_3D('NONE',#1901,#10271,#10272);
#10274=PLANE('NONE',#10273);
#10275=FACE_SURFACE('NONE',(#10270),#10274,.T.);
#10276=POLY_LOOP('NONE',(#1797,#1796,#2304,#2303));
#10277=FACE_OUTER_BOUND('NONE',#10276,.T.);
#10278=DIRECTION('NONE',(0.577223,-0.816587,0));
#10279=DIRECTION('NONE',(-0.816587,-0.577223,0));
#10280=AXIS2_PLACEMENT_3D('NONE',#1797,#10278,#10279);
#10281=PLANE('NONE',#10280);
#10282=FACE_SURFACE('NONE',(#10277),#10281,.T.);
#10283=POLY_LOOP('NONE',(#2128,#2127,#1604,#1603));
#10284=FACE_OUTER_BOUND('NONE',#10283,.T.);
#10285=DIRECTION('NONE',(0.168953,0.985624,0));
#10286=DIRECTION('NONE',(-0.985624,0.168953,0));
#10287=AXIS2_PLACEMENT_3D('NONE',#2128,#10285,#10286);
#10288=PLANE('NONE',#10287);
#10289=FACE_SURFACE('NONE',(#10284),#10288,.T.);
#10290=POLY_LOOP('NONE',(#1605,#2126,#2125,#1606));
#10291=FACE_OUTER_BOUND('NONE',#10290,.T.);
#10292=DIRECTION('NONE',(0.265469,0.964119,0));
#10293=DIRECTION('NONE',(0,0,-1));
#10294=AXIS2_PLACEMENT_3D('NONE',#1605,#10292,#10293);
#10295=PLANE('NONE',#10294);
#10296=FACE_SURFACE('NONE',(#10291),#10295,.T.);
#10297=POLY_LOOP('NONE',(#2457,#2456,#1954,#1953));
#10298=FACE_OUTER_BOUND('NONE',#10297,.T.);
#10299=DIRECTION('NONE',(0.311973,-0.950091,0));
#10300=DIRECTION('NONE',(0.950091,0.311973,0));
#10301=AXIS2_PLACEMENT_3D('NONE',#2457,#10299,#10300);
#10302=PLANE('NONE',#10301);
#10303=FACE_SURFACE('NONE',(#10298),#10302,.T.);
#10304=POLY_LOOP('NONE',(#2456,#2455,#1955,#1954));
#10305=FACE_OUTER_BOUND('NONE',#10304,.T.);
#10306=DIRECTION('NONE',(0.265493,-0.964113,0));
#10307=DIRECTION('NONE',(0.964113,0.265493,0));
#10308=AXIS2_PLACEMENT_3D('NONE',#2456,#10306,#10307);
#10309=PLANE('NONE',#10308);
#10310=FACE_SURFACE('NONE',(#10305),#10309,.T.);
#10311=POLY_LOOP('NONE',(#2454,#1956,#1955,#2455));
#10312=FACE_OUTER_BOUND('NONE',#10311,.T.);
#10313=DIRECTION('NONE',(0.22281,-0.974862,0));
#10314=DIRECTION('NONE',(0,0,1));
#10315=AXIS2_PLACEMENT_3D('NONE',#2454,#10313,#10314);
#10316=PLANE('NONE',#10315);
#10317=FACE_SURFACE('NONE',(#10312),#10316,.T.);
#10318=POLY_LOOP('NONE',(#2214,#1653,#1652,#2215));
#10319=FACE_OUTER_BOUND('NONE',#10318,.T.);
#10320=DIRECTION('NONE',(-0.447214,-0.894427,0));
#10321=DIRECTION('NONE',(0,0,1));
#10322=AXIS2_PLACEMENT_3D('NONE',#2214,#10320,#10321);
#10323=PLANE('NONE',#10322);
#10324=FACE_SURFACE('NONE',(#10319),#10323,.T.);
#10325=POLY_LOOP('NONE',(#2454,#2453,#1957,#1956));
#10326=FACE_OUTER_BOUND('NONE',#10325,.T.);
#10327=DIRECTION('NONE',(0.168979,-0.98562,0));
#10328=DIRECTION('NONE',(0.98562,0.168979,0));
#10329=AXIS2_PLACEMENT_3D('NONE',#2454,#10327,#10328);
#10330=PLANE('NONE',#10329);
#10331=FACE_SURFACE('NONE',(#10326),#10330,.T.);
#10332=POLY_LOOP('NONE',(#2298,#1802,#1801,#2299));
#10333=FACE_OUTER_BOUND('NONE',#10332,.T.);
#10334=DIRECTION('NONE',(0.361787,-0.932261,0));
#10335=DIRECTION('NONE',(0,0,1));
#10336=AXIS2_PLACEMENT_3D('NONE',#2298,#10334,#10335);
#10337=PLANE('NONE',#10336);
#10338=FACE_SURFACE('NONE',(#10333),#10337,.T.);
#10339=POLY_LOOP('NONE',(#1655,#1654,#2213,#2212));
#10340=FACE_OUTER_BOUND('NONE',#10339,.T.);
#10341=DIRECTION('NONE',(-0.535059,-0.844815,0));
#10342=DIRECTION('NONE',(-0.844815,0.535059,0));
#10343=AXIS2_PLACEMENT_3D('NONE',#1655,#10341,#10342);
#10344=PLANE('NONE',#10343);
#10345=FACE_SURFACE('NONE',(#10340),#10344,.T.);
#10346=POLY_LOOP('NONE',(#1957,#2453,#2452,#1958));
#10347=FACE_OUTER_BOUND('NONE',#10346,.T.);
#10348=DIRECTION('NONE',(0.125734,-0.992064,0));
#10349=DIRECTION('NONE',(0,0,-1));
#10350=AXIS2_PLACEMENT_3D('NONE',#1957,#10348,#10349);
#10351=PLANE('NONE',#10350);
#10352=FACE_SURFACE('NONE',(#10347),#10351,.T.);
#10353=POLY_LOOP('NONE',(#2296,#2295,#1805,#1804));
#10354=FACE_OUTER_BOUND('NONE',#10353,.T.);
#10355=DIRECTION('NONE',(0.222836,-0.974856,0));
#10356=DIRECTION('NONE',(0.974856,0.222836,0));
#10357=AXIS2_PLACEMENT_3D('NONE',#2296,#10355,#10356);
#10358=PLANE('NONE',#10357);
#10359=FACE_SURFACE('NONE',(#10354),#10358,.T.);
#10360=POLY_LOOP('NONE',(#2451,#1959,#1958,#2452));
#10361=FACE_OUTER_BOUND('NONE',#10360,.T.);
#10362=DIRECTION('NONE',(0.070264,-0.997528,0));
#10363=DIRECTION('NONE',(0,0,1));
#10364=AXIS2_PLACEMENT_3D('NONE',#2451,#10362,#10363);
#10365=PLANE('NONE',#10364);
#10366=FACE_SURFACE('NONE',(#10361),#10365,.T.);
#10367=POLY_LOOP('NONE',(#1806,#1805,#2295,#2294));
#10368=FACE_OUTER_BOUND('NONE',#10367,.T.);
#10369=DIRECTION('NONE',(0.168966,-0.985622,0));
#10370=DIRECTION('NONE',(-0.985622,-0.168966,0));
#10371=AXIS2_PLACEMENT_3D('NONE',#1806,#10369,#10370);
#10372=PLANE('NONE',#10371);
#10373=FACE_SURFACE('NONE',(#10368),#10372,.T.);
#10374=POLY_LOOP('NONE',(#1563,#2040,#2039,#1564));
#10375=FACE_OUTER_BOUND('NONE',#10374,.T.);
#10376=DIRECTION('NONE',(-0.97485,-0.222861,0));
#10377=DIRECTION('NONE',(0,0,-1));
#10378=AXIS2_PLACEMENT_3D('NONE',#1563,#10376,#10377);
#10379=PLANE('NONE',#10378);
#10380=FACE_SURFACE('NONE',(#10375),#10379,.T.);
#10381=POLY_LOOP('NONE',(#1659,#2208,#2207,#1660));
#10382=FACE_OUTER_BOUND('NONE',#10381,.T.);
#10383=DIRECTION('NONE',(-0.727791,-0.685799,0));
#10384=DIRECTION('NONE',(0,0,-1));
#10385=AXIS2_PLACEMENT_3D('NONE',#1659,#10383,#10384);
#10386=PLANE('NONE',#10385);
#10387=FACE_SURFACE('NONE',(#10382),#10386,.T.);
#10388=POLY_LOOP('NONE',(#1963,#2447,#2446,#1964));
#10389=FACE_OUTER_BOUND('NONE',#10388,.T.);
#10390=DIRECTION('NONE',(-0.168979,-0.98562,0));
#10391=DIRECTION('NONE',(0,0,-1));
#10392=AXIS2_PLACEMENT_3D('NONE',#1963,#10390,#10391);
#10393=PLANE('NONE',#10392);
#10394=FACE_SURFACE('NONE',(#10389),#10393,.T.);
#10395=POLY_LOOP('NONE',(#1964,#2446,#2445,#1965));
#10396=FACE_OUTER_BOUND('NONE',#10395,.T.);
#10397=DIRECTION('NONE',(-0.22281,-0.974862,0));
#10398=DIRECTION('NONE',(0,0,-1));
#10399=AXIS2_PLACEMENT_3D('NONE',#1964,#10397,#10398);
#10400=PLANE('NONE',#10399);
#10401=FACE_SURFACE('NONE',(#10396),#10400,.T.);
#10402=POLY_LOOP('NONE',(#1602,#1601,#2002,#2129));
#10403=FACE_OUTER_BOUND('NONE',#10402,.T.);
#10404=DIRECTION('NONE',(0.070238,0.99753,0));
#10405=DIRECTION('NONE',(0.99753,-0.070238,0));
#10406=AXIS2_PLACEMENT_3D('NONE',#1602,#10404,#10405);
#10407=PLANE('NONE',#10406);
#10408=FACE_SURFACE('NONE',(#10403),#10407,.T.);
#10409=POLY_LOOP('NONE',(#2289,#1811,#1810,#2290));
#10410=FACE_OUTER_BOUND('NONE',#10409,.T.);
#10411=DIRECTION('NONE',(-0.070251,-0.997529,0));
#10412=DIRECTION('NONE',(0,0,1));
#10413=AXIS2_PLACEMENT_3D('NONE',#2289,#10411,#10412);
#10414=PLANE('NONE',#10413);
#10415=FACE_SURFACE('NONE',(#10410),#10414,.T.);
#10416=POLY_LOOP('NONE',(#1604,#2127,#2126,#1605));
#10417=FACE_OUTER_BOUND('NONE',#10416,.T.);
#10418=DIRECTION('NONE',(0.222836,0.974856,0));
#10419=DIRECTION('NONE',(0,0,-1));
#10420=AXIS2_PLACEMENT_3D('NONE',#1604,#10418,#10419);
#10421=PLANE('NONE',#10420);
#10422=FACE_SURFACE('NONE',(#10417),#10421,.T.);
#10423=POLY_LOOP('NONE',(#1570,#2033,#2032,#1571));
#10424=FACE_OUTER_BOUND('NONE',#10423,.T.);
#10425=DIRECTION('NONE',(-0.992057,0.125789,0));
#10426=DIRECTION('NONE',(0,0,-1));
#10427=AXIS2_PLACEMENT_3D('NONE',#1570,#10425,#10426);
#10428=PLANE('NONE',#10427);
#10429=FACE_SURFACE('NONE',(#10424),#10428,.T.);
#10430=POLY_LOOP('NONE',(#1606,#2125,#2124,#1479));
#10431=FACE_OUTER_BOUND('NONE',#10430,.T.);
#10432=DIRECTION('NONE',(0.311981,0.950088,0));
#10433=DIRECTION('NONE',(0,0,-1));
#10434=AXIS2_PLACEMENT_3D('NONE',#1606,#10432,#10433);
#10435=PLANE('NONE',#10434);
#10436=FACE_SURFACE('NONE',(#10431),#10435,.T.);
#10437=POLY_LOOP('NONE',(#2325,#2324,#1776,#1775));
#10438=FACE_OUTER_BOUND('NONE',#10437,.T.);
#10439=DIRECTION('NONE',(0.997528,0.070263,0));
#10440=DIRECTION('NONE',(-0.070263,0.997528,0));
#10441=AXIS2_PLACEMENT_3D('NONE',#2325,#10439,#10440);
#10442=PLANE('NONE',#10441);
#10443=FACE_SURFACE('NONE',(#10438),#10442,.T.);
#10444=POLY_LOOP('NONE',(#1676,#1675,#2192,#2191));
#10445=FACE_OUTER_BOUND('NONE',#10444,.T.);
#10446=DIRECTION('NONE',(-0.999604,0.028142,0));
#10447=DIRECTION('NONE',(0.028142,0.999604,0));
#10448=AXIS2_PLACEMENT_3D('NONE',#1676,#10446,#10447);
#10449=PLANE('NONE',#10448);
#10450=FACE_SURFACE('NONE',(#10445),#10449,.T.);
#10451=POLY_LOOP('NONE',(#2287,#2286,#1814,#1813));
#10452=FACE_OUTER_BOUND('NONE',#10451,.T.);
#10453=DIRECTION('NONE',(-0.222836,-0.974856,0));
#10454=DIRECTION('NONE',(0.974856,-0.222836,0));
#10455=AXIS2_PLACEMENT_3D('NONE',#2287,#10453,#10454);
#10456=PLANE('NONE',#10455);
#10457=FACE_SURFACE('NONE',(#10452),#10456,.T.);
#10458=POLY_LOOP('NONE',(#1814,#2286,#2285,#1815));
#10459=FACE_OUTER_BOUND('NONE',#10458,.T.);
#10460=DIRECTION('NONE',(-0.265481,-0.964116,0));
#10461=DIRECTION('NONE',(0,0,-1));
#10462=AXIS2_PLACEMENT_3D('NONE',#1814,#10460,#10461);
#10463=PLANE('NONE',#10462);
#10464=FACE_SURFACE('NONE',(#10459),#10463,.T.);
#10465=POLY_LOOP('NONE',(#2507,#1903,#1902,#2508));
#10466=FACE_OUTER_BOUND('NONE',#10465,.T.);
#10467=DIRECTION('NONE',(0.311997,0.950083,0));
#10468=DIRECTION('NONE',(0,0,1));
#10469=AXIS2_PLACEMENT_3D('NONE',#2507,#10467,#10468);
#10470=PLANE('NONE',#10469);
#10471=FACE_SURFACE('NONE',(#10466),#10470,.T.);
#10472=POLY_LOOP('NONE',(#1660,#2207,#2206,#1661));
#10473=FACE_OUTER_BOUND('NONE',#10472,.T.);
#10474=DIRECTION('NONE',(-0.754298,-0.656532,0));
#10475=DIRECTION('NONE',(0,0,-1));
#10476=AXIS2_PLACEMENT_3D('NONE',#1660,#10474,#10475);
#10477=PLANE('NONE',#10476);
#10478=FACE_SURFACE('NONE',(#10473),#10477,.T.);
#10479=POLY_LOOP('NONE',(#1576,#2027,#2026,#1577));
#10480=FACE_OUTER_BOUND('NONE',#10479,.T.);
#10481=DIRECTION('NONE',(-0.913216,0.407476,0));
#10482=DIRECTION('NONE',(0,0,-1));
#10483=AXIS2_PLACEMENT_3D('NONE',#1576,#10481,#10482);
#10484=PLANE('NONE',#10483);
#10485=FACE_SURFACE('NONE',(#10480),#10484,.T.);
#10486=POLY_LOOP('NONE',(#2026,#2025,#1578,#1577));
#10487=FACE_OUTER_BOUND('NONE',#10486,.T.);
#10488=DIRECTION('NONE',(-0.894438,0.447192,0));
#10489=DIRECTION('NONE',(-0.447192,-0.894438,0));
#10490=AXIS2_PLACEMENT_3D('NONE',#2026,#10488,#10489);
#10491=PLANE('NONE',#10490);
#10492=FACE_SURFACE('NONE',(#10487),#10491,.T.);
#10493=POLY_LOOP('NONE',(#1562,#2041,#2040,#1563));
#10494=FACE_OUTER_BOUND('NONE',#10493,.T.);
#10495=DIRECTION('NONE',(-0.964126,-0.265444,0));
#10496=DIRECTION('NONE',(0,0,-1));
#10497=AXIS2_PLACEMENT_3D('NONE',#1562,#10495,#10496);
#10498=PLANE('NONE',#10497);
#10499=FACE_SURFACE('NONE',(#10494),#10498,.T.);
#10500=POLY_LOOP('NONE',(#1777,#1776,#2324,#2323));
#10501=FACE_OUTER_BOUND('NONE',#10500,.T.);
#10502=DIRECTION('NONE',(0.999604,0.028142,0));
#10503=DIRECTION('NONE',(0.028142,-0.999604,0));
#10504=AXIS2_PLACEMENT_3D('NONE',#1777,#10502,#10503);
#10505=PLANE('NONE',#10504);
#10506=FACE_SURFACE('NONE',(#10501),#10505,.T.);
#10507=POLY_LOOP('NONE',(#2201,#1666,#1665,#2202));
#10508=FACE_OUTER_BOUND('NONE',#10507,.T.);
#10509=DIRECTION('NONE',(-0.894441,-0.447187,0));
#10510=DIRECTION('NONE',(0,0,1));
#10511=AXIS2_PLACEMENT_3D('NONE',#2201,#10509,#10510);
#10512=PLANE('NONE',#10511);
#10513=FACE_SURFACE('NONE',(#10508),#10512,.T.);
#10514=POLY_LOOP('NONE',(#2322,#1778,#1777,#2323));
#10515=FACE_OUTER_BOUND('NONE',#10514,.T.);
#10516=DIRECTION('NONE',(0.999604,-0.028142,0));
#10517=DIRECTION('NONE',(0,0,1));
#10518=AXIS2_PLACEMENT_3D('NONE',#2322,#10516,#10517);
#10519=PLANE('NONE',#10518);
#10520=FACE_SURFACE('NONE',(#10515),#10519,.T.);
#10521=POLY_LOOP('NONE',(#2200,#1667,#1666,#2201));
#10522=FACE_OUTER_BOUND('NONE',#10521,.T.);
#10523=DIRECTION('NONE',(-0.913234,-0.407436,0));
#10524=DIRECTION('NONE',(0,0,1));
#10525=AXIS2_PLACEMENT_3D('NONE',#2200,#10523,#10524);
#10526=PLANE('NONE',#10525);
#10527=FACE_SURFACE('NONE',(#10522),#10526,.T.);
#10528=POLY_LOOP('NONE',(#1564,#2039,#2038,#1565));
#10529=FACE_OUTER_BOUND('NONE',#10528,.T.);
#10530=DIRECTION('NONE',(-0.985629,-0.168927,0));
#10531=DIRECTION('NONE',(0,0,-1));
#10532=AXIS2_PLACEMENT_3D('NONE',#1564,#10530,#10531);
#10533=PLANE('NONE',#10532);
#10534=FACE_SURFACE('NONE',(#10529),#10533,.T.);
#10535=POLY_LOOP('NONE',(#1911,#2499,#2498,#1912));
#10536=FACE_OUTER_BOUND('NONE',#10535,.T.);
#10537=DIRECTION('NONE',(0.685786,0.727803,0));
#10538=DIRECTION('NONE',(0,0,-1));
#10539=AXIS2_PLACEMENT_3D('NONE',#1911,#10537,#10538);
#10540=PLANE('NONE',#10539);
#10541=FACE_SURFACE('NONE',(#10536),#10540,.T.);
#10542=POLY_LOOP('NONE',(#2198,#1669,#1668,#2199));
#10543=FACE_OUTER_BOUND('NONE',#10542,.T.);
#10544=DIRECTION('NONE',(-0.950094,-0.311965,0));
#10545=DIRECTION('NONE',(0,0,1));
#10546=AXIS2_PLACEMENT_3D('NONE',#2198,#10544,#10545);
#10547=PLANE('NONE',#10546);
#10548=FACE_SURFACE('NONE',(#10543),#10547,.T.);
#10549=POLY_LOOP('NONE',(#1499,#2104,#2103,#1500));
#10550=FACE_OUTER_BOUND('NONE',#10549,.T.);
#10551=DIRECTION('NONE',(0.97485,0.222861,0));
#10552=DIRECTION('NONE',(0,0,-1));
#10553=AXIS2_PLACEMENT_3D('NONE',#1499,#10551,#10552);
#10554=PLANE('NONE',#10553);
#10555=FACE_SURFACE('NONE',(#10550),#10554,.T.);
#10556=POLY_LOOP('NONE',(#2102,#1501,#1500,#2103));
#10557=FACE_OUTER_BOUND('NONE',#10556,.T.);
#10558=DIRECTION('NONE',(0.98562,0.168979,0));
#10559=DIRECTION('NONE',(0,0,1));
#10560=AXIS2_PLACEMENT_3D('NONE',#2102,#10558,#10559);
#10561=PLANE('NONE',#10560);
#10562=FACE_SURFACE('NONE',(#10557),#10561,.T.);
#10563=POLY_LOOP('NONE',(#1779,#1778,#2322,#2321));
#10564=FACE_OUTER_BOUND('NONE',#10563,.T.);
#10565=DIRECTION('NONE',(0.997528,-0.070263,0));
#10566=DIRECTION('NONE',(-0.070263,-0.997528,0));
#10567=AXIS2_PLACEMENT_3D('NONE',#1779,#10565,#10566);
#10568=PLANE('NONE',#10567);
#10569=FACE_SURFACE('NONE',(#10564),#10568,.T.);
#10570=POLY_LOOP('NONE',(#2320,#1780,#1779,#2321));
#10571=FACE_OUTER_BOUND('NONE',#10570,.T.);
#10572=DIRECTION('NONE',(0.992063,-0.12574,0));
#10573=DIRECTION('NONE',(0,0,1));
#10574=AXIS2_PLACEMENT_3D('NONE',#2320,#10572,#10573);
#10575=PLANE('NONE',#10574);
#10576=FACE_SURFACE('NONE',(#10571),#10575,.T.);
#10577=POLY_LOOP('NONE',(#1506,#2097,#2096,#1507));
#10578=FACE_OUTER_BOUND('NONE',#10577,.T.);
#10579=DIRECTION('NONE',(0.992063,-0.12574,0));
#10580=DIRECTION('NONE',(0,0,-1));
#10581=AXIS2_PLACEMENT_3D('NONE',#1506,#10579,#10580);
#10582=PLANE('NONE',#10581);
#10583=FACE_SURFACE('NONE',(#10578),#10582,.T.);
#10584=POLY_LOOP('NONE',(#2058,#1545,#1544,#2059));
#10585=FACE_OUTER_BOUND('NONE',#10584,.T.);
#10586=DIRECTION('NONE',(-0.407421,-0.91324,0));
#10587=DIRECTION('NONE',(0,0,1));
#10588=AXIS2_PLACEMENT_3D('NONE',#2058,#10586,#10587);
#10589=PLANE('NONE',#10588);
#10590=FACE_SURFACE('NONE',(#10585),#10589,.T.);
#10591=POLY_LOOP('NONE',(#1654,#1653,#2214,#2213));
#10592=FACE_OUTER_BOUND('NONE',#10591,.T.);
#10593=DIRECTION('NONE',(-0.491601,-0.87082,0));
#10594=DIRECTION('NONE',(-0.87082,0.491601,0));
#10595=AXIS2_PLACEMENT_3D('NONE',#1654,#10593,#10594);
#10596=PLANE('NONE',#10595);
#10597=FACE_SURFACE('NONE',(#10592),#10596,.T.);
#10598=POLY_LOOP('NONE',(#2049,#1554,#1553,#2050));
#10599=FACE_OUTER_BOUND('NONE',#10598,.T.);
#10600=DIRECTION('NONE',(-0.754304,-0.656526,0));
#10601=DIRECTION('NONE',(0,0,1));
#10602=AXIS2_PLACEMENT_3D('NONE',#2049,#10600,#10601);
#10603=PLANE('NONE',#10602);
#10604=FACE_SURFACE('NONE',(#10599),#10603,.T.);
#10605=POLY_LOOP('NONE',(#2211,#1656,#1655,#2212));
#10606=FACE_OUTER_BOUND('NONE',#10605,.T.);
#10607=DIRECTION('NONE',(-0.577223,-0.816587,0));
#10608=DIRECTION('NONE',(0,0,1));
#10609=AXIS2_PLACEMENT_3D('NONE',#2211,#10607,#10608);
#10610=PLANE('NONE',#10609);
#10611=FACE_SURFACE('NONE',(#10606),#10610,.T.);
#10612=POLY_LOOP('NONE',(#1657,#1656,#2211,#2210));
#10613=FACE_OUTER_BOUND('NONE',#10612,.T.);
#10614=DIRECTION('NONE',(-0.61782,-0.786319,0));
#10615=DIRECTION('NONE',(-0.786319,0.61782,0));
#10616=AXIS2_PLACEMENT_3D('NONE',#1657,#10614,#10615);
#10617=PLANE('NONE',#10616);
#10618=FACE_SURFACE('NONE',(#10613),#10617,.T.);
#10619=POLY_LOOP('NONE',(#2518,#2000,#2001,#2519));
#10620=FACE_OUTER_BOUND('NONE',#10619,.T.);
#10621=DIRECTION('NONE',(-1,0,0));
#10622=DIRECTION('NONE',(0,0,1));
#10623=AXIS2_PLACEMENT_3D('NONE',#2518,#10621,#10622);
#10624=PLANE('NONE',#10623);
#10625=FACE_SURFACE('NONE',(#10620),#10624,.T.);
#10626=POLY_LOOP('NONE',(#1992,#2520,#1470,#1478));
#10627=FACE_OUTER_BOUND('NONE',#10626,.T.);
#10628=DIRECTION('NONE',(0,1,0));
#10629=DIRECTION('NONE',(-1,0,0));
#10630=AXIS2_PLACEMENT_3D('NONE',#1992,#10628,#10629);
#10631=PLANE('NONE',#10630);
#10632=FACE_SURFACE('NONE',(#10627),#10631,.T.);
#10633=POLY_LOOP('NONE',(#1510,#1509,#2094,#2093));
#10634=FACE_OUTER_BOUND('NONE',#10633,.T.);
#10635=DIRECTION('NONE',(0.964126,-0.265444,0));
#10636=DIRECTION('NONE',(-0.265444,-0.964126,0));
#10637=AXIS2_PLACEMENT_3D('NONE',#1510,#10635,#10636);
#10638=PLANE('NONE',#10637);
#10639=FACE_SURFACE('NONE',(#10634),#10638,.T.);
#10640=POLY_LOOP('NONE',(#1470,#2520,#2521,#2516,#2514,#1471));
#10641=FACE_OUTER_BOUND('NONE',#10640,.T.);
#10642=DIRECTION('NONE',(-1,0,0));
#10643=DIRECTION('NONE',(0,0,-1));
#10644=AXIS2_PLACEMENT_3D('NONE',#1470,#10642,#10643);
#10645=PLANE('NONE',#10644);
#10646=FACE_SURFACE('NONE',(#10641),#10645,.T.);
#10647=POLY_LOOP('NONE',(#1477,#1476,#2522,#1991));
#10648=FACE_OUTER_BOUND('NONE',#10647,.T.);
#10649=DIRECTION('NONE',(0,-1,0));
#10650=DIRECTION('NONE',(-1,0,0));
#10651=AXIS2_PLACEMENT_3D('NONE',#1477,#10649,#10650);
#10652=PLANE('NONE',#10651);
#10653=FACE_SURFACE('NONE',(#10648),#10652,.T.);
#10654=POLY_LOOP('NONE',(#2130,#2257,#1610,#1609));
#10655=FACE_OUTER_BOUND('NONE',#10654,.T.);
#10656=DIRECTION('NONE',(0.997528,0.070263,0));
#10657=DIRECTION('NONE',(-0.070263,0.997528,0));
#10658=AXIS2_PLACEMENT_3D('NONE',#2130,#10656,#10657);
#10659=PLANE('NONE',#10658);
#10660=FACE_SURFACE('NONE',(#10655),#10659,.T.);
#10661=POLY_LOOP('NONE',(#2522,#1476,#1475,#2515,#2517,#2523));
#10662=FACE_OUTER_BOUND('NONE',#10661,.T.);
#10663=DIRECTION('NONE',(-1,0,0));
#10664=DIRECTION('NONE',(0,0,1));
#10665=AXIS2_PLACEMENT_3D('NONE',#2522,#10663,#10664);
#10666=PLANE('NONE',#10665);
#10667=FACE_SURFACE('NONE',(#10662),#10666,.T.);
#10668=POLY_LOOP('NONE',(#1834,#2266,#2265,#1835));
#10669=FACE_OUTER_BOUND('NONE',#10668,.T.);
#10670=DIRECTION('NONE',(-0.950094,-0.311965,0));
#10671=DIRECTION('NONE',(0,0,-1));
#10672=AXIS2_PLACEMENT_3D('NONE',#1834,#10670,#10671);
#10673=PLANE('NONE',#10672);
#10674=FACE_SURFACE('NONE',(#10669),#10673,.T.);
#10675=POLY_LOOP('NONE',(#2522,#2523,#2521,#2520,#1992,#1991));
#10676=FACE_OUTER_BOUND('NONE',#10675,.T.);
#10677=DIRECTION('NONE',(0,0,1));
#10678=DIRECTION('NONE',(0,-1,0));
#10679=AXIS2_PLACEMENT_3D('NONE',#2522,#10677,#10678);
#10680=PLANE('NONE',#10679);
#10681=FACE_SURFACE('NONE',(#10676),#10680,.T.);
#10682=POLY_LOOP('NONE',(#2153,#1714,#1713,#2154));
#10683=FACE_OUTER_BOUND('NONE',#10682,.T.);
#10684=DIRECTION('NONE',(0.311985,0.950087,0));
#10685=DIRECTION('NONE',(0,0,1));
#10686=AXIS2_PLACEMENT_3D('NONE',#2153,#10684,#10685);
#10687=PLANE('NONE',#10686);
#10688=FACE_SURFACE('NONE',(#10683),#10687,.T.);
#10689=POLY_LOOP('NONE',(#2518,#2519,#1993,#1996));
#10690=FACE_OUTER_BOUND('NONE',#10689,.T.);
#10691=DIRECTION('NONE',(0,0,-1));
#10692=DIRECTION('NONE',(0,1,0));
#10693=AXIS2_PLACEMENT_3D('NONE',#2518,#10691,#10692);
#10694=PLANE('NONE',#10693);
#10695=FACE_SURFACE('NONE',(#10690),#10694,.T.);
#10696=POLY_LOOP('NONE',(#2153,#2152,#1715,#1714));
#10697=FACE_OUTER_BOUND('NONE',#10696,.T.);
#10698=DIRECTION('NONE',(0.361769,0.932268,0));
#10699=DIRECTION('NONE',(-0.932268,0.361769,0));
#10700=AXIS2_PLACEMENT_3D('NONE',#2153,#10698,#10699);
#10701=PLANE('NONE',#10700);
#10702=FACE_SURFACE('NONE',(#10697),#10701,.T.);
#10703=POLY_LOOP('NONE',(#1940,#2470,#2469,#1941));
#10704=FACE_OUTER_BOUND('NONE',#10703,.T.);
#10705=DIRECTION('NONE',(0.816578,-0.577236,0));
#10706=DIRECTION('NONE',(0,0,-1));
#10707=AXIS2_PLACEMENT_3D('NONE',#1940,#10705,#10706);
#10708=PLANE('NONE',#10707);
#10709=FACE_SURFACE('NONE',(#10704),#10708,.T.);
#10710=POLY_LOOP('NONE',(#1996,#1995,#2000,#2518));
#10711=FACE_OUTER_BOUND('NONE',#10710,.T.);
#10712=DIRECTION('NONE',(0,-1,0));
#10713=DIRECTION('NONE',(0,0,1));
#10714=AXIS2_PLACEMENT_3D('NONE',#1996,#10712,#10713);
#10715=PLANE('NONE',#10714);
#10716=FACE_SURFACE('NONE',(#10711),#10715,.T.);
#10717=POLY_LOOP('NONE',(#1951,#2459,#2458,#1952));
#10718=FACE_OUTER_BOUND('NONE',#10717,.T.);
#10719=DIRECTION('NONE',(0.407441,-0.913232,0));
#10720=DIRECTION('NONE',(0,0,-1));
#10721=AXIS2_PLACEMENT_3D('NONE',#1951,#10719,#10720);
#10722=PLANE('NONE',#10721);
#10723=FACE_SURFACE('NONE',(#10718),#10722,.T.);
#10724=POLY_LOOP('NONE',(#2271,#1829,#1828,#2272));
#10725=FACE_OUTER_BOUND('NONE',#10724,.T.);
#10726=DIRECTION('NONE',(-0.816573,-0.577242,0));
#10727=DIRECTION('NONE',(0,0,1));
#10728=AXIS2_PLACEMENT_3D('NONE',#2271,#10726,#10727);
#10729=PLANE('NONE',#10728);
#10730=FACE_SURFACE('NONE',(#10725),#10729,.T.);
#10731=POLY_LOOP('NONE',(#1829,#2271,#2270,#1830));
#10732=FACE_OUTER_BOUND('NONE',#10731,.T.);
#10733=DIRECTION('NONE',(-0.844832,-0.535031,0));
#10734=DIRECTION('NONE',(0,0,-1));
#10735=AXIS2_PLACEMENT_3D('NONE',#1829,#10733,#10734);
#10736=PLANE('NONE',#10735);
#10737=FACE_SURFACE('NONE',(#10732),#10736,.T.);
#10738=POLY_LOOP('NONE',(#1531,#1530,#2073,#2072));
#10739=FACE_OUTER_BOUND('NONE',#10738,.T.);
#10740=DIRECTION('NONE',(0.265493,-0.964113,0));
#10741=DIRECTION('NONE',(-0.964113,-0.265493,0));
#10742=AXIS2_PLACEMENT_3D('NONE',#1531,#10740,#10741);
#10743=PLANE('NONE',#10742);
#10744=FACE_SURFACE('NONE',(#10739),#10743,.T.);
#10745=POLY_LOOP('NONE',(#1830,#2270,#2269,#1831));
#10746=FACE_OUTER_BOUND('NONE',#10745,.T.);
#10747=DIRECTION('NONE',(-0.870826,-0.491591,0));
#10748=DIRECTION('NONE',(0,0,-1));
#10749=AXIS2_PLACEMENT_3D('NONE',#1830,#10747,#10748);
#10750=PLANE('NONE',#10749);
#10751=FACE_SURFACE('NONE',(#10746),#10750,.T.);
#10752=POLY_LOOP('NONE',(#2072,#2071,#1532,#1531));
#10753=FACE_OUTER_BOUND('NONE',#10752,.T.);
#10754=DIRECTION('NONE',(0.22281,-0.974862,0));
#10755=DIRECTION('NONE',(0.974862,0.22281,0));
#10756=AXIS2_PLACEMENT_3D('NONE',#2072,#10754,#10755);
#10757=PLANE('NONE',#10756);
#10758=FACE_SURFACE('NONE',(#10753),#10757,.T.);
#10759=POLY_LOOP('NONE',(#2519,#2001,#1994,#1993));
#10760=FACE_OUTER_BOUND('NONE',#10759,.T.);
#10761=DIRECTION('NONE',(0,1,0));
#10762=DIRECTION('NONE',(0,0,1));
#10763=AXIS2_PLACEMENT_3D('NONE',#2519,#10761,#10762);
#10764=PLANE('NONE',#10763);
#10765=FACE_SURFACE('NONE',(#10760),#10764,.T.);
#10766=POLY_LOOP('NONE',(#2070,#1533,#1532,#2071));
#10767=FACE_OUTER_BOUND('NONE',#10766,.T.);
#10768=DIRECTION('NONE',(0.168979,-0.98562,0));
#10769=DIRECTION('NONE',(0,0,1));
#10770=AXIS2_PLACEMENT_3D('NONE',#2070,#10768,#10769);
#10771=PLANE('NONE',#10770);
#10772=FACE_SURFACE('NONE',(#10767),#10771,.T.);
#10773=POLY_LOOP('NONE',(#2523,#2517,#2516,#2521));
#10774=FACE_OUTER_BOUND('NONE',#10773,.T.);
#10775=DIRECTION('NONE',(0,-1,0));
#10776=DIRECTION('NONE',(0,0,-1));
#10777=AXIS2_PLACEMENT_3D('NONE',#2523,#10775,#10776);
#10778=PLANE('NONE',#10777);
#10779=FACE_SURFACE('NONE',(#10774),#10778,.T.);
#10780=POLY_LOOP('NONE',(#2070,#2069,#1534,#1533));
#10781=FACE_OUTER_BOUND('NONE',#10780,.T.);
#10782=DIRECTION('NONE',(0.12574,-0.992063,0));
#10783=DIRECTION('NONE',(0.992063,0.12574,0));
#10784=AXIS2_PLACEMENT_3D('NONE',#2070,#10782,#10783);
#10785=PLANE('NONE',#10784);
#10786=FACE_SURFACE('NONE',(#10781),#10785,.T.);
#10787=POLY_LOOP('NONE',(#2069,#2068,#1535,#1534));
#10788=FACE_OUTER_BOUND('NONE',#10787,.T.);
#10789=DIRECTION('NONE',(0.070264,-0.997528,0));
#10790=DIRECTION('NONE',(0.997528,0.070264,0));
#10791=AXIS2_PLACEMENT_3D('NONE',#2069,#10789,#10790);
#10792=PLANE('NONE',#10791);
#10793=FACE_SURFACE('NONE',(#10788),#10792,.T.);
#10794=POLY_LOOP('NONE',(#1728,#1727,#2140,#2139));
#10795=FACE_OUTER_BOUND('NONE',#10794,.T.);
#10796=DIRECTION('NONE',(0.844832,0.535031,0));
#10797=DIRECTION('NONE',(0.535031,-0.844832,0));
#10798=AXIS2_PLACEMENT_3D('NONE',#1728,#10796,#10797);
#10799=PLANE('NONE',#10798);
#10800=FACE_SURFACE('NONE',(#10795),#10799,.T.);
#10801=POLY_LOOP('NONE',(#1728,#2139,#2138,#1729));
#10802=FACE_OUTER_BOUND('NONE',#10801,.T.);
#10803=DIRECTION('NONE',(0.870823,0.491597,0));
#10804=DIRECTION('NONE',(0,0,-1));
#10805=AXIS2_PLACEMENT_3D('NONE',#1728,#10803,#10804);
#10806=PLANE('NONE',#10805);
#10807=FACE_SURFACE('NONE',(#10802),#10806,.T.);
#10808=POLY_LOOP('NONE',(#2278,#1822,#1821,#2279));
#10809=FACE_OUTER_BOUND('NONE',#10808,.T.);
#10810=DIRECTION('NONE',(-0.577248,-0.816569,0));
#10811=DIRECTION('NONE',(0,0,1));
#10812=AXIS2_PLACEMENT_3D('NONE',#2278,#10810,#10811);
#10813=PLANE('NONE',#10812);
#10814=FACE_SURFACE('NONE',(#10809),#10813,.T.);
#10815=POLY_LOOP('NONE',(#2065,#1538,#1537,#2066));
#10816=FACE_OUTER_BOUND('NONE',#10815,.T.);
#10817=DIRECTION('NONE',(-0.070264,-0.997528,0));
#10818=DIRECTION('NONE',(0,0,1));
#10819=AXIS2_PLACEMENT_3D('NONE',#2065,#10817,#10818);
#10820=PLANE('NONE',#10819);
#10821=FACE_SURFACE('NONE',(#10816),#10820,.T.);
#10822=POLY_LOOP('NONE',(#1822,#2278,#2277,#1823));
#10823=FACE_OUTER_BOUND('NONE',#10822,.T.);
#10824=DIRECTION('NONE',(-0.61782,-0.786319,0));
#10825=DIRECTION('NONE',(0,0,-1));
#10826=AXIS2_PLACEMENT_3D('NONE',#1822,#10824,#10825);
#10827=PLANE('NONE',#10826);
#10828=FACE_SURFACE('NONE',(#10823),#10827,.T.);
#10829=POLY_LOOP('NONE',(#2064,#1539,#1538,#2065));
#10830=FACE_OUTER_BOUND('NONE',#10829,.T.);
#10831=DIRECTION('NONE',(-0.12574,-0.992063,0));
#10832=DIRECTION('NONE',(0,0,1));
#10833=AXIS2_PLACEMENT_3D('NONE',#2064,#10831,#10832);
#10834=PLANE('NONE',#10833);
#10835=FACE_SURFACE('NONE',(#10830),#10834,.T.);
#10836=POLY_LOOP('NONE',(#1824,#1823,#2277,#2276));
#10837=FACE_OUTER_BOUND('NONE',#10836,.T.);
#10838=DIRECTION('NONE',(-0.656518,-0.75431,0));
#10839=DIRECTION('NONE',(-0.75431,0.656518,0));
#10840=AXIS2_PLACEMENT_3D('NONE',#1824,#10838,#10839);
#10841=PLANE('NONE',#10840);
#10842=FACE_SURFACE('NONE',(#10837),#10841,.T.);
#10843=POLY_LOOP('NONE',(#1733,#1732,#2135,#2134));
#10844=FACE_OUTER_BOUND('NONE',#10843,.T.);
#10845=DIRECTION('NONE',(0.950095,0.311961,0));
#10846=DIRECTION('NONE',(0.311961,-0.950095,0));
#10847=AXIS2_PLACEMENT_3D('NONE',#1733,#10845,#10846);
#10848=PLANE('NONE',#10847);
#10849=FACE_SURFACE('NONE',(#10844),#10848,.T.);
#10850=POLY_LOOP('NONE',(#2132,#1607,#1734,#2133));
#10851=FACE_OUTER_BOUND('NONE',#10850,.T.);
#10852=DIRECTION('NONE',(0.974862,0.222807,0));
#10853=DIRECTION('NONE',(0,0,1));
#10854=AXIS2_PLACEMENT_3D('NONE',#2132,#10852,#10853);
#10855=PLANE('NONE',#10854);
#10856=FACE_SURFACE('NONE',(#10851),#10855,.T.);
#10857=POLY_LOOP('NONE',(#2084,#1519,#1518,#2085));
#10858=FACE_OUTER_BOUND('NONE',#10857,.T.);
#10859=DIRECTION('NONE',(0.75433,-0.656495,0));
#10860=DIRECTION('NONE',(0,0,1));
#10861=AXIS2_PLACEMENT_3D('NONE',#2084,#10859,#10860);
#10862=PLANE('NONE',#10861);
#10863=FACE_SURFACE('NONE',(#10858),#10862,.T.);
#10864=POLY_LOOP('NONE',(#2111,#2110,#1493,#1492));
#10865=FACE_OUTER_BOUND('NONE',#10864,.T.);
#10866=DIRECTION('NONE',(0.844836,0.535025,0));
#10867=DIRECTION('NONE',(-0.535025,0.844836,0));
#10868=AXIS2_PLACEMENT_3D('NONE',#2111,#10866,#10867);
#10869=PLANE('NONE',#10868);
#10870=FACE_SURFACE('NONE',(#10865),#10869,.T.);
#10871=POLY_LOOP('NONE',(#2155,#2154,#1713,#1712));
#10872=FACE_OUTER_BOUND('NONE',#10871,.T.);
#10873=DIRECTION('NONE',(0.265481,0.964116,0));
#10874=DIRECTION('NONE',(-0.964116,0.265481,0));
#10875=AXIS2_PLACEMENT_3D('NONE',#2155,#10873,#10874);
#10876=PLANE('NONE',#10875);
#10877=FACE_SURFACE('NONE',(#10872),#10876,.T.);
#10878=POLY_LOOP('NONE',(#2116,#2115,#1488,#1487));
#10879=FACE_OUTER_BOUND('NONE',#10878,.T.);
#10880=DIRECTION('NONE',(0.685813,0.727778,0));
#10881=DIRECTION('NONE',(-0.727778,0.685813,0));
#10882=AXIS2_PLACEMENT_3D('NONE',#2116,#10880,#10881);
#10883=PLANE('NONE',#10882);
#10884=FACE_SURFACE('NONE',(#10879),#10883,.T.);
#10885=POLY_LOOP('NONE',(#2114,#1489,#1488,#2115));
#10886=FACE_OUTER_BOUND('NONE',#10885,.T.);
#10887=DIRECTION('NONE',(0.727764,0.685828,0));
#10888=DIRECTION('NONE',(0,0,1));
#10889=AXIS2_PLACEMENT_3D('NONE',#2114,#10887,#10888);
#10890=PLANE('NONE',#10889);
#10891=FACE_SURFACE('NONE',(#10886),#10890,.T.);
#10892=POLY_LOOP('NONE',(#2282,#1818,#1817,#2283));
#10893=FACE_OUTER_BOUND('NONE',#10892,.T.);
#10894=DIRECTION('NONE',(-0.407452,-0.913227,0));
#10895=DIRECTION('NONE',(0,0,1));
#10896=AXIS2_PLACEMENT_3D('NONE',#2282,#10894,#10895);
#10897=PLANE('NONE',#10896);
#10898=FACE_SURFACE('NONE',(#10893),#10897,.T.);
#10899=POLY_LOOP('NONE',(#2109,#1494,#1493,#2110));
#10900=FACE_OUTER_BOUND('NONE',#10899,.T.);
#10901=DIRECTION('NONE',(0.870826,0.491591,0));
#10902=DIRECTION('NONE',(0,0,1));
#10903=AXIS2_PLACEMENT_3D('NONE',#2109,#10901,#10902);
#10904=PLANE('NONE',#10903);
#10905=FACE_SURFACE('NONE',(#10900),#10904,.T.);
#10906=POLY_LOOP('NONE',(#2109,#2108,#1495,#1494));
#10907=FACE_OUTER_BOUND('NONE',#10906,.T.);
#10908=DIRECTION('NONE',(0.894417,0.447235,0));
#10909=DIRECTION('NONE',(-0.447235,0.894417,0));
#10910=AXIS2_PLACEMENT_3D('NONE',#2109,#10908,#10909);
#10911=PLANE('NONE',#10910);
#10912=FACE_SURFACE('NONE',(#10907),#10911,.T.);
#10913=POLY_LOOP('NONE',(#2282,#2281,#1819,#1818));
#10914=FACE_OUTER_BOUND('NONE',#10913,.T.);
#10915=DIRECTION('NONE',(-0.447214,-0.894427,0));
#10916=DIRECTION('NONE',(0.894427,-0.447214,0));
#10917=AXIS2_PLACEMENT_3D('NONE',#2282,#10915,#10916);
#10918=PLANE('NONE',#10917);
#10919=FACE_SURFACE('NONE',(#10914),#10918,.T.);
#10920=POLY_LOOP('NONE',(#1942,#1941,#2469,#2468));
#10921=FACE_OUTER_BOUND('NONE',#10920,.T.);
#10922=DIRECTION('NONE',(0.786326,-0.617812,0));
#10923=DIRECTION('NONE',(-0.617812,-0.786326,0));
#10924=AXIS2_PLACEMENT_3D('NONE',#1942,#10922,#10923);
#10925=PLANE('NONE',#10924);
#10926=FACE_SURFACE('NONE',(#10921),#10925,.T.);
#10927=POLY_LOOP('NONE',(#1703,#1702,#2165,#2164));
#10928=FACE_OUTER_BOUND('NONE',#10927,.T.);
#10929=DIRECTION('NONE',(-0.222823,0.974859,0));
#10930=DIRECTION('NONE',(0.974859,0.222823,0));
#10931=AXIS2_PLACEMENT_3D('NONE',#1703,#10929,#10930);
#10932=PLANE('NONE',#10931);
#10933=FACE_SURFACE('NONE',(#10928),#10932,.T.);
#10934=POLY_LOOP('NONE',(#2293,#1807,#1806,#2294));
#10935=FACE_OUTER_BOUND('NONE',#10934,.T.);
#10936=DIRECTION('NONE',(0.125753,-0.992062,0));
#10937=DIRECTION('NONE',(0,0,1));
#10938=AXIS2_PLACEMENT_3D('NONE',#2293,#10936,#10937);
#10939=PLANE('NONE',#10938);
#10940=FACE_SURFACE('NONE',(#10935),#10939,.T.);
#10941=POLY_LOOP('NONE',(#1485,#2118,#2117,#1486));
#10942=FACE_OUTER_BOUND('NONE',#10941,.T.);
#10943=DIRECTION('NONE',(0.617812,0.786326,0));
#10944=DIRECTION('NONE',(0,0,-1));
#10945=AXIS2_PLACEMENT_3D('NONE',#1485,#10943,#10944);
#10946=PLANE('NONE',#10945);
#10947=FACE_SURFACE('NONE',(#10942),#10946,.T.);
#10948=POLY_LOOP('NONE',(#1704,#1703,#2164,#2163));
#10949=FACE_OUTER_BOUND('NONE',#10948,.T.);
#10950=DIRECTION('NONE',(-0.168966,0.985622,0));
#10951=DIRECTION('NONE',(0.985622,0.168966,0));
#10952=AXIS2_PLACEMENT_3D('NONE',#1704,#10950,#10951);
#10953=PLANE('NONE',#10952);
#10954=FACE_SURFACE('NONE',(#10949),#10953,.T.);
#10955=POLY_LOOP('NONE',(#1808,#1807,#2293,#2292));
#10956=FACE_OUTER_BOUND('NONE',#10955,.T.);
#10957=DIRECTION('NONE',(0.070247,-0.99753,0));
#10958=DIRECTION('NONE',(-0.99753,-0.070247,0));
#10959=AXIS2_PLACEMENT_3D('NONE',#1808,#10957,#10958);
#10960=PLANE('NONE',#10959);
#10961=FACE_SURFACE('NONE',(#10956),#10960,.T.);
#10962=POLY_LOOP('NONE',(#2117,#2116,#1487,#1486));
#10963=FACE_OUTER_BOUND('NONE',#10962,.T.);
#10964=DIRECTION('NONE',(0.656526,0.754304,0));
#10965=DIRECTION('NONE',(-0.754304,0.656526,0));
#10966=AXIS2_PLACEMENT_3D('NONE',#2117,#10964,#10965);
#10967=PLANE('NONE',#10966);
#10968=FACE_SURFACE('NONE',(#10963),#10967,.T.);
#10969=POLY_LOOP('NONE',(#2291,#1809,#1808,#2292));
#10970=FACE_OUTER_BOUND('NONE',#10969,.T.);
#10971=DIRECTION('NONE',(0.014076,-0.999901,0));
#10972=DIRECTION('NONE',(0,0,1));
#10973=AXIS2_PLACEMENT_3D('NONE',#2291,#10971,#10972);
#10974=PLANE('NONE',#10973);
#10975=FACE_SURFACE('NONE',(#10970),#10974,.T.);
#10976=POLY_LOOP('NONE',(#1584,#2019,#2018,#1585));
#10977=FACE_OUTER_BOUND('NONE',#10976,.T.);
#10978=DIRECTION('NONE',(-0.685813,0.727778,0));
#10979=DIRECTION('NONE',(0,0,-1));
#10980=AXIS2_PLACEMENT_3D('NONE',#1584,#10978,#10979);
#10981=PLANE('NONE',#10980);
#10982=FACE_SURFACE('NONE',(#10977),#10981,.T.);
#10983=POLY_LOOP('NONE',(#2464,#2463,#1947,#1946));
#10984=FACE_OUTER_BOUND('NONE',#10983,.T.);
#10985=DIRECTION('NONE',(0.617829,-0.786313,0));
#10986=DIRECTION('NONE',(0.786313,0.617829,0));
#10987=AXIS2_PLACEMENT_3D('NONE',#2464,#10985,#10986);
#10988=PLANE('NONE',#10987);
#10989=FACE_SURFACE('NONE',(#10984),#10988,.T.);
#10990=POLY_LOOP('NONE',(#1491,#2112,#2111,#1492));
#10991=FACE_OUTER_BOUND('NONE',#10990,.T.);
#10992=DIRECTION('NONE',(0.816569,0.577248,0));
#10993=DIRECTION('NONE',(0,0,-1));
#10994=AXIS2_PLACEMENT_3D('NONE',#1491,#10992,#10993);
#10995=PLANE('NONE',#10994);
#10996=FACE_SURFACE('NONE',(#10991),#10995,.T.);
#10997=POLY_LOOP('NONE',(#2463,#2462,#1948,#1947));
#10998=FACE_OUTER_BOUND('NONE',#10997,.T.);
#10999=DIRECTION('NONE',(0.577223,-0.816587,0));
#11000=DIRECTION('NONE',(0.816587,0.577223,0));
#11001=AXIS2_PLACEMENT_3D('NONE',#2463,#10999,#11000);
#11002=PLANE('NONE',#11001);
#11003=FACE_SURFACE('NONE',(#10998),#11002,.T.);
#11004=POLY_LOOP('NONE',(#2158,#2157,#1710,#1709));
#11005=FACE_OUTER_BOUND('NONE',#11004,.T.);
#11006=DIRECTION('NONE',(0.125753,0.992062,0));
#11007=DIRECTION('NONE',(-0.992062,0.125753,0));
#11008=AXIS2_PLACEMENT_3D('NONE',#2158,#11006,#11007);
#11009=PLANE('NONE',#11008);
#11010=FACE_SURFACE('NONE',(#11005),#11009,.T.);
#11011=POLY_LOOP('NONE',(#1710,#2157,#2156,#1711));
#11012=FACE_OUTER_BOUND('NONE',#11011,.T.);
#11013=DIRECTION('NONE',(0.168957,0.985623,0));
#11014=DIRECTION('NONE',(0,0,-1));
#11015=AXIS2_PLACEMENT_3D('NONE',#1710,#11013,#11014);
#11016=PLANE('NONE',#11015);
#11017=FACE_SURFACE('NONE',(#11012),#11016,.T.);
#11018=POLY_LOOP('NONE',(#2155,#1712,#1711,#2156));
#11019=FACE_OUTER_BOUND('NONE',#11018,.T.);
#11020=DIRECTION('NONE',(0.222823,0.974859,0));
#11021=DIRECTION('NONE',(0,0,1));
#11022=AXIS2_PLACEMENT_3D('NONE',#2155,#11020,#11021);
#11023=PLANE('NONE',#11022);
#11024=FACE_SURFACE('NONE',(#11019),#11023,.T.);
#11025=POLY_LOOP('NONE',(#1479,#2124,#2123,#1480));
#11026=FACE_OUTER_BOUND('NONE',#11025,.T.);
#11027=DIRECTION('NONE',(0.361757,0.932272,0));
#11028=DIRECTION('NONE',(0,0,-1));
#11029=AXIS2_PLACEMENT_3D('NONE',#1479,#11027,#11028);
#11030=PLANE('NONE',#11029);
#11031=FACE_SURFACE('NONE',(#11026),#11030,.T.);
#11032=POLY_LOOP('NONE',(#2022,#1581,#1580,#2023));
#11033=FACE_OUTER_BOUND('NONE',#11032,.T.);
#11034=DIRECTION('NONE',(-0.816569,0.577248,0));
#11035=DIRECTION('NONE',(0,0,1));
#11036=AXIS2_PLACEMENT_3D('NONE',#2022,#11034,#11035);
#11037=PLANE('NONE',#11036);
#11038=FACE_SURFACE('NONE',(#11033),#11037,.T.);
#11039=POLY_LOOP('NONE',(#1481,#1480,#2123,#2122));
#11040=FACE_OUTER_BOUND('NONE',#11039,.T.);
#11041=DIRECTION('NONE',(0.407463,0.913222,0));
#11042=DIRECTION('NONE',(0.913222,-0.407463,0));
#11043=AXIS2_PLACEMENT_3D('NONE',#1481,#11041,#11042);
#11044=PLANE('NONE',#11043);
#11045=FACE_SURFACE('NONE',(#11040),#11044,.T.);
#11046=POLY_LOOP('NONE',(#1482,#1481,#2122,#2121));
#11047=FACE_OUTER_BOUND('NONE',#11046,.T.);
#11048=DIRECTION('NONE',(0.447214,0.894427,0));
#11049=DIRECTION('NONE',(0.894427,-0.447214,0));
#11050=AXIS2_PLACEMENT_3D('NONE',#1482,#11048,#11049);
#11051=PLANE('NONE',#11050);
#11052=FACE_SURFACE('NONE',(#11047),#11051,.T.);
#11053=POLY_LOOP('NONE',(#2120,#1483,#1482,#2121));
#11054=FACE_OUTER_BOUND('NONE',#11053,.T.);
#11055=DIRECTION('NONE',(0.491591,0.870826,0));
#11056=DIRECTION('NONE',(0,0,1));
#11057=AXIS2_PLACEMENT_3D('NONE',#2120,#11055,#11056);
#11058=PLANE('NONE',#11057);
#11059=FACE_SURFACE('NONE',(#11054),#11058,.T.);
#11060=POLY_LOOP('NONE',(#2118,#1485,#1484,#2119));
#11061=FACE_OUTER_BOUND('NONE',#11060,.T.);
#11062=DIRECTION('NONE',(0.577248,0.816569,0));
#11063=DIRECTION('NONE',(0,0,1));
#11064=AXIS2_PLACEMENT_3D('NONE',#2118,#11062,#11063);
#11065=PLANE('NONE',#11064);
#11066=FACE_SURFACE('NONE',(#11061),#11065,.T.);
#11067=POLY_LOOP('NONE',(#2163,#2162,#1705,#1704));
#11068=FACE_OUTER_BOUND('NONE',#11067,.T.);
#11069=DIRECTION('NONE',(-0.125753,0.992062,0));
#11070=DIRECTION('NONE',(-0.992062,-0.125753,0));
#11071=AXIS2_PLACEMENT_3D('NONE',#2163,#11069,#11070);
#11072=PLANE('NONE',#11071);
#11073=FACE_SURFACE('NONE',(#11068),#11072,.T.);
#11074=POLY_LOOP('NONE',(#1827,#1826,#2274,#2273));
#11075=FACE_OUTER_BOUND('NONE',#11074,.T.);
#11076=DIRECTION('NONE',(-0.754298,-0.656532,0));
#11077=DIRECTION('NONE',(-0.656532,0.754298,0));
#11078=AXIS2_PLACEMENT_3D('NONE',#1827,#11076,#11077);
#11079=PLANE('NONE',#11078);
#11080=FACE_SURFACE('NONE',(#11075),#11079,.T.);
#11081=POLY_LOOP('NONE',(#1599,#2004,#2003,#1600));
#11082=FACE_OUTER_BOUND('NONE',#11081,.T.);
#11083=DIRECTION('NONE',(-0.014075,0.999901,0));
#11084=DIRECTION('NONE',(0,0,-1));
#11085=AXIS2_PLACEMENT_3D('NONE',#1599,#11083,#11084);
#11086=PLANE('NONE',#11085);
#11087=FACE_SURFACE('NONE',(#11082),#11086,.T.);
#11088=POLY_LOOP('NONE',(#1716,#2151,#2150,#1717));
#11089=FACE_OUTER_BOUND('NONE',#11088,.T.);
#11090=DIRECTION('NONE',(0.447214,0.894427,0));
#11091=DIRECTION('NONE',(0,0,-1));
#11092=AXIS2_PLACEMENT_3D('NONE',#1716,#11090,#11091);
#11093=PLANE('NONE',#11092);
#11094=FACE_SURFACE('NONE',(#11089),#11093,.T.);
#11095=POLY_LOOP('NONE',(#2011,#1592,#1591,#2012));
#11096=FACE_OUTER_BOUND('NONE',#11095,.T.);
#11097=DIRECTION('NONE',(-0.407443,0.91323,0));
#11098=DIRECTION('NONE',(0,0,1));
#11099=AXIS2_PLACEMENT_3D('NONE',#2011,#11097,#11098);
#11100=PLANE('NONE',#11099);
#11101=FACE_SURFACE('NONE',(#11096),#11100,.T.);
#11102=POLY_LOOP('NONE',(#1718,#1717,#2150,#2149));
#11103=FACE_OUTER_BOUND('NONE',#11102,.T.);
#11104=DIRECTION('NONE',(0.491591,0.870826,0));
#11105=DIRECTION('NONE',(0.870826,-0.491591,0));
#11106=AXIS2_PLACEMENT_3D('NONE',#1718,#11104,#11105);
#11107=PLANE('NONE',#11106);
#11108=FACE_SURFACE('NONE',(#11103),#11107,.T.);
#11109=POLY_LOOP('NONE',(#1596,#2007,#2006,#1597));
#11110=FACE_OUTER_BOUND('NONE',#11109,.T.);
#11111=DIRECTION('NONE',(-0.168953,0.985624,0));
#11112=DIRECTION('NONE',(0,0,-1));
#11113=AXIS2_PLACEMENT_3D('NONE',#1596,#11111,#11112);
#11114=PLANE('NONE',#11113);
#11115=FACE_SURFACE('NONE',(#11110),#11114,.T.);
#11116=POLY_LOOP('NONE',(#1598,#1597,#2006,#2005));
#11117=FACE_OUTER_BOUND('NONE',#11116,.T.);
#11118=DIRECTION('NONE',(-0.125766,0.99206,0));
#11119=DIRECTION('NONE',(0.99206,0.125766,0));
#11120=AXIS2_PLACEMENT_3D('NONE',#1598,#11118,#11119);
#11121=PLANE('NONE',#11120);
#11122=FACE_SURFACE('NONE',(#11117),#11121,.T.);
#11123=POLY_LOOP('NONE',(#1722,#2145,#2144,#1723));
#11124=FACE_OUTER_BOUND('NONE',#11123,.T.);
#11125=DIRECTION('NONE',(0.685786,0.727803,0));
#11126=DIRECTION('NONE',(0,0,-1));
#11127=AXIS2_PLACEMENT_3D('NONE',#1722,#11125,#11126);
#11128=PLANE('NONE',#11127);
#11129=FACE_SURFACE('NONE',(#11124),#11128,.T.);
#11130=POLY_LOOP('NONE',(#1835,#2265,#2264,#1836));
#11131=FACE_OUTER_BOUND('NONE',#11130,.T.);
#11132=DIRECTION('NONE',(-0.964113,-0.265493,0));
#11133=DIRECTION('NONE',(0,0,-1));
#11134=AXIS2_PLACEMENT_3D('NONE',#1835,#11132,#11133);
#11135=PLANE('NONE',#11134);
#11136=FACE_SURFACE('NONE',(#11131),#11135,.T.);
#11137=POLY_LOOP('NONE',(#2004,#1599,#1598,#2005));
#11138=FACE_OUTER_BOUND('NONE',#11137,.T.);
#11139=DIRECTION('NONE',(-0.070238,0.99753,0));
#11140=DIRECTION('NONE',(0,0,1));
#11141=AXIS2_PLACEMENT_3D('NONE',#2004,#11139,#11140);
#11142=PLANE('NONE',#11141);
#11143=FACE_SURFACE('NONE',(#11138),#11142,.T.);
#11144=POLY_LOOP('NONE',(#2264,#2263,#1837,#1836));
#11145=FACE_OUTER_BOUND('NONE',#11144,.T.);
#11146=DIRECTION('NONE',(-0.974862,-0.22281,0));
#11147=DIRECTION('NONE',(0.22281,-0.974862,0));
#11148=AXIS2_PLACEMENT_3D('NONE',#2264,#11146,#11147);
#11149=PLANE('NONE',#11148);
#11150=FACE_SURFACE('NONE',(#11145),#11149,.T.);
#11151=POLY_LOOP('NONE',(#1837,#2263,#2262,#1838));
#11152=FACE_OUTER_BOUND('NONE',#11151,.T.);
#11153=DIRECTION('NONE',(-0.98562,-0.168976,0));
#11154=DIRECTION('NONE',(0,0,-1));
#11155=AXIS2_PLACEMENT_3D('NONE',#1837,#11153,#11154);
#11156=PLANE('NONE',#11155);
#11157=FACE_SURFACE('NONE',(#11152),#11156,.T.);
#11158=POLY_LOOP('NONE',(#1839,#1838,#2262,#2261));
#11159=FACE_OUTER_BOUND('NONE',#11158,.T.);
#11160=DIRECTION('NONE',(-0.992063,-0.12574,0));
#11161=DIRECTION('NONE',(-0.12574,0.992063,0));
#11162=AXIS2_PLACEMENT_3D('NONE',#1839,#11160,#11161);
#11163=PLANE('NONE',#11162);
#11164=FACE_SURFACE('NONE',(#11159),#11163,.T.);
#11165=POLY_LOOP('NONE',(#2128,#1603,#1602,#2129));
#11166=FACE_OUTER_BOUND('NONE',#11165,.T.);
#11167=DIRECTION('NONE',(0.125766,0.99206,0));
#11168=DIRECTION('NONE',(0,0,1));
#11169=AXIS2_PLACEMENT_3D('NONE',#2128,#11167,#11168);
#11170=PLANE('NONE',#11169);
#11171=FACE_SURFACE('NONE',(#11166),#11170,.T.);
#11172=POLY_LOOP('NONE',(#2142,#2141,#1726,#1725));
#11173=FACE_OUTER_BOUND('NONE',#11172,.T.);
#11174=DIRECTION('NONE',(0.786331,0.617806,0));
#11175=DIRECTION('NONE',(-0.617806,0.786331,0));
#11176=AXIS2_PLACEMENT_3D('NONE',#2142,#11174,#11175);
#11177=PLANE('NONE',#11176);
#11178=FACE_SURFACE('NONE',(#11173),#11177,.T.);
#11179=POLY_LOOP('NONE',(#1726,#2141,#2140,#1727));
#11180=FACE_OUTER_BOUND('NONE',#11179,.T.);
#11181=DIRECTION('NONE',(0.816573,0.577242,0));
#11182=DIRECTION('NONE',(0,0,-1));
#11183=AXIS2_PLACEMENT_3D('NONE',#1726,#11181,#11182);
#11184=PLANE('NONE',#11183);
#11185=FACE_SURFACE('NONE',(#11180),#11184,.T.);
#11186=POLY_LOOP('NONE',(#2137,#1730,#1729,#2138));
#11187=FACE_OUTER_BOUND('NONE',#11186,.T.);
#11188=DIRECTION('NONE',(0.894419,0.44723,0));
#11189=DIRECTION('NONE',(0,0,1));
#11190=AXIS2_PLACEMENT_3D('NONE',#2137,#11188,#11189);
#11191=PLANE('NONE',#11190);
#11192=FACE_SURFACE('NONE',(#11187),#11191,.T.);
#11193=POLY_LOOP('NONE',(#1594,#1593,#2010,#2009));
#11194=FACE_OUTER_BOUND('NONE',#11193,.T.);
#11195=DIRECTION('NONE',(-0.311981,0.950088,0));
#11196=DIRECTION('NONE',(0.950088,0.311981,0));
#11197=AXIS2_PLACEMENT_3D('NONE',#1594,#11195,#11196);
#11198=PLANE('NONE',#11197);
#11199=FACE_SURFACE('NONE',(#11194),#11198,.T.);
#11200=POLY_LOOP('NONE',(#2008,#1595,#1594,#2009));
#11201=FACE_OUTER_BOUND('NONE',#11200,.T.);
#11202=DIRECTION('NONE',(-0.265469,0.964119,0));
#11203=DIRECTION('NONE',(0,0,1));
#11204=AXIS2_PLACEMENT_3D('NONE',#2008,#11202,#11203);
#11205=PLANE('NONE',#11204);
#11206=FACE_SURFACE('NONE',(#11201),#11205,.T.);
#11207=POLY_LOOP('NONE',(#1595,#2008,#2007,#1596));
#11208=FACE_OUTER_BOUND('NONE',#11207,.T.);
#11209=DIRECTION('NONE',(-0.222836,0.974856,0));
#11210=DIRECTION('NONE',(0,0,-1));
#11211=AXIS2_PLACEMENT_3D('NONE',#1595,#11209,#11210);
#11212=PLANE('NONE',#11211);
#11213=FACE_SURFACE('NONE',(#11208),#11212,.T.);
#11214=POLY_LOOP('NONE',(#1733,#2134,#2133,#1734));
#11215=FACE_OUTER_BOUND('NONE',#11214,.T.);
#11216=DIRECTION('NONE',(0.964112,0.265497,0));
#11217=DIRECTION('NONE',(0,0,-1));
#11218=AXIS2_PLACEMENT_3D('NONE',#1733,#11216,#11217);
#11219=PLANE('NONE',#11218);
#11220=FACE_SURFACE('NONE',(#11215),#11219,.T.);
#11221=POLY_LOOP('NONE',(#1698,#1697,#2170,#2169));
#11222=FACE_OUTER_BOUND('NONE',#11221,.T.);
#11223=DIRECTION('NONE',(-0.447214,0.894427,0));
#11224=DIRECTION('NONE',(0.894427,0.447214,0));
#11225=AXIS2_PLACEMENT_3D('NONE',#1698,#11223,#11224);
#11226=PLANE('NONE',#11225);
#11227=FACE_SURFACE('NONE',(#11222),#11226,.T.);
#11228=POLY_LOOP('NONE',(#1707,#2160,#2159,#1708));
#11229=FACE_OUTER_BOUND('NONE',#11228,.T.);
#11230=DIRECTION('NONE',(0.028156,0.999604,0));
#11231=DIRECTION('NONE',(0,0,-1));
#11232=AXIS2_PLACEMENT_3D('NONE',#1707,#11230,#11231);
#11233=PLANE('NONE',#11232);
#11234=FACE_SURFACE('NONE',(#11229),#11233,.T.);
#11235=POLY_LOOP('NONE',(#1709,#1708,#2159,#2158));
#11236=FACE_OUTER_BOUND('NONE',#11235,.T.);
#11237=DIRECTION('NONE',(0.070251,0.997529,0));
#11238=DIRECTION('NONE',(0.997529,-0.070251,0));
#11239=AXIS2_PLACEMENT_3D('NONE',#1709,#11237,#11238);
#11240=PLANE('NONE',#11239);
#11241=FACE_SURFACE('NONE',(#11236),#11240,.T.);
#11242=POLY_LOOP('NONE',(#1698,#2169,#2168,#1699));
#11243=FACE_OUTER_BOUND('NONE',#11242,.T.);
#11244=DIRECTION('NONE',(-0.407432,0.913235,0));
#11245=DIRECTION('NONE',(0,0,-1));
#11246=AXIS2_PLACEMENT_3D('NONE',#1698,#11244,#11245);
#11247=PLANE('NONE',#11246);
#11248=FACE_SURFACE('NONE',(#11243),#11247,.T.);
#11249=POLY_LOOP('NONE',(#2010,#1593,#1592,#2011));
#11250=FACE_OUTER_BOUND('NONE',#11249,.T.);
#11251=DIRECTION('NONE',(-0.361775,0.932265,0));
#11252=DIRECTION('NONE',(0,0,1));
#11253=AXIS2_PLACEMENT_3D('NONE',#2010,#11251,#11252);
#11254=PLANE('NONE',#11253);
#11255=FACE_SURFACE('NONE',(#11250),#11254,.T.);
#11256=CLOSED_SHELL('NONE',(#2546,#2553,#2560,#2567,#2574,#2581,#2588,#2595,#2602,#2609,#2616,#2623,#2638,#2655,#2662,#2669,#2676,#2683,#2690,#2697,#2704,#2711,#2718,#2725,#2732,#2739,#2746,#2753,#2760,#2767,#2774,#2781,#2788,#2795,#2802,#2809,#2816,#2823,#2830,#2837,#2844,#2851,#2858,#2865,#2872,#2879,#2886,#2893,#2900,#2907,#2914,#2921,#2928,#2935,#2942,#2949,#2956,#2963,#2970,#2977,#2984,#2991,#2998,#3005,#3012,#3019,#3026,#3033,#3040,#3047,#3054,#3061,#3068,#3075,#3082,#3089,#3096,#3103,#3110,#3117,#3124,#3131,#3138,#3145,#3152,#3159,#3166,#3173,#3180,#3187,#3194,#3201,#3208,#3215,#3222,#3229,#3236,#3243,#3250,#3257,#3264,#3271,#3278,#3285,#3292,#3299,#3306,#3313,#3320,#3327,#3334,#3341,#3348,#3355,#3362,#3369,#3376,#3383,#3390,#3397,#3404,#3411,#3418,#3425,#3432,#3439,#3446,#3453,#3460,#3467,#3474,#3481,#3488,#3495,#3502,#3509,#3516,#3523,#3530,#3537,#3544,#3551,#3558,#3565,#3572,#3579,#3586,#3593,#3600,#3607,#3614,#3621,#3628,#3635,#3642,#3649,#3656,#3663,#3670,#3677,#3684,#3691,#3698,#3705,#3712,#3719,#3726,#3733,#3740,#3747,#3754,#3761,#3768,#3775,#3782,#3789,#3796,#3803,#3810,#3817,#3824,#3831,#3838,#3845,#3852,#3859,#3866,#3873,#3880,#3887,#3894,#3901,#3908,#3915,#3922,#3929,#3936,#3943,#3950,#3957,#3964,#3971,#3978,#3985,#3992,#3999,#4006,#4013,#4020,#4027,#4034,#4041,#4048,#4055,#4062,#4069,#4076,#4083,#4090,#4097,#4104,#4111,#4118,#4125,#4132,#4139,#4146,#4153,#4160,#4167,#4174,#4181,#4188,#4195,#4202,#4209,#4216,#4223,#4230,#4237,#4244,#4251,#4258,#4265,#4272,#4279,#4286,#4293,#4300,#4307,#4314,#4321,#4328,#4335,#4342,#4349,#4356,#4363,#4370,#4377,#4384,#4391,#4398,#4405,#4412,#4419,#4426,#4433,#4440,#4447,#4454,#4461,#4468,#4475,#4482,#4489,#4496,#4503,#4510,#4517,#4524,#4531,#4538,#4545,#4552,#4559,#4566,#4573,#4580,#4587,#4594,#4601,#4608,#4615,#4622,#4629,#4636,#4643,#4650,#4657,#4664,#4671,#4678,#4685,#4692,#4699,#4706,#4713,#4720,#4727,#4734,#4741,#4748,#4755,#4762,#4769,#4776,#4783,#4790,#4797,#4804,#4811,#4818,#4825,#4832,#4839,#4846,#4853,#4860,#4867,#4874,#4881,#4888,#4895,#4902,#4909,#4916,#4923,#4930,#4937,#4944,#4951,#4958,#4965,#4972,#4979,#4986,#4993,#5000,#5007,#5014,#5021,#5028,#5035,#5042,#5049,#5056,#5063,#5070,#5077,#5084,#5091,#5098,#5105,#5112,#5119,#5126,#5133,#5140,#5147,#5154,#5161,#5168,#5175,#5182,#5189,#5196,#5203,#5210,#5217,#5224,#5231,#5238,#5245,#5252,#5259,#5266,#5273,#5280,#5287,#5294,#5301,#5308,#5315,#5322,#5329,#5336,#5343,#5350,#5357,#5364,#5371,#5378,#5385,#5392,#5399,#5406,#5413,#5420,#5427,#5434,#5441,#5448,#5455,#5462,#5469,#5476,#5483,#5490,#5497,#5504,#5511,#5518,#5525,#5532,#5539,#5546,#5553,#5560,#5567,#5574,#5581,#5588,#5595,#5602,#5609,#5616,#5623,#5630,#5637,#5644,#5651,#5658,#5665,#5672,#5679,#5686,#5693,#5700,#5707,#5714,#5721,#5728,#5735,#5742,#5749,#5756,#5763,#5770,#5777,#5784,#5791,#5798,#5805,#5812,#5819,#5826,#5833,#5840,#5847,#5854,#5861,#5868,#5875,#5882,#5889,#5896,#5903,#5910,#5917,#5924,#5931,#5938,#5945,#5952,#5959,#5966,#5973,#5980,#5987,#5994,#6001,#6008,#6015,#6022,#6029,#6036,#6043,#6050,#6057,#6064,#6071,#6078,#6085,#6092,#6099,#6106,#6113,#6120,#6127,#6134,#6141,#6148,#6155,#6162,#6169,#6176,#6183,#6190,#6197,#6204,#6211,#6218,#6225,#6232,#6239,#6246,#6253,#6260,#6267,#6274,#6281,#6288,#6295,#6302,#6309,#6316,#6323,#6330,#6337,#6344,#6351,#6358,#6365,#6372,#6379,#6386,#6393,#6400,#6407,#6414,#6421,#6428,#6435,#6442,#6449,#6456,#6463,#6470,#6477,#6484,#6491,#6498,#6505,#6512,#6519,#6526,#6533,#6540,#6547,#6554,#6561,#6568,#6575,#6582,#6589,#6596,#6603,#6610,#6617,#6624,#6631,#6638,#6645,#6652,#6659,#6666,#6673,#6680,#6687,#6694,#6701,#6708,#6715,#6722,#6729,#6736,#6743,#6750,#6757,#6764,#6771,#6778,#6785,#6792,#6799,#6806,#6813,#6820,#6827,#6834,#6841,#6848,#6855,#6862,#6869,#6876,#6883,#6890,#6897,#6904,#6911,#6918,#6925,#6932,#6939,#6946,#6953,#6960,#6967,#6974,#6981,#6988,#6995,#7002,#7009,#7016,#7023,#7030,#7037,#7044,#7051,#7058,#7065,#7072,#7079,#7086,#7093,#7100,#7107,#7114,#7121,#7128,#7135,#7142,#7149,#7156,#7163,#7170,#7177,#7184,#7191,#7198,#7205,#7212,#7219,#7226,#7233,#7240,#7247,#7254,#7261,#7268,#7275,#7282,#7289,#7296,#7303,#7310,#7317,#7324,#7331,#7338,#7345,#7352,#7359,#7366,#7373,#7380,#7387,#7394,#7401,#7408,#7415,#7422,#7429,#7436,#7443,#7450,#7457,#7464,#7471,#7478,#7485,#7492,#7499,#7506,#7513,#7520,#7535,#7542,#7549,#7556,#7563,#7580,#7587,#7594,#7601,#7608,#7615,#7622,#7629,#7636,#7643,#7650,#7657,#7664,#7671,#7678,#7685,#7692,#7699,#7706,#7713,#7720,#7727,#7734,#7741,#7748,#7755,#7762,#7769,#7776,#7783,#7790,#7797,#7804,#7811,#7818,#7825,#7832,#7839,#7846,#7853,#7860,#7867,#7874,#7881,#7888,#7895,#7902,#7909,#7916,#7923,#7930,#7937,#7944,#7951,#7958,#7965,#7972,#7979,#7986,#7993,#8000,#8007,#8014,#8021,#8028,#8035,#8042,#8049,#8056,#8063,#8070,#8077,#8084,#8091,#8098,#8105,#8112,#8119,#8126,#8133,#8140,#8147,#8154,#8161,#8168,#8175,#8182,#8189,#8196,#8203,#8210,#8217,#8224,#8231,#8238,#8245,#8252,#8259,#8266,#8273,#8280,#8287,#8294,#8301,#8308,#8315,#8322,#8329,#8336,#8343,#8350,#8357,#8364,#8371,#8378,#8385,#8392,#8399,#8406,#8413,#8420,#8427,#8434,#8441,#8448,#8455,#8462,#8469,#8476,#8483,#8490,#8497,#8504,#8511,#8518,#8525,#8532,#8539,#8546,#8553,#8560,#8567,#8574,#8581,#8588,#8595,#8602,#8609,#8616,#8623,#8630,#8637,#8644,#8651,#8658,#8665,#8672,#8679,#8686,#8693,#8700,#8707,#8714,#8721,#8728,#8735,#8742,#8749,#8756,#8763,#8770,#8777,#8784,#8791,#8798,#8805,#8812,#8819,#8826,#8833,#8840,#8847,#8854,#8861,#8868,#8875,#8882,#8889,#8896,#8903,#8910,#8917,#8924,#8931,#8938,#8945,#8952,#8959,#8966,#8973,#8980,#8987,#8994,#9001,#9008,#9015,#9022,#9029,#9036,#9043,#9050,#9057,#9064,#9071,#9078,#9085,#9092,#9099,#9106,#9113,#9120,#9127,#9134,#9141,#9148,#9155,#9162,#9169,#9176,#9183,#9190,#9197,#9204,#9211,#9218,#9225,#9232,#9239,#9246,#9253,#9260,#9267,#9274,#9281,#9288,#9295,#9302,#9309,#9316,#9323,#9330,#9337,#9344,#9351,#9358,#9365,#9372,#9379,#9386,#9393,#9400,#9407,#9414,#9421,#9428,#9435,#9442,#9449,#9456,#9463,#9470,#9477,#9484,#9491,#9498,#9505,#9512,#9519,#9526,#9533,#9540,#9547,#9554,#9561,#9568,#9575,#9582,#9589,#9596,#9603,#9610,#9617,#9624,#9631,#9638,#9645,#9652,#9659,#9666,#9673,#9680,#9687,#9694,#9701,#9708,#9715,#9722,#9729,#9736,#9743,#9750,#9757,#9764,#9771,#9778,#9785,#9792,#9799,#9806,#9813,#9820,#9827,#9834,#9841,#9848,#9855,#9862,#9869,#9876,#9883,#9890,#9897,#9904,#9911,#9918,#9925,#9932,#9939,#9946,#9953,#9960,#9967,#9974,#9981,#9988,#9995,#10002,#10009,#10016,#10023,#10030,#10037,#10044,#10051,#10058,#10065,#10072,#10079,#10086,#10093,#10100,#10107,#10114,#10121,#10128,#10135,#10142,#10149,#10156,#10163,#10170,#10177,#10184,#10191,#10198,#10205,#10212,#10219,#10226,#10233,#10240,#10247,#10254,#10261,#10268,#10275,#10282,#10289,#10296,#10303,#10310,#10317,#10324,#10331,#10338,#10345,#10352,#10359,#10366,#10373,#10380,#10387,#10394,#10401,#10408,#10415,#10422,#10429,#10436,#10443,#10450,#10457,#10464,#10471,#10478,#10485,#10492,#10499,#10506,#10513,#10520,#10527,#10534,#10541,#10548,#10555,#10562,#10569,#10576,#10583,#10590,#10597,#10604,#10611,#10618,#10625,#10632,#10639,#10646,#10653,#10660,#10667,#10674,#10681,#10688,#10695,#10702,#10709,#10716,#10723,#10730,#10737,#10744,#10751,#10758,#10765,#10772,#10779,#10786,#10793,#10800,#10807,#10814,#10821,#10828,#10835,#10842,#10849,#10856,#10863,#10870,#10877,#10884,#10891,#10898,#10905,#10912,#10919,#10926,#10933,#10940,#10947,#10954,#10961,#10968,#10975,#10982,#10989,#10996,#11003,#11010,#11017,#11024,#11031,#11038,#11045,#11052,#11059,#11066,#11073,#11080,#11087,#11094,#11101,#11108,#11115,#11122,#11129,#11136,#11143,#11150,#11157,#11164,#11171,#11178,#11185,#11192,#11199,#11206,#11213,#11220,#11227,#11234,#11241,#11248,#11255));
#11257=FACETED_BREP('*SOL1',#11256);
#11258=CARTESIAN_POINT('NONE',(0.,0.,0.));
#11259=DIRECTION('NONE',(1.,0.,0.));
#11260=DIRECTION('NONE',(0.,0.,1.));
#11261=AXIS2_PLACEMENT_3D('NONE',#11258,#11260,#11259);
#11262=SHAPE_REPRESENTATION('*MASTER',(#11261),#54);
#11263=FACETED_BREP_SHAPE_REPRESENTATION('*MASTER',(#11257),#54);
#11264=SHAPE_DEFINITION_REPRESENTATION(#53,#11262);
#11265=SHAPE_REPRESENTATION_RELATIONSHIP(' ',' ',#11262,#11263);
#11266=PRODUCT_RELATED_PRODUCT_CATEGORY('detail',$,(#41));
#11267=PRODUCT_CATEGORY_RELATIONSHIP('','',#32,#11266);
ENDSEC;
END-ISO-10303-21;
