ISO-10303-21;
HEADER;
FILE_DESCRIPTION(('PrintNexus faceted mesh STEP'),'2;1');
FILE_NAME('Macropad-4v-1.step','2026-10-04T11:27:35.089Z',('PrintNexus'),('PrintNexus'),'PrintNexus','PrintNexus','');
FILE_SCHEMA(('CONFIG_CONTROL_DESIGN'));
ENDSEC;
DATA;
#10=APPLICATION_CONTEXT('configuration controlled 3D designs of mechanical parts and assemblies ');
#11=APPLICATION_PROTOCOL_DEFINITION('international standard','config_control_design',1994,#10);
#12=PERSON('1','PrintNexus','User',$,$,$);
#13=ORGANIZATION('PN','PrintNexus','');
#19=PERSON_AND_ORGANIZATION(#12,#13);
#32=PRODUCT_CATEGORY('part',$);
#33=DESIGN_CONTEXT('',#10,'design');
#34=MECHANICAL_CONTEXT('',#10,'mechanical');
#35=DIMENSIONAL_EXPONENTS(0.,0.,0.,0.,0.,0.,0.);
#36=(LENGTH_UNIT() NAMED_UNIT(*) SI_UNIT(.MILLI.,.METRE.));
#37=(NAMED_UNIT(*) PLANE_ANGLE_UNIT() SI_UNIT($,.RADIAN.));
#38=PLANE_ANGLE_MEASURE_WITH_UNIT(PLANE_ANGLE_MEASURE(0.0174532925199433),#37);
#39=(CONVERSION_BASED_UNIT('DEGREE',#38) NAMED_UNIT(#35) PLANE_ANGLE_UNIT());
#40=(NAMED_UNIT(*) SI_UNIT($,.STERADIAN.) SOLID_ANGLE_UNIT());
#41=PRODUCT('Macropad-4v-1','Macropad-4v-1','Macropad-4v-1',(#34));
#44=PRODUCT_DEFINITION_FORMATION_WITH_SPECIFIED_SOURCE('','',#41,.NOT_KNOWN.);
#50=PRODUCT_DEFINITION('','',#44,#33);
#53=PRODUCT_DEFINITION_SHAPE('','',#50);
#54=(GEOMETRIC_REPRESENTATION_CONTEXT(3) GLOBAL_UNCERTAINTY_ASSIGNED_CONTEXT((#55)) GLOBAL_UNIT_ASSIGNED_CONTEXT((#36,#39,#40)) REPRESENTATION_CONTEXT('ID1','3D'));
#55=UNCERTAINTY_MEASURE_WITH_UNIT(LENGTH_MEASURE(0.001),#36,'distance_accuracy_value','');
#56=CARTESIAN_POINT('NONE',(-49.395,70.144997,2.998));
#57=CARTESIAN_POINT('NONE',(-49.395,30.749998,2.998));
#58=CARTESIAN_POINT('NONE',(50,30.749998,2.998));
#59=CARTESIAN_POINT('NONE',(50,70.144997,2.998));
#60=CARTESIAN_POINT('NONE',(3.072,57.398998,2.998));
#61=CARTESIAN_POINT('NONE',(3.148999,57.417,2.998));
#62=CARTESIAN_POINT('NONE',(3.23,57.424,2.998));
#63=CARTESIAN_POINT('NONE',(16.23,57.424,2.998));
#64=CARTESIAN_POINT('NONE',(16.310999,57.417,2.998));
#65=CARTESIAN_POINT('NONE',(16.388,57.398998,2.998));
#66=CARTESIAN_POINT('NONE',(16.459999,57.368,2.998));
#67=CARTESIAN_POINT('NONE',(16.525,57.327999,2.998));
#68=CARTESIAN_POINT('NONE',(16.584,57.278,2.998));
#69=CARTESIAN_POINT('NONE',(16.633999,57.218998,2.998));
#70=CARTESIAN_POINT('NONE',(16.674,57.153999,2.998));
#71=CARTESIAN_POINT('NONE',(16.705,57.081997,2.998));
#72=CARTESIAN_POINT('NONE',(16.723,57.004997,2.998));
#73=CARTESIAN_POINT('NONE',(16.73,56.924,2.998));
#74=CARTESIAN_POINT('NONE',(16.73,43.924,2.998));
#75=CARTESIAN_POINT('NONE',(16.723,43.842999,2.998));
#76=CARTESIAN_POINT('NONE',(16.705,43.765999,2.998));
#77=CARTESIAN_POINT('NONE',(16.674,43.693996,2.998));
#78=CARTESIAN_POINT('NONE',(16.633999,43.628998,2.998));
#79=CARTESIAN_POINT('NONE',(16.584,43.57,2.998));
#80=CARTESIAN_POINT('NONE',(16.525,43.519997,2.998));
#81=CARTESIAN_POINT('NONE',(16.459999,43.48,2.998));
#82=CARTESIAN_POINT('NONE',(16.388,43.448997,2.998));
#83=CARTESIAN_POINT('NONE',(16.310999,43.431,2.998));
#84=CARTESIAN_POINT('NONE',(16.23,43.424,2.998));
#85=CARTESIAN_POINT('NONE',(3.23,43.424,2.998));
#86=CARTESIAN_POINT('NONE',(3.148999,43.431,2.998));
#87=CARTESIAN_POINT('NONE',(3.072,43.448997,2.998));
#88=CARTESIAN_POINT('NONE',(3,43.48,2.998));
#89=CARTESIAN_POINT('NONE',(2.934999,43.519997,2.998));
#90=CARTESIAN_POINT('NONE',(2.875999,43.57,2.998));
#91=CARTESIAN_POINT('NONE',(2.825999,43.628998,2.998));
#92=CARTESIAN_POINT('NONE',(2.786,43.693996,2.998));
#93=CARTESIAN_POINT('NONE',(2.755,43.765999,2.998));
#94=CARTESIAN_POINT('NONE',(2.737,43.842999,2.998));
#95=CARTESIAN_POINT('NONE',(2.73,43.924,2.998));
#96=CARTESIAN_POINT('NONE',(2.73,56.924,2.998));
#97=CARTESIAN_POINT('NONE',(2.737,57.004997,2.998));
#98=CARTESIAN_POINT('NONE',(2.755,57.081997,2.998));
#99=CARTESIAN_POINT('NONE',(2.786,57.153999,2.998));
#100=CARTESIAN_POINT('NONE',(2.825999,57.218998,2.998));
#101=CARTESIAN_POINT('NONE',(2.875999,57.278,2.998));
#102=CARTESIAN_POINT('NONE',(2.934999,57.327999,2.998));
#103=CARTESIAN_POINT('NONE',(3,57.368,2.998));
#104=CARTESIAN_POINT('NONE',(22.122,57.398998,2.998));
#105=CARTESIAN_POINT('NONE',(22.198999,57.417,2.998));
#106=CARTESIAN_POINT('NONE',(22.279999,57.424,2.998));
#107=CARTESIAN_POINT('NONE',(35.279999,57.424,2.998));
#108=CARTESIAN_POINT('NONE',(35.361,57.417,2.998));
#109=CARTESIAN_POINT('NONE',(35.438,57.398998,2.998));
#110=CARTESIAN_POINT('NONE',(35.509998,57.368,2.998));
#111=CARTESIAN_POINT('NONE',(35.575001,57.327999,2.998));
#112=CARTESIAN_POINT('NONE',(35.633999,57.278,2.998));
#113=CARTESIAN_POINT('NONE',(35.683998,57.218998,2.998));
#114=CARTESIAN_POINT('NONE',(35.723999,57.153999,2.998));
#115=CARTESIAN_POINT('NONE',(35.755001,57.081997,2.998));
#116=CARTESIAN_POINT('NONE',(35.772999,57.004997,2.998));
#117=CARTESIAN_POINT('NONE',(35.779999,56.924,2.998));
#118=CARTESIAN_POINT('NONE',(35.779999,43.924,2.998));
#119=CARTESIAN_POINT('NONE',(35.772999,43.842999,2.998));
#120=CARTESIAN_POINT('NONE',(35.755001,43.765999,2.998));
#121=CARTESIAN_POINT('NONE',(35.723999,43.693996,2.998));
#122=CARTESIAN_POINT('NONE',(35.683998,43.628998,2.998));
#123=CARTESIAN_POINT('NONE',(35.633999,43.57,2.998));
#124=CARTESIAN_POINT('NONE',(35.575001,43.519997,2.998));
#125=CARTESIAN_POINT('NONE',(35.509998,43.48,2.998));
#126=CARTESIAN_POINT('NONE',(35.438,43.448997,2.998));
#127=CARTESIAN_POINT('NONE',(35.361,43.431,2.998));
#128=CARTESIAN_POINT('NONE',(35.279999,43.424,2.998));
#129=CARTESIAN_POINT('NONE',(22.279999,43.424,2.998));
#130=CARTESIAN_POINT('NONE',(22.198999,43.431,2.998));
#131=CARTESIAN_POINT('NONE',(22.122,43.448997,2.998));
#132=CARTESIAN_POINT('NONE',(22.049999,43.48,2.998));
#133=CARTESIAN_POINT('NONE',(21.984999,43.519997,2.998));
#134=CARTESIAN_POINT('NONE',(21.925999,43.57,2.998));
#135=CARTESIAN_POINT('NONE',(21.875999,43.628998,2.998));
#136=CARTESIAN_POINT('NONE',(21.836,43.693996,2.998));
#137=CARTESIAN_POINT('NONE',(21.805,43.765999,2.998));
#138=CARTESIAN_POINT('NONE',(21.786999,43.842999,2.998));
#139=CARTESIAN_POINT('NONE',(21.779999,43.924,2.998));
#140=CARTESIAN_POINT('NONE',(21.779999,56.924,2.998));
#141=CARTESIAN_POINT('NONE',(21.786999,57.004997,2.998));
#142=CARTESIAN_POINT('NONE',(21.805,57.081997,2.998));
#143=CARTESIAN_POINT('NONE',(21.836,57.153999,2.998));
#144=CARTESIAN_POINT('NONE',(21.875999,57.218998,2.998));
#145=CARTESIAN_POINT('NONE',(21.925999,57.278,2.998));
#146=CARTESIAN_POINT('NONE',(21.984999,57.327999,2.998));
#147=CARTESIAN_POINT('NONE',(22.049999,57.368,2.998));
#148=CARTESIAN_POINT('NONE',(-16.115,57.327999,2.998));
#149=CARTESIAN_POINT('NONE',(-16.050001,57.368,2.998));
#150=CARTESIAN_POINT('NONE',(-15.978001,57.398998,2.998));
#151=CARTESIAN_POINT('NONE',(-15.901,57.417,2.998));
#152=CARTESIAN_POINT('NONE',(-15.820001,57.424,2.998));
#153=CARTESIAN_POINT('NONE',(-2.82,57.424,2.998));
#154=CARTESIAN_POINT('NONE',(-2.739001,57.417,2.998));
#155=CARTESIAN_POINT('NONE',(-2.662,57.398998,2.998));
#156=CARTESIAN_POINT('NONE',(-2.59,57.368,2.998));
#157=CARTESIAN_POINT('NONE',(-2.525001,57.327999,2.998));
#158=CARTESIAN_POINT('NONE',(-2.466001,57.278,2.998));
#159=CARTESIAN_POINT('NONE',(-2.416,57.218998,2.998));
#160=CARTESIAN_POINT('NONE',(-2.376,57.153999,2.998));
#161=CARTESIAN_POINT('NONE',(-2.345001,57.081997,2.998));
#162=CARTESIAN_POINT('NONE',(-2.327,57.004997,2.998));
#163=CARTESIAN_POINT('NONE',(-2.32,56.924,2.998));
#164=CARTESIAN_POINT('NONE',(-2.32,43.924,2.998));
#165=CARTESIAN_POINT('NONE',(-2.327,43.842999,2.998));
#166=CARTESIAN_POINT('NONE',(-2.345001,43.765999,2.998));
#167=CARTESIAN_POINT('NONE',(-2.376,43.693996,2.998));
#168=CARTESIAN_POINT('NONE',(-2.416,43.628998,2.998));
#169=CARTESIAN_POINT('NONE',(-2.466001,43.57,2.998));
#170=CARTESIAN_POINT('NONE',(-2.525001,43.519997,2.998));
#171=CARTESIAN_POINT('NONE',(-2.59,43.48,2.998));
#172=CARTESIAN_POINT('NONE',(-2.662,43.448997,2.998));
#173=CARTESIAN_POINT('NONE',(-2.739001,43.431,2.998));
#174=CARTESIAN_POINT('NONE',(-2.82,43.424,2.998));
#175=CARTESIAN_POINT('NONE',(-15.820001,43.424,2.998));
#176=CARTESIAN_POINT('NONE',(-15.901,43.431,2.998));
#177=CARTESIAN_POINT('NONE',(-15.978001,43.448997,2.998));
#178=CARTESIAN_POINT('NONE',(-16.050001,43.48,2.998));
#179=CARTESIAN_POINT('NONE',(-16.115,43.519997,2.998));
#180=CARTESIAN_POINT('NONE',(-16.174,43.57,2.998));
#181=CARTESIAN_POINT('NONE',(-16.224001,43.628998,2.998));
#182=CARTESIAN_POINT('NONE',(-16.264,43.693996,2.998));
#183=CARTESIAN_POINT('NONE',(-16.295,43.765999,2.998));
#184=CARTESIAN_POINT('NONE',(-16.313,43.842999,2.998));
#185=CARTESIAN_POINT('NONE',(-16.32,43.924,2.998));
#186=CARTESIAN_POINT('NONE',(-16.32,56.924,2.998));
#187=CARTESIAN_POINT('NONE',(-16.313,57.004997,2.998));
#188=CARTESIAN_POINT('NONE',(-16.295,57.081997,2.998));
#189=CARTESIAN_POINT('NONE',(-16.264,57.153999,2.998));
#190=CARTESIAN_POINT('NONE',(-16.224001,57.218998,2.998));
#191=CARTESIAN_POINT('NONE',(-16.174,57.278,2.998));
#192=CARTESIAN_POINT('NONE',(-35.362999,43.842999,2.998));
#193=CARTESIAN_POINT('NONE',(-35.369999,43.924,2.998));
#194=CARTESIAN_POINT('NONE',(-35.369999,56.924,2.998));
#195=CARTESIAN_POINT('NONE',(-35.362999,57.004997,2.998));
#196=CARTESIAN_POINT('NONE',(-35.345001,57.081997,2.998));
#197=CARTESIAN_POINT('NONE',(-35.313999,57.153999,2.998));
#198=CARTESIAN_POINT('NONE',(-35.274002,57.218998,2.998));
#199=CARTESIAN_POINT('NONE',(-35.223999,57.278,2.998));
#200=CARTESIAN_POINT('NONE',(-35.165001,57.327999,2.998));
#201=CARTESIAN_POINT('NONE',(-35.100002,57.368,2.998));
#202=CARTESIAN_POINT('NONE',(-35.028,57.398998,2.998));
#203=CARTESIAN_POINT('NONE',(-34.951,57.417,2.998));
#204=CARTESIAN_POINT('NONE',(-34.869999,57.424,2.998));
#205=CARTESIAN_POINT('NONE',(-21.870001,57.424,2.998));
#206=CARTESIAN_POINT('NONE',(-21.789,57.417,2.998));
#207=CARTESIAN_POINT('NONE',(-21.712,57.398998,2.998));
#208=CARTESIAN_POINT('NONE',(-21.640001,57.368,2.998));
#209=CARTESIAN_POINT('NONE',(-21.575001,57.327999,2.998));
#210=CARTESIAN_POINT('NONE',(-21.516001,57.278,2.998));
#211=CARTESIAN_POINT('NONE',(-21.466,57.218998,2.998));
#212=CARTESIAN_POINT('NONE',(-21.426001,57.153999,2.998));
#213=CARTESIAN_POINT('NONE',(-21.395,57.081997,2.998));
#214=CARTESIAN_POINT('NONE',(-21.377001,57.004997,2.998));
#215=CARTESIAN_POINT('NONE',(-21.370001,56.924,2.998));
#216=CARTESIAN_POINT('NONE',(-21.370001,43.924,2.998));
#217=CARTESIAN_POINT('NONE',(-21.377001,43.842999,2.998));
#218=CARTESIAN_POINT('NONE',(-21.395,43.765999,2.998));
#219=CARTESIAN_POINT('NONE',(-21.426001,43.693996,2.998));
#220=CARTESIAN_POINT('NONE',(-21.466,43.628998,2.998));
#221=CARTESIAN_POINT('NONE',(-21.516001,43.57,2.998));
#222=CARTESIAN_POINT('NONE',(-21.575001,43.519997,2.998));
#223=CARTESIAN_POINT('NONE',(-21.640001,43.48,2.998));
#224=CARTESIAN_POINT('NONE',(-21.712,43.448997,2.998));
#225=CARTESIAN_POINT('NONE',(-21.789,43.431,2.998));
#226=CARTESIAN_POINT('NONE',(-21.870001,43.424,2.998));
#227=CARTESIAN_POINT('NONE',(-34.869999,43.424,2.998));
#228=CARTESIAN_POINT('NONE',(-34.951,43.431,2.998));
#229=CARTESIAN_POINT('NONE',(-35.028,43.448997,2.998));
#230=CARTESIAN_POINT('NONE',(-35.100002,43.48,2.998));
#231=CARTESIAN_POINT('NONE',(-35.165001,43.519997,2.998));
#232=CARTESIAN_POINT('NONE',(-35.223999,43.57,2.998));
#233=CARTESIAN_POINT('NONE',(-35.274002,43.628998,2.998));
#234=CARTESIAN_POINT('NONE',(-35.313999,43.693996,2.998));
#235=CARTESIAN_POINT('NONE',(-35.345001,43.765999,2.998));
#236=CARTESIAN_POINT('NONE',(-44.929001,37.259998,2.998));
#237=CARTESIAN_POINT('NONE',(-44.862999,37.288998,2.998));
#238=CARTESIAN_POINT('NONE',(-44.797001,37.314999,2.998));
#239=CARTESIAN_POINT('NONE',(-44.729,37.336998,2.998));
#240=CARTESIAN_POINT('NONE',(-44.66,37.355999,2.998));
#241=CARTESIAN_POINT('NONE',(-44.591,37.371998,2.998));
#242=CARTESIAN_POINT('NONE',(-44.521,37.383999,2.998));
#243=CARTESIAN_POINT('NONE',(-44.450001,37.392998,2.998));
#244=CARTESIAN_POINT('NONE',(-44.379002,37.397999,2.998));
#245=CARTESIAN_POINT('NONE',(-44.307999,37.399998,2.998));
#246=CARTESIAN_POINT('NONE',(-44.236,37.397999,2.998));
#247=CARTESIAN_POINT('NONE',(-44.165001,37.392998,2.998));
#248=CARTESIAN_POINT('NONE',(-44.094002,37.383999,2.998));
#249=CARTESIAN_POINT('NONE',(-44.024002,37.371998,2.998));
#250=CARTESIAN_POINT('NONE',(-43.955002,37.355999,2.998));
#251=CARTESIAN_POINT('NONE',(-43.886002,37.336998,2.998));
#252=CARTESIAN_POINT('NONE',(-43.818001,37.314999,2.998));
#253=CARTESIAN_POINT('NONE',(-43.751999,37.288998,2.998));
#254=CARTESIAN_POINT('NONE',(-43.686001,37.259998,2.998));
#255=CARTESIAN_POINT('NONE',(-43.623001,37.227997,2.998));
#256=CARTESIAN_POINT('NONE',(-43.561001,37.192997,2.998));
#257=CARTESIAN_POINT('NONE',(-43.500999,37.154999,2.998));
#258=CARTESIAN_POINT('NONE',(-43.442001,37.113998,2.998));
#259=CARTESIAN_POINT('NONE',(-43.386002,37.07,2.998));
#260=CARTESIAN_POINT('NONE',(-43.332001,37.022999,2.998));
#261=CARTESIAN_POINT('NONE',(-43.279999,36.973999,2.998));
#262=CARTESIAN_POINT('NONE',(-43.230999,36.921997,2.998));
#263=CARTESIAN_POINT('NONE',(-43.185001,36.868,2.998));
#264=CARTESIAN_POINT('NONE',(-43.140999,36.811996,2.998));
#265=CARTESIAN_POINT('NONE',(-43.100002,36.753998,2.998));
#266=CARTESIAN_POINT('NONE',(-43.062,36.693996,2.998));
#267=CARTESIAN_POINT('NONE',(-43.027,36.632,2.998));
#268=CARTESIAN_POINT('NONE',(-42.993999,36.567997,2.998));
#269=CARTESIAN_POINT('NONE',(-42.966,36.502998,2.998));
#270=CARTESIAN_POINT('NONE',(-42.939999,36.435997,2.998));
#271=CARTESIAN_POINT('NONE',(-42.917999,36.368999,2.998));
#272=CARTESIAN_POINT('NONE',(-42.899002,36.299999,2.998));
#273=CARTESIAN_POINT('NONE',(-42.882999,36.23,2.998));
#274=CARTESIAN_POINT('NONE',(-42.871002,36.16,2.998));
#275=CARTESIAN_POINT('NONE',(-42.862,36.088997,2.998));
#276=CARTESIAN_POINT('NONE',(-42.857002,36.017998,2.998));
#277=CARTESIAN_POINT('NONE',(-42.855,35.946999,2.998));
#278=CARTESIAN_POINT('NONE',(-42.857002,35.875999,2.998));
#279=CARTESIAN_POINT('NONE',(-42.862,35.804996,2.998));
#280=CARTESIAN_POINT('NONE',(-42.871002,35.733997,2.998));
#281=CARTESIAN_POINT('NONE',(-42.882999,35.663998,2.998));
#282=CARTESIAN_POINT('NONE',(-42.899002,35.593998,2.998));
#283=CARTESIAN_POINT('NONE',(-42.917999,35.524998,2.998));
#284=CARTESIAN_POINT('NONE',(-42.939999,35.457996,2.998));
#285=CARTESIAN_POINT('NONE',(-42.966,35.390999,2.998));
#286=CARTESIAN_POINT('NONE',(-42.993999,35.325996,2.998));
#287=CARTESIAN_POINT('NONE',(-43.027,35.261997,2.998));
#288=CARTESIAN_POINT('NONE',(-43.062,35.199997,2.998));
#289=CARTESIAN_POINT('NONE',(-43.100002,35.139999,2.998));
#290=CARTESIAN_POINT('NONE',(-43.140999,35.081997,2.998));
#291=CARTESIAN_POINT('NONE',(-43.185001,35.025997,2.998));
#292=CARTESIAN_POINT('NONE',(-43.230999,34.972,2.998));
#293=CARTESIAN_POINT('NONE',(-43.279999,34.919998,2.998));
#294=CARTESIAN_POINT('NONE',(-43.332001,34.870998,2.998));
#295=CARTESIAN_POINT('NONE',(-43.386002,34.823997,2.998));
#296=CARTESIAN_POINT('NONE',(-43.442001,34.779999,2.998));
#297=CARTESIAN_POINT('NONE',(-43.500999,34.738998,2.998));
#298=CARTESIAN_POINT('NONE',(-43.561001,34.700996,2.998));
#299=CARTESIAN_POINT('NONE',(-43.623001,34.665997,2.998));
#300=CARTESIAN_POINT('NONE',(-43.686001,34.633999,2.998));
#301=CARTESIAN_POINT('NONE',(-43.751999,34.605,2.998));
#302=CARTESIAN_POINT('NONE',(-43.818001,34.578999,2.998));
#303=CARTESIAN_POINT('NONE',(-43.886002,34.556999,2.998));
#304=CARTESIAN_POINT('NONE',(-43.955002,34.537998,2.998));
#305=CARTESIAN_POINT('NONE',(-44.024002,34.521999,2.998));
#306=CARTESIAN_POINT('NONE',(-44.094002,34.509998,2.998));
#307=CARTESIAN_POINT('NONE',(-44.165001,34.500999,2.998));
#308=CARTESIAN_POINT('NONE',(-44.236,34.495998,2.998));
#309=CARTESIAN_POINT('NONE',(-44.307999,34.494999,2.998));
#310=CARTESIAN_POINT('NONE',(-44.379002,34.495998,2.998));
#311=CARTESIAN_POINT('NONE',(-44.450001,34.500999,2.998));
#312=CARTESIAN_POINT('NONE',(-44.521,34.509998,2.998));
#313=CARTESIAN_POINT('NONE',(-44.591,34.521999,2.998));
#314=CARTESIAN_POINT('NONE',(-44.66,34.537998,2.998));
#315=CARTESIAN_POINT('NONE',(-44.729,34.556999,2.998));
#316=CARTESIAN_POINT('NONE',(-44.797001,34.578999,2.998));
#317=CARTESIAN_POINT('NONE',(-44.862999,34.605,2.998));
#318=CARTESIAN_POINT('NONE',(-44.929001,34.633999,2.998));
#319=CARTESIAN_POINT('NONE',(-44.992001,34.665997,2.998));
#320=CARTESIAN_POINT('NONE',(-45.054001,34.700996,2.998));
#321=CARTESIAN_POINT('NONE',(-45.114002,34.738998,2.998));
#322=CARTESIAN_POINT('NONE',(-45.173,34.779999,2.998));
#323=CARTESIAN_POINT('NONE',(-45.229,34.823997,2.998));
#324=CARTESIAN_POINT('NONE',(-45.283001,34.870998,2.998));
#325=CARTESIAN_POINT('NONE',(-45.334999,34.919998,2.998));
#326=CARTESIAN_POINT('NONE',(-45.383999,34.972,2.998));
#327=CARTESIAN_POINT('NONE',(-45.43,35.025997,2.998));
#328=CARTESIAN_POINT('NONE',(-45.473999,35.081997,2.998));
#329=CARTESIAN_POINT('NONE',(-45.514999,35.139999,2.998));
#330=CARTESIAN_POINT('NONE',(-45.553001,35.199997,2.998));
#331=CARTESIAN_POINT('NONE',(-45.588001,35.261997,2.998));
#332=CARTESIAN_POINT('NONE',(-45.621002,35.325996,2.998));
#333=CARTESIAN_POINT('NONE',(-45.649002,35.390999,2.998));
#334=CARTESIAN_POINT('NONE',(-45.674999,35.457996,2.998));
#335=CARTESIAN_POINT('NONE',(-45.696999,35.524998,2.998));
#336=CARTESIAN_POINT('NONE',(-45.716,35.593998,2.998));
#337=CARTESIAN_POINT('NONE',(-45.732002,35.663998,2.998));
#338=CARTESIAN_POINT('NONE',(-45.743999,35.733997,2.998));
#339=CARTESIAN_POINT('NONE',(-45.753002,35.804996,2.998));
#340=CARTESIAN_POINT('NONE',(-45.757999,35.875999,2.998));
#341=CARTESIAN_POINT('NONE',(-45.760002,35.946999,2.998));
#342=CARTESIAN_POINT('NONE',(-45.757999,36.017998,2.998));
#343=CARTESIAN_POINT('NONE',(-45.753002,36.088997,2.998));
#344=CARTESIAN_POINT('NONE',(-45.743999,36.16,2.998));
#345=CARTESIAN_POINT('NONE',(-45.732002,36.23,2.998));
#346=CARTESIAN_POINT('NONE',(-45.716,36.299999,2.998));
#347=CARTESIAN_POINT('NONE',(-45.696999,36.368999,2.998));
#348=CARTESIAN_POINT('NONE',(-45.674999,36.435997,2.998));
#349=CARTESIAN_POINT('NONE',(-45.649002,36.502998,2.998));
#350=CARTESIAN_POINT('NONE',(-45.621002,36.567997,2.998));
#351=CARTESIAN_POINT('NONE',(-45.588001,36.632,2.998));
#352=CARTESIAN_POINT('NONE',(-45.553001,36.693996,2.998));
#353=CARTESIAN_POINT('NONE',(-45.514999,36.753998,2.998));
#354=CARTESIAN_POINT('NONE',(-45.473999,36.811996,2.998));
#355=CARTESIAN_POINT('NONE',(-45.43,36.868,2.998));
#356=CARTESIAN_POINT('NONE',(-45.383999,36.921997,2.998));
#357=CARTESIAN_POINT('NONE',(-45.334999,36.973999,2.998));
#358=CARTESIAN_POINT('NONE',(-45.283001,37.022999,2.998));
#359=CARTESIAN_POINT('NONE',(-45.229,37.07,2.998));
#360=CARTESIAN_POINT('NONE',(-45.173,37.113998,2.998));
#361=CARTESIAN_POINT('NONE',(-45.114002,37.154999,2.998));
#362=CARTESIAN_POINT('NONE',(-45.054001,37.192997,2.998));
#363=CARTESIAN_POINT('NONE',(-44.992001,37.227997,2.998));
#364=CARTESIAN_POINT('NONE',(43.709999,35.139999,2.998));
#365=CARTESIAN_POINT('NONE',(43.672001,35.199997,2.998));
#366=CARTESIAN_POINT('NONE',(43.637001,35.261997,2.998));
#367=CARTESIAN_POINT('NONE',(43.604,35.325996,2.998));
#368=CARTESIAN_POINT('NONE',(43.576,35.390999,2.998));
#369=CARTESIAN_POINT('NONE',(43.549999,35.457996,2.998));
#370=CARTESIAN_POINT('NONE',(43.528,35.524998,2.998));
#371=CARTESIAN_POINT('NONE',(43.508999,35.593998,2.998));
#372=CARTESIAN_POINT('NONE',(43.493,35.663998,2.998));
#373=CARTESIAN_POINT('NONE',(43.480999,35.733997,2.998));
#374=CARTESIAN_POINT('NONE',(43.472,35.804996,2.998));
#375=CARTESIAN_POINT('NONE',(43.466999,35.875999,2.998));
#376=CARTESIAN_POINT('NONE',(43.465,35.946999,2.998));
#377=CARTESIAN_POINT('NONE',(43.466999,36.017998,2.998));
#378=CARTESIAN_POINT('NONE',(43.472,36.088997,2.998));
#379=CARTESIAN_POINT('NONE',(43.480999,36.16,2.998));
#380=CARTESIAN_POINT('NONE',(43.493,36.23,2.998));
#381=CARTESIAN_POINT('NONE',(43.508999,36.299999,2.998));
#382=CARTESIAN_POINT('NONE',(43.528,36.368999,2.998));
#383=CARTESIAN_POINT('NONE',(43.549999,36.435997,2.998));
#384=CARTESIAN_POINT('NONE',(43.576,36.502998,2.998));
#385=CARTESIAN_POINT('NONE',(43.604,36.567997,2.998));
#386=CARTESIAN_POINT('NONE',(43.637001,36.632,2.998));
#387=CARTESIAN_POINT('NONE',(43.672001,36.693996,2.998));
#388=CARTESIAN_POINT('NONE',(43.709999,36.753998,2.998));
#389=CARTESIAN_POINT('NONE',(43.750999,36.811996,2.998));
#390=CARTESIAN_POINT('NONE',(43.794998,36.868,2.998));
#391=CARTESIAN_POINT('NONE',(43.841,36.921997,2.998));
#392=CARTESIAN_POINT('NONE',(43.889999,36.973999,2.998));
#393=CARTESIAN_POINT('NONE',(43.942001,37.022999,2.998));
#394=CARTESIAN_POINT('NONE',(43.995998,37.07,2.998));
#395=CARTESIAN_POINT('NONE',(44.051998,37.113998,2.998));
#396=CARTESIAN_POINT('NONE',(44.111,37.154999,2.998));
#397=CARTESIAN_POINT('NONE',(44.171001,37.192997,2.998));
#398=CARTESIAN_POINT('NONE',(44.232998,37.227997,2.998));
#399=CARTESIAN_POINT('NONE',(44.296001,37.259998,2.998));
#400=CARTESIAN_POINT('NONE',(44.362,37.288998,2.998));
#401=CARTESIAN_POINT('NONE',(44.428001,37.314999,2.998));
#402=CARTESIAN_POINT('NONE',(44.495998,37.336998,2.998));
#403=CARTESIAN_POINT('NONE',(44.564999,37.355999,2.998));
#404=CARTESIAN_POINT('NONE',(44.633999,37.371998,2.998));
#405=CARTESIAN_POINT('NONE',(44.703999,37.383999,2.998));
#406=CARTESIAN_POINT('NONE',(44.774998,37.392998,2.998));
#407=CARTESIAN_POINT('NONE',(44.846001,37.397999,2.998));
#408=CARTESIAN_POINT('NONE',(44.917,37.399998,2.998));
#409=CARTESIAN_POINT('NONE',(44.988998,37.397999,2.998));
#410=CARTESIAN_POINT('NONE',(45.060001,37.392998,2.998));
#411=CARTESIAN_POINT('NONE',(45.131001,37.383999,2.998));
#412=CARTESIAN_POINT('NONE',(45.201,37.371998,2.998));
#413=CARTESIAN_POINT('NONE',(45.27,37.355999,2.998));
#414=CARTESIAN_POINT('NONE',(45.339001,37.336998,2.998));
#415=CARTESIAN_POINT('NONE',(45.406998,37.314999,2.998));
#416=CARTESIAN_POINT('NONE',(45.473,37.288998,2.998));
#417=CARTESIAN_POINT('NONE',(45.538998,37.259998,2.998));
#418=CARTESIAN_POINT('NONE',(45.602001,37.227997,2.998));
#419=CARTESIAN_POINT('NONE',(45.663998,37.192997,2.998));
#420=CARTESIAN_POINT('NONE',(45.723999,37.154999,2.998));
#421=CARTESIAN_POINT('NONE',(45.783001,37.113998,2.998));
#422=CARTESIAN_POINT('NONE',(45.839001,37.07,2.998));
#423=CARTESIAN_POINT('NONE',(45.892998,37.022999,2.998));
#424=CARTESIAN_POINT('NONE',(45.945,36.973999,2.998));
#425=CARTESIAN_POINT('NONE',(45.993999,36.921997,2.998));
#426=CARTESIAN_POINT('NONE',(46.040001,36.868,2.998));
#427=CARTESIAN_POINT('NONE',(46.084,36.811996,2.998));
#428=CARTESIAN_POINT('NONE',(46.125,36.753998,2.998));
#429=CARTESIAN_POINT('NONE',(46.162998,36.693996,2.998));
#430=CARTESIAN_POINT('NONE',(46.197998,36.632,2.998));
#431=CARTESIAN_POINT('NONE',(46.230999,36.567997,2.998));
#432=CARTESIAN_POINT('NONE',(46.258999,36.502998,2.998));
#433=CARTESIAN_POINT('NONE',(46.285,36.435997,2.998));
#434=CARTESIAN_POINT('NONE',(46.306999,36.368999,2.998));
#435=CARTESIAN_POINT('NONE',(46.326,36.299999,2.998));
#436=CARTESIAN_POINT('NONE',(46.341999,36.23,2.998));
#437=CARTESIAN_POINT('NONE',(46.354,36.16,2.998));
#438=CARTESIAN_POINT('NONE',(46.362999,36.088997,2.998));
#439=CARTESIAN_POINT('NONE',(46.368,36.017998,2.998));
#440=CARTESIAN_POINT('NONE',(46.369999,35.946999,2.998));
#441=CARTESIAN_POINT('NONE',(46.368,35.875999,2.998));
#442=CARTESIAN_POINT('NONE',(46.362999,35.804996,2.998));
#443=CARTESIAN_POINT('NONE',(46.354,35.733997,2.998));
#444=CARTESIAN_POINT('NONE',(46.341999,35.663998,2.998));
#445=CARTESIAN_POINT('NONE',(46.326,35.593998,2.998));
#446=CARTESIAN_POINT('NONE',(46.306999,35.524998,2.998));
#447=CARTESIAN_POINT('NONE',(46.285,35.457996,2.998));
#448=CARTESIAN_POINT('NONE',(46.258999,35.390999,2.998));
#449=CARTESIAN_POINT('NONE',(46.230999,35.325996,2.998));
#450=CARTESIAN_POINT('NONE',(46.197998,35.261997,2.998));
#451=CARTESIAN_POINT('NONE',(46.162998,35.199997,2.998));
#452=CARTESIAN_POINT('NONE',(46.125,35.139999,2.998));
#453=CARTESIAN_POINT('NONE',(46.084,35.081997,2.998));
#454=CARTESIAN_POINT('NONE',(46.040001,35.025997,2.998));
#455=CARTESIAN_POINT('NONE',(45.993999,34.972,2.998));
#456=CARTESIAN_POINT('NONE',(45.945,34.919998,2.998));
#457=CARTESIAN_POINT('NONE',(45.892998,34.870998,2.998));
#458=CARTESIAN_POINT('NONE',(45.839001,34.823997,2.998));
#459=CARTESIAN_POINT('NONE',(45.783001,34.779999,2.998));
#460=CARTESIAN_POINT('NONE',(45.723999,34.738998,2.998));
#461=CARTESIAN_POINT('NONE',(45.663998,34.700996,2.998));
#462=CARTESIAN_POINT('NONE',(45.602001,34.665997,2.998));
#463=CARTESIAN_POINT('NONE',(45.538998,34.633999,2.998));
#464=CARTESIAN_POINT('NONE',(45.473,34.605,2.998));
#465=CARTESIAN_POINT('NONE',(45.406998,34.578999,2.998));
#466=CARTESIAN_POINT('NONE',(45.339001,34.556999,2.998));
#467=CARTESIAN_POINT('NONE',(45.27,34.537998,2.998));
#468=CARTESIAN_POINT('NONE',(45.201,34.521999,2.998));
#469=CARTESIAN_POINT('NONE',(45.131001,34.509998,2.998));
#470=CARTESIAN_POINT('NONE',(45.060001,34.500999,2.998));
#471=CARTESIAN_POINT('NONE',(44.988998,34.495998,2.998));
#472=CARTESIAN_POINT('NONE',(44.917,34.494999,2.998));
#473=CARTESIAN_POINT('NONE',(44.846001,34.495998,2.998));
#474=CARTESIAN_POINT('NONE',(44.774998,34.500999,2.998));
#475=CARTESIAN_POINT('NONE',(44.703999,34.509998,2.998));
#476=CARTESIAN_POINT('NONE',(44.633999,34.521999,2.998));
#477=CARTESIAN_POINT('NONE',(44.564999,34.537998,2.998));
#478=CARTESIAN_POINT('NONE',(44.495998,34.556999,2.998));
#479=CARTESIAN_POINT('NONE',(44.428001,34.578999,2.998));
#480=CARTESIAN_POINT('NONE',(44.362,34.605,2.998));
#481=CARTESIAN_POINT('NONE',(44.296001,34.633999,2.998));
#482=CARTESIAN_POINT('NONE',(44.232998,34.665997,2.998));
#483=CARTESIAN_POINT('NONE',(44.171001,34.700996,2.998));
#484=CARTESIAN_POINT('NONE',(44.111,34.738998,2.998));
#485=CARTESIAN_POINT('NONE',(44.051998,34.779999,2.998));
#486=CARTESIAN_POINT('NONE',(43.995998,34.823997,2.998));
#487=CARTESIAN_POINT('NONE',(43.942001,34.870998,2.998));
#488=CARTESIAN_POINT('NONE',(43.889999,34.919998,2.998));
#489=CARTESIAN_POINT('NONE',(43.841,34.972,2.998));
#490=CARTESIAN_POINT('NONE',(43.794998,35.025997,2.998));
#491=CARTESIAN_POINT('NONE',(43.750999,35.081997,2.998));
#492=CARTESIAN_POINT('NONE',(-45.063999,64.039001,2.998));
#493=CARTESIAN_POINT('NONE',(-45.123001,64.080002,2.998));
#494=CARTESIAN_POINT('NONE',(-45.179001,64.124001,2.998));
#495=CARTESIAN_POINT('NONE',(-45.233002,64.170998,2.998));
#496=CARTESIAN_POINT('NONE',(-45.285,64.220001,2.998));
#497=CARTESIAN_POINT('NONE',(-45.334,64.271996,2.998));
#498=CARTESIAN_POINT('NONE',(-45.380001,64.325996,2.998));
#499=CARTESIAN_POINT('NONE',(-45.424,64.381996,2.998));
#500=CARTESIAN_POINT('NONE',(-45.465,64.439995,2.998));
#501=CARTESIAN_POINT('NONE',(-45.503002,64.5,2.998));
#502=CARTESIAN_POINT('NONE',(-45.538002,64.561996,2.998));
#503=CARTESIAN_POINT('NONE',(-45.570999,64.625999,2.998));
#504=CARTESIAN_POINT('NONE',(-45.598999,64.691002,2.998));
#505=CARTESIAN_POINT('NONE',(-45.625,64.757996,2.998));
#506=CARTESIAN_POINT('NONE',(-45.646999,64.824997,2.998));
#507=CARTESIAN_POINT('NONE',(-45.666,64.893997,2.998));
#508=CARTESIAN_POINT('NONE',(-45.681999,64.963997,2.998));
#509=CARTESIAN_POINT('NONE',(-45.694,65.033997,2.998));
#510=CARTESIAN_POINT('NONE',(-45.702999,65.104996,2.998));
#511=CARTESIAN_POINT('NONE',(-45.708,65.175995,2.998));
#512=CARTESIAN_POINT('NONE',(-45.709999,65.247002,2.998));
#513=CARTESIAN_POINT('NONE',(-45.708,65.318001,2.998));
#514=CARTESIAN_POINT('NONE',(-45.702999,65.389,2.998));
#515=CARTESIAN_POINT('NONE',(-45.694,65.459999,2.998));
#516=CARTESIAN_POINT('NONE',(-45.681999,65.529999,2.998));
#517=CARTESIAN_POINT('NONE',(-45.666,65.599998,2.998));
#518=CARTESIAN_POINT('NONE',(-45.646999,65.668999,2.998));
#519=CARTESIAN_POINT('NONE',(-45.625,65.736,2.998));
#520=CARTESIAN_POINT('NONE',(-45.598999,65.803001,2.998));
#521=CARTESIAN_POINT('NONE',(-45.570999,65.867996,2.998));
#522=CARTESIAN_POINT('NONE',(-45.538002,65.931999,2.998));
#523=CARTESIAN_POINT('NONE',(-45.503002,65.993996,2.998));
#524=CARTESIAN_POINT('NONE',(-45.465,66.054001,2.998));
#525=CARTESIAN_POINT('NONE',(-45.424,66.112,2.998));
#526=CARTESIAN_POINT('NONE',(-45.380001,66.167999,2.998));
#527=CARTESIAN_POINT('NONE',(-45.334,66.222,2.998));
#528=CARTESIAN_POINT('NONE',(-45.285,66.274002,2.998));
#529=CARTESIAN_POINT('NONE',(-45.233002,66.322998,2.998));
#530=CARTESIAN_POINT('NONE',(-45.179001,66.369995,2.998));
#531=CARTESIAN_POINT('NONE',(-45.123001,66.414001,2.998));
#532=CARTESIAN_POINT('NONE',(-45.063999,66.455002,2.998));
#533=CARTESIAN_POINT('NONE',(-45.004002,66.492996,2.998));
#534=CARTESIAN_POINT('NONE',(-44.942001,66.528,2.998));
#535=CARTESIAN_POINT('NONE',(-44.879002,66.559998,2.998));
#536=CARTESIAN_POINT('NONE',(-44.813,66.588997,2.998));
#537=CARTESIAN_POINT('NONE',(-44.747002,66.614998,2.998));
#538=CARTESIAN_POINT('NONE',(-44.679001,66.637001,2.998));
#539=CARTESIAN_POINT('NONE',(-44.610001,66.655998,2.998));
#540=CARTESIAN_POINT('NONE',(-44.541,66.671997,2.998));
#541=CARTESIAN_POINT('NONE',(-44.471001,66.683998,2.998));
#542=CARTESIAN_POINT('NONE',(-44.400002,66.693001,2.998));
#543=CARTESIAN_POINT('NONE',(-44.328999,66.697998,2.998));
#544=CARTESIAN_POINT('NONE',(-44.257999,66.699997,2.998));
#545=CARTESIAN_POINT('NONE',(-44.186001,66.697998,2.998));
#546=CARTESIAN_POINT('NONE',(-44.115002,66.693001,2.998));
#547=CARTESIAN_POINT('NONE',(-44.043999,66.683998,2.998));
#548=CARTESIAN_POINT('NONE',(-43.973999,66.671997,2.998));
#549=CARTESIAN_POINT('NONE',(-43.904999,66.655998,2.998));
#550=CARTESIAN_POINT('NONE',(-43.836002,66.637001,2.998));
#551=CARTESIAN_POINT('NONE',(-43.768002,66.614998,2.998));
#552=CARTESIAN_POINT('NONE',(-43.702,66.588997,2.998));
#553=CARTESIAN_POINT('NONE',(-43.636002,66.559998,2.998));
#554=CARTESIAN_POINT('NONE',(-43.573002,66.528,2.998));
#555=CARTESIAN_POINT('NONE',(-43.511002,66.492996,2.998));
#556=CARTESIAN_POINT('NONE',(-43.451,66.455002,2.998));
#557=CARTESIAN_POINT('NONE',(-43.392002,66.414001,2.998));
#558=CARTESIAN_POINT('NONE',(-43.336002,66.369995,2.998));
#559=CARTESIAN_POINT('NONE',(-43.282001,66.322998,2.998));
#560=CARTESIAN_POINT('NONE',(-43.23,66.274002,2.998));
#561=CARTESIAN_POINT('NONE',(-43.181,66.222,2.998));
#562=CARTESIAN_POINT('NONE',(-43.135002,66.167999,2.998));
#563=CARTESIAN_POINT('NONE',(-43.091,66.112,2.998));
#564=CARTESIAN_POINT('NONE',(-43.049999,66.054001,2.998));
#565=CARTESIAN_POINT('NONE',(-43.012001,65.993996,2.998));
#566=CARTESIAN_POINT('NONE',(-42.977001,65.931999,2.998));
#567=CARTESIAN_POINT('NONE',(-42.944,65.867996,2.998));
#568=CARTESIAN_POINT('NONE',(-42.916,65.803001,2.998));
#569=CARTESIAN_POINT('NONE',(-42.889999,65.736,2.998));
#570=CARTESIAN_POINT('NONE',(-42.868,65.668999,2.998));
#571=CARTESIAN_POINT('NONE',(-42.848999,65.599998,2.998));
#572=CARTESIAN_POINT('NONE',(-42.833,65.529999,2.998));
#573=CARTESIAN_POINT('NONE',(-42.820999,65.459999,2.998));
#574=CARTESIAN_POINT('NONE',(-42.812,65.389,2.998));
#575=CARTESIAN_POINT('NONE',(-42.806999,65.318001,2.998));
#576=CARTESIAN_POINT('NONE',(-42.805,65.247002,2.998));
#577=CARTESIAN_POINT('NONE',(-42.806999,65.175995,2.998));
#578=CARTESIAN_POINT('NONE',(-42.812,65.104996,2.998));
#579=CARTESIAN_POINT('NONE',(-42.820999,65.033997,2.998));
#580=CARTESIAN_POINT('NONE',(-42.833,64.963997,2.998));
#581=CARTESIAN_POINT('NONE',(-42.848999,64.893997,2.998));
#582=CARTESIAN_POINT('NONE',(-42.868,64.824997,2.998));
#583=CARTESIAN_POINT('NONE',(-42.889999,64.757996,2.998));
#584=CARTESIAN_POINT('NONE',(-42.916,64.691002,2.998));
#585=CARTESIAN_POINT('NONE',(-42.944,64.625999,2.998));
#586=CARTESIAN_POINT('NONE',(-42.977001,64.561996,2.998));
#587=CARTESIAN_POINT('NONE',(-43.012001,64.5,2.998));
#588=CARTESIAN_POINT('NONE',(-43.049999,64.439995,2.998));
#589=CARTESIAN_POINT('NONE',(-43.091,64.381996,2.998));
#590=CARTESIAN_POINT('NONE',(-43.135002,64.325996,2.998));
#591=CARTESIAN_POINT('NONE',(-43.181,64.271996,2.998));
#592=CARTESIAN_POINT('NONE',(-43.23,64.220001,2.998));
#593=CARTESIAN_POINT('NONE',(-43.282001,64.170998,2.998));
#594=CARTESIAN_POINT('NONE',(-43.336002,64.124001,2.998));
#595=CARTESIAN_POINT('NONE',(-43.392002,64.080002,2.998));
#596=CARTESIAN_POINT('NONE',(-43.451,64.039001,2.998));
#597=CARTESIAN_POINT('NONE',(-43.511002,64.000999,2.998));
#598=CARTESIAN_POINT('NONE',(-43.573002,63.966,2.998));
#599=CARTESIAN_POINT('NONE',(-43.636002,63.933998,2.998));
#600=CARTESIAN_POINT('NONE',(-43.702,63.904999,2.998));
#601=CARTESIAN_POINT('NONE',(-43.768002,63.878998,2.998));
#602=CARTESIAN_POINT('NONE',(-43.836002,63.856998,2.998));
#603=CARTESIAN_POINT('NONE',(-43.904999,63.837997,2.998));
#604=CARTESIAN_POINT('NONE',(-43.973999,63.821999,2.998));
#605=CARTESIAN_POINT('NONE',(-44.043999,63.809998,2.998));
#606=CARTESIAN_POINT('NONE',(-44.115002,63.801998,2.998));
#607=CARTESIAN_POINT('NONE',(-44.186001,63.795998,2.998));
#608=CARTESIAN_POINT('NONE',(-44.257999,63.794998,2.998));
#609=CARTESIAN_POINT('NONE',(-44.328999,63.795998,2.998));
#610=CARTESIAN_POINT('NONE',(-44.400002,63.801998,2.998));
#611=CARTESIAN_POINT('NONE',(-44.471001,63.809998,2.998));
#612=CARTESIAN_POINT('NONE',(-44.541,63.821999,2.998));
#613=CARTESIAN_POINT('NONE',(-44.610001,63.837997,2.998));
#614=CARTESIAN_POINT('NONE',(-44.679001,63.856998,2.998));
#615=CARTESIAN_POINT('NONE',(-44.747002,63.878998,2.998));
#616=CARTESIAN_POINT('NONE',(-44.813,63.904999,2.998));
#617=CARTESIAN_POINT('NONE',(-44.879002,63.933998,2.998));
#618=CARTESIAN_POINT('NONE',(-44.942001,63.966,2.998));
#619=CARTESIAN_POINT('NONE',(-45.004002,64.000999,2.998));
#620=CARTESIAN_POINT('NONE',(43.514999,65.247002,2.998));
#621=CARTESIAN_POINT('NONE',(43.516998,65.318001,2.998));
#622=CARTESIAN_POINT('NONE',(43.521999,65.389,2.998));
#623=CARTESIAN_POINT('NONE',(43.530998,65.459999,2.998));
#624=CARTESIAN_POINT('NONE',(43.542999,65.529999,2.998));
#625=CARTESIAN_POINT('NONE',(43.558998,65.599998,2.998));
#626=CARTESIAN_POINT('NONE',(43.577999,65.668999,2.998));
#627=CARTESIAN_POINT('NONE',(43.599998,65.736,2.998));
#628=CARTESIAN_POINT('NONE',(43.625999,65.803001,2.998));
#629=CARTESIAN_POINT('NONE',(43.653999,65.867996,2.998));
#630=CARTESIAN_POINT('NONE',(43.687,65.931999,2.998));
#631=CARTESIAN_POINT('NONE',(43.722,65.993996,2.998));
#632=CARTESIAN_POINT('NONE',(43.759998,66.054001,2.998));
#633=CARTESIAN_POINT('NONE',(43.800999,66.112,2.998));
#634=CARTESIAN_POINT('NONE',(43.845001,66.167999,2.998));
#635=CARTESIAN_POINT('NONE',(43.890999,66.222,2.998));
#636=CARTESIAN_POINT('NONE',(43.939999,66.274002,2.998));
#637=CARTESIAN_POINT('NONE',(43.992001,66.322998,2.998));
#638=CARTESIAN_POINT('NONE',(44.046001,66.369995,2.998));
#639=CARTESIAN_POINT('NONE',(44.102001,66.414001,2.998));
#640=CARTESIAN_POINT('NONE',(44.160999,66.455002,2.998));
#641=CARTESIAN_POINT('NONE',(44.221001,66.492996,2.998));
#642=CARTESIAN_POINT('NONE',(44.283001,66.528,2.998));
#643=CARTESIAN_POINT('NONE',(44.346001,66.559998,2.998));
#644=CARTESIAN_POINT('NONE',(44.411999,66.588997,2.998));
#645=CARTESIAN_POINT('NONE',(44.478001,66.614998,2.998));
#646=CARTESIAN_POINT('NONE',(44.546001,66.637001,2.998));
#647=CARTESIAN_POINT('NONE',(44.614998,66.655998,2.998));
#648=CARTESIAN_POINT('NONE',(44.683998,66.671997,2.998));
#649=CARTESIAN_POINT('NONE',(44.753998,66.683998,2.998));
#650=CARTESIAN_POINT('NONE',(44.825001,66.693001,2.998));
#651=CARTESIAN_POINT('NONE',(44.896,66.697998,2.998));
#652=CARTESIAN_POINT('NONE',(44.966999,66.699997,2.998));
#653=CARTESIAN_POINT('NONE',(45.038998,66.697998,2.998));
#654=CARTESIAN_POINT('NONE',(45.110001,66.693001,2.998));
#655=CARTESIAN_POINT('NONE',(45.181,66.683998,2.998));
#656=CARTESIAN_POINT('NONE',(45.250999,66.671997,2.998));
#657=CARTESIAN_POINT('NONE',(45.32,66.655998,2.998));
#658=CARTESIAN_POINT('NONE',(45.389,66.637001,2.998));
#659=CARTESIAN_POINT('NONE',(45.457001,66.614998,2.998));
#660=CARTESIAN_POINT('NONE',(45.522999,66.588997,2.998));
#661=CARTESIAN_POINT('NONE',(45.589001,66.559998,2.998));
#662=CARTESIAN_POINT('NONE',(45.652,66.528,2.998));
#663=CARTESIAN_POINT('NONE',(45.714001,66.492996,2.998));
#664=CARTESIAN_POINT('NONE',(45.773998,66.455002,2.998));
#665=CARTESIAN_POINT('NONE',(45.833,66.414001,2.998));
#666=CARTESIAN_POINT('NONE',(45.889,66.369995,2.998));
#667=CARTESIAN_POINT('NONE',(45.943001,66.322998,2.998));
#668=CARTESIAN_POINT('NONE',(45.994999,66.274002,2.998));
#669=CARTESIAN_POINT('NONE',(46.043999,66.222,2.998));
#670=CARTESIAN_POINT('NONE',(46.09,66.167999,2.998));
#671=CARTESIAN_POINT('NONE',(46.133999,66.112,2.998));
#672=CARTESIAN_POINT('NONE',(46.174999,66.054001,2.998));
#673=CARTESIAN_POINT('NONE',(46.213001,65.993996,2.998));
#674=CARTESIAN_POINT('NONE',(46.248001,65.931999,2.998));
#675=CARTESIAN_POINT('NONE',(46.280998,65.867996,2.998));
#676=CARTESIAN_POINT('NONE',(46.308998,65.803001,2.998));
#677=CARTESIAN_POINT('NONE',(46.334999,65.736,2.998));
#678=CARTESIAN_POINT('NONE',(46.356998,65.668999,2.998));
#679=CARTESIAN_POINT('NONE',(46.375999,65.599998,2.998));
#680=CARTESIAN_POINT('NONE',(46.391998,65.529999,2.998));
#681=CARTESIAN_POINT('NONE',(46.403999,65.459999,2.998));
#682=CARTESIAN_POINT('NONE',(46.412998,65.389,2.998));
#683=CARTESIAN_POINT('NONE',(46.417999,65.318001,2.998));
#684=CARTESIAN_POINT('NONE',(46.419998,65.247002,2.998));
#685=CARTESIAN_POINT('NONE',(46.417999,65.175995,2.998));
#686=CARTESIAN_POINT('NONE',(46.412998,65.104996,2.998));
#687=CARTESIAN_POINT('NONE',(46.403999,65.033997,2.998));
#688=CARTESIAN_POINT('NONE',(46.391998,64.963997,2.998));
#689=CARTESIAN_POINT('NONE',(46.375999,64.893997,2.998));
#690=CARTESIAN_POINT('NONE',(46.356998,64.824997,2.998));
#691=CARTESIAN_POINT('NONE',(46.334999,64.757996,2.998));
#692=CARTESIAN_POINT('NONE',(46.308998,64.691002,2.998));
#693=CARTESIAN_POINT('NONE',(46.280998,64.625999,2.998));
#694=CARTESIAN_POINT('NONE',(46.248001,64.561996,2.998));
#695=CARTESIAN_POINT('NONE',(46.213001,64.5,2.998));
#696=CARTESIAN_POINT('NONE',(46.174999,64.439995,2.998));
#697=CARTESIAN_POINT('NONE',(46.133999,64.381996,2.998));
#698=CARTESIAN_POINT('NONE',(46.09,64.325996,2.998));
#699=CARTESIAN_POINT('NONE',(46.043999,64.271996,2.998));
#700=CARTESIAN_POINT('NONE',(45.994999,64.220001,2.998));
#701=CARTESIAN_POINT('NONE',(45.943001,64.170998,2.998));
#702=CARTESIAN_POINT('NONE',(45.889,64.124001,2.998));
#703=CARTESIAN_POINT('NONE',(45.833,64.080002,2.998));
#704=CARTESIAN_POINT('NONE',(45.773998,64.039001,2.998));
#705=CARTESIAN_POINT('NONE',(45.714001,64.000999,2.998));
#706=CARTESIAN_POINT('NONE',(45.652,63.966,2.998));
#707=CARTESIAN_POINT('NONE',(45.589001,63.933998,2.998));
#708=CARTESIAN_POINT('NONE',(45.522999,63.904999,2.998));
#709=CARTESIAN_POINT('NONE',(45.457001,63.878998,2.998));
#710=CARTESIAN_POINT('NONE',(45.389,63.856998,2.998));
#711=CARTESIAN_POINT('NONE',(45.32,63.837997,2.998));
#712=CARTESIAN_POINT('NONE',(45.250999,63.821999,2.998));
#713=CARTESIAN_POINT('NONE',(45.181,63.809998,2.998));
#714=CARTESIAN_POINT('NONE',(45.110001,63.801998,2.998));
#715=CARTESIAN_POINT('NONE',(45.038998,63.795998,2.998));
#716=CARTESIAN_POINT('NONE',(44.966999,63.794998,2.998));
#717=CARTESIAN_POINT('NONE',(44.896,63.795998,2.998));
#718=CARTESIAN_POINT('NONE',(44.825001,63.801998,2.998));
#719=CARTESIAN_POINT('NONE',(44.753998,63.809998,2.998));
#720=CARTESIAN_POINT('NONE',(44.683998,63.821999,2.998));
#721=CARTESIAN_POINT('NONE',(44.614998,63.837997,2.998));
#722=CARTESIAN_POINT('NONE',(44.546001,63.856998,2.998));
#723=CARTESIAN_POINT('NONE',(44.478001,63.878998,2.998));
#724=CARTESIAN_POINT('NONE',(44.411999,63.904999,2.998));
#725=CARTESIAN_POINT('NONE',(44.346001,63.933998,2.998));
#726=CARTESIAN_POINT('NONE',(44.283001,63.966,2.998));
#727=CARTESIAN_POINT('NONE',(44.221001,64.000999,2.998));
#728=CARTESIAN_POINT('NONE',(44.160999,64.039001,2.998));
#729=CARTESIAN_POINT('NONE',(44.102001,64.080002,2.998));
#730=CARTESIAN_POINT('NONE',(44.046001,64.124001,2.998));
#731=CARTESIAN_POINT('NONE',(43.992001,64.170998,2.998));
#732=CARTESIAN_POINT('NONE',(43.939999,64.220001,2.998));
#733=CARTESIAN_POINT('NONE',(43.890999,64.271996,2.998));
#734=CARTESIAN_POINT('NONE',(43.845001,64.325996,2.998));
#735=CARTESIAN_POINT('NONE',(43.800999,64.381996,2.998));
#736=CARTESIAN_POINT('NONE',(43.759998,64.439995,2.998));
#737=CARTESIAN_POINT('NONE',(43.722,64.5,2.998));
#738=CARTESIAN_POINT('NONE',(43.687,64.561996,2.998));
#739=CARTESIAN_POINT('NONE',(43.653999,64.625999,2.998));
#740=CARTESIAN_POINT('NONE',(43.625999,64.691002,2.998));
#741=CARTESIAN_POINT('NONE',(43.599998,64.757996,2.998));
#742=CARTESIAN_POINT('NONE',(43.577999,64.824997,2.998));
#743=CARTESIAN_POINT('NONE',(43.558998,64.893997,2.998));
#744=CARTESIAN_POINT('NONE',(43.542999,64.963997,2.998));
#745=CARTESIAN_POINT('NONE',(43.530998,65.033997,2.998));
#746=CARTESIAN_POINT('NONE',(43.521999,65.104996,2.998));
#747=CARTESIAN_POINT('NONE',(43.516998,65.175995,2.998));
#748=CARTESIAN_POINT('NONE',(-49.395,30.749998,0.002));
#749=CARTESIAN_POINT('NONE',(50,30.749998,0.002));
#750=CARTESIAN_POINT('NONE',(-49.395,70.144997,0.002));
#751=CARTESIAN_POINT('NONE',(50,70.144997,0.002));
#752=CARTESIAN_POINT('NONE',(-42.895,40.448997,0));
#753=CARTESIAN_POINT('NONE',(-42.895,40.448997,0.002));
#754=CARTESIAN_POINT('NONE',(-42.895,60.448997,0.002));
#755=CARTESIAN_POINT('NONE',(-42.895,60.448997,0));
#756=CARTESIAN_POINT('NONE',(-41.645,34.273998,0));
#757=CARTESIAN_POINT('NONE',(-41.645,34.273998,0.002));
#758=CARTESIAN_POINT('NONE',(-41.645,40.448997,0.002));
#759=CARTESIAN_POINT('NONE',(-41.645,40.448997,0));
#760=CARTESIAN_POINT('NONE',(-41.645,60.448997,0));
#761=CARTESIAN_POINT('NONE',(-41.645,60.448997,0.002));
#762=CARTESIAN_POINT('NONE',(-41.645,65.649002,0.002));
#763=CARTESIAN_POINT('NONE',(-41.645,65.649002,0));
#764=CARTESIAN_POINT('NONE',(-44.729,37.336998,0.002));
#765=CARTESIAN_POINT('NONE',(-44.797001,37.314999,0.002));
#766=CARTESIAN_POINT('NONE',(-44.66,37.355999,0.002));
#767=CARTESIAN_POINT('NONE',(-44.591,37.371998,0.002));
#768=CARTESIAN_POINT('NONE',(40.855,65.649002,0));
#769=CARTESIAN_POINT('NONE',(40.855,60.448997,0));
#770=CARTESIAN_POINT('NONE',(44.055,60.448997,0));
#771=CARTESIAN_POINT('NONE',(44.055,40.448997,0));
#772=CARTESIAN_POINT('NONE',(40.855,40.448997,0));
#773=CARTESIAN_POINT('NONE',(40.855,34.273998,0));
#774=CARTESIAN_POINT('NONE',(3.23,43.424,0));
#775=CARTESIAN_POINT('NONE',(16.23,43.424,0));
#776=CARTESIAN_POINT('NONE',(16.310999,43.431,0));
#777=CARTESIAN_POINT('NONE',(16.388,43.448997,0));
#778=CARTESIAN_POINT('NONE',(16.459999,43.48,0));
#779=CARTESIAN_POINT('NONE',(16.525,43.519997,0));
#780=CARTESIAN_POINT('NONE',(16.584,43.57,0));
#781=CARTESIAN_POINT('NONE',(16.633999,43.628998,0));
#782=CARTESIAN_POINT('NONE',(16.674,43.693996,0));
#783=CARTESIAN_POINT('NONE',(16.705,43.765999,0));
#784=CARTESIAN_POINT('NONE',(16.723,43.842999,0));
#785=CARTESIAN_POINT('NONE',(16.73,43.924,0));
#786=CARTESIAN_POINT('NONE',(16.73,56.924,0));
#787=CARTESIAN_POINT('NONE',(16.723,57.004997,0));
#788=CARTESIAN_POINT('NONE',(16.705,57.081997,0));
#789=CARTESIAN_POINT('NONE',(16.674,57.153999,0));
#790=CARTESIAN_POINT('NONE',(16.633999,57.218998,0));
#791=CARTESIAN_POINT('NONE',(16.584,57.278,0));
#792=CARTESIAN_POINT('NONE',(16.525,57.327999,0));
#793=CARTESIAN_POINT('NONE',(16.459999,57.368,0));
#794=CARTESIAN_POINT('NONE',(16.388,57.398998,0));
#795=CARTESIAN_POINT('NONE',(16.310999,57.417,0));
#796=CARTESIAN_POINT('NONE',(16.23,57.424,0));
#797=CARTESIAN_POINT('NONE',(3.23,57.424,0));
#798=CARTESIAN_POINT('NONE',(3.148999,57.417,0));
#799=CARTESIAN_POINT('NONE',(3.072,57.398998,0));
#800=CARTESIAN_POINT('NONE',(3,57.368,0));
#801=CARTESIAN_POINT('NONE',(2.934999,57.327999,0));
#802=CARTESIAN_POINT('NONE',(2.875999,57.278,0));
#803=CARTESIAN_POINT('NONE',(2.825999,57.218998,0));
#804=CARTESIAN_POINT('NONE',(2.786,57.153999,0));
#805=CARTESIAN_POINT('NONE',(2.755,57.081997,0));
#806=CARTESIAN_POINT('NONE',(2.737,57.004997,0));
#807=CARTESIAN_POINT('NONE',(2.73,56.924,0));
#808=CARTESIAN_POINT('NONE',(2.73,43.924,0));
#809=CARTESIAN_POINT('NONE',(2.737,43.842999,0));
#810=CARTESIAN_POINT('NONE',(2.755,43.765999,0));
#811=CARTESIAN_POINT('NONE',(2.786,43.693996,0));
#812=CARTESIAN_POINT('NONE',(2.825999,43.628998,0));
#813=CARTESIAN_POINT('NONE',(2.875999,43.57,0));
#814=CARTESIAN_POINT('NONE',(2.934999,43.519997,0));
#815=CARTESIAN_POINT('NONE',(3,43.48,0));
#816=CARTESIAN_POINT('NONE',(3.072,43.448997,0));
#817=CARTESIAN_POINT('NONE',(3.148999,43.431,0));
#818=CARTESIAN_POINT('NONE',(22.122,43.448997,0));
#819=CARTESIAN_POINT('NONE',(22.198999,43.431,0));
#820=CARTESIAN_POINT('NONE',(22.279999,43.424,0));
#821=CARTESIAN_POINT('NONE',(35.279999,43.424,0));
#822=CARTESIAN_POINT('NONE',(35.361,43.431,0));
#823=CARTESIAN_POINT('NONE',(35.438,43.448997,0));
#824=CARTESIAN_POINT('NONE',(35.509998,43.48,0));
#825=CARTESIAN_POINT('NONE',(35.575001,43.519997,0));
#826=CARTESIAN_POINT('NONE',(35.633999,43.57,0));
#827=CARTESIAN_POINT('NONE',(35.683998,43.628998,0));
#828=CARTESIAN_POINT('NONE',(35.723999,43.693996,0));
#829=CARTESIAN_POINT('NONE',(35.755001,43.765999,0));
#830=CARTESIAN_POINT('NONE',(35.772999,43.842999,0));
#831=CARTESIAN_POINT('NONE',(35.779999,43.924,0));
#832=CARTESIAN_POINT('NONE',(35.779999,56.924,0));
#833=CARTESIAN_POINT('NONE',(35.772999,57.004997,0));
#834=CARTESIAN_POINT('NONE',(35.755001,57.081997,0));
#835=CARTESIAN_POINT('NONE',(35.723999,57.153999,0));
#836=CARTESIAN_POINT('NONE',(35.683998,57.218998,0));
#837=CARTESIAN_POINT('NONE',(35.633999,57.278,0));
#838=CARTESIAN_POINT('NONE',(35.575001,57.327999,0));
#839=CARTESIAN_POINT('NONE',(35.509998,57.368,0));
#840=CARTESIAN_POINT('NONE',(35.438,57.398998,0));
#841=CARTESIAN_POINT('NONE',(35.361,57.417,0));
#842=CARTESIAN_POINT('NONE',(35.279999,57.424,0));
#843=CARTESIAN_POINT('NONE',(22.279999,57.424,0));
#844=CARTESIAN_POINT('NONE',(22.198999,57.417,0));
#845=CARTESIAN_POINT('NONE',(22.122,57.398998,0));
#846=CARTESIAN_POINT('NONE',(22.049999,57.368,0));
#847=CARTESIAN_POINT('NONE',(21.984999,57.327999,0));
#848=CARTESIAN_POINT('NONE',(21.925999,57.278,0));
#849=CARTESIAN_POINT('NONE',(21.875999,57.218998,0));
#850=CARTESIAN_POINT('NONE',(21.836,57.153999,0));
#851=CARTESIAN_POINT('NONE',(21.805,57.081997,0));
#852=CARTESIAN_POINT('NONE',(21.786999,57.004997,0));
#853=CARTESIAN_POINT('NONE',(21.779999,56.924,0));
#854=CARTESIAN_POINT('NONE',(21.779999,43.924,0));
#855=CARTESIAN_POINT('NONE',(21.786999,43.842999,0));
#856=CARTESIAN_POINT('NONE',(21.805,43.765999,0));
#857=CARTESIAN_POINT('NONE',(21.836,43.693996,0));
#858=CARTESIAN_POINT('NONE',(21.875999,43.628998,0));
#859=CARTESIAN_POINT('NONE',(21.925999,43.57,0));
#860=CARTESIAN_POINT('NONE',(21.984999,43.519997,0));
#861=CARTESIAN_POINT('NONE',(22.049999,43.48,0));
#862=CARTESIAN_POINT('NONE',(-15.978001,57.398998,0));
#863=CARTESIAN_POINT('NONE',(-16.050001,57.368,0));
#864=CARTESIAN_POINT('NONE',(-16.115,57.327999,0));
#865=CARTESIAN_POINT('NONE',(-16.174,57.278,0));
#866=CARTESIAN_POINT('NONE',(-16.224001,57.218998,0));
#867=CARTESIAN_POINT('NONE',(-16.264,57.153999,0));
#868=CARTESIAN_POINT('NONE',(-16.295,57.081997,0));
#869=CARTESIAN_POINT('NONE',(-16.313,57.004997,0));
#870=CARTESIAN_POINT('NONE',(-16.32,56.924,0));
#871=CARTESIAN_POINT('NONE',(-16.32,43.924,0));
#872=CARTESIAN_POINT('NONE',(-16.313,43.842999,0));
#873=CARTESIAN_POINT('NONE',(-16.295,43.765999,0));
#874=CARTESIAN_POINT('NONE',(-16.264,43.693996,0));
#875=CARTESIAN_POINT('NONE',(-16.224001,43.628998,0));
#876=CARTESIAN_POINT('NONE',(-16.174,43.57,0));
#877=CARTESIAN_POINT('NONE',(-16.115,43.519997,0));
#878=CARTESIAN_POINT('NONE',(-16.050001,43.48,0));
#879=CARTESIAN_POINT('NONE',(-15.978001,43.448997,0));
#880=CARTESIAN_POINT('NONE',(-15.901,43.431,0));
#881=CARTESIAN_POINT('NONE',(-15.820001,43.424,0));
#882=CARTESIAN_POINT('NONE',(-2.82,43.424,0));
#883=CARTESIAN_POINT('NONE',(-2.739001,43.431,0));
#884=CARTESIAN_POINT('NONE',(-2.662,43.448997,0));
#885=CARTESIAN_POINT('NONE',(-2.59,43.48,0));
#886=CARTESIAN_POINT('NONE',(-2.525001,43.519997,0));
#887=CARTESIAN_POINT('NONE',(-2.466001,43.57,0));
#888=CARTESIAN_POINT('NONE',(-2.416,43.628998,0));
#889=CARTESIAN_POINT('NONE',(-2.376,43.693996,0));
#890=CARTESIAN_POINT('NONE',(-2.345001,43.765999,0));
#891=CARTESIAN_POINT('NONE',(-2.327,43.842999,0));
#892=CARTESIAN_POINT('NONE',(-2.32,43.924,0));
#893=CARTESIAN_POINT('NONE',(-2.32,56.924,0));
#894=CARTESIAN_POINT('NONE',(-2.327,57.004997,0));
#895=CARTESIAN_POINT('NONE',(-2.345001,57.081997,0));
#896=CARTESIAN_POINT('NONE',(-2.376,57.153999,0));
#897=CARTESIAN_POINT('NONE',(-2.416,57.218998,0));
#898=CARTESIAN_POINT('NONE',(-2.466001,57.278,0));
#899=CARTESIAN_POINT('NONE',(-2.525001,57.327999,0));
#900=CARTESIAN_POINT('NONE',(-2.59,57.368,0));
#901=CARTESIAN_POINT('NONE',(-2.662,57.398998,0));
#902=CARTESIAN_POINT('NONE',(-2.739001,57.417,0));
#903=CARTESIAN_POINT('NONE',(-2.82,57.424,0));
#904=CARTESIAN_POINT('NONE',(-15.820001,57.424,0));
#905=CARTESIAN_POINT('NONE',(-15.901,57.417,0));
#906=CARTESIAN_POINT('NONE',(-35.369999,56.924,0));
#907=CARTESIAN_POINT('NONE',(-35.369999,43.924,0));
#908=CARTESIAN_POINT('NONE',(-35.362999,43.842999,0));
#909=CARTESIAN_POINT('NONE',(-35.345001,43.765999,0));
#910=CARTESIAN_POINT('NONE',(-35.313999,43.693996,0));
#911=CARTESIAN_POINT('NONE',(-35.274002,43.628998,0));
#912=CARTESIAN_POINT('NONE',(-35.223999,43.57,0));
#913=CARTESIAN_POINT('NONE',(-35.165001,43.519997,0));
#914=CARTESIAN_POINT('NONE',(-35.100002,43.48,0));
#915=CARTESIAN_POINT('NONE',(-35.028,43.448997,0));
#916=CARTESIAN_POINT('NONE',(-34.951,43.431,0));
#917=CARTESIAN_POINT('NONE',(-34.869999,43.424,0));
#918=CARTESIAN_POINT('NONE',(-21.870001,43.424,0));
#919=CARTESIAN_POINT('NONE',(-21.789,43.431,0));
#920=CARTESIAN_POINT('NONE',(-21.712,43.448997,0));
#921=CARTESIAN_POINT('NONE',(-21.640001,43.48,0));
#922=CARTESIAN_POINT('NONE',(-21.575001,43.519997,0));
#923=CARTESIAN_POINT('NONE',(-21.516001,43.57,0));
#924=CARTESIAN_POINT('NONE',(-21.466,43.628998,0));
#925=CARTESIAN_POINT('NONE',(-21.426001,43.693996,0));
#926=CARTESIAN_POINT('NONE',(-21.395,43.765999,0));
#927=CARTESIAN_POINT('NONE',(-21.377001,43.842999,0));
#928=CARTESIAN_POINT('NONE',(-21.370001,43.924,0));
#929=CARTESIAN_POINT('NONE',(-21.370001,56.924,0));
#930=CARTESIAN_POINT('NONE',(-21.377001,57.004997,0));
#931=CARTESIAN_POINT('NONE',(-21.395,57.081997,0));
#932=CARTESIAN_POINT('NONE',(-21.426001,57.153999,0));
#933=CARTESIAN_POINT('NONE',(-21.466,57.218998,0));
#934=CARTESIAN_POINT('NONE',(-21.516001,57.278,0));
#935=CARTESIAN_POINT('NONE',(-21.575001,57.327999,0));
#936=CARTESIAN_POINT('NONE',(-21.640001,57.368,0));
#937=CARTESIAN_POINT('NONE',(-21.712,57.398998,0));
#938=CARTESIAN_POINT('NONE',(-21.789,57.417,0));
#939=CARTESIAN_POINT('NONE',(-21.870001,57.424,0));
#940=CARTESIAN_POINT('NONE',(-34.869999,57.424,0));
#941=CARTESIAN_POINT('NONE',(-34.951,57.417,0));
#942=CARTESIAN_POINT('NONE',(-35.028,57.398998,0));
#943=CARTESIAN_POINT('NONE',(-35.100002,57.368,0));
#944=CARTESIAN_POINT('NONE',(-35.165001,57.327999,0));
#945=CARTESIAN_POINT('NONE',(-35.223999,57.278,0));
#946=CARTESIAN_POINT('NONE',(-35.274002,57.218998,0));
#947=CARTESIAN_POINT('NONE',(-35.313999,57.153999,0));
#948=CARTESIAN_POINT('NONE',(-35.345001,57.081997,0));
#949=CARTESIAN_POINT('NONE',(-35.362999,57.004997,0));
#950=CARTESIAN_POINT('NONE',(40.855,34.273998,0.002));
#951=CARTESIAN_POINT('NONE',(40.855,40.448997,0.002));
#952=CARTESIAN_POINT('NONE',(44.055,40.448997,0.002));
#953=CARTESIAN_POINT('NONE',(44.055,60.448997,0.002));
#954=CARTESIAN_POINT('NONE',(40.855,60.448997,0.002));
#955=CARTESIAN_POINT('NONE',(40.855,65.649002,0.002));
#956=CARTESIAN_POINT('NONE',(-45.229,37.07,0.002));
#957=CARTESIAN_POINT('NONE',(-45.283001,37.022999,0.002));
#958=CARTESIAN_POINT('NONE',(-45.334999,36.973999,0.002));
#959=CARTESIAN_POINT('NONE',(-45.383999,36.921997,0.002));
#960=CARTESIAN_POINT('NONE',(-45.43,36.868,0.002));
#961=CARTESIAN_POINT('NONE',(-45.473999,36.811996,0.002));
#962=CARTESIAN_POINT('NONE',(-45.514999,36.753998,0.002));
#963=CARTESIAN_POINT('NONE',(-45.553001,36.693996,0.002));
#964=CARTESIAN_POINT('NONE',(-45.588001,36.632,0.002));
#965=CARTESIAN_POINT('NONE',(-45.621002,36.567997,0.002));
#966=CARTESIAN_POINT('NONE',(-45.649002,36.502998,0.002));
#967=CARTESIAN_POINT('NONE',(-45.674999,36.435997,0.002));
#968=CARTESIAN_POINT('NONE',(-45.696999,36.368999,0.002));
#969=CARTESIAN_POINT('NONE',(-45.716,36.299999,0.002));
#970=CARTESIAN_POINT('NONE',(-45.732002,36.23,0.002));
#971=CARTESIAN_POINT('NONE',(-45.743999,36.16,0.002));
#972=CARTESIAN_POINT('NONE',(-45.753002,36.088997,0.002));
#973=CARTESIAN_POINT('NONE',(-45.757999,36.017998,0.002));
#974=CARTESIAN_POINT('NONE',(-45.760002,35.946999,0.002));
#975=CARTESIAN_POINT('NONE',(-45.757999,35.875999,0.002));
#976=CARTESIAN_POINT('NONE',(-45.753002,35.804996,0.002));
#977=CARTESIAN_POINT('NONE',(-45.743999,35.733997,0.002));
#978=CARTESIAN_POINT('NONE',(-45.732002,35.663998,0.002));
#979=CARTESIAN_POINT('NONE',(-45.716,35.593998,0.002));
#980=CARTESIAN_POINT('NONE',(-45.696999,35.524998,0.002));
#981=CARTESIAN_POINT('NONE',(-45.674999,35.457996,0.002));
#982=CARTESIAN_POINT('NONE',(-45.649002,35.390999,0.002));
#983=CARTESIAN_POINT('NONE',(-45.621002,35.325996,0.002));
#984=CARTESIAN_POINT('NONE',(-45.588001,35.261997,0.002));
#985=CARTESIAN_POINT('NONE',(-45.553001,35.199997,0.002));
#986=CARTESIAN_POINT('NONE',(-45.514999,35.139999,0.002));
#987=CARTESIAN_POINT('NONE',(-45.473999,35.081997,0.002));
#988=CARTESIAN_POINT('NONE',(-45.43,35.025997,0.002));
#989=CARTESIAN_POINT('NONE',(-45.383999,34.972,0.002));
#990=CARTESIAN_POINT('NONE',(-45.334999,34.919998,0.002));
#991=CARTESIAN_POINT('NONE',(-45.283001,34.870998,0.002));
#992=CARTESIAN_POINT('NONE',(-45.229,34.823997,0.002));
#993=CARTESIAN_POINT('NONE',(-45.173,34.779999,0.002));
#994=CARTESIAN_POINT('NONE',(-45.114002,34.738998,0.002));
#995=CARTESIAN_POINT('NONE',(-45.054001,34.700996,0.002));
#996=CARTESIAN_POINT('NONE',(-44.992001,34.665997,0.002));
#997=CARTESIAN_POINT('NONE',(-44.929001,34.633999,0.002));
#998=CARTESIAN_POINT('NONE',(-44.862999,34.605,0.002));
#999=CARTESIAN_POINT('NONE',(-44.797001,34.578999,0.002));
#1000=CARTESIAN_POINT('NONE',(-44.729,34.556999,0.002));
#1001=CARTESIAN_POINT('NONE',(-44.66,34.537998,0.002));
#1002=CARTESIAN_POINT('NONE',(-44.591,34.521999,0.002));
#1003=CARTESIAN_POINT('NONE',(-44.521,34.509998,0.002));
#1004=CARTESIAN_POINT('NONE',(-44.450001,34.500999,0.002));
#1005=CARTESIAN_POINT('NONE',(-44.379002,34.495998,0.002));
#1006=CARTESIAN_POINT('NONE',(-44.307999,34.494999,0.002));
#1007=CARTESIAN_POINT('NONE',(-44.236,34.495998,0.002));
#1008=CARTESIAN_POINT('NONE',(-44.165001,34.500999,0.002));
#1009=CARTESIAN_POINT('NONE',(-44.094002,34.509998,0.002));
#1010=CARTESIAN_POINT('NONE',(-44.024002,34.521999,0.002));
#1011=CARTESIAN_POINT('NONE',(-43.955002,34.537998,0.002));
#1012=CARTESIAN_POINT('NONE',(-43.886002,34.556999,0.002));
#1013=CARTESIAN_POINT('NONE',(-43.818001,34.578999,0.002));
#1014=CARTESIAN_POINT('NONE',(-43.751999,34.605,0.002));
#1015=CARTESIAN_POINT('NONE',(-43.686001,34.633999,0.002));
#1016=CARTESIAN_POINT('NONE',(-43.623001,34.665997,0.002));
#1017=CARTESIAN_POINT('NONE',(-43.561001,34.700996,0.002));
#1018=CARTESIAN_POINT('NONE',(-43.500999,34.738998,0.002));
#1019=CARTESIAN_POINT('NONE',(-43.442001,34.779999,0.002));
#1020=CARTESIAN_POINT('NONE',(-43.386002,34.823997,0.002));
#1021=CARTESIAN_POINT('NONE',(-43.332001,34.870998,0.002));
#1022=CARTESIAN_POINT('NONE',(-43.279999,34.919998,0.002));
#1023=CARTESIAN_POINT('NONE',(-43.230999,34.972,0.002));
#1024=CARTESIAN_POINT('NONE',(-43.185001,35.025997,0.002));
#1025=CARTESIAN_POINT('NONE',(-43.140999,35.081997,0.002));
#1026=CARTESIAN_POINT('NONE',(-43.100002,35.139999,0.002));
#1027=CARTESIAN_POINT('NONE',(-43.062,35.199997,0.002));
#1028=CARTESIAN_POINT('NONE',(-43.027,35.261997,0.002));
#1029=CARTESIAN_POINT('NONE',(-42.993999,35.325996,0.002));
#1030=CARTESIAN_POINT('NONE',(-42.966,35.390999,0.002));
#1031=CARTESIAN_POINT('NONE',(-42.939999,35.457996,0.002));
#1032=CARTESIAN_POINT('NONE',(-42.917999,35.524998,0.002));
#1033=CARTESIAN_POINT('NONE',(-42.899002,35.593998,0.002));
#1034=CARTESIAN_POINT('NONE',(-42.882999,35.663998,0.002));
#1035=CARTESIAN_POINT('NONE',(-42.871002,35.733997,0.002));
#1036=CARTESIAN_POINT('NONE',(-42.862,35.804996,0.002));
#1037=CARTESIAN_POINT('NONE',(-42.857002,35.875999,0.002));
#1038=CARTESIAN_POINT('NONE',(-42.855,35.946999,0.002));
#1039=CARTESIAN_POINT('NONE',(-42.857002,36.017998,0.002));
#1040=CARTESIAN_POINT('NONE',(-42.862,36.088997,0.002));
#1041=CARTESIAN_POINT('NONE',(-42.871002,36.16,0.002));
#1042=CARTESIAN_POINT('NONE',(-42.882999,36.23,0.002));
#1043=CARTESIAN_POINT('NONE',(-42.899002,36.299999,0.002));
#1044=CARTESIAN_POINT('NONE',(-42.917999,36.368999,0.002));
#1045=CARTESIAN_POINT('NONE',(-42.939999,36.435997,0.002));
#1046=CARTESIAN_POINT('NONE',(-42.966,36.502998,0.002));
#1047=CARTESIAN_POINT('NONE',(-42.993999,36.567997,0.002));
#1048=CARTESIAN_POINT('NONE',(-43.027,36.632,0.002));
#1049=CARTESIAN_POINT('NONE',(-43.062,36.693996,0.002));
#1050=CARTESIAN_POINT('NONE',(-43.100002,36.753998,0.002));
#1051=CARTESIAN_POINT('NONE',(-43.140999,36.811996,0.002));
#1052=CARTESIAN_POINT('NONE',(-43.185001,36.868,0.002));
#1053=CARTESIAN_POINT('NONE',(-43.230999,36.921997,0.002));
#1054=CARTESIAN_POINT('NONE',(-43.279999,36.973999,0.002));
#1055=CARTESIAN_POINT('NONE',(-43.332001,37.022999,0.002));
#1056=CARTESIAN_POINT('NONE',(-43.386002,37.07,0.002));
#1057=CARTESIAN_POINT('NONE',(-43.442001,37.113998,0.002));
#1058=CARTESIAN_POINT('NONE',(-43.500999,37.154999,0.002));
#1059=CARTESIAN_POINT('NONE',(-43.561001,37.192997,0.002));
#1060=CARTESIAN_POINT('NONE',(-43.623001,37.227997,0.002));
#1061=CARTESIAN_POINT('NONE',(-43.686001,37.259998,0.002));
#1062=CARTESIAN_POINT('NONE',(-43.751999,37.288998,0.002));
#1063=CARTESIAN_POINT('NONE',(-43.818001,37.314999,0.002));
#1064=CARTESIAN_POINT('NONE',(-43.886002,37.336998,0.002));
#1065=CARTESIAN_POINT('NONE',(-43.955002,37.355999,0.002));
#1066=CARTESIAN_POINT('NONE',(-44.024002,37.371998,0.002));
#1067=CARTESIAN_POINT('NONE',(-44.094002,37.383999,0.002));
#1068=CARTESIAN_POINT('NONE',(-44.165001,37.392998,0.002));
#1069=CARTESIAN_POINT('NONE',(-44.236,37.397999,0.002));
#1070=CARTESIAN_POINT('NONE',(-44.307999,37.399998,0.002));
#1071=CARTESIAN_POINT('NONE',(-44.379002,37.397999,0.002));
#1072=CARTESIAN_POINT('NONE',(-44.450001,37.392998,0.002));
#1073=CARTESIAN_POINT('NONE',(-44.521,37.383999,0.002));
#1074=CARTESIAN_POINT('NONE',(-44.862999,37.288998,0.002));
#1075=CARTESIAN_POINT('NONE',(-44.929001,37.259998,0.002));
#1076=CARTESIAN_POINT('NONE',(-44.992001,37.227997,0.002));
#1077=CARTESIAN_POINT('NONE',(-45.054001,37.192997,0.002));
#1078=CARTESIAN_POINT('NONE',(-45.114002,37.154999,0.002));
#1079=CARTESIAN_POINT('NONE',(-45.173,37.113998,0.002));
#1080=CARTESIAN_POINT('NONE',(44.495998,34.556999,0.002));
#1081=CARTESIAN_POINT('NONE',(44.564999,34.537998,0.002));
#1082=CARTESIAN_POINT('NONE',(44.633999,34.521999,0.002));
#1083=CARTESIAN_POINT('NONE',(44.703999,34.509998,0.002));
#1084=CARTESIAN_POINT('NONE',(44.774998,34.500999,0.002));
#1085=CARTESIAN_POINT('NONE',(44.846001,34.495998,0.002));
#1086=CARTESIAN_POINT('NONE',(44.917,34.494999,0.002));
#1087=CARTESIAN_POINT('NONE',(44.988998,34.495998,0.002));
#1088=CARTESIAN_POINT('NONE',(45.060001,34.500999,0.002));
#1089=CARTESIAN_POINT('NONE',(45.131001,34.509998,0.002));
#1090=CARTESIAN_POINT('NONE',(45.201,34.521999,0.002));
#1091=CARTESIAN_POINT('NONE',(45.27,34.537998,0.002));
#1092=CARTESIAN_POINT('NONE',(45.339001,34.556999,0.002));
#1093=CARTESIAN_POINT('NONE',(45.406998,34.578999,0.002));
#1094=CARTESIAN_POINT('NONE',(45.473,34.605,0.002));
#1095=CARTESIAN_POINT('NONE',(45.538998,34.633999,0.002));
#1096=CARTESIAN_POINT('NONE',(45.602001,34.665997,0.002));
#1097=CARTESIAN_POINT('NONE',(45.663998,34.700996,0.002));
#1098=CARTESIAN_POINT('NONE',(45.723999,34.738998,0.002));
#1099=CARTESIAN_POINT('NONE',(45.783001,34.779999,0.002));
#1100=CARTESIAN_POINT('NONE',(45.839001,34.823997,0.002));
#1101=CARTESIAN_POINT('NONE',(45.892998,34.870998,0.002));
#1102=CARTESIAN_POINT('NONE',(45.945,34.919998,0.002));
#1103=CARTESIAN_POINT('NONE',(45.993999,34.972,0.002));
#1104=CARTESIAN_POINT('NONE',(46.040001,35.025997,0.002));
#1105=CARTESIAN_POINT('NONE',(46.084,35.081997,0.002));
#1106=CARTESIAN_POINT('NONE',(46.125,35.139999,0.002));
#1107=CARTESIAN_POINT('NONE',(46.162998,35.199997,0.002));
#1108=CARTESIAN_POINT('NONE',(46.197998,35.261997,0.002));
#1109=CARTESIAN_POINT('NONE',(46.230999,35.325996,0.002));
#1110=CARTESIAN_POINT('NONE',(46.258999,35.390999,0.002));
#1111=CARTESIAN_POINT('NONE',(46.285,35.457996,0.002));
#1112=CARTESIAN_POINT('NONE',(46.306999,35.524998,0.002));
#1113=CARTESIAN_POINT('NONE',(46.326,35.593998,0.002));
#1114=CARTESIAN_POINT('NONE',(46.341999,35.663998,0.002));
#1115=CARTESIAN_POINT('NONE',(46.354,35.733997,0.002));
#1116=CARTESIAN_POINT('NONE',(46.362999,35.804996,0.002));
#1117=CARTESIAN_POINT('NONE',(46.368,35.875999,0.002));
#1118=CARTESIAN_POINT('NONE',(46.369999,35.946999,0.002));
#1119=CARTESIAN_POINT('NONE',(46.368,36.017998,0.002));
#1120=CARTESIAN_POINT('NONE',(46.362999,36.088997,0.002));
#1121=CARTESIAN_POINT('NONE',(46.354,36.16,0.002));
#1122=CARTESIAN_POINT('NONE',(46.341999,36.23,0.002));
#1123=CARTESIAN_POINT('NONE',(46.326,36.299999,0.002));
#1124=CARTESIAN_POINT('NONE',(46.306999,36.368999,0.002));
#1125=CARTESIAN_POINT('NONE',(46.285,36.435997,0.002));
#1126=CARTESIAN_POINT('NONE',(46.258999,36.502998,0.002));
#1127=CARTESIAN_POINT('NONE',(46.230999,36.567997,0.002));
#1128=CARTESIAN_POINT('NONE',(46.197998,36.632,0.002));
#1129=CARTESIAN_POINT('NONE',(46.162998,36.693996,0.002));
#1130=CARTESIAN_POINT('NONE',(46.125,36.753998,0.002));
#1131=CARTESIAN_POINT('NONE',(46.084,36.811996,0.002));
#1132=CARTESIAN_POINT('NONE',(46.040001,36.868,0.002));
#1133=CARTESIAN_POINT('NONE',(45.993999,36.921997,0.002));
#1134=CARTESIAN_POINT('NONE',(45.945,36.973999,0.002));
#1135=CARTESIAN_POINT('NONE',(45.892998,37.022999,0.002));
#1136=CARTESIAN_POINT('NONE',(45.839001,37.07,0.002));
#1137=CARTESIAN_POINT('NONE',(45.783001,37.113998,0.002));
#1138=CARTESIAN_POINT('NONE',(45.723999,37.154999,0.002));
#1139=CARTESIAN_POINT('NONE',(45.663998,37.192997,0.002));
#1140=CARTESIAN_POINT('NONE',(45.602001,37.227997,0.002));
#1141=CARTESIAN_POINT('NONE',(45.538998,37.259998,0.002));
#1142=CARTESIAN_POINT('NONE',(45.473,37.288998,0.002));
#1143=CARTESIAN_POINT('NONE',(45.406998,37.314999,0.002));
#1144=CARTESIAN_POINT('NONE',(45.339001,37.336998,0.002));
#1145=CARTESIAN_POINT('NONE',(45.27,37.355999,0.002));
#1146=CARTESIAN_POINT('NONE',(45.201,37.371998,0.002));
#1147=CARTESIAN_POINT('NONE',(45.131001,37.383999,0.002));
#1148=CARTESIAN_POINT('NONE',(45.060001,37.392998,0.002));
#1149=CARTESIAN_POINT('NONE',(44.988998,37.397999,0.002));
#1150=CARTESIAN_POINT('NONE',(44.917,37.399998,0.002));
#1151=CARTESIAN_POINT('NONE',(44.846001,37.397999,0.002));
#1152=CARTESIAN_POINT('NONE',(44.774998,37.392998,0.002));
#1153=CARTESIAN_POINT('NONE',(44.703999,37.383999,0.002));
#1154=CARTESIAN_POINT('NONE',(44.633999,37.371998,0.002));
#1155=CARTESIAN_POINT('NONE',(44.564999,37.355999,0.002));
#1156=CARTESIAN_POINT('NONE',(44.495998,37.336998,0.002));
#1157=CARTESIAN_POINT('NONE',(44.428001,37.314999,0.002));
#1158=CARTESIAN_POINT('NONE',(44.362,37.288998,0.002));
#1159=CARTESIAN_POINT('NONE',(44.296001,37.259998,0.002));
#1160=CARTESIAN_POINT('NONE',(44.232998,37.227997,0.002));
#1161=CARTESIAN_POINT('NONE',(44.171001,37.192997,0.002));
#1162=CARTESIAN_POINT('NONE',(44.111,37.154999,0.002));
#1163=CARTESIAN_POINT('NONE',(44.051998,37.113998,0.002));
#1164=CARTESIAN_POINT('NONE',(43.995998,37.07,0.002));
#1165=CARTESIAN_POINT('NONE',(43.942001,37.022999,0.002));
#1166=CARTESIAN_POINT('NONE',(43.889999,36.973999,0.002));
#1167=CARTESIAN_POINT('NONE',(43.841,36.921997,0.002));
#1168=CARTESIAN_POINT('NONE',(43.794998,36.868,0.002));
#1169=CARTESIAN_POINT('NONE',(43.750999,36.811996,0.002));
#1170=CARTESIAN_POINT('NONE',(43.709999,36.753998,0.002));
#1171=CARTESIAN_POINT('NONE',(43.672001,36.693996,0.002));
#1172=CARTESIAN_POINT('NONE',(43.637001,36.632,0.002));
#1173=CARTESIAN_POINT('NONE',(43.604,36.567997,0.002));
#1174=CARTESIAN_POINT('NONE',(43.576,36.502998,0.002));
#1175=CARTESIAN_POINT('NONE',(43.549999,36.435997,0.002));
#1176=CARTESIAN_POINT('NONE',(43.528,36.368999,0.002));
#1177=CARTESIAN_POINT('NONE',(43.508999,36.299999,0.002));
#1178=CARTESIAN_POINT('NONE',(43.493,36.23,0.002));
#1179=CARTESIAN_POINT('NONE',(43.480999,36.16,0.002));
#1180=CARTESIAN_POINT('NONE',(43.472,36.088997,0.002));
#1181=CARTESIAN_POINT('NONE',(43.466999,36.017998,0.002));
#1182=CARTESIAN_POINT('NONE',(43.465,35.946999,0.002));
#1183=CARTESIAN_POINT('NONE',(43.466999,35.875999,0.002));
#1184=CARTESIAN_POINT('NONE',(43.472,35.804996,0.002));
#1185=CARTESIAN_POINT('NONE',(43.480999,35.733997,0.002));
#1186=CARTESIAN_POINT('NONE',(43.493,35.663998,0.002));
#1187=CARTESIAN_POINT('NONE',(43.508999,35.593998,0.002));
#1188=CARTESIAN_POINT('NONE',(43.528,35.524998,0.002));
#1189=CARTESIAN_POINT('NONE',(43.549999,35.457996,0.002));
#1190=CARTESIAN_POINT('NONE',(43.576,35.390999,0.002));
#1191=CARTESIAN_POINT('NONE',(43.604,35.325996,0.002));
#1192=CARTESIAN_POINT('NONE',(43.637001,35.261997,0.002));
#1193=CARTESIAN_POINT('NONE',(43.672001,35.199997,0.002));
#1194=CARTESIAN_POINT('NONE',(43.709999,35.139999,0.002));
#1195=CARTESIAN_POINT('NONE',(43.750999,35.081997,0.002));
#1196=CARTESIAN_POINT('NONE',(43.794998,35.025997,0.002));
#1197=CARTESIAN_POINT('NONE',(43.841,34.972,0.002));
#1198=CARTESIAN_POINT('NONE',(43.889999,34.919998,0.002));
#1199=CARTESIAN_POINT('NONE',(43.942001,34.870998,0.002));
#1200=CARTESIAN_POINT('NONE',(43.995998,34.823997,0.002));
#1201=CARTESIAN_POINT('NONE',(44.051998,34.779999,0.002));
#1202=CARTESIAN_POINT('NONE',(44.111,34.738998,0.002));
#1203=CARTESIAN_POINT('NONE',(44.171001,34.700996,0.002));
#1204=CARTESIAN_POINT('NONE',(44.232998,34.665997,0.002));
#1205=CARTESIAN_POINT('NONE',(44.296001,34.633999,0.002));
#1206=CARTESIAN_POINT('NONE',(44.362,34.605,0.002));
#1207=CARTESIAN_POINT('NONE',(44.428001,34.578999,0.002));
#1208=CARTESIAN_POINT('NONE',(-44.942001,63.966,0.002));
#1209=CARTESIAN_POINT('NONE',(-44.879002,63.933998,0.002));
#1210=CARTESIAN_POINT('NONE',(-44.813,63.904999,0.002));
#1211=CARTESIAN_POINT('NONE',(-44.747002,63.878998,0.002));
#1212=CARTESIAN_POINT('NONE',(-44.679001,63.856998,0.002));
#1213=CARTESIAN_POINT('NONE',(-44.610001,63.837997,0.002));
#1214=CARTESIAN_POINT('NONE',(-44.541,63.821999,0.002));
#1215=CARTESIAN_POINT('NONE',(-44.471001,63.809998,0.002));
#1216=CARTESIAN_POINT('NONE',(-44.400002,63.801998,0.002));
#1217=CARTESIAN_POINT('NONE',(-44.328999,63.795998,0.002));
#1218=CARTESIAN_POINT('NONE',(-44.257999,63.794998,0.002));
#1219=CARTESIAN_POINT('NONE',(-44.186001,63.795998,0.002));
#1220=CARTESIAN_POINT('NONE',(-44.115002,63.801998,0.002));
#1221=CARTESIAN_POINT('NONE',(-44.043999,63.809998,0.002));
#1222=CARTESIAN_POINT('NONE',(-43.973999,63.821999,0.002));
#1223=CARTESIAN_POINT('NONE',(-43.904999,63.837997,0.002));
#1224=CARTESIAN_POINT('NONE',(-43.836002,63.856998,0.002));
#1225=CARTESIAN_POINT('NONE',(-43.768002,63.878998,0.002));
#1226=CARTESIAN_POINT('NONE',(-43.702,63.904999,0.002));
#1227=CARTESIAN_POINT('NONE',(-43.636002,63.933998,0.002));
#1228=CARTESIAN_POINT('NONE',(-43.573002,63.966,0.002));
#1229=CARTESIAN_POINT('NONE',(-43.511002,64.000999,0.002));
#1230=CARTESIAN_POINT('NONE',(-43.451,64.039001,0.002));
#1231=CARTESIAN_POINT('NONE',(-43.392002,64.080002,0.002));
#1232=CARTESIAN_POINT('NONE',(-43.336002,64.124001,0.002));
#1233=CARTESIAN_POINT('NONE',(-43.282001,64.170998,0.002));
#1234=CARTESIAN_POINT('NONE',(-43.23,64.220001,0.002));
#1235=CARTESIAN_POINT('NONE',(-43.181,64.271996,0.002));
#1236=CARTESIAN_POINT('NONE',(-43.135002,64.325996,0.002));
#1237=CARTESIAN_POINT('NONE',(-43.091,64.381996,0.002));
#1238=CARTESIAN_POINT('NONE',(-43.049999,64.439995,0.002));
#1239=CARTESIAN_POINT('NONE',(-43.012001,64.5,0.002));
#1240=CARTESIAN_POINT('NONE',(-42.977001,64.561996,0.002));
#1241=CARTESIAN_POINT('NONE',(-42.944,64.625999,0.002));
#1242=CARTESIAN_POINT('NONE',(-42.916,64.691002,0.002));
#1243=CARTESIAN_POINT('NONE',(-42.889999,64.757996,0.002));
#1244=CARTESIAN_POINT('NONE',(-42.868,64.824997,0.002));
#1245=CARTESIAN_POINT('NONE',(-42.848999,64.893997,0.002));
#1246=CARTESIAN_POINT('NONE',(-42.833,64.963997,0.002));
#1247=CARTESIAN_POINT('NONE',(-42.820999,65.033997,0.002));
#1248=CARTESIAN_POINT('NONE',(-42.812,65.104996,0.002));
#1249=CARTESIAN_POINT('NONE',(-42.806999,65.175995,0.002));
#1250=CARTESIAN_POINT('NONE',(-42.805,65.247002,0.002));
#1251=CARTESIAN_POINT('NONE',(-42.806999,65.318001,0.002));
#1252=CARTESIAN_POINT('NONE',(-42.812,65.389,0.002));
#1253=CARTESIAN_POINT('NONE',(-42.820999,65.459999,0.002));
#1254=CARTESIAN_POINT('NONE',(-42.833,65.529999,0.002));
#1255=CARTESIAN_POINT('NONE',(-42.848999,65.599998,0.002));
#1256=CARTESIAN_POINT('NONE',(-42.868,65.668999,0.002));
#1257=CARTESIAN_POINT('NONE',(-42.889999,65.736,0.002));
#1258=CARTESIAN_POINT('NONE',(-42.916,65.803001,0.002));
#1259=CARTESIAN_POINT('NONE',(-42.944,65.867996,0.002));
#1260=CARTESIAN_POINT('NONE',(-42.977001,65.931999,0.002));
#1261=CARTESIAN_POINT('NONE',(-43.012001,65.993996,0.002));
#1262=CARTESIAN_POINT('NONE',(-43.049999,66.054001,0.002));
#1263=CARTESIAN_POINT('NONE',(-43.091,66.112,0.002));
#1264=CARTESIAN_POINT('NONE',(-43.135002,66.167999,0.002));
#1265=CARTESIAN_POINT('NONE',(-43.181,66.222,0.002));
#1266=CARTESIAN_POINT('NONE',(-43.23,66.274002,0.002));
#1267=CARTESIAN_POINT('NONE',(-43.282001,66.322998,0.002));
#1268=CARTESIAN_POINT('NONE',(-43.336002,66.369995,0.002));
#1269=CARTESIAN_POINT('NONE',(-43.392002,66.414001,0.002));
#1270=CARTESIAN_POINT('NONE',(-43.451,66.455002,0.002));
#1271=CARTESIAN_POINT('NONE',(-43.511002,66.492996,0.002));
#1272=CARTESIAN_POINT('NONE',(-43.573002,66.528,0.002));
#1273=CARTESIAN_POINT('NONE',(-43.636002,66.559998,0.002));
#1274=CARTESIAN_POINT('NONE',(-43.702,66.588997,0.002));
#1275=CARTESIAN_POINT('NONE',(-43.768002,66.614998,0.002));
#1276=CARTESIAN_POINT('NONE',(-43.836002,66.637001,0.002));
#1277=CARTESIAN_POINT('NONE',(-43.904999,66.655998,0.002));
#1278=CARTESIAN_POINT('NONE',(-43.973999,66.671997,0.002));
#1279=CARTESIAN_POINT('NONE',(-44.043999,66.683998,0.002));
#1280=CARTESIAN_POINT('NONE',(-44.115002,66.693001,0.002));
#1281=CARTESIAN_POINT('NONE',(-44.186001,66.697998,0.002));
#1282=CARTESIAN_POINT('NONE',(-44.257999,66.699997,0.002));
#1283=CARTESIAN_POINT('NONE',(-44.328999,66.697998,0.002));
#1284=CARTESIAN_POINT('NONE',(-44.400002,66.693001,0.002));
#1285=CARTESIAN_POINT('NONE',(-44.471001,66.683998,0.002));
#1286=CARTESIAN_POINT('NONE',(-44.541,66.671997,0.002));
#1287=CARTESIAN_POINT('NONE',(-44.610001,66.655998,0.002));
#1288=CARTESIAN_POINT('NONE',(-44.679001,66.637001,0.002));
#1289=CARTESIAN_POINT('NONE',(-44.747002,66.614998,0.002));
#1290=CARTESIAN_POINT('NONE',(-44.813,66.588997,0.002));
#1291=CARTESIAN_POINT('NONE',(-44.879002,66.559998,0.002));
#1292=CARTESIAN_POINT('NONE',(-44.942001,66.528,0.002));
#1293=CARTESIAN_POINT('NONE',(-45.004002,66.492996,0.002));
#1294=CARTESIAN_POINT('NONE',(-45.063999,66.455002,0.002));
#1295=CARTESIAN_POINT('NONE',(-45.123001,66.414001,0.002));
#1296=CARTESIAN_POINT('NONE',(-45.179001,66.369995,0.002));
#1297=CARTESIAN_POINT('NONE',(-45.233002,66.322998,0.002));
#1298=CARTESIAN_POINT('NONE',(-45.285,66.274002,0.002));
#1299=CARTESIAN_POINT('NONE',(-45.334,66.222,0.002));
#1300=CARTESIAN_POINT('NONE',(-45.380001,66.167999,0.002));
#1301=CARTESIAN_POINT('NONE',(-45.424,66.112,0.002));
#1302=CARTESIAN_POINT('NONE',(-45.465,66.054001,0.002));
#1303=CARTESIAN_POINT('NONE',(-45.503002,65.993996,0.002));
#1304=CARTESIAN_POINT('NONE',(-45.538002,65.931999,0.002));
#1305=CARTESIAN_POINT('NONE',(-45.570999,65.867996,0.002));
#1306=CARTESIAN_POINT('NONE',(-45.598999,65.803001,0.002));
#1307=CARTESIAN_POINT('NONE',(-45.625,65.736,0.002));
#1308=CARTESIAN_POINT('NONE',(-45.646999,65.668999,0.002));
#1309=CARTESIAN_POINT('NONE',(-45.666,65.599998,0.002));
#1310=CARTESIAN_POINT('NONE',(-45.681999,65.529999,0.002));
#1311=CARTESIAN_POINT('NONE',(-45.694,65.459999,0.002));
#1312=CARTESIAN_POINT('NONE',(-45.702999,65.389,0.002));
#1313=CARTESIAN_POINT('NONE',(-45.708,65.318001,0.002));
#1314=CARTESIAN_POINT('NONE',(-45.709999,65.247002,0.002));
#1315=CARTESIAN_POINT('NONE',(-45.708,65.175995,0.002));
#1316=CARTESIAN_POINT('NONE',(-45.702999,65.104996,0.002));
#1317=CARTESIAN_POINT('NONE',(-45.694,65.033997,0.002));
#1318=CARTESIAN_POINT('NONE',(-45.681999,64.963997,0.002));
#1319=CARTESIAN_POINT('NONE',(-45.666,64.893997,0.002));
#1320=CARTESIAN_POINT('NONE',(-45.646999,64.824997,0.002));
#1321=CARTESIAN_POINT('NONE',(-45.625,64.757996,0.002));
#1322=CARTESIAN_POINT('NONE',(-45.598999,64.691002,0.002));
#1323=CARTESIAN_POINT('NONE',(-45.570999,64.625999,0.002));
#1324=CARTESIAN_POINT('NONE',(-45.538002,64.561996,0.002));
#1325=CARTESIAN_POINT('NONE',(-45.503002,64.5,0.002));
#1326=CARTESIAN_POINT('NONE',(-45.465,64.439995,0.002));
#1327=CARTESIAN_POINT('NONE',(-45.424,64.381996,0.002));
#1328=CARTESIAN_POINT('NONE',(-45.380001,64.325996,0.002));
#1329=CARTESIAN_POINT('NONE',(-45.334,64.271996,0.002));
#1330=CARTESIAN_POINT('NONE',(-45.285,64.220001,0.002));
#1331=CARTESIAN_POINT('NONE',(-45.233002,64.170998,0.002));
#1332=CARTESIAN_POINT('NONE',(-45.179001,64.124001,0.002));
#1333=CARTESIAN_POINT('NONE',(-45.123001,64.080002,0.002));
#1334=CARTESIAN_POINT('NONE',(-45.063999,64.039001,0.002));
#1335=CARTESIAN_POINT('NONE',(-45.004002,64.000999,0.002));
#1336=CARTESIAN_POINT('NONE',(44.221001,66.492996,0.002));
#1337=CARTESIAN_POINT('NONE',(44.160999,66.455002,0.002));
#1338=CARTESIAN_POINT('NONE',(44.102001,66.414001,0.002));
#1339=CARTESIAN_POINT('NONE',(44.046001,66.369995,0.002));
#1340=CARTESIAN_POINT('NONE',(43.992001,66.322998,0.002));
#1341=CARTESIAN_POINT('NONE',(43.939999,66.274002,0.002));
#1342=CARTESIAN_POINT('NONE',(43.890999,66.222,0.002));
#1343=CARTESIAN_POINT('NONE',(43.845001,66.167999,0.002));
#1344=CARTESIAN_POINT('NONE',(43.800999,66.112,0.002));
#1345=CARTESIAN_POINT('NONE',(43.759998,66.054001,0.002));
#1346=CARTESIAN_POINT('NONE',(43.722,65.993996,0.002));
#1347=CARTESIAN_POINT('NONE',(43.687,65.931999,0.002));
#1348=CARTESIAN_POINT('NONE',(43.653999,65.867996,0.002));
#1349=CARTESIAN_POINT('NONE',(43.625999,65.803001,0.002));
#1350=CARTESIAN_POINT('NONE',(43.599998,65.736,0.002));
#1351=CARTESIAN_POINT('NONE',(43.577999,65.668999,0.002));
#1352=CARTESIAN_POINT('NONE',(43.558998,65.599998,0.002));
#1353=CARTESIAN_POINT('NONE',(43.542999,65.529999,0.002));
#1354=CARTESIAN_POINT('NONE',(43.530998,65.459999,0.002));
#1355=CARTESIAN_POINT('NONE',(43.521999,65.389,0.002));
#1356=CARTESIAN_POINT('NONE',(43.516998,65.318001,0.002));
#1357=CARTESIAN_POINT('NONE',(43.514999,65.247002,0.002));
#1358=CARTESIAN_POINT('NONE',(43.516998,65.175995,0.002));
#1359=CARTESIAN_POINT('NONE',(43.521999,65.104996,0.002));
#1360=CARTESIAN_POINT('NONE',(43.530998,65.033997,0.002));
#1361=CARTESIAN_POINT('NONE',(43.542999,64.963997,0.002));
#1362=CARTESIAN_POINT('NONE',(43.558998,64.893997,0.002));
#1363=CARTESIAN_POINT('NONE',(43.577999,64.824997,0.002));
#1364=CARTESIAN_POINT('NONE',(43.599998,64.757996,0.002));
#1365=CARTESIAN_POINT('NONE',(43.625999,64.691002,0.002));
#1366=CARTESIAN_POINT('NONE',(43.653999,64.625999,0.002));
#1367=CARTESIAN_POINT('NONE',(43.687,64.561996,0.002));
#1368=CARTESIAN_POINT('NONE',(43.722,64.5,0.002));
#1369=CARTESIAN_POINT('NONE',(43.759998,64.439995,0.002));
#1370=CARTESIAN_POINT('NONE',(43.800999,64.381996,0.002));
#1371=CARTESIAN_POINT('NONE',(43.845001,64.325996,0.002));
#1372=CARTESIAN_POINT('NONE',(43.890999,64.271996,0.002));
#1373=CARTESIAN_POINT('NONE',(43.939999,64.220001,0.002));
#1374=CARTESIAN_POINT('NONE',(43.992001,64.170998,0.002));
#1375=CARTESIAN_POINT('NONE',(44.046001,64.124001,0.002));
#1376=CARTESIAN_POINT('NONE',(44.102001,64.080002,0.002));
#1377=CARTESIAN_POINT('NONE',(44.160999,64.039001,0.002));
#1378=CARTESIAN_POINT('NONE',(44.221001,64.000999,0.002));
#1379=CARTESIAN_POINT('NONE',(44.283001,63.966,0.002));
#1380=CARTESIAN_POINT('NONE',(44.346001,63.933998,0.002));
#1381=CARTESIAN_POINT('NONE',(44.411999,63.904999,0.002));
#1382=CARTESIAN_POINT('NONE',(44.478001,63.878998,0.002));
#1383=CARTESIAN_POINT('NONE',(44.546001,63.856998,0.002));
#1384=CARTESIAN_POINT('NONE',(44.614998,63.837997,0.002));
#1385=CARTESIAN_POINT('NONE',(44.683998,63.821999,0.002));
#1386=CARTESIAN_POINT('NONE',(44.753998,63.809998,0.002));
#1387=CARTESIAN_POINT('NONE',(44.825001,63.801998,0.002));
#1388=CARTESIAN_POINT('NONE',(44.896,63.795998,0.002));
#1389=CARTESIAN_POINT('NONE',(44.966999,63.794998,0.002));
#1390=CARTESIAN_POINT('NONE',(45.038998,63.795998,0.002));
#1391=CARTESIAN_POINT('NONE',(45.110001,63.801998,0.002));
#1392=CARTESIAN_POINT('NONE',(45.181,63.809998,0.002));
#1393=CARTESIAN_POINT('NONE',(45.250999,63.821999,0.002));
#1394=CARTESIAN_POINT('NONE',(45.32,63.837997,0.002));
#1395=CARTESIAN_POINT('NONE',(45.389,63.856998,0.002));
#1396=CARTESIAN_POINT('NONE',(45.457001,63.878998,0.002));
#1397=CARTESIAN_POINT('NONE',(45.522999,63.904999,0.002));
#1398=CARTESIAN_POINT('NONE',(45.589001,63.933998,0.002));
#1399=CARTESIAN_POINT('NONE',(45.652,63.966,0.002));
#1400=CARTESIAN_POINT('NONE',(45.714001,64.000999,0.002));
#1401=CARTESIAN_POINT('NONE',(45.773998,64.039001,0.002));
#1402=CARTESIAN_POINT('NONE',(45.833,64.080002,0.002));
#1403=CARTESIAN_POINT('NONE',(45.889,64.124001,0.002));
#1404=CARTESIAN_POINT('NONE',(45.943001,64.170998,0.002));
#1405=CARTESIAN_POINT('NONE',(45.994999,64.220001,0.002));
#1406=CARTESIAN_POINT('NONE',(46.043999,64.271996,0.002));
#1407=CARTESIAN_POINT('NONE',(46.09,64.325996,0.002));
#1408=CARTESIAN_POINT('NONE',(46.133999,64.381996,0.002));
#1409=CARTESIAN_POINT('NONE',(46.174999,64.439995,0.002));
#1410=CARTESIAN_POINT('NONE',(46.213001,64.5,0.002));
#1411=CARTESIAN_POINT('NONE',(46.248001,64.561996,0.002));
#1412=CARTESIAN_POINT('NONE',(46.280998,64.625999,0.002));
#1413=CARTESIAN_POINT('NONE',(46.308998,64.691002,0.002));
#1414=CARTESIAN_POINT('NONE',(46.334999,64.757996,0.002));
#1415=CARTESIAN_POINT('NONE',(46.356998,64.824997,0.002));
#1416=CARTESIAN_POINT('NONE',(46.375999,64.893997,0.002));
#1417=CARTESIAN_POINT('NONE',(46.391998,64.963997,0.002));
#1418=CARTESIAN_POINT('NONE',(46.403999,65.033997,0.002));
#1419=CARTESIAN_POINT('NONE',(46.412998,65.104996,0.002));
#1420=CARTESIAN_POINT('NONE',(46.417999,65.175995,0.002));
#1421=CARTESIAN_POINT('NONE',(46.419998,65.247002,0.002));
#1422=CARTESIAN_POINT('NONE',(46.417999,65.318001,0.002));
#1423=CARTESIAN_POINT('NONE',(46.412998,65.389,0.002));
#1424=CARTESIAN_POINT('NONE',(46.403999,65.459999,0.002));
#1425=CARTESIAN_POINT('NONE',(46.391998,65.529999,0.002));
#1426=CARTESIAN_POINT('NONE',(46.375999,65.599998,0.002));
#1427=CARTESIAN_POINT('NONE',(46.356998,65.668999,0.002));
#1428=CARTESIAN_POINT('NONE',(46.334999,65.736,0.002));
#1429=CARTESIAN_POINT('NONE',(46.308998,65.803001,0.002));
#1430=CARTESIAN_POINT('NONE',(46.280998,65.867996,0.002));
#1431=CARTESIAN_POINT('NONE',(46.248001,65.931999,0.002));
#1432=CARTESIAN_POINT('NONE',(46.213001,65.993996,0.002));
#1433=CARTESIAN_POINT('NONE',(46.174999,66.054001,0.002));
#1434=CARTESIAN_POINT('NONE',(46.133999,66.112,0.002));
#1435=CARTESIAN_POINT('NONE',(46.09,66.167999,0.002));
#1436=CARTESIAN_POINT('NONE',(46.043999,66.222,0.002));
#1437=CARTESIAN_POINT('NONE',(45.994999,66.274002,0.002));
#1438=CARTESIAN_POINT('NONE',(45.943001,66.322998,0.002));
#1439=CARTESIAN_POINT('NONE',(45.889,66.369995,0.002));
#1440=CARTESIAN_POINT('NONE',(45.833,66.414001,0.002));
#1441=CARTESIAN_POINT('NONE',(45.773998,66.455002,0.002));
#1442=CARTESIAN_POINT('NONE',(45.714001,66.492996,0.002));
#1443=CARTESIAN_POINT('NONE',(45.652,66.528,0.002));
#1444=CARTESIAN_POINT('NONE',(45.589001,66.559998,0.002));
#1445=CARTESIAN_POINT('NONE',(45.522999,66.588997,0.002));
#1446=CARTESIAN_POINT('NONE',(45.457001,66.614998,0.002));
#1447=CARTESIAN_POINT('NONE',(45.389,66.637001,0.002));
#1448=CARTESIAN_POINT('NONE',(45.32,66.655998,0.002));
#1449=CARTESIAN_POINT('NONE',(45.250999,66.671997,0.002));
#1450=CARTESIAN_POINT('NONE',(45.181,66.683998,0.002));
#1451=CARTESIAN_POINT('NONE',(45.110001,66.693001,0.002));
#1452=CARTESIAN_POINT('NONE',(45.038998,66.697998,0.002));
#1453=CARTESIAN_POINT('NONE',(44.966999,66.699997,0.002));
#1454=CARTESIAN_POINT('NONE',(44.896,66.697998,0.002));
#1455=CARTESIAN_POINT('NONE',(44.825001,66.693001,0.002));
#1456=CARTESIAN_POINT('NONE',(44.753998,66.683998,0.002));
#1457=CARTESIAN_POINT('NONE',(44.683998,66.671997,0.002));
#1458=CARTESIAN_POINT('NONE',(44.614998,66.655998,0.002));
#1459=CARTESIAN_POINT('NONE',(44.546001,66.637001,0.002));
#1460=CARTESIAN_POINT('NONE',(44.478001,66.614998,0.002));
#1461=CARTESIAN_POINT('NONE',(44.411999,66.588997,0.002));
#1462=CARTESIAN_POINT('NONE',(44.346001,66.559998,0.002));
#1463=CARTESIAN_POINT('NONE',(44.283001,66.528,0.002));
#1464=CARTESIAN_POINT('NONE',(49.647999,-15.398,0.001));
#1465=CARTESIAN_POINT('NONE',(49.647999,23.997999,0.001));
#1466=CARTESIAN_POINT('NONE',(49.647999,23.997999,12.999));
#1467=CARTESIAN_POINT('NONE',(49.647999,-15.398,12.999));
#1468=CARTESIAN_POINT('NONE',(-49.748001,-15.398,12.999));
#1469=CARTESIAN_POINT('NONE',(-49.748001,-15.398,0.001));
#1470=CARTESIAN_POINT('NONE',(39.752998,15.932,12.999));
#1471=CARTESIAN_POINT('NONE',(39.752998,-6.973,12.999));
#1472=CARTESIAN_POINT('NONE',(-49.748001,-6.973,12.999));
#1473=CARTESIAN_POINT('NONE',(-49.748001,23.997999,12.999));
#1474=CARTESIAN_POINT('NONE',(-49.748001,15.932,12.999));
#1475=CARTESIAN_POINT('NONE',(43.667999,17.892,12.999));
#1476=CARTESIAN_POINT('NONE',(43.610001,17.933001,12.999));
#1477=CARTESIAN_POINT('NONE',(43.554001,17.976999,12.999));
#1478=CARTESIAN_POINT('NONE',(43.5,18.024,12.999));
#1479=CARTESIAN_POINT('NONE',(43.448002,18.073,12.999));
#1480=CARTESIAN_POINT('NONE',(43.398998,18.125,12.999));
#1481=CARTESIAN_POINT('NONE',(43.352001,18.179001,12.999));
#1482=CARTESIAN_POINT('NONE',(43.307999,18.235001,12.999));
#1483=CARTESIAN_POINT('NONE',(43.266998,18.292999,12.999));
#1484=CARTESIAN_POINT('NONE',(43.229,18.353001,12.999));
#1485=CARTESIAN_POINT('NONE',(43.194,18.415001,12.999));
#1486=CARTESIAN_POINT('NONE',(43.161999,18.479,12.999));
#1487=CARTESIAN_POINT('NONE',(43.132999,18.544001,12.999));
#1488=CARTESIAN_POINT('NONE',(43.106998,18.611,12.999));
#1489=CARTESIAN_POINT('NONE',(43.084999,18.677999,12.999));
#1490=CARTESIAN_POINT('NONE',(43.066002,18.747,12.999));
#1491=CARTESIAN_POINT('NONE',(43.049999,18.816999,12.999));
#1492=CARTESIAN_POINT('NONE',(43.037998,18.886999,12.999));
#1493=CARTESIAN_POINT('NONE',(43.028999,18.958,12.999));
#1494=CARTESIAN_POINT('NONE',(43.023998,19.028999,12.999));
#1495=CARTESIAN_POINT('NONE',(43.022999,19.1,12.999));
#1496=CARTESIAN_POINT('NONE',(43.023998,19.171,12.999));
#1497=CARTESIAN_POINT('NONE',(43.028999,19.242001,12.999));
#1498=CARTESIAN_POINT('NONE',(43.037998,19.313,12.999));
#1499=CARTESIAN_POINT('NONE',(43.049999,19.382999,12.999));
#1500=CARTESIAN_POINT('NONE',(43.066002,19.452999,12.999));
#1501=CARTESIAN_POINT('NONE',(43.084999,19.521999,12.999));
#1502=CARTESIAN_POINT('NONE',(43.106998,19.589001,12.999));
#1503=CARTESIAN_POINT('NONE',(43.132999,19.656,12.999));
#1504=CARTESIAN_POINT('NONE',(43.161999,19.721001,12.999));
#1505=CARTESIAN_POINT('NONE',(43.194,19.785,12.999));
#1506=CARTESIAN_POINT('NONE',(43.229,19.847,12.999));
#1507=CARTESIAN_POINT('NONE',(43.266998,19.907,12.999));
#1508=CARTESIAN_POINT('NONE',(43.307999,19.965,12.999));
#1509=CARTESIAN_POINT('NONE',(43.352001,20.021,12.999));
#1510=CARTESIAN_POINT('NONE',(43.398998,20.075001,12.999));
#1511=CARTESIAN_POINT('NONE',(43.448002,20.127001,12.999));
#1512=CARTESIAN_POINT('NONE',(43.5,20.176001,12.999));
#1513=CARTESIAN_POINT('NONE',(43.554001,20.223,12.999));
#1514=CARTESIAN_POINT('NONE',(43.610001,20.267,12.999));
#1515=CARTESIAN_POINT('NONE',(43.667999,20.308001,12.999));
#1516=CARTESIAN_POINT('NONE',(43.728001,20.346001,12.999));
#1517=CARTESIAN_POINT('NONE',(43.790001,20.381001,12.999));
#1518=CARTESIAN_POINT('NONE',(43.854,20.413,12.999));
#1519=CARTESIAN_POINT('NONE',(43.918999,20.441999,12.999));
#1520=CARTESIAN_POINT('NONE',(43.986,20.468,12.999));
#1521=CARTESIAN_POINT('NONE',(44.053001,20.49,12.999));
#1522=CARTESIAN_POINT('NONE',(44.122002,20.509001,12.999));
#1523=CARTESIAN_POINT('NONE',(44.192001,20.525,12.999));
#1524=CARTESIAN_POINT('NONE',(44.262001,20.537001,12.999));
#1525=CARTESIAN_POINT('NONE',(44.333,20.546,12.999));
#1526=CARTESIAN_POINT('NONE',(44.403999,20.551001,12.999));
#1527=CARTESIAN_POINT('NONE',(44.474998,20.552999,12.999));
#1528=CARTESIAN_POINT('NONE',(44.546001,20.551001,12.999));
#1529=CARTESIAN_POINT('NONE',(44.617001,20.546,12.999));
#1530=CARTESIAN_POINT('NONE',(44.688,20.537001,12.999));
#1531=CARTESIAN_POINT('NONE',(44.757999,20.525,12.999));
#1532=CARTESIAN_POINT('NONE',(44.827999,20.509001,12.999));
#1533=CARTESIAN_POINT('NONE',(44.896999,20.49,12.999));
#1534=CARTESIAN_POINT('NONE',(44.964001,20.468,12.999));
#1535=CARTESIAN_POINT('NONE',(45.030998,20.441999,12.999));
#1536=CARTESIAN_POINT('NONE',(45.096001,20.413,12.999));
#1537=CARTESIAN_POINT('NONE',(45.16,20.381001,12.999));
#1538=CARTESIAN_POINT('NONE',(45.222,20.346001,12.999));
#1539=CARTESIAN_POINT('NONE',(45.282001,20.308001,12.999));
#1540=CARTESIAN_POINT('NONE',(45.34,20.267,12.999));
#1541=CARTESIAN_POINT('NONE',(45.396,20.223,12.999));
#1542=CARTESIAN_POINT('NONE',(45.450001,20.176001,12.999));
#1543=CARTESIAN_POINT('NONE',(45.501999,20.127001,12.999));
#1544=CARTESIAN_POINT('NONE',(45.550999,20.075001,12.999));
#1545=CARTESIAN_POINT('NONE',(45.598,20.021,12.999));
#1546=CARTESIAN_POINT('NONE',(45.641998,19.965,12.999));
#1547=CARTESIAN_POINT('NONE',(45.682999,19.907,12.999));
#1548=CARTESIAN_POINT('NONE',(45.721001,19.847,12.999));
#1549=CARTESIAN_POINT('NONE',(45.756001,19.785,12.999));
#1550=CARTESIAN_POINT('NONE',(45.787998,19.721001,12.999));
#1551=CARTESIAN_POINT('NONE',(45.817001,19.656,12.999));
#1552=CARTESIAN_POINT('NONE',(45.842999,19.589001,12.999));
#1553=CARTESIAN_POINT('NONE',(45.865002,19.521999,12.999));
#1554=CARTESIAN_POINT('NONE',(45.883999,19.452999,12.999));
#1555=CARTESIAN_POINT('NONE',(45.900002,19.382999,12.999));
#1556=CARTESIAN_POINT('NONE',(45.911999,19.313,12.999));
#1557=CARTESIAN_POINT('NONE',(45.921001,19.242001,12.999));
#1558=CARTESIAN_POINT('NONE',(45.925999,19.171,12.999));
#1559=CARTESIAN_POINT('NONE',(45.928001,19.1,12.999));
#1560=CARTESIAN_POINT('NONE',(45.925999,19.028999,12.999));
#1561=CARTESIAN_POINT('NONE',(45.921001,18.958,12.999));
#1562=CARTESIAN_POINT('NONE',(45.911999,18.886999,12.999));
#1563=CARTESIAN_POINT('NONE',(45.900002,18.816999,12.999));
#1564=CARTESIAN_POINT('NONE',(45.883999,18.747,12.999));
#1565=CARTESIAN_POINT('NONE',(45.865002,18.677999,12.999));
#1566=CARTESIAN_POINT('NONE',(45.842999,18.611,12.999));
#1567=CARTESIAN_POINT('NONE',(45.817001,18.544001,12.999));
#1568=CARTESIAN_POINT('NONE',(45.787998,18.479,12.999));
#1569=CARTESIAN_POINT('NONE',(45.756001,18.415001,12.999));
#1570=CARTESIAN_POINT('NONE',(45.721001,18.353001,12.999));
#1571=CARTESIAN_POINT('NONE',(45.682999,18.292999,12.999));
#1572=CARTESIAN_POINT('NONE',(45.641998,18.235001,12.999));
#1573=CARTESIAN_POINT('NONE',(45.598,18.179001,12.999));
#1574=CARTESIAN_POINT('NONE',(45.550999,18.125,12.999));
#1575=CARTESIAN_POINT('NONE',(45.501999,18.073,12.999));
#1576=CARTESIAN_POINT('NONE',(45.450001,18.024,12.999));
#1577=CARTESIAN_POINT('NONE',(45.396,17.976999,12.999));
#1578=CARTESIAN_POINT('NONE',(45.34,17.933001,12.999));
#1579=CARTESIAN_POINT('NONE',(45.282001,17.892,12.999));
#1580=CARTESIAN_POINT('NONE',(45.222,17.854,12.999));
#1581=CARTESIAN_POINT('NONE',(45.16,17.819,12.999));
#1582=CARTESIAN_POINT('NONE',(45.096001,17.787001,12.999));
#1583=CARTESIAN_POINT('NONE',(45.030998,17.757999,12.999));
#1584=CARTESIAN_POINT('NONE',(44.964001,17.732,12.999));
#1585=CARTESIAN_POINT('NONE',(44.896999,17.709999,12.999));
#1586=CARTESIAN_POINT('NONE',(44.827999,17.691,12.999));
#1587=CARTESIAN_POINT('NONE',(44.757999,17.674999,12.999));
#1588=CARTESIAN_POINT('NONE',(44.688,17.663,12.999));
#1589=CARTESIAN_POINT('NONE',(44.617001,17.653999,12.999));
#1590=CARTESIAN_POINT('NONE',(44.546001,17.649,12.999));
#1591=CARTESIAN_POINT('NONE',(44.474998,17.648001,12.999));
#1592=CARTESIAN_POINT('NONE',(44.403999,17.649,12.999));
#1593=CARTESIAN_POINT('NONE',(44.333,17.653999,12.999));
#1594=CARTESIAN_POINT('NONE',(44.262001,17.663,12.999));
#1595=CARTESIAN_POINT('NONE',(44.192001,17.674999,12.999));
#1596=CARTESIAN_POINT('NONE',(44.122002,17.691,12.999));
#1597=CARTESIAN_POINT('NONE',(44.053001,17.709999,12.999));
#1598=CARTESIAN_POINT('NONE',(43.986,17.732,12.999));
#1599=CARTESIAN_POINT('NONE',(43.918999,17.757999,12.999));
#1600=CARTESIAN_POINT('NONE',(43.854,17.787001,12.999));
#1601=CARTESIAN_POINT('NONE',(43.790001,17.819,12.999));
#1602=CARTESIAN_POINT('NONE',(43.728001,17.854,12.999));
#1603=CARTESIAN_POINT('NONE',(42.987999,-10.413,12.999));
#1604=CARTESIAN_POINT('NONE',(42.979,-10.342,12.999));
#1605=CARTESIAN_POINT('NONE',(42.973999,-10.271,12.999));
#1606=CARTESIAN_POINT('NONE',(42.973,-10.2,12.999));
#1607=CARTESIAN_POINT('NONE',(42.973999,-10.129,12.999));
#1608=CARTESIAN_POINT('NONE',(42.979,-10.058,12.999));
#1609=CARTESIAN_POINT('NONE',(42.987999,-9.987,12.999));
#1610=CARTESIAN_POINT('NONE',(43,-9.917,12.999));
#1611=CARTESIAN_POINT('NONE',(43.015999,-9.847,12.999));
#1612=CARTESIAN_POINT('NONE',(43.035,-9.778,12.999));
#1613=CARTESIAN_POINT('NONE',(43.056999,-9.711,12.999));
#1614=CARTESIAN_POINT('NONE',(43.083,-9.644,12.999));
#1615=CARTESIAN_POINT('NONE',(43.112,-9.579,12.999));
#1616=CARTESIAN_POINT('NONE',(43.144001,-9.515,12.999));
#1617=CARTESIAN_POINT('NONE',(43.179001,-9.453,12.999));
#1618=CARTESIAN_POINT('NONE',(43.216999,-9.393,12.999));
#1619=CARTESIAN_POINT('NONE',(43.257999,-9.335,12.999));
#1620=CARTESIAN_POINT('NONE',(43.301998,-9.279,12.999));
#1621=CARTESIAN_POINT('NONE',(43.348999,-9.225,12.999));
#1622=CARTESIAN_POINT('NONE',(43.397999,-9.173,12.999));
#1623=CARTESIAN_POINT('NONE',(43.450001,-9.124,12.999));
#1624=CARTESIAN_POINT('NONE',(43.504002,-9.077,12.999));
#1625=CARTESIAN_POINT('NONE',(43.560001,-9.033,12.999));
#1626=CARTESIAN_POINT('NONE',(43.618,-8.992,12.999));
#1627=CARTESIAN_POINT('NONE',(43.678001,-8.954,12.999));
#1628=CARTESIAN_POINT('NONE',(43.740002,-8.919,12.999));
#1629=CARTESIAN_POINT('NONE',(43.804001,-8.887,12.999));
#1630=CARTESIAN_POINT('NONE',(43.868999,-8.858,12.999));
#1631=CARTESIAN_POINT('NONE',(43.936001,-8.832,12.999));
#1632=CARTESIAN_POINT('NONE',(44.002998,-8.81,12.999));
#1633=CARTESIAN_POINT('NONE',(44.071999,-8.791,12.999));
#1634=CARTESIAN_POINT('NONE',(44.141998,-8.775,12.999));
#1635=CARTESIAN_POINT('NONE',(44.212002,-8.763,12.999));
#1636=CARTESIAN_POINT('NONE',(44.283001,-8.754,12.999));
#1637=CARTESIAN_POINT('NONE',(44.354,-8.749,12.999));
#1638=CARTESIAN_POINT('NONE',(44.424999,-8.748,12.999));
#1639=CARTESIAN_POINT('NONE',(44.495998,-8.749,12.999));
#1640=CARTESIAN_POINT('NONE',(44.567001,-8.754,12.999));
#1641=CARTESIAN_POINT('NONE',(44.638,-8.763,12.999));
#1642=CARTESIAN_POINT('NONE',(44.708,-8.775,12.999));
#1643=CARTESIAN_POINT('NONE',(44.778,-8.791,12.999));
#1644=CARTESIAN_POINT('NONE',(44.847,-8.81,12.999));
#1645=CARTESIAN_POINT('NONE',(44.914001,-8.832,12.999));
#1646=CARTESIAN_POINT('NONE',(44.980999,-8.858,12.999));
#1647=CARTESIAN_POINT('NONE',(45.046001,-8.887,12.999));
#1648=CARTESIAN_POINT('NONE',(45.110001,-8.919,12.999));
#1649=CARTESIAN_POINT('NONE',(45.172001,-8.954,12.999));
#1650=CARTESIAN_POINT('NONE',(45.231998,-8.992,12.999));
#1651=CARTESIAN_POINT('NONE',(45.290001,-9.033,12.999));
#1652=CARTESIAN_POINT('NONE',(45.346001,-9.077,12.999));
#1653=CARTESIAN_POINT('NONE',(45.400002,-9.124,12.999));
#1654=CARTESIAN_POINT('NONE',(45.452,-9.173,12.999));
#1655=CARTESIAN_POINT('NONE',(45.500999,-9.225,12.999));
#1656=CARTESIAN_POINT('NONE',(45.548,-9.279,12.999));
#1657=CARTESIAN_POINT('NONE',(45.591999,-9.335,12.999));
#1658=CARTESIAN_POINT('NONE',(45.632999,-9.393,12.999));
#1659=CARTESIAN_POINT('NONE',(45.671001,-9.453,12.999));
#1660=CARTESIAN_POINT('NONE',(45.706001,-9.515,12.999));
#1661=CARTESIAN_POINT('NONE',(45.737999,-9.579,12.999));
#1662=CARTESIAN_POINT('NONE',(45.766998,-9.644,12.999));
#1663=CARTESIAN_POINT('NONE',(45.792999,-9.711,12.999));
#1664=CARTESIAN_POINT('NONE',(45.814999,-9.778,12.999));
#1665=CARTESIAN_POINT('NONE',(45.834,-9.847,12.999));
#1666=CARTESIAN_POINT('NONE',(45.849998,-9.917,12.999));
#1667=CARTESIAN_POINT('NONE',(45.862,-9.987,12.999));
#1668=CARTESIAN_POINT('NONE',(45.870998,-10.058,12.999));
#1669=CARTESIAN_POINT('NONE',(45.875999,-10.129,12.999));
#1670=CARTESIAN_POINT('NONE',(45.877998,-10.2,12.999));
#1671=CARTESIAN_POINT('NONE',(45.875999,-10.271,12.999));
#1672=CARTESIAN_POINT('NONE',(45.870998,-10.342,12.999));
#1673=CARTESIAN_POINT('NONE',(45.862,-10.413,12.999));
#1674=CARTESIAN_POINT('NONE',(45.849998,-10.483,12.999));
#1675=CARTESIAN_POINT('NONE',(45.834,-10.553,12.999));
#1676=CARTESIAN_POINT('NONE',(45.814999,-10.622,12.999));
#1677=CARTESIAN_POINT('NONE',(45.792999,-10.689,12.999));
#1678=CARTESIAN_POINT('NONE',(45.766998,-10.756,12.999));
#1679=CARTESIAN_POINT('NONE',(45.737999,-10.821,12.999));
#1680=CARTESIAN_POINT('NONE',(45.706001,-10.885,12.999));
#1681=CARTESIAN_POINT('NONE',(45.671001,-10.947,12.999));
#1682=CARTESIAN_POINT('NONE',(45.632999,-11.007,12.999));
#1683=CARTESIAN_POINT('NONE',(45.591999,-11.065,12.999));
#1684=CARTESIAN_POINT('NONE',(45.548,-11.121,12.999));
#1685=CARTESIAN_POINT('NONE',(45.500999,-11.175,12.999));
#1686=CARTESIAN_POINT('NONE',(45.452,-11.227,12.999));
#1687=CARTESIAN_POINT('NONE',(45.400002,-11.276,12.999));
#1688=CARTESIAN_POINT('NONE',(45.346001,-11.323,12.999));
#1689=CARTESIAN_POINT('NONE',(45.290001,-11.367,12.999));
#1690=CARTESIAN_POINT('NONE',(45.231998,-11.408,12.999));
#1691=CARTESIAN_POINT('NONE',(45.172001,-11.446,12.999));
#1692=CARTESIAN_POINT('NONE',(45.110001,-11.481,12.999));
#1693=CARTESIAN_POINT('NONE',(45.046001,-11.513,12.999));
#1694=CARTESIAN_POINT('NONE',(44.980999,-11.542,12.999));
#1695=CARTESIAN_POINT('NONE',(44.914001,-11.568,12.999));
#1696=CARTESIAN_POINT('NONE',(44.847,-11.59,12.999));
#1697=CARTESIAN_POINT('NONE',(44.778,-11.609,12.999));
#1698=CARTESIAN_POINT('NONE',(44.708,-11.625,12.999));
#1699=CARTESIAN_POINT('NONE',(44.638,-11.637,12.999));
#1700=CARTESIAN_POINT('NONE',(44.567001,-11.646,12.999));
#1701=CARTESIAN_POINT('NONE',(44.495998,-11.651,12.999));
#1702=CARTESIAN_POINT('NONE',(44.424999,-11.653,12.999));
#1703=CARTESIAN_POINT('NONE',(44.354,-11.651,12.999));
#1704=CARTESIAN_POINT('NONE',(44.283001,-11.646,12.999));
#1705=CARTESIAN_POINT('NONE',(44.212002,-11.637,12.999));
#1706=CARTESIAN_POINT('NONE',(44.141998,-11.625,12.999));
#1707=CARTESIAN_POINT('NONE',(44.071999,-11.609,12.999));
#1708=CARTESIAN_POINT('NONE',(44.002998,-11.59,12.999));
#1709=CARTESIAN_POINT('NONE',(43.936001,-11.568,12.999));
#1710=CARTESIAN_POINT('NONE',(43.868999,-11.542,12.999));
#1711=CARTESIAN_POINT('NONE',(43.804001,-11.513,12.999));
#1712=CARTESIAN_POINT('NONE',(43.740002,-11.481,12.999));
#1713=CARTESIAN_POINT('NONE',(43.678001,-11.446,12.999));
#1714=CARTESIAN_POINT('NONE',(43.618,-11.408,12.999));
#1715=CARTESIAN_POINT('NONE',(43.560001,-11.367,12.999));
#1716=CARTESIAN_POINT('NONE',(43.504002,-11.323,12.999));
#1717=CARTESIAN_POINT('NONE',(43.450001,-11.276,12.999));
#1718=CARTESIAN_POINT('NONE',(43.397999,-11.227,12.999));
#1719=CARTESIAN_POINT('NONE',(43.348999,-11.175,12.999));
#1720=CARTESIAN_POINT('NONE',(43.301998,-11.121,12.999));
#1721=CARTESIAN_POINT('NONE',(43.257999,-11.065,12.999));
#1722=CARTESIAN_POINT('NONE',(43.216999,-11.007,12.999));
#1723=CARTESIAN_POINT('NONE',(43.179001,-10.947,12.999));
#1724=CARTESIAN_POINT('NONE',(43.144001,-10.885,12.999));
#1725=CARTESIAN_POINT('NONE',(43.112,-10.821,12.999));
#1726=CARTESIAN_POINT('NONE',(43.083,-10.756,12.999));
#1727=CARTESIAN_POINT('NONE',(43.056999,-10.689,12.999));
#1728=CARTESIAN_POINT('NONE',(43.035,-10.622,12.999));
#1729=CARTESIAN_POINT('NONE',(43.015999,-10.553,12.999));
#1730=CARTESIAN_POINT('NONE',(43,-10.483,12.999));
#1731=CARTESIAN_POINT('NONE',(-43.591999,-11.007,12.999));
#1732=CARTESIAN_POINT('NONE',(-43.632999,-11.065,12.999));
#1733=CARTESIAN_POINT('NONE',(-43.676998,-11.121,12.999));
#1734=CARTESIAN_POINT('NONE',(-43.723999,-11.175,12.999));
#1735=CARTESIAN_POINT('NONE',(-43.772999,-11.227,12.999));
#1736=CARTESIAN_POINT('NONE',(-43.825001,-11.276,12.999));
#1737=CARTESIAN_POINT('NONE',(-43.879002,-11.323,12.999));
#1738=CARTESIAN_POINT('NONE',(-43.935001,-11.367,12.999));
#1739=CARTESIAN_POINT('NONE',(-43.993,-11.408,12.999));
#1740=CARTESIAN_POINT('NONE',(-44.053001,-11.446,12.999));
#1741=CARTESIAN_POINT('NONE',(-44.115002,-11.481,12.999));
#1742=CARTESIAN_POINT('NONE',(-44.179001,-11.513,12.999));
#1743=CARTESIAN_POINT('NONE',(-44.243999,-11.542,12.999));
#1744=CARTESIAN_POINT('NONE',(-44.311001,-11.568,12.999));
#1745=CARTESIAN_POINT('NONE',(-44.377998,-11.59,12.999));
#1746=CARTESIAN_POINT('NONE',(-44.446999,-11.609,12.999));
#1747=CARTESIAN_POINT('NONE',(-44.516998,-11.625,12.999));
#1748=CARTESIAN_POINT('NONE',(-44.587002,-11.637,12.999));
#1749=CARTESIAN_POINT('NONE',(-44.658001,-11.646,12.999));
#1750=CARTESIAN_POINT('NONE',(-44.729,-11.651,12.999));
#1751=CARTESIAN_POINT('NONE',(-44.799999,-11.653,12.999));
#1752=CARTESIAN_POINT('NONE',(-44.870998,-11.651,12.999));
#1753=CARTESIAN_POINT('NONE',(-44.942001,-11.646,12.999));
#1754=CARTESIAN_POINT('NONE',(-45.013,-11.637,12.999));
#1755=CARTESIAN_POINT('NONE',(-45.083,-11.625,12.999));
#1756=CARTESIAN_POINT('NONE',(-45.153,-11.609,12.999));
#1757=CARTESIAN_POINT('NONE',(-45.222,-11.59,12.999));
#1758=CARTESIAN_POINT('NONE',(-45.289001,-11.568,12.999));
#1759=CARTESIAN_POINT('NONE',(-45.355999,-11.542,12.999));
#1760=CARTESIAN_POINT('NONE',(-45.421001,-11.513,12.999));
#1761=CARTESIAN_POINT('NONE',(-45.485001,-11.481,12.999));
#1762=CARTESIAN_POINT('NONE',(-45.547001,-11.446,12.999));
#1763=CARTESIAN_POINT('NONE',(-45.606998,-11.408,12.999));
#1764=CARTESIAN_POINT('NONE',(-45.665001,-11.367,12.999));
#1765=CARTESIAN_POINT('NONE',(-45.721001,-11.323,12.999));
#1766=CARTESIAN_POINT('NONE',(-45.775002,-11.276,12.999));
#1767=CARTESIAN_POINT('NONE',(-45.827,-11.227,12.999));
#1768=CARTESIAN_POINT('NONE',(-45.875999,-11.175,12.999));
#1769=CARTESIAN_POINT('NONE',(-45.923,-11.121,12.999));
#1770=CARTESIAN_POINT('NONE',(-45.966999,-11.065,12.999));
#1771=CARTESIAN_POINT('NONE',(-46.007999,-11.007,12.999));
#1772=CARTESIAN_POINT('NONE',(-46.046001,-10.947,12.999));
#1773=CARTESIAN_POINT('NONE',(-46.081001,-10.885,12.999));
#1774=CARTESIAN_POINT('NONE',(-46.112999,-10.821,12.999));
#1775=CARTESIAN_POINT('NONE',(-46.141998,-10.756,12.999));
#1776=CARTESIAN_POINT('NONE',(-46.167999,-10.689,12.999));
#1777=CARTESIAN_POINT('NONE',(-46.189999,-10.622,12.999));
#1778=CARTESIAN_POINT('NONE',(-46.209,-10.553,12.999));
#1779=CARTESIAN_POINT('NONE',(-46.224998,-10.483,12.999));
#1780=CARTESIAN_POINT('NONE',(-46.237,-10.413,12.999));
#1781=CARTESIAN_POINT('NONE',(-46.245998,-10.342,12.999));
#1782=CARTESIAN_POINT('NONE',(-46.250999,-10.271,12.999));
#1783=CARTESIAN_POINT('NONE',(-46.252998,-10.2,12.999));
#1784=CARTESIAN_POINT('NONE',(-46.250999,-10.129,12.999));
#1785=CARTESIAN_POINT('NONE',(-46.245998,-10.058,12.999));
#1786=CARTESIAN_POINT('NONE',(-46.237,-9.987,12.999));
#1787=CARTESIAN_POINT('NONE',(-46.224998,-9.917,12.999));
#1788=CARTESIAN_POINT('NONE',(-46.209,-9.847,12.999));
#1789=CARTESIAN_POINT('NONE',(-46.189999,-9.778,12.999));
#1790=CARTESIAN_POINT('NONE',(-46.167999,-9.711,12.999));
#1791=CARTESIAN_POINT('NONE',(-46.141998,-9.644,12.999));
#1792=CARTESIAN_POINT('NONE',(-46.112999,-9.579,12.999));
#1793=CARTESIAN_POINT('NONE',(-46.081001,-9.515,12.999));
#1794=CARTESIAN_POINT('NONE',(-46.046001,-9.453,12.999));
#1795=CARTESIAN_POINT('NONE',(-46.007999,-9.393,12.999));
#1796=CARTESIAN_POINT('NONE',(-45.966999,-9.335,12.999));
#1797=CARTESIAN_POINT('NONE',(-45.923,-9.279,12.999));
#1798=CARTESIAN_POINT('NONE',(-45.875999,-9.225,12.999));
#1799=CARTESIAN_POINT('NONE',(-45.827,-9.173,12.999));
#1800=CARTESIAN_POINT('NONE',(-45.775002,-9.124,12.999));
#1801=CARTESIAN_POINT('NONE',(-45.721001,-9.077,12.999));
#1802=CARTESIAN_POINT('NONE',(-45.665001,-9.033,12.999));
#1803=CARTESIAN_POINT('NONE',(-45.606998,-8.992,12.999));
#1804=CARTESIAN_POINT('NONE',(-45.547001,-8.954,12.999));
#1805=CARTESIAN_POINT('NONE',(-45.485001,-8.919,12.999));
#1806=CARTESIAN_POINT('NONE',(-45.421001,-8.887,12.999));
#1807=CARTESIAN_POINT('NONE',(-45.355999,-8.858,12.999));
#1808=CARTESIAN_POINT('NONE',(-45.289001,-8.832,12.999));
#1809=CARTESIAN_POINT('NONE',(-45.222,-8.81,12.999));
#1810=CARTESIAN_POINT('NONE',(-45.153,-8.791,12.999));
#1811=CARTESIAN_POINT('NONE',(-45.083,-8.775,12.999));
#1812=CARTESIAN_POINT('NONE',(-45.013,-8.763,12.999));
#1813=CARTESIAN_POINT('NONE',(-44.942001,-8.754,12.999));
#1814=CARTESIAN_POINT('NONE',(-44.870998,-8.749,12.999));
#1815=CARTESIAN_POINT('NONE',(-44.799999,-8.748,12.999));
#1816=CARTESIAN_POINT('NONE',(-44.729,-8.749,12.999));
#1817=CARTESIAN_POINT('NONE',(-44.658001,-8.754,12.999));
#1818=CARTESIAN_POINT('NONE',(-44.587002,-8.763,12.999));
#1819=CARTESIAN_POINT('NONE',(-44.516998,-8.775,12.999));
#1820=CARTESIAN_POINT('NONE',(-44.446999,-8.791,12.999));
#1821=CARTESIAN_POINT('NONE',(-44.377998,-8.81,12.999));
#1822=CARTESIAN_POINT('NONE',(-44.311001,-8.832,12.999));
#1823=CARTESIAN_POINT('NONE',(-44.243999,-8.858,12.999));
#1824=CARTESIAN_POINT('NONE',(-44.179001,-8.887,12.999));
#1825=CARTESIAN_POINT('NONE',(-44.115002,-8.919,12.999));
#1826=CARTESIAN_POINT('NONE',(-44.053001,-8.954,12.999));
#1827=CARTESIAN_POINT('NONE',(-43.993,-8.992,12.999));
#1828=CARTESIAN_POINT('NONE',(-43.935001,-9.033,12.999));
#1829=CARTESIAN_POINT('NONE',(-43.879002,-9.077,12.999));
#1830=CARTESIAN_POINT('NONE',(-43.825001,-9.124,12.999));
#1831=CARTESIAN_POINT('NONE',(-43.772999,-9.173,12.999));
#1832=CARTESIAN_POINT('NONE',(-43.723999,-9.225,12.999));
#1833=CARTESIAN_POINT('NONE',(-43.676998,-9.279,12.999));
#1834=CARTESIAN_POINT('NONE',(-43.632999,-9.335,12.999));
#1835=CARTESIAN_POINT('NONE',(-43.591999,-9.393,12.999));
#1836=CARTESIAN_POINT('NONE',(-43.554001,-9.453,12.999));
#1837=CARTESIAN_POINT('NONE',(-43.519001,-9.515,12.999));
#1838=CARTESIAN_POINT('NONE',(-43.487,-9.579,12.999));
#1839=CARTESIAN_POINT('NONE',(-43.458,-9.644,12.999));
#1840=CARTESIAN_POINT('NONE',(-43.431999,-9.711,12.999));
#1841=CARTESIAN_POINT('NONE',(-43.41,-9.778,12.999));
#1842=CARTESIAN_POINT('NONE',(-43.390999,-9.847,12.999));
#1843=CARTESIAN_POINT('NONE',(-43.375,-9.917,12.999));
#1844=CARTESIAN_POINT('NONE',(-43.362999,-9.987,12.999));
#1845=CARTESIAN_POINT('NONE',(-43.354,-10.058,12.999));
#1846=CARTESIAN_POINT('NONE',(-43.348999,-10.129,12.999));
#1847=CARTESIAN_POINT('NONE',(-43.348,-10.2,12.999));
#1848=CARTESIAN_POINT('NONE',(-43.348999,-10.271,12.999));
#1849=CARTESIAN_POINT('NONE',(-43.354,-10.342,12.999));
#1850=CARTESIAN_POINT('NONE',(-43.362999,-10.413,12.999));
#1851=CARTESIAN_POINT('NONE',(-43.375,-10.483,12.999));
#1852=CARTESIAN_POINT('NONE',(-43.390999,-10.553,12.999));
#1853=CARTESIAN_POINT('NONE',(-43.41,-10.622,12.999));
#1854=CARTESIAN_POINT('NONE',(-43.431999,-10.689,12.999));
#1855=CARTESIAN_POINT('NONE',(-43.458,-10.756,12.999));
#1856=CARTESIAN_POINT('NONE',(-43.487,-10.821,12.999));
#1857=CARTESIAN_POINT('NONE',(-43.519001,-10.885,12.999));
#1858=CARTESIAN_POINT('NONE',(-43.554001,-10.947,12.999));
#1859=CARTESIAN_POINT('NONE',(-43.626999,20.021,12.999));
#1860=CARTESIAN_POINT('NONE',(-43.583,19.965,12.999));
#1861=CARTESIAN_POINT('NONE',(-43.542,19.907,12.999));
#1862=CARTESIAN_POINT('NONE',(-43.504002,19.847,12.999));
#1863=CARTESIAN_POINT('NONE',(-43.469002,19.785,12.999));
#1864=CARTESIAN_POINT('NONE',(-43.437,19.721001,12.999));
#1865=CARTESIAN_POINT('NONE',(-43.408001,19.656,12.999));
#1866=CARTESIAN_POINT('NONE',(-43.382,19.589001,12.999));
#1867=CARTESIAN_POINT('NONE',(-43.360001,19.521999,12.999));
#1868=CARTESIAN_POINT('NONE',(-43.341,19.452999,12.999));
#1869=CARTESIAN_POINT('NONE',(-43.325001,19.382999,12.999));
#1870=CARTESIAN_POINT('NONE',(-43.313,19.313,12.999));
#1871=CARTESIAN_POINT('NONE',(-43.304001,19.242001,12.999));
#1872=CARTESIAN_POINT('NONE',(-43.299,19.171,12.999));
#1873=CARTESIAN_POINT('NONE',(-43.298,19.1,12.999));
#1874=CARTESIAN_POINT('NONE',(-43.299,19.028999,12.999));
#1875=CARTESIAN_POINT('NONE',(-43.304001,18.958,12.999));
#1876=CARTESIAN_POINT('NONE',(-43.313,18.886999,12.999));
#1877=CARTESIAN_POINT('NONE',(-43.325001,18.816999,12.999));
#1878=CARTESIAN_POINT('NONE',(-43.341,18.747,12.999));
#1879=CARTESIAN_POINT('NONE',(-43.360001,18.677999,12.999));
#1880=CARTESIAN_POINT('NONE',(-43.382,18.611,12.999));
#1881=CARTESIAN_POINT('NONE',(-43.408001,18.544001,12.999));
#1882=CARTESIAN_POINT('NONE',(-43.437,18.479,12.999));
#1883=CARTESIAN_POINT('NONE',(-43.469002,18.415001,12.999));
#1884=CARTESIAN_POINT('NONE',(-43.504002,18.353001,12.999));
#1885=CARTESIAN_POINT('NONE',(-43.542,18.292999,12.999));
#1886=CARTESIAN_POINT('NONE',(-43.583,18.235001,12.999));
#1887=CARTESIAN_POINT('NONE',(-43.626999,18.179001,12.999));
#1888=CARTESIAN_POINT('NONE',(-43.674,18.125,12.999));
#1889=CARTESIAN_POINT('NONE',(-43.723,18.073,12.999));
#1890=CARTESIAN_POINT('NONE',(-43.775002,18.024,12.999));
#1891=CARTESIAN_POINT('NONE',(-43.828999,17.976999,12.999));
#1892=CARTESIAN_POINT('NONE',(-43.884998,17.933001,12.999));
#1893=CARTESIAN_POINT('NONE',(-43.943001,17.892,12.999));
#1894=CARTESIAN_POINT('NONE',(-44.002998,17.854,12.999));
#1895=CARTESIAN_POINT('NONE',(-44.064999,17.819,12.999));
#1896=CARTESIAN_POINT('NONE',(-44.129002,17.787001,12.999));
#1897=CARTESIAN_POINT('NONE',(-44.194,17.757999,12.999));
#1898=CARTESIAN_POINT('NONE',(-44.261002,17.732,12.999));
#1899=CARTESIAN_POINT('NONE',(-44.327999,17.709999,12.999));
#1900=CARTESIAN_POINT('NONE',(-44.396999,17.691,12.999));
#1901=CARTESIAN_POINT('NONE',(-44.466999,17.674999,12.999));
#1902=CARTESIAN_POINT('NONE',(-44.536999,17.663,12.999));
#1903=CARTESIAN_POINT('NONE',(-44.608002,17.653999,12.999));
#1904=CARTESIAN_POINT('NONE',(-44.679001,17.649,12.999));
#1905=CARTESIAN_POINT('NONE',(-44.75,17.648001,12.999));
#1906=CARTESIAN_POINT('NONE',(-44.820999,17.649,12.999));
#1907=CARTESIAN_POINT('NONE',(-44.891998,17.653999,12.999));
#1908=CARTESIAN_POINT('NONE',(-44.963001,17.663,12.999));
#1909=CARTESIAN_POINT('NONE',(-45.033001,17.674999,12.999));
#1910=CARTESIAN_POINT('NONE',(-45.103001,17.691,12.999));
#1911=CARTESIAN_POINT('NONE',(-45.172001,17.709999,12.999));
#1912=CARTESIAN_POINT('NONE',(-45.238998,17.732,12.999));
#1913=CARTESIAN_POINT('NONE',(-45.306,17.757999,12.999));
#1914=CARTESIAN_POINT('NONE',(-45.370998,17.787001,12.999));
#1915=CARTESIAN_POINT('NONE',(-45.435001,17.819,12.999));
#1916=CARTESIAN_POINT('NONE',(-45.497002,17.854,12.999));
#1917=CARTESIAN_POINT('NONE',(-45.556999,17.892,12.999));
#1918=CARTESIAN_POINT('NONE',(-45.615002,17.933001,12.999));
#1919=CARTESIAN_POINT('NONE',(-45.671001,17.976999,12.999));
#1920=CARTESIAN_POINT('NONE',(-45.724998,18.024,12.999));
#1921=CARTESIAN_POINT('NONE',(-45.777,18.073,12.999));
#1922=CARTESIAN_POINT('NONE',(-45.826,18.125,12.999));
#1923=CARTESIAN_POINT('NONE',(-45.873001,18.179001,12.999));
#1924=CARTESIAN_POINT('NONE',(-45.917,18.235001,12.999));
#1925=CARTESIAN_POINT('NONE',(-45.958,18.292999,12.999));
#1926=CARTESIAN_POINT('NONE',(-45.995998,18.353001,12.999));
#1927=CARTESIAN_POINT('NONE',(-46.030998,18.415001,12.999));
#1928=CARTESIAN_POINT('NONE',(-46.063,18.479,12.999));
#1929=CARTESIAN_POINT('NONE',(-46.091999,18.544001,12.999));
#1930=CARTESIAN_POINT('NONE',(-46.118,18.611,12.999));
#1931=CARTESIAN_POINT('NONE',(-46.139999,18.677999,12.999));
#1932=CARTESIAN_POINT('NONE',(-46.159,18.747,12.999));
#1933=CARTESIAN_POINT('NONE',(-46.174999,18.816999,12.999));
#1934=CARTESIAN_POINT('NONE',(-46.187,18.886999,12.999));
#1935=CARTESIAN_POINT('NONE',(-46.195999,18.958,12.999));
#1936=CARTESIAN_POINT('NONE',(-46.201,19.028999,12.999));
#1937=CARTESIAN_POINT('NONE',(-46.202999,19.1,12.999));
#1938=CARTESIAN_POINT('NONE',(-46.201,19.171,12.999));
#1939=CARTESIAN_POINT('NONE',(-46.195999,19.242001,12.999));
#1940=CARTESIAN_POINT('NONE',(-46.187,19.313,12.999));
#1941=CARTESIAN_POINT('NONE',(-46.174999,19.382999,12.999));
#1942=CARTESIAN_POINT('NONE',(-46.159,19.452999,12.999));
#1943=CARTESIAN_POINT('NONE',(-46.139999,19.521999,12.999));
#1944=CARTESIAN_POINT('NONE',(-46.118,19.589001,12.999));
#1945=CARTESIAN_POINT('NONE',(-46.091999,19.656,12.999));
#1946=CARTESIAN_POINT('NONE',(-46.063,19.721001,12.999));
#1947=CARTESIAN_POINT('NONE',(-46.030998,19.785,12.999));
#1948=CARTESIAN_POINT('NONE',(-45.995998,19.847,12.999));
#1949=CARTESIAN_POINT('NONE',(-45.958,19.907,12.999));
#1950=CARTESIAN_POINT('NONE',(-45.917,19.965,12.999));
#1951=CARTESIAN_POINT('NONE',(-45.873001,20.021,12.999));
#1952=CARTESIAN_POINT('NONE',(-45.826,20.075001,12.999));
#1953=CARTESIAN_POINT('NONE',(-45.777,20.127001,12.999));
#1954=CARTESIAN_POINT('NONE',(-45.724998,20.176001,12.999));
#1955=CARTESIAN_POINT('NONE',(-45.671001,20.223,12.999));
#1956=CARTESIAN_POINT('NONE',(-45.615002,20.267,12.999));
#1957=CARTESIAN_POINT('NONE',(-45.556999,20.308001,12.999));
#1958=CARTESIAN_POINT('NONE',(-45.497002,20.346001,12.999));
#1959=CARTESIAN_POINT('NONE',(-45.435001,20.381001,12.999));
#1960=CARTESIAN_POINT('NONE',(-45.370998,20.413,12.999));
#1961=CARTESIAN_POINT('NONE',(-45.306,20.441999,12.999));
#1962=CARTESIAN_POINT('NONE',(-45.238998,20.468,12.999));
#1963=CARTESIAN_POINT('NONE',(-45.172001,20.49,12.999));
#1964=CARTESIAN_POINT('NONE',(-45.103001,20.509001,12.999));
#1965=CARTESIAN_POINT('NONE',(-45.033001,20.525,12.999));
#1966=CARTESIAN_POINT('NONE',(-44.963001,20.537001,12.999));
#1967=CARTESIAN_POINT('NONE',(-44.891998,20.546,12.999));
#1968=CARTESIAN_POINT('NONE',(-44.820999,20.551001,12.999));
#1969=CARTESIAN_POINT('NONE',(-44.75,20.552999,12.999));
#1970=CARTESIAN_POINT('NONE',(-44.679001,20.551001,12.999));
#1971=CARTESIAN_POINT('NONE',(-44.608002,20.546,12.999));
#1972=CARTESIAN_POINT('NONE',(-44.536999,20.537001,12.999));
#1973=CARTESIAN_POINT('NONE',(-44.466999,20.525,12.999));
#1974=CARTESIAN_POINT('NONE',(-44.396999,20.509001,12.999));
#1975=CARTESIAN_POINT('NONE',(-44.327999,20.49,12.999));
#1976=CARTESIAN_POINT('NONE',(-44.261002,20.468,12.999));
#1977=CARTESIAN_POINT('NONE',(-44.194,20.441999,12.999));
#1978=CARTESIAN_POINT('NONE',(-44.129002,20.413,12.999));
#1979=CARTESIAN_POINT('NONE',(-44.064999,20.381001,12.999));
#1980=CARTESIAN_POINT('NONE',(-44.002998,20.346001,12.999));
#1981=CARTESIAN_POINT('NONE',(-43.943001,20.308001,12.999));
#1982=CARTESIAN_POINT('NONE',(-43.884998,20.267,12.999));
#1983=CARTESIAN_POINT('NONE',(-43.828999,20.223,12.999));
#1984=CARTESIAN_POINT('NONE',(-43.775002,20.176001,12.999));
#1985=CARTESIAN_POINT('NONE',(-43.723,20.127001,12.999));
#1986=CARTESIAN_POINT('NONE',(-43.674,20.075001,12.999));
#1987=CARTESIAN_POINT('NONE',(-49.748001,23.997999,0.001));
#1988=CARTESIAN_POINT('NONE',(-39.75,-5.4,0.001));
#1989=CARTESIAN_POINT('NONE',(39.650002,-5.4,0.001));
#1990=CARTESIAN_POINT('NONE',(39.650002,14,0.001));
#1991=CARTESIAN_POINT('NONE',(-39.75,14,0.001));
#1992=CARTESIAN_POINT('NONE',(44.688,17.663,0.001));
#1993=CARTESIAN_POINT('NONE',(44.757999,17.674999,0.001));
#1994=CARTESIAN_POINT('NONE',(44.827999,17.691,0.001));
#1995=CARTESIAN_POINT('NONE',(44.896999,17.709999,0.001));
#1996=CARTESIAN_POINT('NONE',(44.964001,17.732,0.001));
#1997=CARTESIAN_POINT('NONE',(45.030998,17.757999,0.001));
#1998=CARTESIAN_POINT('NONE',(45.096001,17.787001,0.001));
#1999=CARTESIAN_POINT('NONE',(45.16,17.819,0.001));
#2000=CARTESIAN_POINT('NONE',(45.222,17.854,0.001));
#2001=CARTESIAN_POINT('NONE',(45.282001,17.892,0.001));
#2002=CARTESIAN_POINT('NONE',(45.34,17.933001,0.001));
#2003=CARTESIAN_POINT('NONE',(45.396,17.976999,0.001));
#2004=CARTESIAN_POINT('NONE',(45.450001,18.024,0.001));
#2005=CARTESIAN_POINT('NONE',(45.501999,18.073,0.001));
#2006=CARTESIAN_POINT('NONE',(45.550999,18.125,0.001));
#2007=CARTESIAN_POINT('NONE',(45.598,18.179001,0.001));
#2008=CARTESIAN_POINT('NONE',(45.641998,18.235001,0.001));
#2009=CARTESIAN_POINT('NONE',(45.682999,18.292999,0.001));
#2010=CARTESIAN_POINT('NONE',(45.721001,18.353001,0.001));
#2011=CARTESIAN_POINT('NONE',(45.756001,18.415001,0.001));
#2012=CARTESIAN_POINT('NONE',(45.787998,18.479,0.001));
#2013=CARTESIAN_POINT('NONE',(45.817001,18.544001,0.001));
#2014=CARTESIAN_POINT('NONE',(45.842999,18.611,0.001));
#2015=CARTESIAN_POINT('NONE',(45.865002,18.677999,0.001));
#2016=CARTESIAN_POINT('NONE',(45.883999,18.747,0.001));
#2017=CARTESIAN_POINT('NONE',(45.900002,18.816999,0.001));
#2018=CARTESIAN_POINT('NONE',(45.911999,18.886999,0.001));
#2019=CARTESIAN_POINT('NONE',(45.921001,18.958,0.001));
#2020=CARTESIAN_POINT('NONE',(45.925999,19.028999,0.001));
#2021=CARTESIAN_POINT('NONE',(45.928001,19.1,0.001));
#2022=CARTESIAN_POINT('NONE',(45.925999,19.171,0.001));
#2023=CARTESIAN_POINT('NONE',(45.921001,19.242001,0.001));
#2024=CARTESIAN_POINT('NONE',(45.911999,19.313,0.001));
#2025=CARTESIAN_POINT('NONE',(45.900002,19.382999,0.001));
#2026=CARTESIAN_POINT('NONE',(45.883999,19.452999,0.001));
#2027=CARTESIAN_POINT('NONE',(45.865002,19.521999,0.001));
#2028=CARTESIAN_POINT('NONE',(45.842999,19.589001,0.001));
#2029=CARTESIAN_POINT('NONE',(45.817001,19.656,0.001));
#2030=CARTESIAN_POINT('NONE',(45.787998,19.721001,0.001));
#2031=CARTESIAN_POINT('NONE',(45.756001,19.785,0.001));
#2032=CARTESIAN_POINT('NONE',(45.721001,19.847,0.001));
#2033=CARTESIAN_POINT('NONE',(45.682999,19.907,0.001));
#2034=CARTESIAN_POINT('NONE',(45.641998,19.965,0.001));
#2035=CARTESIAN_POINT('NONE',(45.598,20.021,0.001));
#2036=CARTESIAN_POINT('NONE',(45.550999,20.075001,0.001));
#2037=CARTESIAN_POINT('NONE',(45.501999,20.127001,0.001));
#2038=CARTESIAN_POINT('NONE',(45.450001,20.176001,0.001));
#2039=CARTESIAN_POINT('NONE',(45.396,20.223,0.001));
#2040=CARTESIAN_POINT('NONE',(45.34,20.267,0.001));
#2041=CARTESIAN_POINT('NONE',(45.282001,20.308001,0.001));
#2042=CARTESIAN_POINT('NONE',(45.222,20.346001,0.001));
#2043=CARTESIAN_POINT('NONE',(45.16,20.381001,0.001));
#2044=CARTESIAN_POINT('NONE',(45.096001,20.413,0.001));
#2045=CARTESIAN_POINT('NONE',(45.030998,20.441999,0.001));
#2046=CARTESIAN_POINT('NONE',(44.964001,20.468,0.001));
#2047=CARTESIAN_POINT('NONE',(44.896999,20.49,0.001));
#2048=CARTESIAN_POINT('NONE',(44.827999,20.509001,0.001));
#2049=CARTESIAN_POINT('NONE',(44.757999,20.525,0.001));
#2050=CARTESIAN_POINT('NONE',(44.688,20.537001,0.001));
#2051=CARTESIAN_POINT('NONE',(44.617001,20.546,0.001));
#2052=CARTESIAN_POINT('NONE',(44.546001,20.551001,0.001));
#2053=CARTESIAN_POINT('NONE',(44.474998,20.552999,0.001));
#2054=CARTESIAN_POINT('NONE',(44.403999,20.551001,0.001));
#2055=CARTESIAN_POINT('NONE',(44.333,20.546,0.001));
#2056=CARTESIAN_POINT('NONE',(44.262001,20.537001,0.001));
#2057=CARTESIAN_POINT('NONE',(44.192001,20.525,0.001));
#2058=CARTESIAN_POINT('NONE',(44.122002,20.509001,0.001));
#2059=CARTESIAN_POINT('NONE',(44.053001,20.49,0.001));
#2060=CARTESIAN_POINT('NONE',(43.986,20.468,0.001));
#2061=CARTESIAN_POINT('NONE',(43.918999,20.441999,0.001));
#2062=CARTESIAN_POINT('NONE',(43.854,20.413,0.001));
#2063=CARTESIAN_POINT('NONE',(43.790001,20.381001,0.001));
#2064=CARTESIAN_POINT('NONE',(43.728001,20.346001,0.001));
#2065=CARTESIAN_POINT('NONE',(43.667999,20.308001,0.001));
#2066=CARTESIAN_POINT('NONE',(43.610001,20.267,0.001));
#2067=CARTESIAN_POINT('NONE',(43.554001,20.223,0.001));
#2068=CARTESIAN_POINT('NONE',(43.5,20.176001,0.001));
#2069=CARTESIAN_POINT('NONE',(43.448002,20.127001,0.001));
#2070=CARTESIAN_POINT('NONE',(43.398998,20.075001,0.001));
#2071=CARTESIAN_POINT('NONE',(43.352001,20.021,0.001));
#2072=CARTESIAN_POINT('NONE',(43.307999,19.965,0.001));
#2073=CARTESIAN_POINT('NONE',(43.266998,19.907,0.001));
#2074=CARTESIAN_POINT('NONE',(43.229,19.847,0.001));
#2075=CARTESIAN_POINT('NONE',(43.194,19.785,0.001));
#2076=CARTESIAN_POINT('NONE',(43.161999,19.721001,0.001));
#2077=CARTESIAN_POINT('NONE',(43.132999,19.656,0.001));
#2078=CARTESIAN_POINT('NONE',(43.106998,19.589001,0.001));
#2079=CARTESIAN_POINT('NONE',(43.084999,19.521999,0.001));
#2080=CARTESIAN_POINT('NONE',(43.066002,19.452999,0.001));
#2081=CARTESIAN_POINT('NONE',(43.049999,19.382999,0.001));
#2082=CARTESIAN_POINT('NONE',(43.037998,19.313,0.001));
#2083=CARTESIAN_POINT('NONE',(43.028999,19.242001,0.001));
#2084=CARTESIAN_POINT('NONE',(43.023998,19.171,0.001));
#2085=CARTESIAN_POINT('NONE',(43.022999,19.1,0.001));
#2086=CARTESIAN_POINT('NONE',(43.023998,19.028999,0.001));
#2087=CARTESIAN_POINT('NONE',(43.028999,18.958,0.001));
#2088=CARTESIAN_POINT('NONE',(43.037998,18.886999,0.001));
#2089=CARTESIAN_POINT('NONE',(43.049999,18.816999,0.001));
#2090=CARTESIAN_POINT('NONE',(43.066002,18.747,0.001));
#2091=CARTESIAN_POINT('NONE',(43.084999,18.677999,0.001));
#2092=CARTESIAN_POINT('NONE',(43.106998,18.611,0.001));
#2093=CARTESIAN_POINT('NONE',(43.132999,18.544001,0.001));
#2094=CARTESIAN_POINT('NONE',(43.161999,18.479,0.001));
#2095=CARTESIAN_POINT('NONE',(43.194,18.415001,0.001));
#2096=CARTESIAN_POINT('NONE',(43.229,18.353001,0.001));
#2097=CARTESIAN_POINT('NONE',(43.266998,18.292999,0.001));
#2098=CARTESIAN_POINT('NONE',(43.307999,18.235001,0.001));
#2099=CARTESIAN_POINT('NONE',(43.352001,18.179001,0.001));
#2100=CARTESIAN_POINT('NONE',(43.398998,18.125,0.001));
#2101=CARTESIAN_POINT('NONE',(43.448002,18.073,0.001));
#2102=CARTESIAN_POINT('NONE',(43.5,18.024,0.001));
#2103=CARTESIAN_POINT('NONE',(43.554001,17.976999,0.001));
#2104=CARTESIAN_POINT('NONE',(43.610001,17.933001,0.001));
#2105=CARTESIAN_POINT('NONE',(43.667999,17.892,0.001));
#2106=CARTESIAN_POINT('NONE',(43.728001,17.854,0.001));
#2107=CARTESIAN_POINT('NONE',(43.790001,17.819,0.001));
#2108=CARTESIAN_POINT('NONE',(43.854,17.787001,0.001));
#2109=CARTESIAN_POINT('NONE',(43.918999,17.757999,0.001));
#2110=CARTESIAN_POINT('NONE',(43.986,17.732,0.001));
#2111=CARTESIAN_POINT('NONE',(44.053001,17.709999,0.001));
#2112=CARTESIAN_POINT('NONE',(44.122002,17.691,0.001));
#2113=CARTESIAN_POINT('NONE',(44.192001,17.674999,0.001));
#2114=CARTESIAN_POINT('NONE',(44.262001,17.663,0.001));
#2115=CARTESIAN_POINT('NONE',(44.333,17.653999,0.001));
#2116=CARTESIAN_POINT('NONE',(44.403999,17.649,0.001));
#2117=CARTESIAN_POINT('NONE',(44.474998,17.648001,0.001));
#2118=CARTESIAN_POINT('NONE',(44.546001,17.649,0.001));
#2119=CARTESIAN_POINT('NONE',(44.617001,17.653999,0.001));
#2120=CARTESIAN_POINT('NONE',(42.987999,-10.413,0.001));
#2121=CARTESIAN_POINT('NONE',(43,-10.483,0.001));
#2122=CARTESIAN_POINT('NONE',(43.015999,-10.553,0.001));
#2123=CARTESIAN_POINT('NONE',(43.035,-10.622,0.001));
#2124=CARTESIAN_POINT('NONE',(43.056999,-10.689,0.001));
#2125=CARTESIAN_POINT('NONE',(43.083,-10.756,0.001));
#2126=CARTESIAN_POINT('NONE',(43.112,-10.821,0.001));
#2127=CARTESIAN_POINT('NONE',(43.144001,-10.885,0.001));
#2128=CARTESIAN_POINT('NONE',(43.179001,-10.947,0.001));
#2129=CARTESIAN_POINT('NONE',(43.216999,-11.007,0.001));
#2130=CARTESIAN_POINT('NONE',(43.257999,-11.065,0.001));
#2131=CARTESIAN_POINT('NONE',(43.301998,-11.121,0.001));
#2132=CARTESIAN_POINT('NONE',(43.348999,-11.175,0.001));
#2133=CARTESIAN_POINT('NONE',(43.397999,-11.227,0.001));
#2134=CARTESIAN_POINT('NONE',(43.450001,-11.276,0.001));
#2135=CARTESIAN_POINT('NONE',(43.504002,-11.323,0.001));
#2136=CARTESIAN_POINT('NONE',(43.560001,-11.367,0.001));
#2137=CARTESIAN_POINT('NONE',(43.618,-11.408,0.001));
#2138=CARTESIAN_POINT('NONE',(43.678001,-11.446,0.001));
#2139=CARTESIAN_POINT('NONE',(43.740002,-11.481,0.001));
#2140=CARTESIAN_POINT('NONE',(43.804001,-11.513,0.001));
#2141=CARTESIAN_POINT('NONE',(43.868999,-11.542,0.001));
#2142=CARTESIAN_POINT('NONE',(43.936001,-11.568,0.001));
#2143=CARTESIAN_POINT('NONE',(44.002998,-11.59,0.001));
#2144=CARTESIAN_POINT('NONE',(44.071999,-11.609,0.001));
#2145=CARTESIAN_POINT('NONE',(44.141998,-11.625,0.001));
#2146=CARTESIAN_POINT('NONE',(44.212002,-11.637,0.001));
#2147=CARTESIAN_POINT('NONE',(44.283001,-11.646,0.001));
#2148=CARTESIAN_POINT('NONE',(44.354,-11.651,0.001));
#2149=CARTESIAN_POINT('NONE',(44.424999,-11.653,0.001));
#2150=CARTESIAN_POINT('NONE',(44.495998,-11.651,0.001));
#2151=CARTESIAN_POINT('NONE',(44.567001,-11.646,0.001));
#2152=CARTESIAN_POINT('NONE',(44.638,-11.637,0.001));
#2153=CARTESIAN_POINT('NONE',(44.708,-11.625,0.001));
#2154=CARTESIAN_POINT('NONE',(44.778,-11.609,0.001));
#2155=CARTESIAN_POINT('NONE',(44.847,-11.59,0.001));
#2156=CARTESIAN_POINT('NONE',(44.914001,-11.568,0.001));
#2157=CARTESIAN_POINT('NONE',(44.980999,-11.542,0.001));
#2158=CARTESIAN_POINT('NONE',(45.046001,-11.513,0.001));
#2159=CARTESIAN_POINT('NONE',(45.110001,-11.481,0.001));
#2160=CARTESIAN_POINT('NONE',(45.172001,-11.446,0.001));
#2161=CARTESIAN_POINT('NONE',(45.231998,-11.408,0.001));
#2162=CARTESIAN_POINT('NONE',(45.290001,-11.367,0.001));
#2163=CARTESIAN_POINT('NONE',(45.346001,-11.323,0.001));
#2164=CARTESIAN_POINT('NONE',(45.400002,-11.276,0.001));
#2165=CARTESIAN_POINT('NONE',(45.452,-11.227,0.001));
#2166=CARTESIAN_POINT('NONE',(45.500999,-11.175,0.001));
#2167=CARTESIAN_POINT('NONE',(45.548,-11.121,0.001));
#2168=CARTESIAN_POINT('NONE',(45.591999,-11.065,0.001));
#2169=CARTESIAN_POINT('NONE',(45.632999,-11.007,0.001));
#2170=CARTESIAN_POINT('NONE',(45.671001,-10.947,0.001));
#2171=CARTESIAN_POINT('NONE',(45.706001,-10.885,0.001));
#2172=CARTESIAN_POINT('NONE',(45.737999,-10.821,0.001));
#2173=CARTESIAN_POINT('NONE',(45.766998,-10.756,0.001));
#2174=CARTESIAN_POINT('NONE',(45.792999,-10.689,0.001));
#2175=CARTESIAN_POINT('NONE',(45.814999,-10.622,0.001));
#2176=CARTESIAN_POINT('NONE',(45.834,-10.553,0.001));
#2177=CARTESIAN_POINT('NONE',(45.849998,-10.483,0.001));
#2178=CARTESIAN_POINT('NONE',(45.862,-10.413,0.001));
#2179=CARTESIAN_POINT('NONE',(45.870998,-10.342,0.001));
#2180=CARTESIAN_POINT('NONE',(45.875999,-10.271,0.001));
#2181=CARTESIAN_POINT('NONE',(45.877998,-10.2,0.001));
#2182=CARTESIAN_POINT('NONE',(45.875999,-10.129,0.001));
#2183=CARTESIAN_POINT('NONE',(45.870998,-10.058,0.001));
#2184=CARTESIAN_POINT('NONE',(45.862,-9.987,0.001));
#2185=CARTESIAN_POINT('NONE',(45.849998,-9.917,0.001));
#2186=CARTESIAN_POINT('NONE',(45.834,-9.847,0.001));
#2187=CARTESIAN_POINT('NONE',(45.814999,-9.778,0.001));
#2188=CARTESIAN_POINT('NONE',(45.792999,-9.711,0.001));
#2189=CARTESIAN_POINT('NONE',(45.766998,-9.644,0.001));
#2190=CARTESIAN_POINT('NONE',(45.737999,-9.579,0.001));
#2191=CARTESIAN_POINT('NONE',(45.706001,-9.515,0.001));
#2192=CARTESIAN_POINT('NONE',(45.671001,-9.453,0.001));
#2193=CARTESIAN_POINT('NONE',(45.632999,-9.393,0.001));
#2194=CARTESIAN_POINT('NONE',(45.591999,-9.335,0.001));
#2195=CARTESIAN_POINT('NONE',(45.548,-9.279,0.001));
#2196=CARTESIAN_POINT('NONE',(45.500999,-9.225,0.001));
#2197=CARTESIAN_POINT('NONE',(45.452,-9.173,0.001));
#2198=CARTESIAN_POINT('NONE',(45.400002,-9.124,0.001));
#2199=CARTESIAN_POINT('NONE',(45.346001,-9.077,0.001));
#2200=CARTESIAN_POINT('NONE',(45.290001,-9.033,0.001));
#2201=CARTESIAN_POINT('NONE',(45.231998,-8.992,0.001));
#2202=CARTESIAN_POINT('NONE',(45.172001,-8.954,0.001));
#2203=CARTESIAN_POINT('NONE',(45.110001,-8.919,0.001));
#2204=CARTESIAN_POINT('NONE',(45.046001,-8.887,0.001));
#2205=CARTESIAN_POINT('NONE',(44.980999,-8.858,0.001));
#2206=CARTESIAN_POINT('NONE',(44.914001,-8.832,0.001));
#2207=CARTESIAN_POINT('NONE',(44.847,-8.81,0.001));
#2208=CARTESIAN_POINT('NONE',(44.778,-8.791,0.001));
#2209=CARTESIAN_POINT('NONE',(44.708,-8.775,0.001));
#2210=CARTESIAN_POINT('NONE',(44.638,-8.763,0.001));
#2211=CARTESIAN_POINT('NONE',(44.567001,-8.754,0.001));
#2212=CARTESIAN_POINT('NONE',(44.495998,-8.749,0.001));
#2213=CARTESIAN_POINT('NONE',(44.424999,-8.748,0.001));
#2214=CARTESIAN_POINT('NONE',(44.354,-8.749,0.001));
#2215=CARTESIAN_POINT('NONE',(44.283001,-8.754,0.001));
#2216=CARTESIAN_POINT('NONE',(44.212002,-8.763,0.001));
#2217=CARTESIAN_POINT('NONE',(44.141998,-8.775,0.001));
#2218=CARTESIAN_POINT('NONE',(44.071999,-8.791,0.001));
#2219=CARTESIAN_POINT('NONE',(44.002998,-8.81,0.001));
#2220=CARTESIAN_POINT('NONE',(43.936001,-8.832,0.001));
#2221=CARTESIAN_POINT('NONE',(43.868999,-8.858,0.001));
#2222=CARTESIAN_POINT('NONE',(43.804001,-8.887,0.001));
#2223=CARTESIAN_POINT('NONE',(43.740002,-8.919,0.001));
#2224=CARTESIAN_POINT('NONE',(43.678001,-8.954,0.001));
#2225=CARTESIAN_POINT('NONE',(43.618,-8.992,0.001));
#2226=CARTESIAN_POINT('NONE',(43.560001,-9.033,0.001));
#2227=CARTESIAN_POINT('NONE',(43.504002,-9.077,0.001));
#2228=CARTESIAN_POINT('NONE',(43.450001,-9.124,0.001));
#2229=CARTESIAN_POINT('NONE',(43.397999,-9.173,0.001));
#2230=CARTESIAN_POINT('NONE',(43.348999,-9.225,0.001));
#2231=CARTESIAN_POINT('NONE',(43.301998,-9.279,0.001));
#2232=CARTESIAN_POINT('NONE',(43.257999,-9.335,0.001));
#2233=CARTESIAN_POINT('NONE',(43.216999,-9.393,0.001));
#2234=CARTESIAN_POINT('NONE',(43.179001,-9.453,0.001));
#2235=CARTESIAN_POINT('NONE',(43.144001,-9.515,0.001));
#2236=CARTESIAN_POINT('NONE',(43.112,-9.579,0.001));
#2237=CARTESIAN_POINT('NONE',(43.083,-9.644,0.001));
#2238=CARTESIAN_POINT('NONE',(43.056999,-9.711,0.001));
#2239=CARTESIAN_POINT('NONE',(43.035,-9.778,0.001));
#2240=CARTESIAN_POINT('NONE',(43.015999,-9.847,0.001));
#2241=CARTESIAN_POINT('NONE',(43,-9.917,0.001));
#2242=CARTESIAN_POINT('NONE',(42.987999,-9.987,0.001));
#2243=CARTESIAN_POINT('NONE',(42.979,-10.058,0.001));
#2244=CARTESIAN_POINT('NONE',(42.973999,-10.129,0.001));
#2245=CARTESIAN_POINT('NONE',(42.973,-10.2,0.001));
#2246=CARTESIAN_POINT('NONE',(42.973999,-10.271,0.001));
#2247=CARTESIAN_POINT('NONE',(42.979,-10.342,0.001));
#2248=CARTESIAN_POINT('NONE',(-43.348999,-10.271,0.001));
#2249=CARTESIAN_POINT('NONE',(-43.348,-10.2,0.001));
#2250=CARTESIAN_POINT('NONE',(-43.348999,-10.129,0.001));
#2251=CARTESIAN_POINT('NONE',(-43.354,-10.058,0.001));
#2252=CARTESIAN_POINT('NONE',(-43.362999,-9.987,0.001));
#2253=CARTESIAN_POINT('NONE',(-43.375,-9.917,0.001));
#2254=CARTESIAN_POINT('NONE',(-43.390999,-9.847,0.001));
#2255=CARTESIAN_POINT('NONE',(-43.41,-9.778,0.001));
#2256=CARTESIAN_POINT('NONE',(-43.431999,-9.711,0.001));
#2257=CARTESIAN_POINT('NONE',(-43.458,-9.644,0.001));
#2258=CARTESIAN_POINT('NONE',(-43.487,-9.579,0.001));
#2259=CARTESIAN_POINT('NONE',(-43.519001,-9.515,0.001));
#2260=CARTESIAN_POINT('NONE',(-43.554001,-9.453,0.001));
#2261=CARTESIAN_POINT('NONE',(-43.591999,-9.393,0.001));
#2262=CARTESIAN_POINT('NONE',(-43.632999,-9.335,0.001));
#2263=CARTESIAN_POINT('NONE',(-43.676998,-9.279,0.001));
#2264=CARTESIAN_POINT('NONE',(-43.723999,-9.225,0.001));
#2265=CARTESIAN_POINT('NONE',(-43.772999,-9.173,0.001));
#2266=CARTESIAN_POINT('NONE',(-43.825001,-9.124,0.001));
#2267=CARTESIAN_POINT('NONE',(-43.879002,-9.077,0.001));
#2268=CARTESIAN_POINT('NONE',(-43.935001,-9.033,0.001));
#2269=CARTESIAN_POINT('NONE',(-43.993,-8.992,0.001));
#2270=CARTESIAN_POINT('NONE',(-44.053001,-8.954,0.001));
#2271=CARTESIAN_POINT('NONE',(-44.115002,-8.919,0.001));
#2272=CARTESIAN_POINT('NONE',(-44.179001,-8.887,0.001));
#2273=CARTESIAN_POINT('NONE',(-44.243999,-8.858,0.001));
#2274=CARTESIAN_POINT('NONE',(-44.311001,-8.832,0.001));
#2275=CARTESIAN_POINT('NONE',(-44.377998,-8.81,0.001));
#2276=CARTESIAN_POINT('NONE',(-44.446999,-8.791,0.001));
#2277=CARTESIAN_POINT('NONE',(-44.516998,-8.775,0.001));
#2278=CARTESIAN_POINT('NONE',(-44.587002,-8.763,0.001));
#2279=CARTESIAN_POINT('NONE',(-44.658001,-8.754,0.001));
#2280=CARTESIAN_POINT('NONE',(-44.729,-8.749,0.001));
#2281=CARTESIAN_POINT('NONE',(-44.799999,-8.748,0.001));
#2282=CARTESIAN_POINT('NONE',(-44.870998,-8.749,0.001));
#2283=CARTESIAN_POINT('NONE',(-44.942001,-8.754,0.001));
#2284=CARTESIAN_POINT('NONE',(-45.013,-8.763,0.001));
#2285=CARTESIAN_POINT('NONE',(-45.083,-8.775,0.001));
#2286=CARTESIAN_POINT('NONE',(-45.153,-8.791,0.001));
#2287=CARTESIAN_POINT('NONE',(-45.222,-8.81,0.001));
#2288=CARTESIAN_POINT('NONE',(-45.289001,-8.832,0.001));
#2289=CARTESIAN_POINT('NONE',(-45.355999,-8.858,0.001));
#2290=CARTESIAN_POINT('NONE',(-45.421001,-8.887,0.001));
#2291=CARTESIAN_POINT('NONE',(-45.485001,-8.919,0.001));
#2292=CARTESIAN_POINT('NONE',(-45.547001,-8.954,0.001));
#2293=CARTESIAN_POINT('NONE',(-45.606998,-8.992,0.001));
#2294=CARTESIAN_POINT('NONE',(-45.665001,-9.033,0.001));
#2295=CARTESIAN_POINT('NONE',(-45.721001,-9.077,0.001));
#2296=CARTESIAN_POINT('NONE',(-45.775002,-9.124,0.001));
#2297=CARTESIAN_POINT('NONE',(-45.827,-9.173,0.001));
#2298=CARTESIAN_POINT('NONE',(-45.875999,-9.225,0.001));
#2299=CARTESIAN_POINT('NONE',(-45.923,-9.279,0.001));
#2300=CARTESIAN_POINT('NONE',(-45.966999,-9.335,0.001));
#2301=CARTESIAN_POINT('NONE',(-46.007999,-9.393,0.001));
#2302=CARTESIAN_POINT('NONE',(-46.046001,-9.453,0.001));
#2303=CARTESIAN_POINT('NONE',(-46.081001,-9.515,0.001));
#2304=CARTESIAN_POINT('NONE',(-46.112999,-9.579,0.001));
#2305=CARTESIAN_POINT('NONE',(-46.141998,-9.644,0.001));
#2306=CARTESIAN_POINT('NONE',(-46.167999,-9.711,0.001));
#2307=CARTESIAN_POINT('NONE',(-46.189999,-9.778,0.001));
#2308=CARTESIAN_POINT('NONE',(-46.209,-9.847,0.001));
#2309=CARTESIAN_POINT('NONE',(-46.224998,-9.917,0.001));
#2310=CARTESIAN_POINT('NONE',(-46.237,-9.987,0.001));
#2311=CARTESIAN_POINT('NONE',(-46.245998,-10.058,0.001));
#2312=CARTESIAN_POINT('NONE',(-46.250999,-10.129,0.001));
#2313=CARTESIAN_POINT('NONE',(-46.252998,-10.2,0.001));
#2314=CARTESIAN_POINT('NONE',(-46.250999,-10.271,0.001));
#2315=CARTESIAN_POINT('NONE',(-46.245998,-10.342,0.001));
#2316=CARTESIAN_POINT('NONE',(-46.237,-10.413,0.001));
#2317=CARTESIAN_POINT('NONE',(-46.224998,-10.483,0.001));
#2318=CARTESIAN_POINT('NONE',(-46.209,-10.553,0.001));
#2319=CARTESIAN_POINT('NONE',(-46.189999,-10.622,0.001));
#2320=CARTESIAN_POINT('NONE',(-46.167999,-10.689,0.001));
#2321=CARTESIAN_POINT('NONE',(-46.141998,-10.756,0.001));
#2322=CARTESIAN_POINT('NONE',(-46.112999,-10.821,0.001));
#2323=CARTESIAN_POINT('NONE',(-46.081001,-10.885,0.001));
#2324=CARTESIAN_POINT('NONE',(-46.046001,-10.947,0.001));
#2325=CARTESIAN_POINT('NONE',(-46.007999,-11.007,0.001));
#2326=CARTESIAN_POINT('NONE',(-45.966999,-11.065,0.001));
#2327=CARTESIAN_POINT('NONE',(-45.923,-11.121,0.001));
#2328=CARTESIAN_POINT('NONE',(-45.875999,-11.175,0.001));
#2329=CARTESIAN_POINT('NONE',(-45.827,-11.227,0.001));
#2330=CARTESIAN_POINT('NONE',(-45.775002,-11.276,0.001));
#2331=CARTESIAN_POINT('NONE',(-45.721001,-11.323,0.001));
#2332=CARTESIAN_POINT('NONE',(-45.665001,-11.367,0.001));
#2333=CARTESIAN_POINT('NONE',(-45.606998,-11.408,0.001));
#2334=CARTESIAN_POINT('NONE',(-45.547001,-11.446,0.001));
#2335=CARTESIAN_POINT('NONE',(-45.485001,-11.481,0.001));
#2336=CARTESIAN_POINT('NONE',(-45.421001,-11.513,0.001));
#2337=CARTESIAN_POINT('NONE',(-45.355999,-11.542,0.001));
#2338=CARTESIAN_POINT('NONE',(-45.289001,-11.568,0.001));
#2339=CARTESIAN_POINT('NONE',(-45.222,-11.59,0.001));
#2340=CARTESIAN_POINT('NONE',(-45.153,-11.609,0.001));
#2341=CARTESIAN_POINT('NONE',(-45.083,-11.625,0.001));
#2342=CARTESIAN_POINT('NONE',(-45.013,-11.637,0.001));
#2343=CARTESIAN_POINT('NONE',(-44.942001,-11.646,0.001));
#2344=CARTESIAN_POINT('NONE',(-44.870998,-11.651,0.001));
#2345=CARTESIAN_POINT('NONE',(-44.799999,-11.653,0.001));
#2346=CARTESIAN_POINT('NONE',(-44.729,-11.651,0.001));
#2347=CARTESIAN_POINT('NONE',(-44.658001,-11.646,0.001));
#2348=CARTESIAN_POINT('NONE',(-44.587002,-11.637,0.001));
#2349=CARTESIAN_POINT('NONE',(-44.516998,-11.625,0.001));
#2350=CARTESIAN_POINT('NONE',(-44.446999,-11.609,0.001));
#2351=CARTESIAN_POINT('NONE',(-44.377998,-11.59,0.001));
#2352=CARTESIAN_POINT('NONE',(-44.311001,-11.568,0.001));
#2353=CARTESIAN_POINT('NONE',(-44.243999,-11.542,0.001));
#2354=CARTESIAN_POINT('NONE',(-44.179001,-11.513,0.001));
#2355=CARTESIAN_POINT('NONE',(-44.115002,-11.481,0.001));
#2356=CARTESIAN_POINT('NONE',(-44.053001,-11.446,0.001));
#2357=CARTESIAN_POINT('NONE',(-43.993,-11.408,0.001));
#2358=CARTESIAN_POINT('NONE',(-43.935001,-11.367,0.001));
#2359=CARTESIAN_POINT('NONE',(-43.879002,-11.323,0.001));
#2360=CARTESIAN_POINT('NONE',(-43.825001,-11.276,0.001));
#2361=CARTESIAN_POINT('NONE',(-43.772999,-11.227,0.001));
#2362=CARTESIAN_POINT('NONE',(-43.723999,-11.175,0.001));
#2363=CARTESIAN_POINT('NONE',(-43.676998,-11.121,0.001));
#2364=CARTESIAN_POINT('NONE',(-43.632999,-11.065,0.001));
#2365=CARTESIAN_POINT('NONE',(-43.591999,-11.007,0.001));
#2366=CARTESIAN_POINT('NONE',(-43.554001,-10.947,0.001));
#2367=CARTESIAN_POINT('NONE',(-43.519001,-10.885,0.001));
#2368=CARTESIAN_POINT('NONE',(-43.487,-10.821,0.001));
#2369=CARTESIAN_POINT('NONE',(-43.458,-10.756,0.001));
#2370=CARTESIAN_POINT('NONE',(-43.431999,-10.689,0.001));
#2371=CARTESIAN_POINT('NONE',(-43.41,-10.622,0.001));
#2372=CARTESIAN_POINT('NONE',(-43.390999,-10.553,0.001));
#2373=CARTESIAN_POINT('NONE',(-43.375,-10.483,0.001));
#2374=CARTESIAN_POINT('NONE',(-43.362999,-10.413,0.001));
#2375=CARTESIAN_POINT('NONE',(-43.354,-10.342,0.001));
#2376=CARTESIAN_POINT('NONE',(-44.261002,17.732,0.001));
#2377=CARTESIAN_POINT('NONE',(-44.194,17.757999,0.001));
#2378=CARTESIAN_POINT('NONE',(-44.129002,17.787001,0.001));
#2379=CARTESIAN_POINT('NONE',(-44.064999,17.819,0.001));
#2380=CARTESIAN_POINT('NONE',(-44.002998,17.854,0.001));
#2381=CARTESIAN_POINT('NONE',(-43.943001,17.892,0.001));
#2382=CARTESIAN_POINT('NONE',(-43.884998,17.933001,0.001));
#2383=CARTESIAN_POINT('NONE',(-43.828999,17.976999,0.001));
#2384=CARTESIAN_POINT('NONE',(-43.775002,18.024,0.001));
#2385=CARTESIAN_POINT('NONE',(-43.723,18.073,0.001));
#2386=CARTESIAN_POINT('NONE',(-43.674,18.125,0.001));
#2387=CARTESIAN_POINT('NONE',(-43.626999,18.179001,0.001));
#2388=CARTESIAN_POINT('NONE',(-43.583,18.235001,0.001));
#2389=CARTESIAN_POINT('NONE',(-43.542,18.292999,0.001));
#2390=CARTESIAN_POINT('NONE',(-43.504002,18.353001,0.001));
#2391=CARTESIAN_POINT('NONE',(-43.469002,18.415001,0.001));
#2392=CARTESIAN_POINT('NONE',(-43.437,18.479,0.001));
#2393=CARTESIAN_POINT('NONE',(-43.408001,18.544001,0.001));
#2394=CARTESIAN_POINT('NONE',(-43.382,18.611,0.001));
#2395=CARTESIAN_POINT('NONE',(-43.360001,18.677999,0.001));
#2396=CARTESIAN_POINT('NONE',(-43.341,18.747,0.001));
#2397=CARTESIAN_POINT('NONE',(-43.325001,18.816999,0.001));
#2398=CARTESIAN_POINT('NONE',(-43.313,18.886999,0.001));
#2399=CARTESIAN_POINT('NONE',(-43.304001,18.958,0.001));
#2400=CARTESIAN_POINT('NONE',(-43.299,19.028999,0.001));
#2401=CARTESIAN_POINT('NONE',(-43.298,19.1,0.001));
#2402=CARTESIAN_POINT('NONE',(-43.299,19.171,0.001));
#2403=CARTESIAN_POINT('NONE',(-43.304001,19.242001,0.001));
#2404=CARTESIAN_POINT('NONE',(-43.313,19.313,0.001));
#2405=CARTESIAN_POINT('NONE',(-43.325001,19.382999,0.001));
#2406=CARTESIAN_POINT('NONE',(-43.341,19.452999,0.001));
#2407=CARTESIAN_POINT('NONE',(-43.360001,19.521999,0.001));
#2408=CARTESIAN_POINT('NONE',(-43.382,19.589001,0.001));
#2409=CARTESIAN_POINT('NONE',(-43.408001,19.656,0.001));
#2410=CARTESIAN_POINT('NONE',(-43.437,19.721001,0.001));
#2411=CARTESIAN_POINT('NONE',(-43.469002,19.785,0.001));
#2412=CARTESIAN_POINT('NONE',(-43.504002,19.847,0.001));
#2413=CARTESIAN_POINT('NONE',(-43.542,19.907,0.001));
#2414=CARTESIAN_POINT('NONE',(-43.583,19.965,0.001));
#2415=CARTESIAN_POINT('NONE',(-43.626999,20.021,0.001));
#2416=CARTESIAN_POINT('NONE',(-43.674,20.075001,0.001));
#2417=CARTESIAN_POINT('NONE',(-43.723,20.127001,0.001));
#2418=CARTESIAN_POINT('NONE',(-43.775002,20.176001,0.001));
#2419=CARTESIAN_POINT('NONE',(-43.828999,20.223,0.001));
#2420=CARTESIAN_POINT('NONE',(-43.884998,20.267,0.001));
#2421=CARTESIAN_POINT('NONE',(-43.943001,20.308001,0.001));
#2422=CARTESIAN_POINT('NONE',(-44.002998,20.346001,0.001));
#2423=CARTESIAN_POINT('NONE',(-44.064999,20.381001,0.001));
#2424=CARTESIAN_POINT('NONE',(-44.129002,20.413,0.001));
#2425=CARTESIAN_POINT('NONE',(-44.194,20.441999,0.001));
#2426=CARTESIAN_POINT('NONE',(-44.261002,20.468,0.001));
#2427=CARTESIAN_POINT('NONE',(-44.327999,20.49,0.001));
#2428=CARTESIAN_POINT('NONE',(-44.396999,20.509001,0.001));
#2429=CARTESIAN_POINT('NONE',(-44.466999,20.525,0.001));
#2430=CARTESIAN_POINT('NONE',(-44.536999,20.537001,0.001));
#2431=CARTESIAN_POINT('NONE',(-44.608002,20.546,0.001));
#2432=CARTESIAN_POINT('NONE',(-44.679001,20.551001,0.001));
#2433=CARTESIAN_POINT('NONE',(-44.75,20.552999,0.001));
#2434=CARTESIAN_POINT('NONE',(-44.820999,20.551001,0.001));
#2435=CARTESIAN_POINT('NONE',(-44.891998,20.546,0.001));
#2436=CARTESIAN_POINT('NONE',(-44.963001,20.537001,0.001));
#2437=CARTESIAN_POINT('NONE',(-45.033001,20.525,0.001));
#2438=CARTESIAN_POINT('NONE',(-45.103001,20.509001,0.001));
#2439=CARTESIAN_POINT('NONE',(-45.172001,20.49,0.001));
#2440=CARTESIAN_POINT('NONE',(-45.238998,20.468,0.001));
#2441=CARTESIAN_POINT('NONE',(-45.306,20.441999,0.001));
#2442=CARTESIAN_POINT('NONE',(-45.370998,20.413,0.001));
#2443=CARTESIAN_POINT('NONE',(-45.435001,20.381001,0.001));
#2444=CARTESIAN_POINT('NONE',(-45.497002,20.346001,0.001));
#2445=CARTESIAN_POINT('NONE',(-45.556999,20.308001,0.001));
#2446=CARTESIAN_POINT('NONE',(-45.615002,20.267,0.001));
#2447=CARTESIAN_POINT('NONE',(-45.671001,20.223,0.001));
#2448=CARTESIAN_POINT('NONE',(-45.724998,20.176001,0.001));
#2449=CARTESIAN_POINT('NONE',(-45.777,20.127001,0.001));
#2450=CARTESIAN_POINT('NONE',(-45.826,20.075001,0.001));
#2451=CARTESIAN_POINT('NONE',(-45.873001,20.021,0.001));
#2452=CARTESIAN_POINT('NONE',(-45.917,19.965,0.001));
#2453=CARTESIAN_POINT('NONE',(-45.958,19.907,0.001));
#2454=CARTESIAN_POINT('NONE',(-45.995998,19.847,0.001));
#2455=CARTESIAN_POINT('NONE',(-46.030998,19.785,0.001));
#2456=CARTESIAN_POINT('NONE',(-46.063,19.721001,0.001));
#2457=CARTESIAN_POINT('NONE',(-46.091999,19.656,0.001));
#2458=CARTESIAN_POINT('NONE',(-46.118,19.589001,0.001));
#2459=CARTESIAN_POINT('NONE',(-46.139999,19.521999,0.001));
#2460=CARTESIAN_POINT('NONE',(-46.159,19.452999,0.001));
#2461=CARTESIAN_POINT('NONE',(-46.174999,19.382999,0.001));
#2462=CARTESIAN_POINT('NONE',(-46.187,19.313,0.001));
#2463=CARTESIAN_POINT('NONE',(-46.195999,19.242001,0.001));
#2464=CARTESIAN_POINT('NONE',(-46.201,19.171,0.001));
#2465=CARTESIAN_POINT('NONE',(-46.202999,19.1,0.001));
#2466=CARTESIAN_POINT('NONE',(-46.201,19.028999,0.001));
#2467=CARTESIAN_POINT('NONE',(-46.195999,18.958,0.001));
#2468=CARTESIAN_POINT('NONE',(-46.187,18.886999,0.001));
#2469=CARTESIAN_POINT('NONE',(-46.174999,18.816999,0.001));
#2470=CARTESIAN_POINT('NONE',(-46.159,18.747,0.001));
#2471=CARTESIAN_POINT('NONE',(-46.139999,18.677999,0.001));
#2472=CARTESIAN_POINT('NONE',(-46.118,18.611,0.001));
#2473=CARTESIAN_POINT('NONE',(-46.091999,18.544001,0.001));
#2474=CARTESIAN_POINT('NONE',(-46.063,18.479,0.001));
#2475=CARTESIAN_POINT('NONE',(-46.030998,18.415001,0.001));
#2476=CARTESIAN_POINT('NONE',(-45.995998,18.353001,0.001));
#2477=CARTESIAN_POINT('NONE',(-45.958,18.292999,0.001));
#2478=CARTESIAN_POINT('NONE',(-45.917,18.235001,0.001));
#2479=CARTESIAN_POINT('NONE',(-45.873001,18.179001,0.001));
#2480=CARTESIAN_POINT('NONE',(-45.826,18.125,0.001));
#2481=CARTESIAN_POINT('NONE',(-45.777,18.073,0.001));
#2482=CARTESIAN_POINT('NONE',(-45.724998,18.024,0.001));
#2483=CARTESIAN_POINT('NONE',(-45.671001,17.976999,0.001));
#2484=CARTESIAN_POINT('NONE',(-45.615002,17.933001,0.001));
#2485=CARTESIAN_POINT('NONE',(-45.556999,17.892,0.001));
#2486=CARTESIAN_POINT('NONE',(-45.497002,17.854,0.001));
#2487=CARTESIAN_POINT('NONE',(-45.435001,17.819,0.001));
#2488=CARTESIAN_POINT('NONE',(-45.370998,17.787001,0.001));
#2489=CARTESIAN_POINT('NONE',(-45.306,17.757999,0.001));
#2490=CARTESIAN_POINT('NONE',(-45.238998,17.732,0.001));
#2491=CARTESIAN_POINT('NONE',(-45.172001,17.709999,0.001));
#2492=CARTESIAN_POINT('NONE',(-45.103001,17.691,0.001));
#2493=CARTESIAN_POINT('NONE',(-45.033001,17.674999,0.001));
#2494=CARTESIAN_POINT('NONE',(-44.963001,17.663,0.001));
#2495=CARTESIAN_POINT('NONE',(-44.891998,17.653999,0.001));
#2496=CARTESIAN_POINT('NONE',(-44.820999,17.649,0.001));
#2497=CARTESIAN_POINT('NONE',(-44.75,17.648001,0.001));
#2498=CARTESIAN_POINT('NONE',(-44.679001,17.649,0.001));
#2499=CARTESIAN_POINT('NONE',(-44.608002,17.653999,0.001));
#2500=CARTESIAN_POINT('NONE',(-44.536999,17.663,0.001));
#2501=CARTESIAN_POINT('NONE',(-44.466999,17.674999,0.001));
#2502=CARTESIAN_POINT('NONE',(-44.396999,17.691,0.001));
#2503=CARTESIAN_POINT('NONE',(-44.327999,17.709999,0.001));
#2504=CARTESIAN_POINT('NONE',(39.752998,15.932,2.998));
#2505=CARTESIAN_POINT('NONE',(39.752998,-6.973,2.998));
#2506=CARTESIAN_POINT('NONE',(39.650002,14,0));
#2507=CARTESIAN_POINT('NONE',(39.650002,-5.4,0));
#2508=CARTESIAN_POINT('NONE',(-49.748001,-6.973,2.998));
#2509=CARTESIAN_POINT('NONE',(-49.748001,15.932,2.998));
#2510=CARTESIAN_POINT('NONE',(-39.75,-5.4,0));
#2511=CARTESIAN_POINT('NONE',(-39.75,14,0));
#2512=CARTESIAN_POINT('NONE',(37.5,-24.75,1.51));
#2513=CARTESIAN_POINT('NONE',(37.5,-24.75,0));
#2514=CARTESIAN_POINT('NONE',(-40.5,-24.75,0));
#2515=CARTESIAN_POINT('NONE',(-40.5,-24.75,1.51));
#2516=CARTESIAN_POINT('NONE',(37.5,-47.25,0));
#2517=CARTESIAN_POINT('NONE',(-40.5,-47.25,0));
#2518=CARTESIAN_POINT('NONE',(27.398001,-34.112999,0));
#2519=CARTESIAN_POINT('NONE',(26.879999,-34.044998,0));
#2520=CARTESIAN_POINT('NONE',(26.362,-34.112999,0));
#2521=CARTESIAN_POINT('NONE',(25.879999,-34.313,0));
#2522=CARTESIAN_POINT('NONE',(25.466,-34.631001,0));
#2523=CARTESIAN_POINT('NONE',(25.148001,-35.044998,0));
#2524=CARTESIAN_POINT('NONE',(24.948,-35.527,0));
#2525=CARTESIAN_POINT('NONE',(24.879999,-36.044998,0));
#2526=CARTESIAN_POINT('NONE',(24.948,-36.563,0));
#2527=CARTESIAN_POINT('NONE',(25.148001,-37.044998,0));
#2528=CARTESIAN_POINT('NONE',(25.466,-37.459,0));
#2529=CARTESIAN_POINT('NONE',(25.879999,-37.777,0));
#2530=CARTESIAN_POINT('NONE',(26.362,-37.977001,0));
#2531=CARTESIAN_POINT('NONE',(26.879999,-38.044998,0));
#2532=CARTESIAN_POINT('NONE',(27.398001,-37.977001,0));
#2533=CARTESIAN_POINT('NONE',(27.879999,-37.777,0));
#2534=CARTESIAN_POINT('NONE',(28.294001,-37.459,0));
#2535=CARTESIAN_POINT('NONE',(28.612,-37.044998,0));
#2536=CARTESIAN_POINT('NONE',(28.812,-36.563,0));
#2537=CARTESIAN_POINT('NONE',(28.879999,-36.044998,0));
#2538=CARTESIAN_POINT('NONE',(28.812,-35.527,0));
#2539=CARTESIAN_POINT('NONE',(28.612,-35.044998,0));
#2540=CARTESIAN_POINT('NONE',(28.294001,-34.631001,0));
#2541=CARTESIAN_POINT('NONE',(27.879999,-34.313,0));
#2542=CARTESIAN_POINT('NONE',(9.745,-36.044998,0));
#2543=CARTESIAN_POINT('NONE',(9.677,-35.527,0));
#2544=CARTESIAN_POINT('NONE',(9.477,-35.044998,0));
#2545=CARTESIAN_POINT('NONE',(9.159,-34.631001,0));
#2546=CARTESIAN_POINT('NONE',(8.745,-34.313,0));
#2547=CARTESIAN_POINT('NONE',(8.263,-34.112999,0));
#2548=CARTESIAN_POINT('NONE',(7.745,-34.044998,0));
#2549=CARTESIAN_POINT('NONE',(7.227,-34.112999,0));
#2550=CARTESIAN_POINT('NONE',(6.745,-34.313,0));
#2551=CARTESIAN_POINT('NONE',(6.331,-34.631001,0));
#2552=CARTESIAN_POINT('NONE',(6.013,-35.044998,0));
#2553=CARTESIAN_POINT('NONE',(5.813,-35.527,0));
#2554=CARTESIAN_POINT('NONE',(5.745,-36.044998,0));
#2555=CARTESIAN_POINT('NONE',(5.813,-36.563,0));
#2556=CARTESIAN_POINT('NONE',(6.013,-37.044998,0));
#2557=CARTESIAN_POINT('NONE',(6.331,-37.459,0));
#2558=CARTESIAN_POINT('NONE',(6.745,-37.777,0));
#2559=CARTESIAN_POINT('NONE',(7.227,-37.977001,0));
#2560=CARTESIAN_POINT('NONE',(7.745,-38.044998,0));
#2561=CARTESIAN_POINT('NONE',(8.263,-37.977001,0));
#2562=CARTESIAN_POINT('NONE',(8.745,-37.777,0));
#2563=CARTESIAN_POINT('NONE',(9.159,-37.459,0));
#2564=CARTESIAN_POINT('NONE',(9.477,-37.044998,0));
#2565=CARTESIAN_POINT('NONE',(9.677,-36.563,0));
#2566=CARTESIAN_POINT('NONE',(-9.268,-35.481998,0));
#2567=CARTESIAN_POINT('NONE',(-9.468,-35,0));
#2568=CARTESIAN_POINT('NONE',(-9.786,-34.585999,0));
#2569=CARTESIAN_POINT('NONE',(-10.2,-34.268002,0));
#2570=CARTESIAN_POINT('NONE',(-10.682,-34.068001,0));
#2571=CARTESIAN_POINT('NONE',(-11.2,-34,0));
#2572=CARTESIAN_POINT('NONE',(-11.718,-34.068001,0));
#2573=CARTESIAN_POINT('NONE',(-12.2,-34.268002,0));
#2574=CARTESIAN_POINT('NONE',(-12.614,-34.585999,0));
#2575=CARTESIAN_POINT('NONE',(-12.932,-35,0));
#2576=CARTESIAN_POINT('NONE',(-13.132,-35.481998,0));
#2577=CARTESIAN_POINT('NONE',(-13.2,-36,0));
#2578=CARTESIAN_POINT('NONE',(-13.132,-36.518002,0));
#2579=CARTESIAN_POINT('NONE',(-12.932,-37,0));
#2580=CARTESIAN_POINT('NONE',(-12.614,-37.414001,0));
#2581=CARTESIAN_POINT('NONE',(-12.2,-37.731998,0));
#2582=CARTESIAN_POINT('NONE',(-11.718,-37.931999,0));
#2583=CARTESIAN_POINT('NONE',(-11.2,-38,0));
#2584=CARTESIAN_POINT('NONE',(-10.682,-37.931999,0));
#2585=CARTESIAN_POINT('NONE',(-10.2,-37.731998,0));
#2586=CARTESIAN_POINT('NONE',(-9.786,-37.414001,0));
#2587=CARTESIAN_POINT('NONE',(-9.468,-37,0));
#2588=CARTESIAN_POINT('NONE',(-9.268,-36.518002,0));
#2589=CARTESIAN_POINT('NONE',(-9.2,-36,0));
#2590=CARTESIAN_POINT('NONE',(-28.120001,-36,0));
#2591=CARTESIAN_POINT('NONE',(-28.188,-35.481998,0));
#2592=CARTESIAN_POINT('NONE',(-28.388,-35,0));
#2593=CARTESIAN_POINT('NONE',(-28.705999,-34.585999,0));
#2594=CARTESIAN_POINT('NONE',(-29.120001,-34.268002,0));
#2595=CARTESIAN_POINT('NONE',(-29.601999,-34.068001,0));
#2596=CARTESIAN_POINT('NONE',(-30.120001,-34,0));
#2597=CARTESIAN_POINT('NONE',(-30.638,-34.068001,0));
#2598=CARTESIAN_POINT('NONE',(-31.120001,-34.268002,0));
#2599=CARTESIAN_POINT('NONE',(-31.534,-34.585999,0));
#2600=CARTESIAN_POINT('NONE',(-31.851999,-35,0));
#2601=CARTESIAN_POINT('NONE',(-32.051998,-35.481998,0));
#2602=CARTESIAN_POINT('NONE',(-32.119999,-36,0));
#2603=CARTESIAN_POINT('NONE',(-32.051998,-36.518002,0));
#2604=CARTESIAN_POINT('NONE',(-31.851999,-37,0));
#2605=CARTESIAN_POINT('NONE',(-31.534,-37.414001,0));
#2606=CARTESIAN_POINT('NONE',(-31.120001,-37.731998,0));
#2607=CARTESIAN_POINT('NONE',(-30.638,-37.931999,0));
#2608=CARTESIAN_POINT('NONE',(-30.120001,-38,0));
#2609=CARTESIAN_POINT('NONE',(-29.601999,-37.931999,0));
#2610=CARTESIAN_POINT('NONE',(-29.120001,-37.731998,0));
#2611=CARTESIAN_POINT('NONE',(-28.705999,-37.414001,0));
#2612=CARTESIAN_POINT('NONE',(-28.388,-37,0));
#2613=CARTESIAN_POINT('NONE',(-28.188,-36.518002,0));
#2614=CARTESIAN_POINT('NONE',(-29.384001,-41.505001,0));
#2615=CARTESIAN_POINT('NONE',(-29.299,-41.299999,0));
#2616=CARTESIAN_POINT('NONE',(-29.27,-41.080002,0));
#2617=CARTESIAN_POINT('NONE',(-29.299,-40.860001,0));
#2618=CARTESIAN_POINT('NONE',(-29.384001,-40.654999,0));
#2619=CARTESIAN_POINT('NONE',(-29.518999,-40.479,0));
#2620=CARTESIAN_POINT('NONE',(-29.695,-40.344002,0));
#2621=CARTESIAN_POINT('NONE',(-29.9,-40.258999,0));
#2622=CARTESIAN_POINT('NONE',(-30.120001,-40.23,0));
#2623=CARTESIAN_POINT('NONE',(-30.34,-40.258999,0));
#2624=CARTESIAN_POINT('NONE',(-30.545,-40.344002,0));
#2625=CARTESIAN_POINT('NONE',(-30.721001,-40.479,0));
#2626=CARTESIAN_POINT('NONE',(-30.856001,-40.654999,0));
#2627=CARTESIAN_POINT('NONE',(-30.941,-40.860001,0));
#2628=CARTESIAN_POINT('NONE',(-30.969999,-41.080002,0));
#2629=CARTESIAN_POINT('NONE',(-30.941,-41.299999,0));
#2630=CARTESIAN_POINT('NONE',(-30.856001,-41.505001,0));
#2631=CARTESIAN_POINT('NONE',(-30.721001,-41.681,0));
#2632=CARTESIAN_POINT('NONE',(-30.545,-41.816002,0));
#2633=CARTESIAN_POINT('NONE',(-30.34,-41.901001,0));
#2634=CARTESIAN_POINT('NONE',(-30.120001,-41.93,0));
#2635=CARTESIAN_POINT('NONE',(-29.9,-41.901001,0));
#2636=CARTESIAN_POINT('NONE',(-29.695,-41.816002,0));
#2637=CARTESIAN_POINT('NONE',(-29.518999,-41.681,0));
#2638=CARTESIAN_POINT('NONE',(-10.599,-41.681,0));
#2639=CARTESIAN_POINT('NONE',(-10.464,-41.505001,0));
#2640=CARTESIAN_POINT('NONE',(-10.379,-41.299999,0));
#2641=CARTESIAN_POINT('NONE',(-10.35,-41.080002,0));
#2642=CARTESIAN_POINT('NONE',(-10.379,-40.860001,0));
#2643=CARTESIAN_POINT('NONE',(-10.464,-40.654999,0));
#2644=CARTESIAN_POINT('NONE',(-10.599,-40.479,0));
#2645=CARTESIAN_POINT('NONE',(-10.775,-40.344002,0));
#2646=CARTESIAN_POINT('NONE',(-10.98,-40.258999,0));
#2647=CARTESIAN_POINT('NONE',(-11.2,-40.23,0));
#2648=CARTESIAN_POINT('NONE',(-11.42,-40.258999,0));
#2649=CARTESIAN_POINT('NONE',(-11.625,-40.344002,0));
#2650=CARTESIAN_POINT('NONE',(-11.801,-40.479,0));
#2651=CARTESIAN_POINT('NONE',(-11.936,-40.654999,0));
#2652=CARTESIAN_POINT('NONE',(-12.021,-40.860001,0));
#2653=CARTESIAN_POINT('NONE',(-12.05,-41.080002,0));
#2654=CARTESIAN_POINT('NONE',(-12.021,-41.299999,0));
#2655=CARTESIAN_POINT('NONE',(-11.936,-41.505001,0));
#2656=CARTESIAN_POINT('NONE',(-11.801,-41.681,0));
#2657=CARTESIAN_POINT('NONE',(-11.625,-41.816002,0));
#2658=CARTESIAN_POINT('NONE',(-11.42,-41.901001,0));
#2659=CARTESIAN_POINT('NONE',(-11.2,-41.93,0));
#2660=CARTESIAN_POINT('NONE',(-10.98,-41.901001,0));
#2661=CARTESIAN_POINT('NONE',(-10.775,-41.816002,0));
#2662=CARTESIAN_POINT('NONE',(27.73,-30.965,0));
#2663=CARTESIAN_POINT('NONE',(27.701,-30.745001,0));
#2664=CARTESIAN_POINT('NONE',(27.615999,-30.540001,0));
#2665=CARTESIAN_POINT('NONE',(27.481001,-30.364,0));
#2666=CARTESIAN_POINT('NONE',(27.305,-30.229,0));
#2667=CARTESIAN_POINT('NONE',(27.1,-30.143999,0));
#2668=CARTESIAN_POINT('NONE',(26.879999,-30.115,0));
#2669=CARTESIAN_POINT('NONE',(26.66,-30.143999,0));
#2670=CARTESIAN_POINT('NONE',(26.455,-30.229,0));
#2671=CARTESIAN_POINT('NONE',(26.278999,-30.364,0));
#2672=CARTESIAN_POINT('NONE',(26.143999,-30.540001,0));
#2673=CARTESIAN_POINT('NONE',(26.059,-30.745001,0));
#2674=CARTESIAN_POINT('NONE',(26.030001,-30.965,0));
#2675=CARTESIAN_POINT('NONE',(26.059,-31.184999,0));
#2676=CARTESIAN_POINT('NONE',(26.143999,-31.389999,0));
#2677=CARTESIAN_POINT('NONE',(26.278999,-31.566,0));
#2678=CARTESIAN_POINT('NONE',(26.455,-31.701,0));
#2679=CARTESIAN_POINT('NONE',(26.66,-31.785999,0));
#2680=CARTESIAN_POINT('NONE',(26.879999,-31.815001,0));
#2681=CARTESIAN_POINT('NONE',(27.1,-31.785999,0));
#2682=CARTESIAN_POINT('NONE',(27.305,-31.701,0));
#2683=CARTESIAN_POINT('NONE',(27.481001,-31.566,0));
#2684=CARTESIAN_POINT('NONE',(27.615999,-31.389999,0));
#2685=CARTESIAN_POINT('NONE',(27.701,-31.184999,0));
#2686=CARTESIAN_POINT('NONE',(26.278999,-40.523998,0));
#2687=CARTESIAN_POINT('NONE',(26.143999,-40.700001,0));
#2688=CARTESIAN_POINT('NONE',(26.059,-40.904999,0));
#2689=CARTESIAN_POINT('NONE',(26.030001,-41.125,0));
#2690=CARTESIAN_POINT('NONE',(26.059,-41.345001,0));
#2691=CARTESIAN_POINT('NONE',(26.143999,-41.549999,0));
#2692=CARTESIAN_POINT('NONE',(26.278999,-41.726002,0));
#2693=CARTESIAN_POINT('NONE',(26.455,-41.861,0));
#2694=CARTESIAN_POINT('NONE',(26.66,-41.945999,0));
#2695=CARTESIAN_POINT('NONE',(26.879999,-41.974998,0));
#2696=CARTESIAN_POINT('NONE',(27.1,-41.945999,0));
#2697=CARTESIAN_POINT('NONE',(27.305,-41.861,0));
#2698=CARTESIAN_POINT('NONE',(27.481001,-41.726002,0));
#2699=CARTESIAN_POINT('NONE',(27.615999,-41.549999,0));
#2700=CARTESIAN_POINT('NONE',(27.701,-41.345001,0));
#2701=CARTESIAN_POINT('NONE',(27.73,-41.125,0));
#2702=CARTESIAN_POINT('NONE',(27.701,-40.904999,0));
#2703=CARTESIAN_POINT('NONE',(27.615999,-40.700001,0));
#2704=CARTESIAN_POINT('NONE',(27.481001,-40.523998,0));
#2705=CARTESIAN_POINT('NONE',(27.305,-40.389,0));
#2706=CARTESIAN_POINT('NONE',(27.1,-40.304001,0));
#2707=CARTESIAN_POINT('NONE',(26.879999,-40.275002,0));
#2708=CARTESIAN_POINT('NONE',(26.66,-40.304001,0));
#2709=CARTESIAN_POINT('NONE',(26.455,-40.389,0));
#2710=CARTESIAN_POINT('NONE',(8.566,-30.745001,0));
#2711=CARTESIAN_POINT('NONE',(8.481,-30.540001,0));
#2712=CARTESIAN_POINT('NONE',(8.346,-30.364,0));
#2713=CARTESIAN_POINT('NONE',(8.17,-30.229,0));
#2714=CARTESIAN_POINT('NONE',(7.965,-30.143999,0));
#2715=CARTESIAN_POINT('NONE',(7.745,-30.115,0));
#2716=CARTESIAN_POINT('NONE',(7.525,-30.143999,0));
#2717=CARTESIAN_POINT('NONE',(7.32,-30.229,0));
#2718=CARTESIAN_POINT('NONE',(7.144,-30.364,0));
#2719=CARTESIAN_POINT('NONE',(7.009,-30.540001,0));
#2720=CARTESIAN_POINT('NONE',(6.924,-30.745001,0));
#2721=CARTESIAN_POINT('NONE',(6.895,-30.965,0));
#2722=CARTESIAN_POINT('NONE',(6.924,-31.184999,0));
#2723=CARTESIAN_POINT('NONE',(7.009,-31.389999,0));
#2724=CARTESIAN_POINT('NONE',(7.144,-31.566,0));
#2725=CARTESIAN_POINT('NONE',(7.32,-31.701,0));
#2726=CARTESIAN_POINT('NONE',(7.525,-31.785999,0));
#2727=CARTESIAN_POINT('NONE',(7.745,-31.815001,0));
#2728=CARTESIAN_POINT('NONE',(7.965,-31.785999,0));
#2729=CARTESIAN_POINT('NONE',(8.17,-31.701,0));
#2730=CARTESIAN_POINT('NONE',(8.346,-31.566,0));
#2731=CARTESIAN_POINT('NONE',(8.481,-31.389999,0));
#2732=CARTESIAN_POINT('NONE',(8.566,-31.184999,0));
#2733=CARTESIAN_POINT('NONE',(8.595,-30.965,0));
#2734=CARTESIAN_POINT('NONE',(8.481,-41.549999,0));
#2735=CARTESIAN_POINT('NONE',(8.566,-41.345001,0));
#2736=CARTESIAN_POINT('NONE',(8.595,-41.125,0));
#2737=CARTESIAN_POINT('NONE',(8.566,-40.904999,0));
#2738=CARTESIAN_POINT('NONE',(8.481,-40.700001,0));
#2739=CARTESIAN_POINT('NONE',(8.346,-40.523998,0));
#2740=CARTESIAN_POINT('NONE',(8.17,-40.389,0));
#2741=CARTESIAN_POINT('NONE',(7.965,-40.304001,0));
#2742=CARTESIAN_POINT('NONE',(7.745,-40.275002,0));
#2743=CARTESIAN_POINT('NONE',(7.525,-40.304001,0));
#2744=CARTESIAN_POINT('NONE',(7.32,-40.389,0));
#2745=CARTESIAN_POINT('NONE',(7.144,-40.523998,0));
#2746=CARTESIAN_POINT('NONE',(7.009,-40.700001,0));
#2747=CARTESIAN_POINT('NONE',(6.924,-40.904999,0));
#2748=CARTESIAN_POINT('NONE',(6.895,-41.125,0));
#2749=CARTESIAN_POINT('NONE',(6.924,-41.345001,0));
#2750=CARTESIAN_POINT('NONE',(7.009,-41.549999,0));
#2751=CARTESIAN_POINT('NONE',(7.144,-41.726002,0));
#2752=CARTESIAN_POINT('NONE',(7.32,-41.861,0));
#2753=CARTESIAN_POINT('NONE',(7.525,-41.945999,0));
#2754=CARTESIAN_POINT('NONE',(7.745,-41.974998,0));
#2755=CARTESIAN_POINT('NONE',(7.965,-41.945999,0));
#2756=CARTESIAN_POINT('NONE',(8.17,-41.861,0));
#2757=CARTESIAN_POINT('NONE',(8.346,-41.726002,0));
#2758=CARTESIAN_POINT('NONE',(-29.384001,-30.495001,0));
#2759=CARTESIAN_POINT('NONE',(-29.518999,-30.319,0));
#2760=CARTESIAN_POINT('NONE',(-29.695,-30.184,0));
#2761=CARTESIAN_POINT('NONE',(-29.9,-30.099001,0));
#2762=CARTESIAN_POINT('NONE',(-30.120001,-30.07,0));
#2763=CARTESIAN_POINT('NONE',(-30.34,-30.099001,0));
#2764=CARTESIAN_POINT('NONE',(-30.545,-30.184,0));
#2765=CARTESIAN_POINT('NONE',(-30.721001,-30.319,0));
#2766=CARTESIAN_POINT('NONE',(-30.856001,-30.495001,0));
#2767=CARTESIAN_POINT('NONE',(-30.941,-30.700001,0));
#2768=CARTESIAN_POINT('NONE',(-30.969999,-30.92,0));
#2769=CARTESIAN_POINT('NONE',(-30.941,-31.139999,0));
#2770=CARTESIAN_POINT('NONE',(-30.856001,-31.344999,0));
#2771=CARTESIAN_POINT('NONE',(-30.721001,-31.521,0));
#2772=CARTESIAN_POINT('NONE',(-30.545,-31.656,0));
#2773=CARTESIAN_POINT('NONE',(-30.34,-31.740999,0));
#2774=CARTESIAN_POINT('NONE',(-30.120001,-31.77,0));
#2775=CARTESIAN_POINT('NONE',(-29.9,-31.740999,0));
#2776=CARTESIAN_POINT('NONE',(-29.695,-31.656,0));
#2777=CARTESIAN_POINT('NONE',(-29.518999,-31.521,0));
#2778=CARTESIAN_POINT('NONE',(-29.384001,-31.344999,0));
#2779=CARTESIAN_POINT('NONE',(-29.299,-31.139999,0));
#2780=CARTESIAN_POINT('NONE',(-29.27,-30.92,0));
#2781=CARTESIAN_POINT('NONE',(-29.299,-30.700001,0));
#2782=CARTESIAN_POINT('NONE',(-10.464,-30.495001,0));
#2783=CARTESIAN_POINT('NONE',(-10.599,-30.319,0));
#2784=CARTESIAN_POINT('NONE',(-10.775,-30.184,0));
#2785=CARTESIAN_POINT('NONE',(-10.98,-30.099001,0));
#2786=CARTESIAN_POINT('NONE',(-11.2,-30.07,0));
#2787=CARTESIAN_POINT('NONE',(-11.42,-30.099001,0));
#2788=CARTESIAN_POINT('NONE',(-11.625,-30.184,0));
#2789=CARTESIAN_POINT('NONE',(-11.801,-30.319,0));
#2790=CARTESIAN_POINT('NONE',(-11.936,-30.495001,0));
#2791=CARTESIAN_POINT('NONE',(-12.021,-30.700001,0));
#2792=CARTESIAN_POINT('NONE',(-12.05,-30.92,0));
#2793=CARTESIAN_POINT('NONE',(-12.021,-31.139999,0));
#2794=CARTESIAN_POINT('NONE',(-11.936,-31.344999,0));
#2795=CARTESIAN_POINT('NONE',(-11.801,-31.521,0));
#2796=CARTESIAN_POINT('NONE',(-11.625,-31.656,0));
#2797=CARTESIAN_POINT('NONE',(-11.42,-31.740999,0));
#2798=CARTESIAN_POINT('NONE',(-11.2,-31.77,0));
#2799=CARTESIAN_POINT('NONE',(-10.98,-31.740999,0));
#2800=CARTESIAN_POINT('NONE',(-10.775,-31.656,0));
#2801=CARTESIAN_POINT('NONE',(-10.599,-31.521,0));
#2802=CARTESIAN_POINT('NONE',(-10.464,-31.344999,0));
#2803=CARTESIAN_POINT('NONE',(-10.379,-31.139999,0));
#2804=CARTESIAN_POINT('NONE',(-10.35,-30.92,0));
#2805=CARTESIAN_POINT('NONE',(-10.379,-30.700001,0));
#2806=CARTESIAN_POINT('NONE',(29.226,-31.511,0));
#2807=CARTESIAN_POINT('NONE',(29.045,-31.584999,0));
#2808=CARTESIAN_POINT('NONE',(28.889999,-31.705,0));
#2809=CARTESIAN_POINT('NONE',(28.77,-31.860001,0));
#2810=CARTESIAN_POINT('NONE',(28.695999,-32.041,0));
#2811=CARTESIAN_POINT('NONE',(28.67,-32.235001,0));
#2812=CARTESIAN_POINT('NONE',(28.695999,-32.429001,0));
#2813=CARTESIAN_POINT('NONE',(28.77,-32.610001,0));
#2814=CARTESIAN_POINT('NONE',(28.889999,-32.764999,0));
#2815=CARTESIAN_POINT('NONE',(29.045,-32.884998,0));
#2816=CARTESIAN_POINT('NONE',(29.226,-32.959,0));
#2817=CARTESIAN_POINT('NONE',(29.42,-32.985001,0));
#2818=CARTESIAN_POINT('NONE',(29.614,-32.959,0));
#2819=CARTESIAN_POINT('NONE',(29.795,-32.884998,0));
#2820=CARTESIAN_POINT('NONE',(29.950001,-32.764999,0));
#2821=CARTESIAN_POINT('NONE',(30.07,-32.610001,0));
#2822=CARTESIAN_POINT('NONE',(30.143999,-32.429001,0));
#2823=CARTESIAN_POINT('NONE',(30.17,-32.235001,0));
#2824=CARTESIAN_POINT('NONE',(30.143999,-32.041,0));
#2825=CARTESIAN_POINT('NONE',(30.07,-31.860001,0));
#2826=CARTESIAN_POINT('NONE',(29.950001,-31.705,0));
#2827=CARTESIAN_POINT('NONE',(29.795,-31.584999,0));
#2828=CARTESIAN_POINT('NONE',(29.614,-31.511,0));
#2829=CARTESIAN_POINT('NONE',(29.42,-31.485001,0));
#2830=CARTESIAN_POINT('NONE',(10.815,-31.705,0));
#2831=CARTESIAN_POINT('NONE',(10.66,-31.584999,0));
#2832=CARTESIAN_POINT('NONE',(10.479,-31.511,0));
#2833=CARTESIAN_POINT('NONE',(10.285,-31.485001,0));
#2834=CARTESIAN_POINT('NONE',(10.091,-31.511,0));
#2835=CARTESIAN_POINT('NONE',(9.91,-31.584999,0));
#2836=CARTESIAN_POINT('NONE',(9.755,-31.705,0));
#2837=CARTESIAN_POINT('NONE',(9.635,-31.860001,0));
#2838=CARTESIAN_POINT('NONE',(9.561,-32.041,0));
#2839=CARTESIAN_POINT('NONE',(9.535,-32.235001,0));
#2840=CARTESIAN_POINT('NONE',(9.561,-32.429001,0));
#2841=CARTESIAN_POINT('NONE',(9.635,-32.610001,0));
#2842=CARTESIAN_POINT('NONE',(9.755,-32.764999,0));
#2843=CARTESIAN_POINT('NONE',(9.91,-32.884998,0));
#2844=CARTESIAN_POINT('NONE',(10.091,-32.959,0));
#2845=CARTESIAN_POINT('NONE',(10.285,-32.985001,0));
#2846=CARTESIAN_POINT('NONE',(10.479,-32.959,0));
#2847=CARTESIAN_POINT('NONE',(10.66,-32.884998,0));
#2848=CARTESIAN_POINT('NONE',(10.815,-32.764999,0));
#2849=CARTESIAN_POINT('NONE',(10.935,-32.610001,0));
#2850=CARTESIAN_POINT('NONE',(11.009,-32.429001,0));
#2851=CARTESIAN_POINT('NONE',(11.035,-32.235001,0));
#2852=CARTESIAN_POINT('NONE',(11.009,-32.041,0));
#2853=CARTESIAN_POINT('NONE',(10.935,-31.860001,0));
#2854=CARTESIAN_POINT('NONE',(-26.856001,-32.383999,0));
#2855=CARTESIAN_POINT('NONE',(-26.83,-32.189999,0));
#2856=CARTESIAN_POINT('NONE',(-26.856001,-31.996,0));
#2857=CARTESIAN_POINT('NONE',(-26.93,-31.815001,0));
#2858=CARTESIAN_POINT('NONE',(-27.049999,-31.66,0));
#2859=CARTESIAN_POINT('NONE',(-27.205,-31.540001,0));
#2860=CARTESIAN_POINT('NONE',(-27.386,-31.466,0));
#2861=CARTESIAN_POINT('NONE',(-27.58,-31.440001,0));
#2862=CARTESIAN_POINT('NONE',(-27.774,-31.466,0));
#2863=CARTESIAN_POINT('NONE',(-27.955,-31.540001,0));
#2864=CARTESIAN_POINT('NONE',(-28.110001,-31.66,0));
#2865=CARTESIAN_POINT('NONE',(-28.23,-31.815001,0));
#2866=CARTESIAN_POINT('NONE',(-28.304001,-31.996,0));
#2867=CARTESIAN_POINT('NONE',(-28.33,-32.189999,0));
#2868=CARTESIAN_POINT('NONE',(-28.304001,-32.383999,0));
#2869=CARTESIAN_POINT('NONE',(-28.23,-32.564999,0));
#2870=CARTESIAN_POINT('NONE',(-28.110001,-32.720001,0));
#2871=CARTESIAN_POINT('NONE',(-27.955,-32.839001,0));
#2872=CARTESIAN_POINT('NONE',(-27.774,-32.914001,0));
#2873=CARTESIAN_POINT('NONE',(-27.58,-32.939999,0));
#2874=CARTESIAN_POINT('NONE',(-27.386,-32.914001,0));
#2875=CARTESIAN_POINT('NONE',(-27.205,-32.839001,0));
#2876=CARTESIAN_POINT('NONE',(-27.049999,-32.720001,0));
#2877=CARTESIAN_POINT('NONE',(-26.93,-32.564999,0));
#2878=CARTESIAN_POINT('NONE',(-7.936,-31.996,0));
#2879=CARTESIAN_POINT('NONE',(-8.01,-31.815001,0));
#2880=CARTESIAN_POINT('NONE',(-8.13,-31.66,0));
#2881=CARTESIAN_POINT('NONE',(-8.285,-31.540001,0));
#2882=CARTESIAN_POINT('NONE',(-8.466,-31.466,0));
#2883=CARTESIAN_POINT('NONE',(-8.66,-31.440001,0));
#2884=CARTESIAN_POINT('NONE',(-8.854,-31.466,0));
#2885=CARTESIAN_POINT('NONE',(-9.035,-31.540001,0));
#2886=CARTESIAN_POINT('NONE',(-9.19,-31.66,0));
#2887=CARTESIAN_POINT('NONE',(-9.31,-31.815001,0));
#2888=CARTESIAN_POINT('NONE',(-9.384,-31.996,0));
#2889=CARTESIAN_POINT('NONE',(-9.41,-32.189999,0));
#2890=CARTESIAN_POINT('NONE',(-9.384,-32.383999,0));
#2891=CARTESIAN_POINT('NONE',(-9.31,-32.564999,0));
#2892=CARTESIAN_POINT('NONE',(-9.19,-32.720001,0));
#2893=CARTESIAN_POINT('NONE',(-9.035,-32.839001,0));
#2894=CARTESIAN_POINT('NONE',(-8.854,-32.914001,0));
#2895=CARTESIAN_POINT('NONE',(-8.66,-32.939999,0));
#2896=CARTESIAN_POINT('NONE',(-8.466,-32.914001,0));
#2897=CARTESIAN_POINT('NONE',(-8.285,-32.839001,0));
#2898=CARTESIAN_POINT('NONE',(-8.13,-32.720001,0));
#2899=CARTESIAN_POINT('NONE',(-8.01,-32.564999,0));
#2900=CARTESIAN_POINT('NONE',(-7.936,-32.383999,0));
#2901=CARTESIAN_POINT('NONE',(-7.91,-32.189999,0));
#2902=CARTESIAN_POINT('NONE',(-5.926,-39.264,0));
#2903=CARTESIAN_POINT('NONE',(-5.745,-39.188999,0));
#2904=CARTESIAN_POINT('NONE',(-5.59,-39.07,0));
#2905=CARTESIAN_POINT('NONE',(-5.47,-38.915001,0));
#2906=CARTESIAN_POINT('NONE',(-5.396,-38.734001,0));
#2907=CARTESIAN_POINT('NONE',(-5.37,-38.540001,0));
#2908=CARTESIAN_POINT('NONE',(-5.396,-38.346001,0));
#2909=CARTESIAN_POINT('NONE',(-5.47,-38.165001,0));
#2910=CARTESIAN_POINT('NONE',(-5.59,-38.009998,0));
#2911=CARTESIAN_POINT('NONE',(-5.745,-37.890999,0));
#2912=CARTESIAN_POINT('NONE',(-5.926,-37.816002,0));
#2913=CARTESIAN_POINT('NONE',(-6.12,-37.790001,0));
#2914=CARTESIAN_POINT('NONE',(-6.314,-37.816002,0));
#2915=CARTESIAN_POINT('NONE',(-6.495,-37.890999,0));
#2916=CARTESIAN_POINT('NONE',(-6.65,-38.009998,0));
#2917=CARTESIAN_POINT('NONE',(-6.77,-38.165001,0));
#2918=CARTESIAN_POINT('NONE',(-6.844,-38.346001,0));
#2919=CARTESIAN_POINT('NONE',(-6.87,-38.540001,0));
#2920=CARTESIAN_POINT('NONE',(-6.844,-38.734001,0));
#2921=CARTESIAN_POINT('NONE',(-6.77,-38.915001,0));
#2922=CARTESIAN_POINT('NONE',(-6.65,-39.07,0));
#2923=CARTESIAN_POINT('NONE',(-6.495,-39.188999,0));
#2924=CARTESIAN_POINT('NONE',(-6.314,-39.264,0));
#2925=CARTESIAN_POINT('NONE',(-6.12,-39.290001,0));
#2926=CARTESIAN_POINT('NONE',(13.575,-38.584999,0));
#2927=CARTESIAN_POINT('NONE',(13.549,-38.390999,0));
#2928=CARTESIAN_POINT('NONE',(13.475,-38.209999,0));
#2929=CARTESIAN_POINT('NONE',(13.355,-38.055,0));
#2930=CARTESIAN_POINT('NONE',(13.2,-37.936001,0));
#2931=CARTESIAN_POINT('NONE',(13.019,-37.861,0));
#2932=CARTESIAN_POINT('NONE',(12.825,-37.834999,0));
#2933=CARTESIAN_POINT('NONE',(12.631,-37.861,0));
#2934=CARTESIAN_POINT('NONE',(12.45,-37.936001,0));
#2935=CARTESIAN_POINT('NONE',(12.295,-38.055,0));
#2936=CARTESIAN_POINT('NONE',(12.175,-38.209999,0));
#2937=CARTESIAN_POINT('NONE',(12.101,-38.390999,0));
#2938=CARTESIAN_POINT('NONE',(12.075,-38.584999,0));
#2939=CARTESIAN_POINT('NONE',(12.101,-38.778999,0));
#2940=CARTESIAN_POINT('NONE',(12.175,-38.959999,0));
#2941=CARTESIAN_POINT('NONE',(12.295,-39.115002,0));
#2942=CARTESIAN_POINT('NONE',(12.45,-39.234001,0));
#2943=CARTESIAN_POINT('NONE',(12.631,-39.308998,0));
#2944=CARTESIAN_POINT('NONE',(12.825,-39.334999,0));
#2945=CARTESIAN_POINT('NONE',(13.019,-39.308998,0));
#2946=CARTESIAN_POINT('NONE',(13.2,-39.234001,0));
#2947=CARTESIAN_POINT('NONE',(13.355,-39.115002,0));
#2948=CARTESIAN_POINT('NONE',(13.475,-38.959999,0));
#2949=CARTESIAN_POINT('NONE',(13.549,-38.778999,0));
#2950=CARTESIAN_POINT('NONE',(31.766001,-37.861,0));
#2951=CARTESIAN_POINT('NONE',(31.584999,-37.936001,0));
#2952=CARTESIAN_POINT('NONE',(31.43,-38.055,0));
#2953=CARTESIAN_POINT('NONE',(31.309999,-38.209999,0));
#2954=CARTESIAN_POINT('NONE',(31.236,-38.390999,0));
#2955=CARTESIAN_POINT('NONE',(31.209999,-38.584999,0));
#2956=CARTESIAN_POINT('NONE',(31.236,-38.778999,0));
#2957=CARTESIAN_POINT('NONE',(31.309999,-38.959999,0));
#2958=CARTESIAN_POINT('NONE',(31.43,-39.115002,0));
#2959=CARTESIAN_POINT('NONE',(31.584999,-39.234001,0));
#2960=CARTESIAN_POINT('NONE',(31.766001,-39.308998,0));
#2961=CARTESIAN_POINT('NONE',(31.959999,-39.334999,0));
#2962=CARTESIAN_POINT('NONE',(32.153999,-39.308998,0));
#2963=CARTESIAN_POINT('NONE',(32.334999,-39.234001,0));
#2964=CARTESIAN_POINT('NONE',(32.490002,-39.115002,0));
#2965=CARTESIAN_POINT('NONE',(32.610001,-38.959999,0));
#2966=CARTESIAN_POINT('NONE',(32.683998,-38.778999,0));
#2967=CARTESIAN_POINT('NONE',(32.709999,-38.584999,0));
#2968=CARTESIAN_POINT('NONE',(32.683998,-38.390999,0));
#2969=CARTESIAN_POINT('NONE',(32.610001,-38.209999,0));
#2970=CARTESIAN_POINT('NONE',(32.490002,-38.055,0));
#2971=CARTESIAN_POINT('NONE',(32.334999,-37.936001,0));
#2972=CARTESIAN_POINT('NONE',(32.153999,-37.861,0));
#2973=CARTESIAN_POINT('NONE',(31.959999,-37.834999,0));
#2974=CARTESIAN_POINT('NONE',(-24.51,-38.009998,0));
#2975=CARTESIAN_POINT('NONE',(-24.665001,-37.890999,0));
#2976=CARTESIAN_POINT('NONE',(-24.846001,-37.816002,0));
#2977=CARTESIAN_POINT('NONE',(-25.040001,-37.790001,0));
#2978=CARTESIAN_POINT('NONE',(-25.233999,-37.816002,0));
#2979=CARTESIAN_POINT('NONE',(-25.415001,-37.890999,0));
#2980=CARTESIAN_POINT('NONE',(-25.57,-38.009998,0));
#2981=CARTESIAN_POINT('NONE',(-25.688999,-38.165001,0));
#2982=CARTESIAN_POINT('NONE',(-25.764,-38.346001,0));
#2983=CARTESIAN_POINT('NONE',(-25.790001,-38.540001,0));
#2984=CARTESIAN_POINT('NONE',(-25.764,-38.734001,0));
#2985=CARTESIAN_POINT('NONE',(-25.688999,-38.915001,0));
#2986=CARTESIAN_POINT('NONE',(-25.57,-39.07,0));
#2987=CARTESIAN_POINT('NONE',(-25.415001,-39.188999,0));
#2988=CARTESIAN_POINT('NONE',(-25.233999,-39.264,0));
#2989=CARTESIAN_POINT('NONE',(-25.040001,-39.290001,0));
#2990=CARTESIAN_POINT('NONE',(-24.846001,-39.264,0));
#2991=CARTESIAN_POINT('NONE',(-24.665001,-39.188999,0));
#2992=CARTESIAN_POINT('NONE',(-24.51,-39.07,0));
#2993=CARTESIAN_POINT('NONE',(-24.391001,-38.915001,0));
#2994=CARTESIAN_POINT('NONE',(-24.316,-38.734001,0));
#2995=CARTESIAN_POINT('NONE',(-24.290001,-38.540001,0));
#2996=CARTESIAN_POINT('NONE',(-24.316,-38.346001,0));
#2997=CARTESIAN_POINT('NONE',(-24.391001,-38.165001,0));
#2998=CARTESIAN_POINT('NONE',(21.629999,-43.067001,0));
#2999=CARTESIAN_POINT('NONE',(21.525999,-43.146,0));
#3000=CARTESIAN_POINT('NONE',(21.447001,-43.25,0));
#3001=CARTESIAN_POINT('NONE',(21.396999,-43.370998,0));
#3002=CARTESIAN_POINT('NONE',(21.379999,-43.5,0));
#3003=CARTESIAN_POINT('NONE',(21.396999,-43.629002,0));
#3004=CARTESIAN_POINT('NONE',(21.447001,-43.75,0));
#3005=CARTESIAN_POINT('NONE',(21.525999,-43.854,0));
#3006=CARTESIAN_POINT('NONE',(21.629999,-43.932999,0));
#3007=CARTESIAN_POINT('NONE',(21.750999,-43.983002,0));
#3008=CARTESIAN_POINT('NONE',(21.879999,-44,0));
#3009=CARTESIAN_POINT('NONE',(22.009001,-43.983002,0));
#3010=CARTESIAN_POINT('NONE',(22.129999,-43.932999,0));
#3011=CARTESIAN_POINT('NONE',(22.233999,-43.854,0));
#3012=CARTESIAN_POINT('NONE',(22.313,-43.75,0));
#3013=CARTESIAN_POINT('NONE',(22.363001,-43.629002,0));
#3014=CARTESIAN_POINT('NONE',(22.379999,-43.5,0));
#3015=CARTESIAN_POINT('NONE',(22.363001,-43.370998,0));
#3016=CARTESIAN_POINT('NONE',(22.313,-43.25,0));
#3017=CARTESIAN_POINT('NONE',(22.233999,-43.146,0));
#3018=CARTESIAN_POINT('NONE',(22.129999,-43.067001,0));
#3019=CARTESIAN_POINT('NONE',(22.009001,-43.016998,0));
#3020=CARTESIAN_POINT('NONE',(21.879999,-43,0));
#3021=CARTESIAN_POINT('NONE',(21.750999,-43.016998,0));
#3022=CARTESIAN_POINT('NONE',(17.153999,-43.146,0));
#3023=CARTESIAN_POINT('NONE',(17.049999,-43.067001,0));
#3024=CARTESIAN_POINT('NONE',(16.929001,-43.016998,0));
#3025=CARTESIAN_POINT('NONE',(16.799999,-43,0));
#3026=CARTESIAN_POINT('NONE',(16.671,-43.016998,0));
#3027=CARTESIAN_POINT('NONE',(16.549999,-43.067001,0));
#3028=CARTESIAN_POINT('NONE',(16.445999,-43.146,0));
#3029=CARTESIAN_POINT('NONE',(16.367001,-43.25,0));
#3030=CARTESIAN_POINT('NONE',(16.316999,-43.370998,0));
#3031=CARTESIAN_POINT('NONE',(16.299999,-43.5,0));
#3032=CARTESIAN_POINT('NONE',(16.316999,-43.629002,0));
#3033=CARTESIAN_POINT('NONE',(16.367001,-43.75,0));
#3034=CARTESIAN_POINT('NONE',(16.445999,-43.854,0));
#3035=CARTESIAN_POINT('NONE',(16.549999,-43.932999,0));
#3036=CARTESIAN_POINT('NONE',(16.671,-43.983002,0));
#3037=CARTESIAN_POINT('NONE',(16.799999,-44,0));
#3038=CARTESIAN_POINT('NONE',(16.929001,-43.983002,0));
#3039=CARTESIAN_POINT('NONE',(17.049999,-43.932999,0));
#3040=CARTESIAN_POINT('NONE',(17.153999,-43.854,0));
#3041=CARTESIAN_POINT('NONE',(17.233,-43.75,0));
#3042=CARTESIAN_POINT('NONE',(17.283001,-43.629002,0));
#3043=CARTESIAN_POINT('NONE',(17.299999,-43.5,0));
#3044=CARTESIAN_POINT('NONE',(17.283001,-43.370998,0));
#3045=CARTESIAN_POINT('NONE',(17.233,-43.25,0));
#3046=CARTESIAN_POINT('NONE',(19.773001,-43.25,0));
#3047=CARTESIAN_POINT('NONE',(19.694,-43.146,0));
#3048=CARTESIAN_POINT('NONE',(19.59,-43.067001,0));
#3049=CARTESIAN_POINT('NONE',(19.469,-43.016998,0));
#3050=CARTESIAN_POINT('NONE',(19.34,-43,0));
#3051=CARTESIAN_POINT('NONE',(19.211,-43.016998,0));
#3052=CARTESIAN_POINT('NONE',(19.09,-43.067001,0));
#3053=CARTESIAN_POINT('NONE',(18.986,-43.146,0));
#3054=CARTESIAN_POINT('NONE',(18.907,-43.25,0));
#3055=CARTESIAN_POINT('NONE',(18.857,-43.370998,0));
#3056=CARTESIAN_POINT('NONE',(18.84,-43.5,0));
#3057=CARTESIAN_POINT('NONE',(18.857,-43.629002,0));
#3058=CARTESIAN_POINT('NONE',(18.907,-43.75,0));
#3059=CARTESIAN_POINT('NONE',(18.986,-43.854,0));
#3060=CARTESIAN_POINT('NONE',(19.09,-43.932999,0));
#3061=CARTESIAN_POINT('NONE',(19.211,-43.983002,0));
#3062=CARTESIAN_POINT('NONE',(19.34,-44,0));
#3063=CARTESIAN_POINT('NONE',(19.469,-43.983002,0));
#3064=CARTESIAN_POINT('NONE',(19.59,-43.932999,0));
#3065=CARTESIAN_POINT('NONE',(19.694,-43.854,0));
#3066=CARTESIAN_POINT('NONE',(19.773001,-43.75,0));
#3067=CARTESIAN_POINT('NONE',(19.823,-43.629002,0));
#3068=CARTESIAN_POINT('NONE',(19.84,-43.5,0));
#3069=CARTESIAN_POINT('NONE',(19.823,-43.370998,0));
#3070=CARTESIAN_POINT('NONE',(24.066,-43.146,0));
#3071=CARTESIAN_POINT('NONE',(23.987,-43.25,0));
#3072=CARTESIAN_POINT('NONE',(23.937,-43.370998,0));
#3073=CARTESIAN_POINT('NONE',(23.92,-43.5,0));
#3074=CARTESIAN_POINT('NONE',(23.937,-43.629002,0));
#3075=CARTESIAN_POINT('NONE',(23.987,-43.75,0));
#3076=CARTESIAN_POINT('NONE',(24.066,-43.854,0));
#3077=CARTESIAN_POINT('NONE',(24.17,-43.932999,0));
#3078=CARTESIAN_POINT('NONE',(24.291,-43.983002,0));
#3079=CARTESIAN_POINT('NONE',(24.42,-44,0));
#3080=CARTESIAN_POINT('NONE',(24.549,-43.983002,0));
#3081=CARTESIAN_POINT('NONE',(24.67,-43.932999,0));
#3082=CARTESIAN_POINT('NONE',(24.774,-43.854,0));
#3083=CARTESIAN_POINT('NONE',(24.853001,-43.75,0));
#3084=CARTESIAN_POINT('NONE',(24.903,-43.629002,0));
#3085=CARTESIAN_POINT('NONE',(24.92,-43.5,0));
#3086=CARTESIAN_POINT('NONE',(24.903,-43.370998,0));
#3087=CARTESIAN_POINT('NONE',(24.853001,-43.25,0));
#3088=CARTESIAN_POINT('NONE',(24.774,-43.146,0));
#3089=CARTESIAN_POINT('NONE',(24.67,-43.067001,0));
#3090=CARTESIAN_POINT('NONE',(24.549,-43.016998,0));
#3091=CARTESIAN_POINT('NONE',(24.42,-43,0));
#3092=CARTESIAN_POINT('NONE',(24.291,-43.016998,0));
#3093=CARTESIAN_POINT('NONE',(24.17,-43.067001,0));
#3094=CARTESIAN_POINT('NONE',(29.5,-43,0));
#3095=CARTESIAN_POINT('NONE',(29.371,-43.016998,0));
#3096=CARTESIAN_POINT('NONE',(29.25,-43.067001,0));
#3097=CARTESIAN_POINT('NONE',(29.146,-43.146,0));
#3098=CARTESIAN_POINT('NONE',(29.066999,-43.25,0));
#3099=CARTESIAN_POINT('NONE',(29.017,-43.370998,0));
#3100=CARTESIAN_POINT('NONE',(29,-43.5,0));
#3101=CARTESIAN_POINT('NONE',(29.017,-43.629002,0));
#3102=CARTESIAN_POINT('NONE',(29.066999,-43.75,0));
#3103=CARTESIAN_POINT('NONE',(29.146,-43.854,0));
#3104=CARTESIAN_POINT('NONE',(29.25,-43.932999,0));
#3105=CARTESIAN_POINT('NONE',(29.371,-43.983002,0));
#3106=CARTESIAN_POINT('NONE',(29.5,-44,0));
#3107=CARTESIAN_POINT('NONE',(29.629,-43.983002,0));
#3108=CARTESIAN_POINT('NONE',(29.75,-43.932999,0));
#3109=CARTESIAN_POINT('NONE',(29.854,-43.854,0));
#3110=CARTESIAN_POINT('NONE',(29.933001,-43.75,0));
#3111=CARTESIAN_POINT('NONE',(29.983,-43.629002,0));
#3112=CARTESIAN_POINT('NONE',(30,-43.5,0));
#3113=CARTESIAN_POINT('NONE',(29.983,-43.370998,0));
#3114=CARTESIAN_POINT('NONE',(29.933001,-43.25,0));
#3115=CARTESIAN_POINT('NONE',(29.854,-43.146,0));
#3116=CARTESIAN_POINT('NONE',(29.75,-43.067001,0));
#3117=CARTESIAN_POINT('NONE',(29.629,-43.016998,0));
#3118=CARTESIAN_POINT('NONE',(26.709999,-43.067001,0));
#3119=CARTESIAN_POINT('NONE',(26.606001,-43.146,0));
#3120=CARTESIAN_POINT('NONE',(26.527,-43.25,0));
#3121=CARTESIAN_POINT('NONE',(26.476999,-43.370998,0));
#3122=CARTESIAN_POINT('NONE',(26.459999,-43.5,0));
#3123=CARTESIAN_POINT('NONE',(26.476999,-43.629002,0));
#3124=CARTESIAN_POINT('NONE',(26.527,-43.75,0));
#3125=CARTESIAN_POINT('NONE',(26.606001,-43.854,0));
#3126=CARTESIAN_POINT('NONE',(26.709999,-43.932999,0));
#3127=CARTESIAN_POINT('NONE',(26.830999,-43.983002,0));
#3128=CARTESIAN_POINT('NONE',(26.959999,-44,0));
#3129=CARTESIAN_POINT('NONE',(27.089001,-43.983002,0));
#3130=CARTESIAN_POINT('NONE',(27.209999,-43.932999,0));
#3131=CARTESIAN_POINT('NONE',(27.313999,-43.854,0));
#3132=CARTESIAN_POINT('NONE',(27.393,-43.75,0));
#3133=CARTESIAN_POINT('NONE',(27.443001,-43.629002,0));
#3134=CARTESIAN_POINT('NONE',(27.459999,-43.5,0));
#3135=CARTESIAN_POINT('NONE',(27.443001,-43.370998,0));
#3136=CARTESIAN_POINT('NONE',(27.393,-43.25,0));
#3137=CARTESIAN_POINT('NONE',(27.313999,-43.146,0));
#3138=CARTESIAN_POINT('NONE',(27.209999,-43.067001,0));
#3139=CARTESIAN_POINT('NONE',(27.089001,-43.016998,0));
#3140=CARTESIAN_POINT('NONE',(26.959999,-43,0));
#3141=CARTESIAN_POINT('NONE',(26.830999,-43.016998,0));
#3142=CARTESIAN_POINT('NONE',(21.879999,-28.75,0));
#3143=CARTESIAN_POINT('NONE',(22.009001,-28.733,0));
#3144=CARTESIAN_POINT('NONE',(22.129999,-28.683001,0));
#3145=CARTESIAN_POINT('NONE',(22.233999,-28.604,0));
#3146=CARTESIAN_POINT('NONE',(22.313,-28.5,0));
#3147=CARTESIAN_POINT('NONE',(22.363001,-28.379,0));
#3148=CARTESIAN_POINT('NONE',(22.379999,-28.25,0));
#3149=CARTESIAN_POINT('NONE',(22.363001,-28.121,0));
#3150=CARTESIAN_POINT('NONE',(22.313,-28,0));
#3151=CARTESIAN_POINT('NONE',(22.233999,-27.896,0));
#3152=CARTESIAN_POINT('NONE',(22.129999,-27.816999,0));
#3153=CARTESIAN_POINT('NONE',(22.009001,-27.767,0));
#3154=CARTESIAN_POINT('NONE',(21.879999,-27.75,0));
#3155=CARTESIAN_POINT('NONE',(21.750999,-27.767,0));
#3156=CARTESIAN_POINT('NONE',(21.629999,-27.816999,0));
#3157=CARTESIAN_POINT('NONE',(21.525999,-27.896,0));
#3158=CARTESIAN_POINT('NONE',(21.447001,-28,0));
#3159=CARTESIAN_POINT('NONE',(21.396999,-28.121,0));
#3160=CARTESIAN_POINT('NONE',(21.379999,-28.25,0));
#3161=CARTESIAN_POINT('NONE',(21.396999,-28.379,0));
#3162=CARTESIAN_POINT('NONE',(21.447001,-28.5,0));
#3163=CARTESIAN_POINT('NONE',(21.525999,-28.604,0));
#3164=CARTESIAN_POINT('NONE',(21.629999,-28.683001,0));
#3165=CARTESIAN_POINT('NONE',(21.750999,-28.733,0));
#3166=CARTESIAN_POINT('NONE',(17.153999,-27.896,0));
#3167=CARTESIAN_POINT('NONE',(17.049999,-27.816999,0));
#3168=CARTESIAN_POINT('NONE',(16.929001,-27.767,0));
#3169=CARTESIAN_POINT('NONE',(16.799999,-27.75,0));
#3170=CARTESIAN_POINT('NONE',(16.671,-27.767,0));
#3171=CARTESIAN_POINT('NONE',(16.549999,-27.816999,0));
#3172=CARTESIAN_POINT('NONE',(16.445999,-27.896,0));
#3173=CARTESIAN_POINT('NONE',(16.367001,-28,0));
#3174=CARTESIAN_POINT('NONE',(16.316999,-28.121,0));
#3175=CARTESIAN_POINT('NONE',(16.299999,-28.25,0));
#3176=CARTESIAN_POINT('NONE',(16.316999,-28.379,0));
#3177=CARTESIAN_POINT('NONE',(16.367001,-28.5,0));
#3178=CARTESIAN_POINT('NONE',(16.445999,-28.604,0));
#3179=CARTESIAN_POINT('NONE',(16.549999,-28.683001,0));
#3180=CARTESIAN_POINT('NONE',(16.671,-28.733,0));
#3181=CARTESIAN_POINT('NONE',(16.799999,-28.75,0));
#3182=CARTESIAN_POINT('NONE',(16.929001,-28.733,0));
#3183=CARTESIAN_POINT('NONE',(17.049999,-28.683001,0));
#3184=CARTESIAN_POINT('NONE',(17.153999,-28.604,0));
#3185=CARTESIAN_POINT('NONE',(17.233,-28.5,0));
#3186=CARTESIAN_POINT('NONE',(17.283001,-28.379,0));
#3187=CARTESIAN_POINT('NONE',(17.299999,-28.25,0));
#3188=CARTESIAN_POINT('NONE',(17.283001,-28.121,0));
#3189=CARTESIAN_POINT('NONE',(17.233,-28,0));
#3190=CARTESIAN_POINT('NONE',(29.146,-28.604,0));
#3191=CARTESIAN_POINT('NONE',(29.25,-28.683001,0));
#3192=CARTESIAN_POINT('NONE',(29.371,-28.733,0));
#3193=CARTESIAN_POINT('NONE',(29.5,-28.75,0));
#3194=CARTESIAN_POINT('NONE',(29.629,-28.733,0));
#3195=CARTESIAN_POINT('NONE',(29.75,-28.683001,0));
#3196=CARTESIAN_POINT('NONE',(29.854,-28.604,0));
#3197=CARTESIAN_POINT('NONE',(29.933001,-28.5,0));
#3198=CARTESIAN_POINT('NONE',(29.983,-28.379,0));
#3199=CARTESIAN_POINT('NONE',(30,-28.25,0));
#3200=CARTESIAN_POINT('NONE',(29.983,-28.121,0));
#3201=CARTESIAN_POINT('NONE',(29.933001,-28,0));
#3202=CARTESIAN_POINT('NONE',(29.854,-27.896,0));
#3203=CARTESIAN_POINT('NONE',(29.75,-27.816999,0));
#3204=CARTESIAN_POINT('NONE',(29.629,-27.767,0));
#3205=CARTESIAN_POINT('NONE',(29.5,-27.75,0));
#3206=CARTESIAN_POINT('NONE',(29.371,-27.767,0));
#3207=CARTESIAN_POINT('NONE',(29.25,-27.816999,0));
#3208=CARTESIAN_POINT('NONE',(29.146,-27.896,0));
#3209=CARTESIAN_POINT('NONE',(29.066999,-28,0));
#3210=CARTESIAN_POINT('NONE',(29.017,-28.121,0));
#3211=CARTESIAN_POINT('NONE',(29,-28.25,0));
#3212=CARTESIAN_POINT('NONE',(29.017,-28.379,0));
#3213=CARTESIAN_POINT('NONE',(29.066999,-28.5,0));
#3214=CARTESIAN_POINT('NONE',(24.67,-28.683001,0));
#3215=CARTESIAN_POINT('NONE',(24.774,-28.604,0));
#3216=CARTESIAN_POINT('NONE',(24.853001,-28.5,0));
#3217=CARTESIAN_POINT('NONE',(24.903,-28.379,0));
#3218=CARTESIAN_POINT('NONE',(24.92,-28.25,0));
#3219=CARTESIAN_POINT('NONE',(24.903,-28.121,0));
#3220=CARTESIAN_POINT('NONE',(24.853001,-28,0));
#3221=CARTESIAN_POINT('NONE',(24.774,-27.896,0));
#3222=CARTESIAN_POINT('NONE',(24.67,-27.816999,0));
#3223=CARTESIAN_POINT('NONE',(24.549,-27.767,0));
#3224=CARTESIAN_POINT('NONE',(24.42,-27.75,0));
#3225=CARTESIAN_POINT('NONE',(24.291,-27.767,0));
#3226=CARTESIAN_POINT('NONE',(24.17,-27.816999,0));
#3227=CARTESIAN_POINT('NONE',(24.066,-27.896,0));
#3228=CARTESIAN_POINT('NONE',(23.987,-28,0));
#3229=CARTESIAN_POINT('NONE',(23.937,-28.121,0));
#3230=CARTESIAN_POINT('NONE',(23.92,-28.25,0));
#3231=CARTESIAN_POINT('NONE',(23.937,-28.379,0));
#3232=CARTESIAN_POINT('NONE',(23.987,-28.5,0));
#3233=CARTESIAN_POINT('NONE',(24.066,-28.604,0));
#3234=CARTESIAN_POINT('NONE',(24.17,-28.683001,0));
#3235=CARTESIAN_POINT('NONE',(24.291,-28.733,0));
#3236=CARTESIAN_POINT('NONE',(24.42,-28.75,0));
#3237=CARTESIAN_POINT('NONE',(24.549,-28.733,0));
#3238=CARTESIAN_POINT('NONE',(19.59,-27.816999,0));
#3239=CARTESIAN_POINT('NONE',(19.469,-27.767,0));
#3240=CARTESIAN_POINT('NONE',(19.34,-27.75,0));
#3241=CARTESIAN_POINT('NONE',(19.211,-27.767,0));
#3242=CARTESIAN_POINT('NONE',(19.09,-27.816999,0));
#3243=CARTESIAN_POINT('NONE',(18.986,-27.896,0));
#3244=CARTESIAN_POINT('NONE',(18.907,-28,0));
#3245=CARTESIAN_POINT('NONE',(18.857,-28.121,0));
#3246=CARTESIAN_POINT('NONE',(18.84,-28.25,0));
#3247=CARTESIAN_POINT('NONE',(18.857,-28.379,0));
#3248=CARTESIAN_POINT('NONE',(18.907,-28.5,0));
#3249=CARTESIAN_POINT('NONE',(18.986,-28.604,0));
#3250=CARTESIAN_POINT('NONE',(19.09,-28.683001,0));
#3251=CARTESIAN_POINT('NONE',(19.211,-28.733,0));
#3252=CARTESIAN_POINT('NONE',(19.34,-28.75,0));
#3253=CARTESIAN_POINT('NONE',(19.469,-28.733,0));
#3254=CARTESIAN_POINT('NONE',(19.59,-28.683001,0));
#3255=CARTESIAN_POINT('NONE',(19.694,-28.604,0));
#3256=CARTESIAN_POINT('NONE',(19.773001,-28.5,0));
#3257=CARTESIAN_POINT('NONE',(19.823,-28.379,0));
#3258=CARTESIAN_POINT('NONE',(19.84,-28.25,0));
#3259=CARTESIAN_POINT('NONE',(19.823,-28.121,0));
#3260=CARTESIAN_POINT('NONE',(19.773001,-28,0));
#3261=CARTESIAN_POINT('NONE',(19.694,-27.896,0));
#3262=CARTESIAN_POINT('NONE',(32.540001,-43.5,0));
#3263=CARTESIAN_POINT('NONE',(32.522999,-43.370998,0));
#3264=CARTESIAN_POINT('NONE',(32.473,-43.25,0));
#3265=CARTESIAN_POINT('NONE',(32.394001,-43.146,0));
#3266=CARTESIAN_POINT('NONE',(32.290001,-43.067001,0));
#3267=CARTESIAN_POINT('NONE',(32.168999,-43.016998,0));
#3268=CARTESIAN_POINT('NONE',(32.040001,-43,0));
#3269=CARTESIAN_POINT('NONE',(31.910999,-43.016998,0));
#3270=CARTESIAN_POINT('NONE',(31.790001,-43.067001,0));
#3271=CARTESIAN_POINT('NONE',(31.686001,-43.146,0));
#3272=CARTESIAN_POINT('NONE',(31.607,-43.25,0));
#3273=CARTESIAN_POINT('NONE',(31.556999,-43.370998,0));
#3274=CARTESIAN_POINT('NONE',(31.540001,-43.5,0));
#3275=CARTESIAN_POINT('NONE',(31.556999,-43.629002,0));
#3276=CARTESIAN_POINT('NONE',(31.607,-43.75,0));
#3277=CARTESIAN_POINT('NONE',(31.686001,-43.854,0));
#3278=CARTESIAN_POINT('NONE',(31.790001,-43.932999,0));
#3279=CARTESIAN_POINT('NONE',(31.910999,-43.983002,0));
#3280=CARTESIAN_POINT('NONE',(32.040001,-44,0));
#3281=CARTESIAN_POINT('NONE',(32.168999,-43.983002,0));
#3282=CARTESIAN_POINT('NONE',(32.290001,-43.932999,0));
#3283=CARTESIAN_POINT('NONE',(32.394001,-43.854,0));
#3284=CARTESIAN_POINT('NONE',(32.473,-43.75,0));
#3285=CARTESIAN_POINT('NONE',(32.522999,-43.629002,0));
#3286=CARTESIAN_POINT('NONE',(27.313999,-28.604,0));
#3287=CARTESIAN_POINT('NONE',(27.393,-28.5,0));
#3288=CARTESIAN_POINT('NONE',(27.443001,-28.379,0));
#3289=CARTESIAN_POINT('NONE',(27.459999,-28.25,0));
#3290=CARTESIAN_POINT('NONE',(27.443001,-28.121,0));
#3291=CARTESIAN_POINT('NONE',(27.393,-28,0));
#3292=CARTESIAN_POINT('NONE',(27.313999,-27.896,0));
#3293=CARTESIAN_POINT('NONE',(27.209999,-27.816999,0));
#3294=CARTESIAN_POINT('NONE',(27.089001,-27.767,0));
#3295=CARTESIAN_POINT('NONE',(26.959999,-27.75,0));
#3296=CARTESIAN_POINT('NONE',(26.830999,-27.767,0));
#3297=CARTESIAN_POINT('NONE',(26.709999,-27.816999,0));
#3298=CARTESIAN_POINT('NONE',(26.606001,-27.896,0));
#3299=CARTESIAN_POINT('NONE',(26.527,-28,0));
#3300=CARTESIAN_POINT('NONE',(26.476999,-28.121,0));
#3301=CARTESIAN_POINT('NONE',(26.459999,-28.25,0));
#3302=CARTESIAN_POINT('NONE',(26.476999,-28.379,0));
#3303=CARTESIAN_POINT('NONE',(26.527,-28.5,0));
#3304=CARTESIAN_POINT('NONE',(26.606001,-28.604,0));
#3305=CARTESIAN_POINT('NONE',(26.709999,-28.683001,0));
#3306=CARTESIAN_POINT('NONE',(26.830999,-28.733,0));
#3307=CARTESIAN_POINT('NONE',(26.959999,-28.75,0));
#3308=CARTESIAN_POINT('NONE',(27.089001,-28.733,0));
#3309=CARTESIAN_POINT('NONE',(27.209999,-28.683001,0));
#3310=CARTESIAN_POINT('NONE',(31.607,-28.5,0));
#3311=CARTESIAN_POINT('NONE',(31.686001,-28.604,0));
#3312=CARTESIAN_POINT('NONE',(31.790001,-28.683001,0));
#3313=CARTESIAN_POINT('NONE',(31.910999,-28.733,0));
#3314=CARTESIAN_POINT('NONE',(32.040001,-28.75,0));
#3315=CARTESIAN_POINT('NONE',(32.168999,-28.733,0));
#3316=CARTESIAN_POINT('NONE',(32.290001,-28.683001,0));
#3317=CARTESIAN_POINT('NONE',(32.394001,-28.604,0));
#3318=CARTESIAN_POINT('NONE',(32.473,-28.5,0));
#3319=CARTESIAN_POINT('NONE',(32.522999,-28.379,0));
#3320=CARTESIAN_POINT('NONE',(32.540001,-28.25,0));
#3321=CARTESIAN_POINT('NONE',(32.522999,-28.121,0));
#3322=CARTESIAN_POINT('NONE',(32.473,-28,0));
#3323=CARTESIAN_POINT('NONE',(32.394001,-27.896,0));
#3324=CARTESIAN_POINT('NONE',(32.290001,-27.816999,0));
#3325=CARTESIAN_POINT('NONE',(32.168999,-27.767,0));
#3326=CARTESIAN_POINT('NONE',(32.040001,-27.75,0));
#3327=CARTESIAN_POINT('NONE',(31.910999,-27.767,0));
#3328=CARTESIAN_POINT('NONE',(31.790001,-27.816999,0));
#3329=CARTESIAN_POINT('NONE',(31.686001,-27.896,0));
#3330=CARTESIAN_POINT('NONE',(31.607,-28,0));
#3331=CARTESIAN_POINT('NONE',(31.556999,-28.121,0));
#3332=CARTESIAN_POINT('NONE',(31.540001,-28.25,0));
#3333=CARTESIAN_POINT('NONE',(31.556999,-28.379,0));
#3334=CARTESIAN_POINT('NONE',(-40.5,-47.25,1.51));
#3335=CARTESIAN_POINT('NONE',(6.924,-40.904999,1.51));
#3336=CARTESIAN_POINT('NONE',(6.895,-41.125,1.51));
#3337=CARTESIAN_POINT('NONE',(37.5,-47.25,1.51));
#3338=CARTESIAN_POINT('NONE',(25.148001,-35.044998,1.51));
#3339=CARTESIAN_POINT('NONE',(25.466,-34.631001,1.51));
#3340=CARTESIAN_POINT('NONE',(25.879999,-34.313,1.51));
#3341=CARTESIAN_POINT('NONE',(26.362,-34.112999,1.51));
#3342=CARTESIAN_POINT('NONE',(26.879999,-34.044998,1.51));
#3343=CARTESIAN_POINT('NONE',(27.398001,-34.112999,1.51));
#3344=CARTESIAN_POINT('NONE',(27.879999,-34.313,1.51));
#3345=CARTESIAN_POINT('NONE',(28.294001,-34.631001,1.51));
#3346=CARTESIAN_POINT('NONE',(28.612,-35.044998,1.51));
#3347=CARTESIAN_POINT('NONE',(28.812,-35.527,1.51));
#3348=CARTESIAN_POINT('NONE',(28.879999,-36.044998,1.51));
#3349=CARTESIAN_POINT('NONE',(28.812,-36.563,1.51));
#3350=CARTESIAN_POINT('NONE',(28.612,-37.044998,1.51));
#3351=CARTESIAN_POINT('NONE',(28.294001,-37.459,1.51));
#3352=CARTESIAN_POINT('NONE',(27.879999,-37.777,1.51));
#3353=CARTESIAN_POINT('NONE',(27.398001,-37.977001,1.51));
#3354=CARTESIAN_POINT('NONE',(26.879999,-38.044998,1.51));
#3355=CARTESIAN_POINT('NONE',(26.362,-37.977001,1.51));
#3356=CARTESIAN_POINT('NONE',(25.879999,-37.777,1.51));
#3357=CARTESIAN_POINT('NONE',(25.466,-37.459,1.51));
#3358=CARTESIAN_POINT('NONE',(25.148001,-37.044998,1.51));
#3359=CARTESIAN_POINT('NONE',(24.948,-36.563,1.51));
#3360=CARTESIAN_POINT('NONE',(24.879999,-36.044998,1.51));
#3361=CARTESIAN_POINT('NONE',(24.948,-35.527,1.51));
#3362=CARTESIAN_POINT('NONE',(9.677,-35.527,1.51));
#3363=CARTESIAN_POINT('NONE',(9.745,-36.044998,1.51));
#3364=CARTESIAN_POINT('NONE',(9.677,-36.563,1.51));
#3365=CARTESIAN_POINT('NONE',(9.477,-37.044998,1.51));
#3366=CARTESIAN_POINT('NONE',(9.159,-37.459,1.51));
#3367=CARTESIAN_POINT('NONE',(8.745,-37.777,1.51));
#3368=CARTESIAN_POINT('NONE',(8.263,-37.977001,1.51));
#3369=CARTESIAN_POINT('NONE',(7.745,-38.044998,1.51));
#3370=CARTESIAN_POINT('NONE',(7.227,-37.977001,1.51));
#3371=CARTESIAN_POINT('NONE',(6.745,-37.777,1.51));
#3372=CARTESIAN_POINT('NONE',(6.331,-37.459,1.51));
#3373=CARTESIAN_POINT('NONE',(6.013,-37.044998,1.51));
#3374=CARTESIAN_POINT('NONE',(5.813,-36.563,1.51));
#3375=CARTESIAN_POINT('NONE',(5.745,-36.044998,1.51));
#3376=CARTESIAN_POINT('NONE',(5.813,-35.527,1.51));
#3377=CARTESIAN_POINT('NONE',(6.013,-35.044998,1.51));
#3378=CARTESIAN_POINT('NONE',(6.331,-34.631001,1.51));
#3379=CARTESIAN_POINT('NONE',(6.745,-34.313,1.51));
#3380=CARTESIAN_POINT('NONE',(7.227,-34.112999,1.51));
#3381=CARTESIAN_POINT('NONE',(7.745,-34.044998,1.51));
#3382=CARTESIAN_POINT('NONE',(8.263,-34.112999,1.51));
#3383=CARTESIAN_POINT('NONE',(8.745,-34.313,1.51));
#3384=CARTESIAN_POINT('NONE',(9.159,-34.631001,1.51));
#3385=CARTESIAN_POINT('NONE',(9.477,-35.044998,1.51));
#3386=CARTESIAN_POINT('NONE',(-12.614,-34.585999,1.51));
#3387=CARTESIAN_POINT('NONE',(-12.2,-34.268002,1.51));
#3388=CARTESIAN_POINT('NONE',(-11.718,-34.068001,1.51));
#3389=CARTESIAN_POINT('NONE',(-11.2,-34,1.51));
#3390=CARTESIAN_POINT('NONE',(-10.682,-34.068001,1.51));
#3391=CARTESIAN_POINT('NONE',(-10.2,-34.268002,1.51));
#3392=CARTESIAN_POINT('NONE',(-9.786,-34.585999,1.51));
#3393=CARTESIAN_POINT('NONE',(-9.468,-35,1.51));
#3394=CARTESIAN_POINT('NONE',(-9.268,-35.481998,1.51));
#3395=CARTESIAN_POINT('NONE',(-9.2,-36,1.51));
#3396=CARTESIAN_POINT('NONE',(-9.268,-36.518002,1.51));
#3397=CARTESIAN_POINT('NONE',(-9.468,-37,1.51));
#3398=CARTESIAN_POINT('NONE',(-9.786,-37.414001,1.51));
#3399=CARTESIAN_POINT('NONE',(-10.2,-37.731998,1.51));
#3400=CARTESIAN_POINT('NONE',(-10.682,-37.931999,1.51));
#3401=CARTESIAN_POINT('NONE',(-11.2,-38,1.51));
#3402=CARTESIAN_POINT('NONE',(-11.718,-37.931999,1.51));
#3403=CARTESIAN_POINT('NONE',(-12.2,-37.731998,1.51));
#3404=CARTESIAN_POINT('NONE',(-12.614,-37.414001,1.51));
#3405=CARTESIAN_POINT('NONE',(-12.932,-37,1.51));
#3406=CARTESIAN_POINT('NONE',(-13.132,-36.518002,1.51));
#3407=CARTESIAN_POINT('NONE',(-13.2,-36,1.51));
#3408=CARTESIAN_POINT('NONE',(-13.132,-35.481998,1.51));
#3409=CARTESIAN_POINT('NONE',(-12.932,-35,1.51));
#3410=CARTESIAN_POINT('NONE',(-28.388,-35,1.51));
#3411=CARTESIAN_POINT('NONE',(-28.188,-35.481998,1.51));
#3412=CARTESIAN_POINT('NONE',(-28.120001,-36,1.51));
#3413=CARTESIAN_POINT('NONE',(-28.188,-36.518002,1.51));
#3414=CARTESIAN_POINT('NONE',(-28.388,-37,1.51));
#3415=CARTESIAN_POINT('NONE',(-28.705999,-37.414001,1.51));
#3416=CARTESIAN_POINT('NONE',(-29.120001,-37.731998,1.51));
#3417=CARTESIAN_POINT('NONE',(-29.601999,-37.931999,1.51));
#3418=CARTESIAN_POINT('NONE',(-30.120001,-38,1.51));
#3419=CARTESIAN_POINT('NONE',(-30.638,-37.931999,1.51));
#3420=CARTESIAN_POINT('NONE',(-31.120001,-37.731998,1.51));
#3421=CARTESIAN_POINT('NONE',(-31.534,-37.414001,1.51));
#3422=CARTESIAN_POINT('NONE',(-31.851999,-37,1.51));
#3423=CARTESIAN_POINT('NONE',(-32.051998,-36.518002,1.51));
#3424=CARTESIAN_POINT('NONE',(-32.119999,-36,1.51));
#3425=CARTESIAN_POINT('NONE',(-32.051998,-35.481998,1.51));
#3426=CARTESIAN_POINT('NONE',(-31.851999,-35,1.51));
#3427=CARTESIAN_POINT('NONE',(-31.534,-34.585999,1.51));
#3428=CARTESIAN_POINT('NONE',(-31.120001,-34.268002,1.51));
#3429=CARTESIAN_POINT('NONE',(-30.638,-34.068001,1.51));
#3430=CARTESIAN_POINT('NONE',(-30.120001,-34,1.51));
#3431=CARTESIAN_POINT('NONE',(-29.601999,-34.068001,1.51));
#3432=CARTESIAN_POINT('NONE',(-29.120001,-34.268002,1.51));
#3433=CARTESIAN_POINT('NONE',(-28.705999,-34.585999,1.51));
#3434=CARTESIAN_POINT('NONE',(-29.27,-41.080002,1.51));
#3435=CARTESIAN_POINT('NONE',(-29.299,-41.299999,1.51));
#3436=CARTESIAN_POINT('NONE',(-29.384001,-41.505001,1.51));
#3437=CARTESIAN_POINT('NONE',(-29.518999,-41.681,1.51));
#3438=CARTESIAN_POINT('NONE',(-29.695,-41.816002,1.51));
#3439=CARTESIAN_POINT('NONE',(-29.9,-41.901001,1.51));
#3440=CARTESIAN_POINT('NONE',(-30.120001,-41.93,1.51));
#3441=CARTESIAN_POINT('NONE',(-30.34,-41.901001,1.51));
#3442=CARTESIAN_POINT('NONE',(-30.545,-41.816002,1.51));
#3443=CARTESIAN_POINT('NONE',(-30.721001,-41.681,1.51));
#3444=CARTESIAN_POINT('NONE',(-30.856001,-41.505001,1.51));
#3445=CARTESIAN_POINT('NONE',(-30.941,-41.299999,1.51));
#3446=CARTESIAN_POINT('NONE',(-30.969999,-41.080002,1.51));
#3447=CARTESIAN_POINT('NONE',(-30.941,-40.860001,1.51));
#3448=CARTESIAN_POINT('NONE',(-30.856001,-40.654999,1.51));
#3449=CARTESIAN_POINT('NONE',(-30.721001,-40.479,1.51));
#3450=CARTESIAN_POINT('NONE',(-30.545,-40.344002,1.51));
#3451=CARTESIAN_POINT('NONE',(-30.34,-40.258999,1.51));
#3452=CARTESIAN_POINT('NONE',(-30.120001,-40.23,1.51));
#3453=CARTESIAN_POINT('NONE',(-29.9,-40.258999,1.51));
#3454=CARTESIAN_POINT('NONE',(-29.695,-40.344002,1.51));
#3455=CARTESIAN_POINT('NONE',(-29.518999,-40.479,1.51));
#3456=CARTESIAN_POINT('NONE',(-29.384001,-40.654999,1.51));
#3457=CARTESIAN_POINT('NONE',(-29.299,-40.860001,1.51));
#3458=CARTESIAN_POINT('NONE',(-10.98,-41.901001,1.51));
#3459=CARTESIAN_POINT('NONE',(-11.2,-41.93,1.51));
#3460=CARTESIAN_POINT('NONE',(-11.42,-41.901001,1.51));
#3461=CARTESIAN_POINT('NONE',(-11.625,-41.816002,1.51));
#3462=CARTESIAN_POINT('NONE',(-11.801,-41.681,1.51));
#3463=CARTESIAN_POINT('NONE',(-11.936,-41.505001,1.51));
#3464=CARTESIAN_POINT('NONE',(-12.021,-41.299999,1.51));
#3465=CARTESIAN_POINT('NONE',(-12.05,-41.080002,1.51));
#3466=CARTESIAN_POINT('NONE',(-12.021,-40.860001,1.51));
#3467=CARTESIAN_POINT('NONE',(-11.936,-40.654999,1.51));
#3468=CARTESIAN_POINT('NONE',(-11.801,-40.479,1.51));
#3469=CARTESIAN_POINT('NONE',(-11.625,-40.344002,1.51));
#3470=CARTESIAN_POINT('NONE',(-11.42,-40.258999,1.51));
#3471=CARTESIAN_POINT('NONE',(-11.2,-40.23,1.51));
#3472=CARTESIAN_POINT('NONE',(-10.98,-40.258999,1.51));
#3473=CARTESIAN_POINT('NONE',(-10.775,-40.344002,1.51));
#3474=CARTESIAN_POINT('NONE',(-10.599,-40.479,1.51));
#3475=CARTESIAN_POINT('NONE',(-10.464,-40.654999,1.51));
#3476=CARTESIAN_POINT('NONE',(-10.379,-40.860001,1.51));
#3477=CARTESIAN_POINT('NONE',(-10.35,-41.080002,1.51));
#3478=CARTESIAN_POINT('NONE',(-10.379,-41.299999,1.51));
#3479=CARTESIAN_POINT('NONE',(-10.464,-41.505001,1.51));
#3480=CARTESIAN_POINT('NONE',(-10.599,-41.681,1.51));
#3481=CARTESIAN_POINT('NONE',(-10.775,-41.816002,1.51));
#3482=CARTESIAN_POINT('NONE',(26.143999,-31.389999,1.51));
#3483=CARTESIAN_POINT('NONE',(26.059,-31.184999,1.51));
#3484=CARTESIAN_POINT('NONE',(26.030001,-30.965,1.51));
#3485=CARTESIAN_POINT('NONE',(26.059,-30.745001,1.51));
#3486=CARTESIAN_POINT('NONE',(26.143999,-30.540001,1.51));
#3487=CARTESIAN_POINT('NONE',(26.278999,-30.364,1.51));
#3488=CARTESIAN_POINT('NONE',(26.455,-30.229,1.51));
#3489=CARTESIAN_POINT('NONE',(26.66,-30.143999,1.51));
#3490=CARTESIAN_POINT('NONE',(26.879999,-30.115,1.51));
#3491=CARTESIAN_POINT('NONE',(27.1,-30.143999,1.51));
#3492=CARTESIAN_POINT('NONE',(27.305,-30.229,1.51));
#3493=CARTESIAN_POINT('NONE',(27.481001,-30.364,1.51));
#3494=CARTESIAN_POINT('NONE',(27.615999,-30.540001,1.51));
#3495=CARTESIAN_POINT('NONE',(27.701,-30.745001,1.51));
#3496=CARTESIAN_POINT('NONE',(27.73,-30.965,1.51));
#3497=CARTESIAN_POINT('NONE',(27.701,-31.184999,1.51));
#3498=CARTESIAN_POINT('NONE',(27.615999,-31.389999,1.51));
#3499=CARTESIAN_POINT('NONE',(27.481001,-31.566,1.51));
#3500=CARTESIAN_POINT('NONE',(27.305,-31.701,1.51));
#3501=CARTESIAN_POINT('NONE',(27.1,-31.785999,1.51));
#3502=CARTESIAN_POINT('NONE',(26.879999,-31.815001,1.51));
#3503=CARTESIAN_POINT('NONE',(26.66,-31.785999,1.51));
#3504=CARTESIAN_POINT('NONE',(26.455,-31.701,1.51));
#3505=CARTESIAN_POINT('NONE',(26.278999,-31.566,1.51));
#3506=CARTESIAN_POINT('NONE',(26.059,-40.904999,1.51));
#3507=CARTESIAN_POINT('NONE',(26.143999,-40.700001,1.51));
#3508=CARTESIAN_POINT('NONE',(26.278999,-40.523998,1.51));
#3509=CARTESIAN_POINT('NONE',(26.455,-40.389,1.51));
#3510=CARTESIAN_POINT('NONE',(26.66,-40.304001,1.51));
#3511=CARTESIAN_POINT('NONE',(26.879999,-40.275002,1.51));
#3512=CARTESIAN_POINT('NONE',(27.1,-40.304001,1.51));
#3513=CARTESIAN_POINT('NONE',(27.305,-40.389,1.51));
#3514=CARTESIAN_POINT('NONE',(27.481001,-40.523998,1.51));
#3515=CARTESIAN_POINT('NONE',(27.615999,-40.700001,1.51));
#3516=CARTESIAN_POINT('NONE',(27.701,-40.904999,1.51));
#3517=CARTESIAN_POINT('NONE',(27.73,-41.125,1.51));
#3518=CARTESIAN_POINT('NONE',(27.701,-41.345001,1.51));
#3519=CARTESIAN_POINT('NONE',(27.615999,-41.549999,1.51));
#3520=CARTESIAN_POINT('NONE',(27.481001,-41.726002,1.51));
#3521=CARTESIAN_POINT('NONE',(27.305,-41.861,1.51));
#3522=CARTESIAN_POINT('NONE',(27.1,-41.945999,1.51));
#3523=CARTESIAN_POINT('NONE',(26.879999,-41.974998,1.51));
#3524=CARTESIAN_POINT('NONE',(26.66,-41.945999,1.51));
#3525=CARTESIAN_POINT('NONE',(26.455,-41.861,1.51));
#3526=CARTESIAN_POINT('NONE',(26.278999,-41.726002,1.51));
#3527=CARTESIAN_POINT('NONE',(26.143999,-41.549999,1.51));
#3528=CARTESIAN_POINT('NONE',(26.059,-41.345001,1.51));
#3529=CARTESIAN_POINT('NONE',(26.030001,-41.125,1.51));
#3530=CARTESIAN_POINT('NONE',(7.745,-30.115,1.51));
#3531=CARTESIAN_POINT('NONE',(7.965,-30.143999,1.51));
#3532=CARTESIAN_POINT('NONE',(8.17,-30.229,1.51));
#3533=CARTESIAN_POINT('NONE',(8.346,-30.364,1.51));
#3534=CARTESIAN_POINT('NONE',(8.481,-30.540001,1.51));
#3535=CARTESIAN_POINT('NONE',(8.566,-30.745001,1.51));
#3536=CARTESIAN_POINT('NONE',(8.595,-30.965,1.51));
#3537=CARTESIAN_POINT('NONE',(8.566,-31.184999,1.51));
#3538=CARTESIAN_POINT('NONE',(8.481,-31.389999,1.51));
#3539=CARTESIAN_POINT('NONE',(8.346,-31.566,1.51));
#3540=CARTESIAN_POINT('NONE',(8.17,-31.701,1.51));
#3541=CARTESIAN_POINT('NONE',(7.965,-31.785999,1.51));
#3542=CARTESIAN_POINT('NONE',(7.745,-31.815001,1.51));
#3543=CARTESIAN_POINT('NONE',(7.525,-31.785999,1.51));
#3544=CARTESIAN_POINT('NONE',(7.32,-31.701,1.51));
#3545=CARTESIAN_POINT('NONE',(7.144,-31.566,1.51));
#3546=CARTESIAN_POINT('NONE',(7.009,-31.389999,1.51));
#3547=CARTESIAN_POINT('NONE',(6.924,-31.184999,1.51));
#3548=CARTESIAN_POINT('NONE',(6.895,-30.965,1.51));
#3549=CARTESIAN_POINT('NONE',(6.924,-30.745001,1.51));
#3550=CARTESIAN_POINT('NONE',(7.009,-30.540001,1.51));
#3551=CARTESIAN_POINT('NONE',(7.144,-30.364,1.51));
#3552=CARTESIAN_POINT('NONE',(7.32,-30.229,1.51));
#3553=CARTESIAN_POINT('NONE',(7.525,-30.143999,1.51));
#3554=CARTESIAN_POINT('NONE',(8.595,-41.125,1.51));
#3555=CARTESIAN_POINT('NONE',(8.566,-41.345001,1.51));
#3556=CARTESIAN_POINT('NONE',(8.481,-41.549999,1.51));
#3557=CARTESIAN_POINT('NONE',(8.346,-41.726002,1.51));
#3558=CARTESIAN_POINT('NONE',(8.17,-41.861,1.51));
#3559=CARTESIAN_POINT('NONE',(7.965,-41.945999,1.51));
#3560=CARTESIAN_POINT('NONE',(7.745,-41.974998,1.51));
#3561=CARTESIAN_POINT('NONE',(7.525,-41.945999,1.51));
#3562=CARTESIAN_POINT('NONE',(7.32,-41.861,1.51));
#3563=CARTESIAN_POINT('NONE',(7.144,-41.726002,1.51));
#3564=CARTESIAN_POINT('NONE',(7.009,-41.549999,1.51));
#3565=CARTESIAN_POINT('NONE',(6.924,-41.345001,1.51));
#3566=CARTESIAN_POINT('NONE',(7.009,-40.700001,1.51));
#3567=CARTESIAN_POINT('NONE',(7.144,-40.523998,1.51));
#3568=CARTESIAN_POINT('NONE',(7.32,-40.389,1.51));
#3569=CARTESIAN_POINT('NONE',(7.525,-40.304001,1.51));
#3570=CARTESIAN_POINT('NONE',(7.745,-40.275002,1.51));
#3571=CARTESIAN_POINT('NONE',(7.965,-40.304001,1.51));
#3572=CARTESIAN_POINT('NONE',(8.17,-40.389,1.51));
#3573=CARTESIAN_POINT('NONE',(8.346,-40.523998,1.51));
#3574=CARTESIAN_POINT('NONE',(8.481,-40.700001,1.51));
#3575=CARTESIAN_POINT('NONE',(8.566,-40.904999,1.51));
#3576=CARTESIAN_POINT('NONE',(-29.384001,-30.495001,1.51));
#3577=CARTESIAN_POINT('NONE',(-29.299,-30.700001,1.51));
#3578=CARTESIAN_POINT('NONE',(-29.27,-30.92,1.51));
#3579=CARTESIAN_POINT('NONE',(-29.299,-31.139999,1.51));
#3580=CARTESIAN_POINT('NONE',(-29.384001,-31.344999,1.51));
#3581=CARTESIAN_POINT('NONE',(-29.518999,-31.521,1.51));
#3582=CARTESIAN_POINT('NONE',(-29.695,-31.656,1.51));
#3583=CARTESIAN_POINT('NONE',(-29.9,-31.740999,1.51));
#3584=CARTESIAN_POINT('NONE',(-30.120001,-31.77,1.51));
#3585=CARTESIAN_POINT('NONE',(-30.34,-31.740999,1.51));
#3586=CARTESIAN_POINT('NONE',(-30.545,-31.656,1.51));
#3587=CARTESIAN_POINT('NONE',(-30.721001,-31.521,1.51));
#3588=CARTESIAN_POINT('NONE',(-30.856001,-31.344999,1.51));
#3589=CARTESIAN_POINT('NONE',(-30.941,-31.139999,1.51));
#3590=CARTESIAN_POINT('NONE',(-30.969999,-30.92,1.51));
#3591=CARTESIAN_POINT('NONE',(-30.941,-30.700001,1.51));
#3592=CARTESIAN_POINT('NONE',(-30.856001,-30.495001,1.51));
#3593=CARTESIAN_POINT('NONE',(-30.721001,-30.319,1.51));
#3594=CARTESIAN_POINT('NONE',(-30.545,-30.184,1.51));
#3595=CARTESIAN_POINT('NONE',(-30.34,-30.099001,1.51));
#3596=CARTESIAN_POINT('NONE',(-30.120001,-30.07,1.51));
#3597=CARTESIAN_POINT('NONE',(-29.9,-30.099001,1.51));
#3598=CARTESIAN_POINT('NONE',(-29.695,-30.184,1.51));
#3599=CARTESIAN_POINT('NONE',(-29.518999,-30.319,1.51));
#3600=CARTESIAN_POINT('NONE',(-11.42,-30.099001,1.51));
#3601=CARTESIAN_POINT('NONE',(-11.2,-30.07,1.51));
#3602=CARTESIAN_POINT('NONE',(-10.98,-30.099001,1.51));
#3603=CARTESIAN_POINT('NONE',(-10.775,-30.184,1.51));
#3604=CARTESIAN_POINT('NONE',(-10.599,-30.319,1.51));
#3605=CARTESIAN_POINT('NONE',(-10.464,-30.495001,1.51));
#3606=CARTESIAN_POINT('NONE',(-10.379,-30.700001,1.51));
#3607=CARTESIAN_POINT('NONE',(-10.35,-30.92,1.51));
#3608=CARTESIAN_POINT('NONE',(-10.379,-31.139999,1.51));
#3609=CARTESIAN_POINT('NONE',(-10.464,-31.344999,1.51));
#3610=CARTESIAN_POINT('NONE',(-10.599,-31.521,1.51));
#3611=CARTESIAN_POINT('NONE',(-10.775,-31.656,1.51));
#3612=CARTESIAN_POINT('NONE',(-10.98,-31.740999,1.51));
#3613=CARTESIAN_POINT('NONE',(-11.2,-31.77,1.51));
#3614=CARTESIAN_POINT('NONE',(-11.42,-31.740999,1.51));
#3615=CARTESIAN_POINT('NONE',(-11.625,-31.656,1.51));
#3616=CARTESIAN_POINT('NONE',(-11.801,-31.521,1.51));
#3617=CARTESIAN_POINT('NONE',(-11.936,-31.344999,1.51));
#3618=CARTESIAN_POINT('NONE',(-12.021,-31.139999,1.51));
#3619=CARTESIAN_POINT('NONE',(-12.05,-30.92,1.51));
#3620=CARTESIAN_POINT('NONE',(-12.021,-30.700001,1.51));
#3621=CARTESIAN_POINT('NONE',(-11.936,-30.495001,1.51));
#3622=CARTESIAN_POINT('NONE',(-11.801,-30.319,1.51));
#3623=CARTESIAN_POINT('NONE',(-11.625,-30.184,1.51));
#3624=CARTESIAN_POINT('NONE',(28.77,-32.610001,1.51));
#3625=CARTESIAN_POINT('NONE',(28.695999,-32.429001,1.51));
#3626=CARTESIAN_POINT('NONE',(28.67,-32.235001,1.51));
#3627=CARTESIAN_POINT('NONE',(28.695999,-32.041,1.51));
#3628=CARTESIAN_POINT('NONE',(28.77,-31.860001,1.51));
#3629=CARTESIAN_POINT('NONE',(28.889999,-31.705,1.51));
#3630=CARTESIAN_POINT('NONE',(29.045,-31.584999,1.51));
#3631=CARTESIAN_POINT('NONE',(29.226,-31.511,1.51));
#3632=CARTESIAN_POINT('NONE',(29.42,-31.485001,1.51));
#3633=CARTESIAN_POINT('NONE',(29.614,-31.511,1.51));
#3634=CARTESIAN_POINT('NONE',(29.795,-31.584999,1.51));
#3635=CARTESIAN_POINT('NONE',(29.950001,-31.705,1.51));
#3636=CARTESIAN_POINT('NONE',(30.07,-31.860001,1.51));
#3637=CARTESIAN_POINT('NONE',(30.143999,-32.041,1.51));
#3638=CARTESIAN_POINT('NONE',(30.17,-32.235001,1.51));
#3639=CARTESIAN_POINT('NONE',(30.143999,-32.429001,1.51));
#3640=CARTESIAN_POINT('NONE',(30.07,-32.610001,1.51));
#3641=CARTESIAN_POINT('NONE',(29.950001,-32.764999,1.51));
#3642=CARTESIAN_POINT('NONE',(29.795,-32.884998,1.51));
#3643=CARTESIAN_POINT('NONE',(29.614,-32.959,1.51));
#3644=CARTESIAN_POINT('NONE',(29.42,-32.985001,1.51));
#3645=CARTESIAN_POINT('NONE',(29.226,-32.959,1.51));
#3646=CARTESIAN_POINT('NONE',(29.045,-32.884998,1.51));
#3647=CARTESIAN_POINT('NONE',(28.889999,-32.764999,1.51));
#3648=CARTESIAN_POINT('NONE',(11.035,-32.235001,1.51));
#3649=CARTESIAN_POINT('NONE',(11.009,-32.429001,1.51));
#3650=CARTESIAN_POINT('NONE',(10.935,-32.610001,1.51));
#3651=CARTESIAN_POINT('NONE',(10.815,-32.764999,1.51));
#3652=CARTESIAN_POINT('NONE',(10.66,-32.884998,1.51));
#3653=CARTESIAN_POINT('NONE',(10.479,-32.959,1.51));
#3654=CARTESIAN_POINT('NONE',(10.285,-32.985001,1.51));
#3655=CARTESIAN_POINT('NONE',(10.091,-32.959,1.51));
#3656=CARTESIAN_POINT('NONE',(9.91,-32.884998,1.51));
#3657=CARTESIAN_POINT('NONE',(9.755,-32.764999,1.51));
#3658=CARTESIAN_POINT('NONE',(9.635,-32.610001,1.51));
#3659=CARTESIAN_POINT('NONE',(9.561,-32.429001,1.51));
#3660=CARTESIAN_POINT('NONE',(9.535,-32.235001,1.51));
#3661=CARTESIAN_POINT('NONE',(9.561,-32.041,1.51));
#3662=CARTESIAN_POINT('NONE',(9.635,-31.860001,1.51));
#3663=CARTESIAN_POINT('NONE',(9.755,-31.705,1.51));
#3664=CARTESIAN_POINT('NONE',(9.91,-31.584999,1.51));
#3665=CARTESIAN_POINT('NONE',(10.091,-31.511,1.51));
#3666=CARTESIAN_POINT('NONE',(10.285,-31.485001,1.51));
#3667=CARTESIAN_POINT('NONE',(10.479,-31.511,1.51));
#3668=CARTESIAN_POINT('NONE',(10.66,-31.584999,1.51));
#3669=CARTESIAN_POINT('NONE',(10.815,-31.705,1.51));
#3670=CARTESIAN_POINT('NONE',(10.935,-31.860001,1.51));
#3671=CARTESIAN_POINT('NONE',(11.009,-32.041,1.51));
#3672=CARTESIAN_POINT('NONE',(-26.93,-31.815001,1.51));
#3673=CARTESIAN_POINT('NONE',(-26.856001,-31.996,1.51));
#3674=CARTESIAN_POINT('NONE',(-26.83,-32.189999,1.51));
#3675=CARTESIAN_POINT('NONE',(-26.856001,-32.383999,1.51));
#3676=CARTESIAN_POINT('NONE',(-26.93,-32.564999,1.51));
#3677=CARTESIAN_POINT('NONE',(-27.049999,-32.720001,1.51));
#3678=CARTESIAN_POINT('NONE',(-27.205,-32.839001,1.51));
#3679=CARTESIAN_POINT('NONE',(-27.386,-32.914001,1.51));
#3680=CARTESIAN_POINT('NONE',(-27.58,-32.939999,1.51));
#3681=CARTESIAN_POINT('NONE',(-27.774,-32.914001,1.51));
#3682=CARTESIAN_POINT('NONE',(-27.955,-32.839001,1.51));
#3683=CARTESIAN_POINT('NONE',(-28.110001,-32.720001,1.51));
#3684=CARTESIAN_POINT('NONE',(-28.23,-32.564999,1.51));
#3685=CARTESIAN_POINT('NONE',(-28.304001,-32.383999,1.51));
#3686=CARTESIAN_POINT('NONE',(-28.33,-32.189999,1.51));
#3687=CARTESIAN_POINT('NONE',(-28.304001,-31.996,1.51));
#3688=CARTESIAN_POINT('NONE',(-28.23,-31.815001,1.51));
#3689=CARTESIAN_POINT('NONE',(-28.110001,-31.66,1.51));
#3690=CARTESIAN_POINT('NONE',(-27.955,-31.540001,1.51));
#3691=CARTESIAN_POINT('NONE',(-27.774,-31.466,1.51));
#3692=CARTESIAN_POINT('NONE',(-27.58,-31.440001,1.51));
#3693=CARTESIAN_POINT('NONE',(-27.386,-31.466,1.51));
#3694=CARTESIAN_POINT('NONE',(-27.205,-31.540001,1.51));
#3695=CARTESIAN_POINT('NONE',(-27.049999,-31.66,1.51));
#3696=CARTESIAN_POINT('NONE',(-9.035,-31.540001,1.51));
#3697=CARTESIAN_POINT('NONE',(-8.854,-31.466,1.51));
#3698=CARTESIAN_POINT('NONE',(-8.66,-31.440001,1.51));
#3699=CARTESIAN_POINT('NONE',(-8.466,-31.466,1.51));
#3700=CARTESIAN_POINT('NONE',(-8.285,-31.540001,1.51));
#3701=CARTESIAN_POINT('NONE',(-8.13,-31.66,1.51));
#3702=CARTESIAN_POINT('NONE',(-8.01,-31.815001,1.51));
#3703=CARTESIAN_POINT('NONE',(-7.936,-31.996,1.51));
#3704=CARTESIAN_POINT('NONE',(-7.91,-32.189999,1.51));
#3705=CARTESIAN_POINT('NONE',(-7.936,-32.383999,1.51));
#3706=CARTESIAN_POINT('NONE',(-8.01,-32.564999,1.51));
#3707=CARTESIAN_POINT('NONE',(-8.13,-32.720001,1.51));
#3708=CARTESIAN_POINT('NONE',(-8.285,-32.839001,1.51));
#3709=CARTESIAN_POINT('NONE',(-8.466,-32.914001,1.51));
#3710=CARTESIAN_POINT('NONE',(-8.66,-32.939999,1.51));
#3711=CARTESIAN_POINT('NONE',(-8.854,-32.914001,1.51));
#3712=CARTESIAN_POINT('NONE',(-9.035,-32.839001,1.51));
#3713=CARTESIAN_POINT('NONE',(-9.19,-32.720001,1.51));
#3714=CARTESIAN_POINT('NONE',(-9.31,-32.564999,1.51));
#3715=CARTESIAN_POINT('NONE',(-9.384,-32.383999,1.51));
#3716=CARTESIAN_POINT('NONE',(-9.41,-32.189999,1.51));
#3717=CARTESIAN_POINT('NONE',(-9.384,-31.996,1.51));
#3718=CARTESIAN_POINT('NONE',(-9.31,-31.815001,1.51));
#3719=CARTESIAN_POINT('NONE',(-9.19,-31.66,1.51));
#3720=CARTESIAN_POINT('NONE',(-5.745,-37.890999,1.51));
#3721=CARTESIAN_POINT('NONE',(-5.59,-38.009998,1.51));
#3722=CARTESIAN_POINT('NONE',(-5.47,-38.165001,1.51));
#3723=CARTESIAN_POINT('NONE',(-5.396,-38.346001,1.51));
#3724=CARTESIAN_POINT('NONE',(-5.37,-38.540001,1.51));
#3725=CARTESIAN_POINT('NONE',(-5.396,-38.734001,1.51));
#3726=CARTESIAN_POINT('NONE',(-5.47,-38.915001,1.51));
#3727=CARTESIAN_POINT('NONE',(-5.59,-39.07,1.51));
#3728=CARTESIAN_POINT('NONE',(-5.745,-39.188999,1.51));
#3729=CARTESIAN_POINT('NONE',(-5.926,-39.264,1.51));
#3730=CARTESIAN_POINT('NONE',(-6.12,-39.290001,1.51));
#3731=CARTESIAN_POINT('NONE',(-6.314,-39.264,1.51));
#3732=CARTESIAN_POINT('NONE',(-6.495,-39.188999,1.51));
#3733=CARTESIAN_POINT('NONE',(-6.65,-39.07,1.51));
#3734=CARTESIAN_POINT('NONE',(-6.77,-38.915001,1.51));
#3735=CARTESIAN_POINT('NONE',(-6.844,-38.734001,1.51));
#3736=CARTESIAN_POINT('NONE',(-6.87,-38.540001,1.51));
#3737=CARTESIAN_POINT('NONE',(-6.844,-38.346001,1.51));
#3738=CARTESIAN_POINT('NONE',(-6.77,-38.165001,1.51));
#3739=CARTESIAN_POINT('NONE',(-6.65,-38.009998,1.51));
#3740=CARTESIAN_POINT('NONE',(-6.495,-37.890999,1.51));
#3741=CARTESIAN_POINT('NONE',(-6.314,-37.816002,1.51));
#3742=CARTESIAN_POINT('NONE',(-6.12,-37.790001,1.51));
#3743=CARTESIAN_POINT('NONE',(-5.926,-37.816002,1.51));
#3744=CARTESIAN_POINT('NONE',(13.355,-38.055,1.51));
#3745=CARTESIAN_POINT('NONE',(13.475,-38.209999,1.51));
#3746=CARTESIAN_POINT('NONE',(13.549,-38.390999,1.51));
#3747=CARTESIAN_POINT('NONE',(13.575,-38.584999,1.51));
#3748=CARTESIAN_POINT('NONE',(13.549,-38.778999,1.51));
#3749=CARTESIAN_POINT('NONE',(13.475,-38.959999,1.51));
#3750=CARTESIAN_POINT('NONE',(13.355,-39.115002,1.51));
#3751=CARTESIAN_POINT('NONE',(13.2,-39.234001,1.51));
#3752=CARTESIAN_POINT('NONE',(13.019,-39.308998,1.51));
#3753=CARTESIAN_POINT('NONE',(12.825,-39.334999,1.51));
#3754=CARTESIAN_POINT('NONE',(12.631,-39.308998,1.51));
#3755=CARTESIAN_POINT('NONE',(12.45,-39.234001,1.51));
#3756=CARTESIAN_POINT('NONE',(12.295,-39.115002,1.51));
#3757=CARTESIAN_POINT('NONE',(12.175,-38.959999,1.51));
#3758=CARTESIAN_POINT('NONE',(12.101,-38.778999,1.51));
#3759=CARTESIAN_POINT('NONE',(12.075,-38.584999,1.51));
#3760=CARTESIAN_POINT('NONE',(12.101,-38.390999,1.51));
#3761=CARTESIAN_POINT('NONE',(12.175,-38.209999,1.51));
#3762=CARTESIAN_POINT('NONE',(12.295,-38.055,1.51));
#3763=CARTESIAN_POINT('NONE',(12.45,-37.936001,1.51));
#3764=CARTESIAN_POINT('NONE',(12.631,-37.861,1.51));
#3765=CARTESIAN_POINT('NONE',(12.825,-37.834999,1.51));
#3766=CARTESIAN_POINT('NONE',(13.019,-37.861,1.51));
#3767=CARTESIAN_POINT('NONE',(13.2,-37.936001,1.51));
#3768=CARTESIAN_POINT('NONE',(31.584999,-37.936001,1.51));
#3769=CARTESIAN_POINT('NONE',(31.766001,-37.861,1.51));
#3770=CARTESIAN_POINT('NONE',(31.959999,-37.834999,1.51));
#3771=CARTESIAN_POINT('NONE',(32.153999,-37.861,1.51));
#3772=CARTESIAN_POINT('NONE',(32.334999,-37.936001,1.51));
#3773=CARTESIAN_POINT('NONE',(32.490002,-38.055,1.51));
#3774=CARTESIAN_POINT('NONE',(32.610001,-38.209999,1.51));
#3775=CARTESIAN_POINT('NONE',(32.683998,-38.390999,1.51));
#3776=CARTESIAN_POINT('NONE',(32.709999,-38.584999,1.51));
#3777=CARTESIAN_POINT('NONE',(32.683998,-38.778999,1.51));
#3778=CARTESIAN_POINT('NONE',(32.610001,-38.959999,1.51));
#3779=CARTESIAN_POINT('NONE',(32.490002,-39.115002,1.51));
#3780=CARTESIAN_POINT('NONE',(32.334999,-39.234001,1.51));
#3781=CARTESIAN_POINT('NONE',(32.153999,-39.308998,1.51));
#3782=CARTESIAN_POINT('NONE',(31.959999,-39.334999,1.51));
#3783=CARTESIAN_POINT('NONE',(31.766001,-39.308998,1.51));
#3784=CARTESIAN_POINT('NONE',(31.584999,-39.234001,1.51));
#3785=CARTESIAN_POINT('NONE',(31.43,-39.115002,1.51));
#3786=CARTESIAN_POINT('NONE',(31.309999,-38.959999,1.51));
#3787=CARTESIAN_POINT('NONE',(31.236,-38.778999,1.51));
#3788=CARTESIAN_POINT('NONE',(31.209999,-38.584999,1.51));
#3789=CARTESIAN_POINT('NONE',(31.236,-38.390999,1.51));
#3790=CARTESIAN_POINT('NONE',(31.309999,-38.209999,1.51));
#3791=CARTESIAN_POINT('NONE',(31.43,-38.055,1.51));
#3792=CARTESIAN_POINT('NONE',(-24.846001,-37.816002,1.51));
#3793=CARTESIAN_POINT('NONE',(-24.665001,-37.890999,1.51));
#3794=CARTESIAN_POINT('NONE',(-24.51,-38.009998,1.51));
#3795=CARTESIAN_POINT('NONE',(-24.391001,-38.165001,1.51));
#3796=CARTESIAN_POINT('NONE',(-24.316,-38.346001,1.51));
#3797=CARTESIAN_POINT('NONE',(-24.290001,-38.540001,1.51));
#3798=CARTESIAN_POINT('NONE',(-24.316,-38.734001,1.51));
#3799=CARTESIAN_POINT('NONE',(-24.391001,-38.915001,1.51));
#3800=CARTESIAN_POINT('NONE',(-24.51,-39.07,1.51));
#3801=CARTESIAN_POINT('NONE',(-24.665001,-39.188999,1.51));
#3802=CARTESIAN_POINT('NONE',(-24.846001,-39.264,1.51));
#3803=CARTESIAN_POINT('NONE',(-25.040001,-39.290001,1.51));
#3804=CARTESIAN_POINT('NONE',(-25.233999,-39.264,1.51));
#3805=CARTESIAN_POINT('NONE',(-25.415001,-39.188999,1.51));
#3806=CARTESIAN_POINT('NONE',(-25.57,-39.07,1.51));
#3807=CARTESIAN_POINT('NONE',(-25.688999,-38.915001,1.51));
#3808=CARTESIAN_POINT('NONE',(-25.764,-38.734001,1.51));
#3809=CARTESIAN_POINT('NONE',(-25.790001,-38.540001,1.51));
#3810=CARTESIAN_POINT('NONE',(-25.764,-38.346001,1.51));
#3811=CARTESIAN_POINT('NONE',(-25.688999,-38.165001,1.51));
#3812=CARTESIAN_POINT('NONE',(-25.57,-38.009998,1.51));
#3813=CARTESIAN_POINT('NONE',(-25.415001,-37.890999,1.51));
#3814=CARTESIAN_POINT('NONE',(-25.233999,-37.816002,1.51));
#3815=CARTESIAN_POINT('NONE',(-25.040001,-37.790001,1.51));
#3816=CARTESIAN_POINT('NONE',(16.799999,-43,1.51));
#3817=CARTESIAN_POINT('NONE',(16.929001,-43.016998,1.51));
#3818=CARTESIAN_POINT('NONE',(17.049999,-43.067001,1.51));
#3819=CARTESIAN_POINT('NONE',(17.153999,-43.146,1.51));
#3820=CARTESIAN_POINT('NONE',(17.233,-43.25,1.51));
#3821=CARTESIAN_POINT('NONE',(17.283001,-43.370998,1.51));
#3822=CARTESIAN_POINT('NONE',(17.299999,-43.5,1.51));
#3823=CARTESIAN_POINT('NONE',(17.283001,-43.629002,1.51));
#3824=CARTESIAN_POINT('NONE',(17.233,-43.75,1.51));
#3825=CARTESIAN_POINT('NONE',(17.153999,-43.854,1.51));
#3826=CARTESIAN_POINT('NONE',(17.049999,-43.932999,1.51));
#3827=CARTESIAN_POINT('NONE',(16.929001,-43.983002,1.51));
#3828=CARTESIAN_POINT('NONE',(16.799999,-44,1.51));
#3829=CARTESIAN_POINT('NONE',(16.671,-43.983002,1.51));
#3830=CARTESIAN_POINT('NONE',(16.549999,-43.932999,1.51));
#3831=CARTESIAN_POINT('NONE',(16.445999,-43.854,1.51));
#3832=CARTESIAN_POINT('NONE',(16.367001,-43.75,1.51));
#3833=CARTESIAN_POINT('NONE',(16.316999,-43.629002,1.51));
#3834=CARTESIAN_POINT('NONE',(16.299999,-43.5,1.51));
#3835=CARTESIAN_POINT('NONE',(16.316999,-43.370998,1.51));
#3836=CARTESIAN_POINT('NONE',(16.367001,-43.25,1.51));
#3837=CARTESIAN_POINT('NONE',(16.445999,-43.146,1.51));
#3838=CARTESIAN_POINT('NONE',(16.549999,-43.067001,1.51));
#3839=CARTESIAN_POINT('NONE',(16.671,-43.016998,1.51));
#3840=CARTESIAN_POINT('NONE',(21.525999,-43.146,1.51));
#3841=CARTESIAN_POINT('NONE',(21.629999,-43.067001,1.51));
#3842=CARTESIAN_POINT('NONE',(21.750999,-43.016998,1.51));
#3843=CARTESIAN_POINT('NONE',(21.879999,-43,1.51));
#3844=CARTESIAN_POINT('NONE',(22.009001,-43.016998,1.51));
#3845=CARTESIAN_POINT('NONE',(22.129999,-43.067001,1.51));
#3846=CARTESIAN_POINT('NONE',(22.233999,-43.146,1.51));
#3847=CARTESIAN_POINT('NONE',(22.313,-43.25,1.51));
#3848=CARTESIAN_POINT('NONE',(22.363001,-43.370998,1.51));
#3849=CARTESIAN_POINT('NONE',(22.379999,-43.5,1.51));
#3850=CARTESIAN_POINT('NONE',(22.363001,-43.629002,1.51));
#3851=CARTESIAN_POINT('NONE',(22.313,-43.75,1.51));
#3852=CARTESIAN_POINT('NONE',(22.233999,-43.854,1.51));
#3853=CARTESIAN_POINT('NONE',(22.129999,-43.932999,1.51));
#3854=CARTESIAN_POINT('NONE',(22.009001,-43.983002,1.51));
#3855=CARTESIAN_POINT('NONE',(21.879999,-44,1.51));
#3856=CARTESIAN_POINT('NONE',(21.750999,-43.983002,1.51));
#3857=CARTESIAN_POINT('NONE',(21.629999,-43.932999,1.51));
#3858=CARTESIAN_POINT('NONE',(21.525999,-43.854,1.51));
#3859=CARTESIAN_POINT('NONE',(21.447001,-43.75,1.51));
#3860=CARTESIAN_POINT('NONE',(21.396999,-43.629002,1.51));
#3861=CARTESIAN_POINT('NONE',(21.379999,-43.5,1.51));
#3862=CARTESIAN_POINT('NONE',(21.396999,-43.370998,1.51));
#3863=CARTESIAN_POINT('NONE',(21.447001,-43.25,1.51));
#3864=CARTESIAN_POINT('NONE',(19.09,-43.067001,1.51));
#3865=CARTESIAN_POINT('NONE',(19.211,-43.016998,1.51));
#3866=CARTESIAN_POINT('NONE',(19.34,-43,1.51));
#3867=CARTESIAN_POINT('NONE',(19.469,-43.016998,1.51));
#3868=CARTESIAN_POINT('NONE',(19.59,-43.067001,1.51));
#3869=CARTESIAN_POINT('NONE',(19.694,-43.146,1.51));
#3870=CARTESIAN_POINT('NONE',(19.773001,-43.25,1.51));
#3871=CARTESIAN_POINT('NONE',(19.823,-43.370998,1.51));
#3872=CARTESIAN_POINT('NONE',(19.84,-43.5,1.51));
#3873=CARTESIAN_POINT('NONE',(19.823,-43.629002,1.51));
#3874=CARTESIAN_POINT('NONE',(19.773001,-43.75,1.51));
#3875=CARTESIAN_POINT('NONE',(19.694,-43.854,1.51));
#3876=CARTESIAN_POINT('NONE',(19.59,-43.932999,1.51));
#3877=CARTESIAN_POINT('NONE',(19.469,-43.983002,1.51));
#3878=CARTESIAN_POINT('NONE',(19.34,-44,1.51));
#3879=CARTESIAN_POINT('NONE',(19.211,-43.983002,1.51));
#3880=CARTESIAN_POINT('NONE',(19.09,-43.932999,1.51));
#3881=CARTESIAN_POINT('NONE',(18.986,-43.854,1.51));
#3882=CARTESIAN_POINT('NONE',(18.907,-43.75,1.51));
#3883=CARTESIAN_POINT('NONE',(18.857,-43.629002,1.51));
#3884=CARTESIAN_POINT('NONE',(18.84,-43.5,1.51));
#3885=CARTESIAN_POINT('NONE',(18.857,-43.370998,1.51));
#3886=CARTESIAN_POINT('NONE',(18.907,-43.25,1.51));
#3887=CARTESIAN_POINT('NONE',(18.986,-43.146,1.51));
#3888=CARTESIAN_POINT('NONE',(23.987,-43.25,1.51));
#3889=CARTESIAN_POINT('NONE',(24.066,-43.146,1.51));
#3890=CARTESIAN_POINT('NONE',(24.17,-43.067001,1.51));
#3891=CARTESIAN_POINT('NONE',(24.291,-43.016998,1.51));
#3892=CARTESIAN_POINT('NONE',(24.42,-43,1.51));
#3893=CARTESIAN_POINT('NONE',(24.549,-43.016998,1.51));
#3894=CARTESIAN_POINT('NONE',(24.67,-43.067001,1.51));
#3895=CARTESIAN_POINT('NONE',(24.774,-43.146,1.51));
#3896=CARTESIAN_POINT('NONE',(24.853001,-43.25,1.51));
#3897=CARTESIAN_POINT('NONE',(24.903,-43.370998,1.51));
#3898=CARTESIAN_POINT('NONE',(24.92,-43.5,1.51));
#3899=CARTESIAN_POINT('NONE',(24.903,-43.629002,1.51));
#3900=CARTESIAN_POINT('NONE',(24.853001,-43.75,1.51));
#3901=CARTESIAN_POINT('NONE',(24.774,-43.854,1.51));
#3902=CARTESIAN_POINT('NONE',(24.67,-43.932999,1.51));
#3903=CARTESIAN_POINT('NONE',(24.549,-43.983002,1.51));
#3904=CARTESIAN_POINT('NONE',(24.42,-44,1.51));
#3905=CARTESIAN_POINT('NONE',(24.291,-43.983002,1.51));
#3906=CARTESIAN_POINT('NONE',(24.17,-43.932999,1.51));
#3907=CARTESIAN_POINT('NONE',(24.066,-43.854,1.51));
#3908=CARTESIAN_POINT('NONE',(23.987,-43.75,1.51));
#3909=CARTESIAN_POINT('NONE',(23.937,-43.629002,1.51));
#3910=CARTESIAN_POINT('NONE',(23.92,-43.5,1.51));
#3911=CARTESIAN_POINT('NONE',(23.937,-43.370998,1.51));
#3912=CARTESIAN_POINT('NONE',(29.371,-43.016998,1.51));
#3913=CARTESIAN_POINT('NONE',(29.5,-43,1.51));
#3914=CARTESIAN_POINT('NONE',(29.629,-43.016998,1.51));
#3915=CARTESIAN_POINT('NONE',(29.75,-43.067001,1.51));
#3916=CARTESIAN_POINT('NONE',(29.854,-43.146,1.51));
#3917=CARTESIAN_POINT('NONE',(29.933001,-43.25,1.51));
#3918=CARTESIAN_POINT('NONE',(29.983,-43.370998,1.51));
#3919=CARTESIAN_POINT('NONE',(30,-43.5,1.51));
#3920=CARTESIAN_POINT('NONE',(29.983,-43.629002,1.51));
#3921=CARTESIAN_POINT('NONE',(29.933001,-43.75,1.51));
#3922=CARTESIAN_POINT('NONE',(29.854,-43.854,1.51));
#3923=CARTESIAN_POINT('NONE',(29.75,-43.932999,1.51));
#3924=CARTESIAN_POINT('NONE',(29.629,-43.983002,1.51));
#3925=CARTESIAN_POINT('NONE',(29.5,-44,1.51));
#3926=CARTESIAN_POINT('NONE',(29.371,-43.983002,1.51));
#3927=CARTESIAN_POINT('NONE',(29.25,-43.932999,1.51));
#3928=CARTESIAN_POINT('NONE',(29.146,-43.854,1.51));
#3929=CARTESIAN_POINT('NONE',(29.066999,-43.75,1.51));
#3930=CARTESIAN_POINT('NONE',(29.017,-43.629002,1.51));
#3931=CARTESIAN_POINT('NONE',(29,-43.5,1.51));
#3932=CARTESIAN_POINT('NONE',(29.017,-43.370998,1.51));
#3933=CARTESIAN_POINT('NONE',(29.066999,-43.25,1.51));
#3934=CARTESIAN_POINT('NONE',(29.146,-43.146,1.51));
#3935=CARTESIAN_POINT('NONE',(29.25,-43.067001,1.51));
#3936=CARTESIAN_POINT('NONE',(26.527,-43.25,1.51));
#3937=CARTESIAN_POINT('NONE',(26.606001,-43.146,1.51));
#3938=CARTESIAN_POINT('NONE',(26.709999,-43.067001,1.51));
#3939=CARTESIAN_POINT('NONE',(26.830999,-43.016998,1.51));
#3940=CARTESIAN_POINT('NONE',(26.959999,-43,1.51));
#3941=CARTESIAN_POINT('NONE',(27.089001,-43.016998,1.51));
#3942=CARTESIAN_POINT('NONE',(27.209999,-43.067001,1.51));
#3943=CARTESIAN_POINT('NONE',(27.313999,-43.146,1.51));
#3944=CARTESIAN_POINT('NONE',(27.393,-43.25,1.51));
#3945=CARTESIAN_POINT('NONE',(27.443001,-43.370998,1.51));
#3946=CARTESIAN_POINT('NONE',(27.459999,-43.5,1.51));
#3947=CARTESIAN_POINT('NONE',(27.443001,-43.629002,1.51));
#3948=CARTESIAN_POINT('NONE',(27.393,-43.75,1.51));
#3949=CARTESIAN_POINT('NONE',(27.313999,-43.854,1.51));
#3950=CARTESIAN_POINT('NONE',(27.209999,-43.932999,1.51));
#3951=CARTESIAN_POINT('NONE',(27.089001,-43.983002,1.51));
#3952=CARTESIAN_POINT('NONE',(26.959999,-44,1.51));
#3953=CARTESIAN_POINT('NONE',(26.830999,-43.983002,1.51));
#3954=CARTESIAN_POINT('NONE',(26.709999,-43.932999,1.51));
#3955=CARTESIAN_POINT('NONE',(26.606001,-43.854,1.51));
#3956=CARTESIAN_POINT('NONE',(26.527,-43.75,1.51));
#3957=CARTESIAN_POINT('NONE',(26.476999,-43.629002,1.51));
#3958=CARTESIAN_POINT('NONE',(26.459999,-43.5,1.51));
#3959=CARTESIAN_POINT('NONE',(26.476999,-43.370998,1.51));
#3960=CARTESIAN_POINT('NONE',(22.009001,-28.733,1.51));
#3961=CARTESIAN_POINT('NONE',(21.879999,-28.75,1.51));
#3962=CARTESIAN_POINT('NONE',(21.750999,-28.733,1.51));
#3963=CARTESIAN_POINT('NONE',(21.629999,-28.683001,1.51));
#3964=CARTESIAN_POINT('NONE',(21.525999,-28.604,1.51));
#3965=CARTESIAN_POINT('NONE',(21.447001,-28.5,1.51));
#3966=CARTESIAN_POINT('NONE',(21.396999,-28.379,1.51));
#3967=CARTESIAN_POINT('NONE',(21.379999,-28.25,1.51));
#3968=CARTESIAN_POINT('NONE',(21.396999,-28.121,1.51));
#3969=CARTESIAN_POINT('NONE',(21.447001,-28,1.51));
#3970=CARTESIAN_POINT('NONE',(21.525999,-27.896,1.51));
#3971=CARTESIAN_POINT('NONE',(21.629999,-27.816999,1.51));
#3972=CARTESIAN_POINT('NONE',(21.750999,-27.767,1.51));
#3973=CARTESIAN_POINT('NONE',(21.879999,-27.75,1.51));
#3974=CARTESIAN_POINT('NONE',(22.009001,-27.767,1.51));
#3975=CARTESIAN_POINT('NONE',(22.129999,-27.816999,1.51));
#3976=CARTESIAN_POINT('NONE',(22.233999,-27.896,1.51));
#3977=CARTESIAN_POINT('NONE',(22.313,-28,1.51));
#3978=CARTESIAN_POINT('NONE',(22.363001,-28.121,1.51));
#3979=CARTESIAN_POINT('NONE',(22.379999,-28.25,1.51));
#3980=CARTESIAN_POINT('NONE',(22.363001,-28.379,1.51));
#3981=CARTESIAN_POINT('NONE',(22.313,-28.5,1.51));
#3982=CARTESIAN_POINT('NONE',(22.233999,-28.604,1.51));
#3983=CARTESIAN_POINT('NONE',(22.129999,-28.683001,1.51));
#3984=CARTESIAN_POINT('NONE',(17.049999,-28.683001,1.51));
#3985=CARTESIAN_POINT('NONE',(16.929001,-28.733,1.51));
#3986=CARTESIAN_POINT('NONE',(16.799999,-28.75,1.51));
#3987=CARTESIAN_POINT('NONE',(16.671,-28.733,1.51));
#3988=CARTESIAN_POINT('NONE',(16.549999,-28.683001,1.51));
#3989=CARTESIAN_POINT('NONE',(16.445999,-28.604,1.51));
#3990=CARTESIAN_POINT('NONE',(16.367001,-28.5,1.51));
#3991=CARTESIAN_POINT('NONE',(16.316999,-28.379,1.51));
#3992=CARTESIAN_POINT('NONE',(16.299999,-28.25,1.51));
#3993=CARTESIAN_POINT('NONE',(16.316999,-28.121,1.51));
#3994=CARTESIAN_POINT('NONE',(16.367001,-28,1.51));
#3995=CARTESIAN_POINT('NONE',(16.445999,-27.896,1.51));
#3996=CARTESIAN_POINT('NONE',(16.549999,-27.816999,1.51));
#3997=CARTESIAN_POINT('NONE',(16.671,-27.767,1.51));
#3998=CARTESIAN_POINT('NONE',(16.799999,-27.75,1.51));
#3999=CARTESIAN_POINT('NONE',(16.929001,-27.767,1.51));
#4000=CARTESIAN_POINT('NONE',(17.049999,-27.816999,1.51));
#4001=CARTESIAN_POINT('NONE',(17.153999,-27.896,1.51));
#4002=CARTESIAN_POINT('NONE',(17.233,-28,1.51));
#4003=CARTESIAN_POINT('NONE',(17.283001,-28.121,1.51));
#4004=CARTESIAN_POINT('NONE',(17.299999,-28.25,1.51));
#4005=CARTESIAN_POINT('NONE',(17.283001,-28.379,1.51));
#4006=CARTESIAN_POINT('NONE',(17.233,-28.5,1.51));
#4007=CARTESIAN_POINT('NONE',(17.153999,-28.604,1.51));
#4008=CARTESIAN_POINT('NONE',(19.694,-28.604,1.51));
#4009=CARTESIAN_POINT('NONE',(19.59,-28.683001,1.51));
#4010=CARTESIAN_POINT('NONE',(19.469,-28.733,1.51));
#4011=CARTESIAN_POINT('NONE',(19.34,-28.75,1.51));
#4012=CARTESIAN_POINT('NONE',(19.211,-28.733,1.51));
#4013=CARTESIAN_POINT('NONE',(19.09,-28.683001,1.51));
#4014=CARTESIAN_POINT('NONE',(18.986,-28.604,1.51));
#4015=CARTESIAN_POINT('NONE',(18.907,-28.5,1.51));
#4016=CARTESIAN_POINT('NONE',(18.857,-28.379,1.51));
#4017=CARTESIAN_POINT('NONE',(18.84,-28.25,1.51));
#4018=CARTESIAN_POINT('NONE',(18.857,-28.121,1.51));
#4019=CARTESIAN_POINT('NONE',(18.907,-28,1.51));
#4020=CARTESIAN_POINT('NONE',(18.986,-27.896,1.51));
#4021=CARTESIAN_POINT('NONE',(19.09,-27.816999,1.51));
#4022=CARTESIAN_POINT('NONE',(19.211,-27.767,1.51));
#4023=CARTESIAN_POINT('NONE',(19.34,-27.75,1.51));
#4024=CARTESIAN_POINT('NONE',(19.469,-27.767,1.51));
#4025=CARTESIAN_POINT('NONE',(19.59,-27.816999,1.51));
#4026=CARTESIAN_POINT('NONE',(19.694,-27.896,1.51));
#4027=CARTESIAN_POINT('NONE',(19.773001,-28,1.51));
#4028=CARTESIAN_POINT('NONE',(19.823,-28.121,1.51));
#4029=CARTESIAN_POINT('NONE',(19.84,-28.25,1.51));
#4030=CARTESIAN_POINT('NONE',(19.823,-28.379,1.51));
#4031=CARTESIAN_POINT('NONE',(19.773001,-28.5,1.51));
#4032=CARTESIAN_POINT('NONE',(24.066,-28.604,1.51));
#4033=CARTESIAN_POINT('NONE',(23.987,-28.5,1.51));
#4034=CARTESIAN_POINT('NONE',(23.937,-28.379,1.51));
#4035=CARTESIAN_POINT('NONE',(23.92,-28.25,1.51));
#4036=CARTESIAN_POINT('NONE',(23.937,-28.121,1.51));
#4037=CARTESIAN_POINT('NONE',(23.987,-28,1.51));
#4038=CARTESIAN_POINT('NONE',(24.066,-27.896,1.51));
#4039=CARTESIAN_POINT('NONE',(24.17,-27.816999,1.51));
#4040=CARTESIAN_POINT('NONE',(24.291,-27.767,1.51));
#4041=CARTESIAN_POINT('NONE',(24.42,-27.75,1.51));
#4042=CARTESIAN_POINT('NONE',(24.549,-27.767,1.51));
#4043=CARTESIAN_POINT('NONE',(24.67,-27.816999,1.51));
#4044=CARTESIAN_POINT('NONE',(24.774,-27.896,1.51));
#4045=CARTESIAN_POINT('NONE',(24.853001,-28,1.51));
#4046=CARTESIAN_POINT('NONE',(24.903,-28.121,1.51));
#4047=CARTESIAN_POINT('NONE',(24.92,-28.25,1.51));
#4048=CARTESIAN_POINT('NONE',(24.903,-28.379,1.51));
#4049=CARTESIAN_POINT('NONE',(24.853001,-28.5,1.51));
#4050=CARTESIAN_POINT('NONE',(24.774,-28.604,1.51));
#4051=CARTESIAN_POINT('NONE',(24.67,-28.683001,1.51));
#4052=CARTESIAN_POINT('NONE',(24.549,-28.733,1.51));
#4053=CARTESIAN_POINT('NONE',(24.42,-28.75,1.51));
#4054=CARTESIAN_POINT('NONE',(24.291,-28.733,1.51));
#4055=CARTESIAN_POINT('NONE',(24.17,-28.683001,1.51));
#4056=CARTESIAN_POINT('NONE',(29.25,-27.816999,1.51));
#4057=CARTESIAN_POINT('NONE',(29.371,-27.767,1.51));
#4058=CARTESIAN_POINT('NONE',(29.5,-27.75,1.51));
#4059=CARTESIAN_POINT('NONE',(29.629,-27.767,1.51));
#4060=CARTESIAN_POINT('NONE',(29.75,-27.816999,1.51));
#4061=CARTESIAN_POINT('NONE',(29.854,-27.896,1.51));
#4062=CARTESIAN_POINT('NONE',(29.933001,-28,1.51));
#4063=CARTESIAN_POINT('NONE',(29.983,-28.121,1.51));
#4064=CARTESIAN_POINT('NONE',(30,-28.25,1.51));
#4065=CARTESIAN_POINT('NONE',(29.983,-28.379,1.51));
#4066=CARTESIAN_POINT('NONE',(29.933001,-28.5,1.51));
#4067=CARTESIAN_POINT('NONE',(29.854,-28.604,1.51));
#4068=CARTESIAN_POINT('NONE',(29.75,-28.683001,1.51));
#4069=CARTESIAN_POINT('NONE',(29.629,-28.733,1.51));
#4070=CARTESIAN_POINT('NONE',(29.5,-28.75,1.51));
#4071=CARTESIAN_POINT('NONE',(29.371,-28.733,1.51));
#4072=CARTESIAN_POINT('NONE',(29.25,-28.683001,1.51));
#4073=CARTESIAN_POINT('NONE',(29.146,-28.604,1.51));
#4074=CARTESIAN_POINT('NONE',(29.066999,-28.5,1.51));
#4075=CARTESIAN_POINT('NONE',(29.017,-28.379,1.51));
#4076=CARTESIAN_POINT('NONE',(29,-28.25,1.51));
#4077=CARTESIAN_POINT('NONE',(29.017,-28.121,1.51));
#4078=CARTESIAN_POINT('NONE',(29.066999,-28,1.51));
#4079=CARTESIAN_POINT('NONE',(29.146,-27.896,1.51));
#4080=CARTESIAN_POINT('NONE',(32.473,-43.25,1.51));
#4081=CARTESIAN_POINT('NONE',(32.522999,-43.370998,1.51));
#4082=CARTESIAN_POINT('NONE',(32.540001,-43.5,1.51));
#4083=CARTESIAN_POINT('NONE',(32.522999,-43.629002,1.51));
#4084=CARTESIAN_POINT('NONE',(32.473,-43.75,1.51));
#4085=CARTESIAN_POINT('NONE',(32.394001,-43.854,1.51));
#4086=CARTESIAN_POINT('NONE',(32.290001,-43.932999,1.51));
#4087=CARTESIAN_POINT('NONE',(32.168999,-43.983002,1.51));
#4088=CARTESIAN_POINT('NONE',(32.040001,-44,1.51));
#4089=CARTESIAN_POINT('NONE',(31.910999,-43.983002,1.51));
#4090=CARTESIAN_POINT('NONE',(31.790001,-43.932999,1.51));
#4091=CARTESIAN_POINT('NONE',(31.686001,-43.854,1.51));
#4092=CARTESIAN_POINT('NONE',(31.607,-43.75,1.51));
#4093=CARTESIAN_POINT('NONE',(31.556999,-43.629002,1.51));
#4094=CARTESIAN_POINT('NONE',(31.540001,-43.5,1.51));
#4095=CARTESIAN_POINT('NONE',(31.556999,-43.370998,1.51));
#4096=CARTESIAN_POINT('NONE',(31.607,-43.25,1.51));
#4097=CARTESIAN_POINT('NONE',(31.686001,-43.146,1.51));
#4098=CARTESIAN_POINT('NONE',(31.790001,-43.067001,1.51));
#4099=CARTESIAN_POINT('NONE',(31.910999,-43.016998,1.51));
#4100=CARTESIAN_POINT('NONE',(32.040001,-43,1.51));
#4101=CARTESIAN_POINT('NONE',(32.168999,-43.016998,1.51));
#4102=CARTESIAN_POINT('NONE',(32.290001,-43.067001,1.51));
#4103=CARTESIAN_POINT('NONE',(32.394001,-43.146,1.51));
#4104=CARTESIAN_POINT('NONE',(26.606001,-28.604,1.51));
#4105=CARTESIAN_POINT('NONE',(26.527,-28.5,1.51));
#4106=CARTESIAN_POINT('NONE',(26.476999,-28.379,1.51));
#4107=CARTESIAN_POINT('NONE',(26.459999,-28.25,1.51));
#4108=CARTESIAN_POINT('NONE',(26.476999,-28.121,1.51));
#4109=CARTESIAN_POINT('NONE',(26.527,-28,1.51));
#4110=CARTESIAN_POINT('NONE',(26.606001,-27.896,1.51));
#4111=CARTESIAN_POINT('NONE',(26.709999,-27.816999,1.51));
#4112=CARTESIAN_POINT('NONE',(26.830999,-27.767,1.51));
#4113=CARTESIAN_POINT('NONE',(26.959999,-27.75,1.51));
#4114=CARTESIAN_POINT('NONE',(27.089001,-27.767,1.51));
#4115=CARTESIAN_POINT('NONE',(27.209999,-27.816999,1.51));
#4116=CARTESIAN_POINT('NONE',(27.313999,-27.896,1.51));
#4117=CARTESIAN_POINT('NONE',(27.393,-28,1.51));
#4118=CARTESIAN_POINT('NONE',(27.443001,-28.121,1.51));
#4119=CARTESIAN_POINT('NONE',(27.459999,-28.25,1.51));
#4120=CARTESIAN_POINT('NONE',(27.443001,-28.379,1.51));
#4121=CARTESIAN_POINT('NONE',(27.393,-28.5,1.51));
#4122=CARTESIAN_POINT('NONE',(27.313999,-28.604,1.51));
#4123=CARTESIAN_POINT('NONE',(27.209999,-28.683001,1.51));
#4124=CARTESIAN_POINT('NONE',(27.089001,-28.733,1.51));
#4125=CARTESIAN_POINT('NONE',(26.959999,-28.75,1.51));
#4126=CARTESIAN_POINT('NONE',(26.830999,-28.733,1.51));
#4127=CARTESIAN_POINT('NONE',(26.709999,-28.683001,1.51));
#4128=CARTESIAN_POINT('NONE',(31.910999,-27.767,1.51));
#4129=CARTESIAN_POINT('NONE',(32.040001,-27.75,1.51));
#4130=CARTESIAN_POINT('NONE',(32.168999,-27.767,1.51));
#4131=CARTESIAN_POINT('NONE',(32.290001,-27.816999,1.51));
#4132=CARTESIAN_POINT('NONE',(32.394001,-27.896,1.51));
#4133=CARTESIAN_POINT('NONE',(32.473,-28,1.51));
#4134=CARTESIAN_POINT('NONE',(32.522999,-28.121,1.51));
#4135=CARTESIAN_POINT('NONE',(32.540001,-28.25,1.51));
#4136=CARTESIAN_POINT('NONE',(32.522999,-28.379,1.51));
#4137=CARTESIAN_POINT('NONE',(32.473,-28.5,1.51));
#4138=CARTESIAN_POINT('NONE',(32.394001,-28.604,1.51));
#4139=CARTESIAN_POINT('NONE',(32.290001,-28.683001,1.51));
#4140=CARTESIAN_POINT('NONE',(32.168999,-28.733,1.51));
#4141=CARTESIAN_POINT('NONE',(32.040001,-28.75,1.51));
#4142=CARTESIAN_POINT('NONE',(31.910999,-28.733,1.51));
#4143=CARTESIAN_POINT('NONE',(31.790001,-28.683001,1.51));
#4144=CARTESIAN_POINT('NONE',(31.686001,-28.604,1.51));
#4145=CARTESIAN_POINT('NONE',(31.607,-28.5,1.51));
#4146=CARTESIAN_POINT('NONE',(31.556999,-28.379,1.51));
#4147=CARTESIAN_POINT('NONE',(31.540001,-28.25,1.51));
#4148=CARTESIAN_POINT('NONE',(31.556999,-28.121,1.51));
#4149=CARTESIAN_POINT('NONE',(31.607,-28,1.51));
#4150=CARTESIAN_POINT('NONE',(31.686001,-27.896,1.51));
#4151=CARTESIAN_POINT('NONE',(31.790001,-27.816999,1.51));
#4152=POLY_LOOP('NONE',(#56,#57,#58,#59));
#4153=FACE_OUTER_BOUND('NONE',#4152,.T.);
#4154=POLY_LOOP('NONE',(#60,#61,#62,#63,#64,#65,#66,#67,#68,#69,#70,#71,#72,#73,#74,#75,#76,#77,#78,#79,#80,#81,#82,#83,#84,#85,#86,#87,#88,#89,#90,#91,#92,#93,#94,#95,#96,#97,#98,#99,#100,#101,#102,#103));
#4155=FACE_BOUND('NONE',#4154,.T.);
#4156=POLY_LOOP('NONE',(#104,#105,#106,#107,#108,#109,#110,#111,#112,#113,#114,#115,#116,#117,#118,#119,#120,#121,#122,#123,#124,#125,#126,#127,#128,#129,#130,#131,#132,#133,#134,#135,#136,#137,#138,#139,#140,#141,#142,#143,#144,#145,#146,#147));
#4157=FACE_BOUND('NONE',#4156,.T.);
#4158=POLY_LOOP('NONE',(#148,#149,#150,#151,#152,#153,#154,#155,#156,#157,#158,#159,#160,#161,#162,#163,#164,#165,#166,#167,#168,#169,#170,#171,#172,#173,#174,#175,#176,#177,#178,#179,#180,#181,#182,#183,#184,#185,#186,#187,#188,#189,#190,#191));
#4159=FACE_BOUND('NONE',#4158,.T.);
#4160=POLY_LOOP('NONE',(#192,#193,#194,#195,#196,#197,#198,#199,#200,#201,#202,#203,#204,#205,#206,#207,#208,#209,#210,#211,#212,#213,#214,#215,#216,#217,#218,#219,#220,#221,#222,#223,#224,#225,#226,#227,#228,#229,#230,#231,#232,#233,#234,#235));
#4161=FACE_BOUND('NONE',#4160,.T.);
#4162=POLY_LOOP('NONE',(#236,#237,#238,#239,#240,#241,#242,#243,#244,#245,#246,#247,#248,#249,#250,#251,#252,#253,#254,#255,#256,#257,#258,#259,#260,#261,#262,#263,#264,#265,#266,#267,#268,#269,#270,#271,#272,#273,#274,#275,#276,#277,#278,#279,#280,#281,#282,#283,#284,#285,#286,#287,#288,#289,#290,#291,#292,#293,#294,#295,#296,#297,#298,#299,#300,#301,#302,#303,#304,#305,#306,#307,#308,#309,#310,#311,#312,#313,#314,#315,#316,#317,#318,#319,#320,#321,#322,#323,#324,#325,#326,#327,#328,#329,#330,#331,#332,#333,#334,#335,#336,#337,#338,#339,#340,#341,#342,#343,#344,#345,#346,#347,#348,#349,#350,#351,#352,#353,#354,#355,#356,#357,#358,#359,#360,#361,#362,#363));
#4163=FACE_BOUND('NONE',#4162,.T.);
#4164=POLY_LOOP('NONE',(#364,#365,#366,#367,#368,#369,#370,#371,#372,#373,#374,#375,#376,#377,#378,#379,#380,#381,#382,#383,#384,#385,#386,#387,#388,#389,#390,#391,#392,#393,#394,#395,#396,#397,#398,#399,#400,#401,#402,#403,#404,#405,#406,#407,#408,#409,#410,#411,#412,#413,#414,#415,#416,#417,#418,#419,#420,#421,#422,#423,#424,#425,#426,#427,#428,#429,#430,#431,#432,#433,#434,#435,#436,#437,#438,#439,#440,#441,#442,#443,#444,#445,#446,#447,#448,#449,#450,#451,#452,#453,#454,#455,#456,#457,#458,#459,#460,#461,#462,#463,#464,#465,#466,#467,#468,#469,#470,#471,#472,#473,#474,#475,#476,#477,#478,#479,#480,#481,#482,#483,#484,#485,#486,#487,#488,#489,#490,#491));
#4165=FACE_BOUND('NONE',#4164,.T.);
#4166=POLY_LOOP('NONE',(#492,#493,#494,#495,#496,#497,#498,#499,#500,#501,#502,#503,#504,#505,#506,#507,#508,#509,#510,#511,#512,#513,#514,#515,#516,#517,#518,#519,#520,#521,#522,#523,#524,#525,#526,#527,#528,#529,#530,#531,#532,#533,#534,#535,#536,#537,#538,#539,#540,#541,#542,#543,#544,#545,#546,#547,#548,#549,#550,#551,#552,#553,#554,#555,#556,#557,#558,#559,#560,#561,#562,#563,#564,#565,#566,#567,#568,#569,#570,#571,#572,#573,#574,#575,#576,#577,#578,#579,#580,#581,#582,#583,#584,#585,#586,#587,#588,#589,#590,#591,#592,#593,#594,#595,#596,#597,#598,#599,#600,#601,#602,#603,#604,#605,#606,#607,#608,#609,#610,#611,#612,#613,#614,#615,#616,#617,#618,#619));
#4167=FACE_BOUND('NONE',#4166,.T.);
#4168=POLY_LOOP('NONE',(#620,#621,#622,#623,#624,#625,#626,#627,#628,#629,#630,#631,#632,#633,#634,#635,#636,#637,#638,#639,#640,#641,#642,#643,#644,#645,#646,#647,#648,#649,#650,#651,#652,#653,#654,#655,#656,#657,#658,#659,#660,#661,#662,#663,#664,#665,#666,#667,#668,#669,#670,#671,#672,#673,#674,#675,#676,#677,#678,#679,#680,#681,#682,#683,#684,#685,#686,#687,#688,#689,#690,#691,#692,#693,#694,#695,#696,#697,#698,#699,#700,#701,#702,#703,#704,#705,#706,#707,#708,#709,#710,#711,#712,#713,#714,#715,#716,#717,#718,#719,#720,#721,#722,#723,#724,#725,#726,#727,#728,#729,#730,#731,#732,#733,#734,#735,#736,#737,#738,#739,#740,#741,#742,#743,#744,#745,#746,#747));
#4169=FACE_BOUND('NONE',#4168,.T.);
#4170=DIRECTION('NONE',(0,0,1));
#4171=DIRECTION('NONE',(0,-1,0));
#4172=AXIS2_PLACEMENT_3D('NONE',#56,#4170,#4171);
#4173=PLANE('NONE',#4172);
#4174=FACE_SURFACE('NONE',(#4153,#4155,#4157,#4159,#4161,#4163,#4165,#4167,#4169),#4173,.T.);
#4175=POLY_LOOP('NONE',(#57,#748,#749,#58));
#4176=FACE_OUTER_BOUND('NONE',#4175,.T.);
#4177=DIRECTION('NONE',(0,-1,0));
#4178=DIRECTION('NONE',(0,0,-1));
#4179=AXIS2_PLACEMENT_3D('NONE',#57,#4177,#4178);
#4180=PLANE('NONE',#4179);
#4181=FACE_SURFACE('NONE',(#4176),#4180,.T.);
#4182=POLY_LOOP('NONE',(#750,#748,#57,#56));
#4183=FACE_OUTER_BOUND('NONE',#4182,.T.);
#4184=DIRECTION('NONE',(-1,0,0));
#4185=DIRECTION('NONE',(0,-1,0));
#4186=AXIS2_PLACEMENT_3D('NONE',#750,#4184,#4185);
#4187=PLANE('NONE',#4186);
#4188=FACE_SURFACE('NONE',(#4183),#4187,.T.);
#4189=POLY_LOOP('NONE',(#56,#59,#751,#750));
#4190=FACE_OUTER_BOUND('NONE',#4189,.T.);
#4191=DIRECTION('NONE',(0,1,0));
#4192=DIRECTION('NONE',(1,0,0));
#4193=AXIS2_PLACEMENT_3D('NONE',#56,#4191,#4192);
#4194=PLANE('NONE',#4193);
#4195=FACE_SURFACE('NONE',(#4190),#4194,.T.);
#4196=POLY_LOOP('NONE',(#752,#753,#754,#755));
#4197=FACE_OUTER_BOUND('NONE',#4196,.T.);
#4198=DIRECTION('NONE',(-1,0,0));
#4199=DIRECTION('NONE',(0,0,1));
#4200=AXIS2_PLACEMENT_3D('NONE',#752,#4198,#4199);
#4201=PLANE('NONE',#4200);
#4202=FACE_SURFACE('NONE',(#4197),#4201,.T.);
#4203=POLY_LOOP('NONE',(#756,#757,#758,#759));
#4204=FACE_OUTER_BOUND('NONE',#4203,.T.);
#4205=DIRECTION('NONE',(-1,0,0));
#4206=DIRECTION('NONE',(0,0,1));
#4207=AXIS2_PLACEMENT_3D('NONE',#756,#4205,#4206);
#4208=PLANE('NONE',#4207);
#4209=FACE_SURFACE('NONE',(#4204),#4208,.T.);
#4210=POLY_LOOP('NONE',(#758,#753,#752,#759));
#4211=FACE_OUTER_BOUND('NONE',#4210,.T.);
#4212=DIRECTION('NONE',(0,-1,0));
#4213=DIRECTION('NONE',(-1,0,0));
#4214=AXIS2_PLACEMENT_3D('NONE',#758,#4212,#4213);
#4215=PLANE('NONE',#4214);
#4216=FACE_SURFACE('NONE',(#4211),#4215,.T.);
#4217=POLY_LOOP('NONE',(#760,#761,#762,#763));
#4218=FACE_OUTER_BOUND('NONE',#4217,.T.);
#4219=DIRECTION('NONE',(-1,0,0));
#4220=DIRECTION('NONE',(0,0,1));
#4221=AXIS2_PLACEMENT_3D('NONE',#760,#4219,#4220);
#4222=PLANE('NONE',#4221);
#4223=FACE_SURFACE('NONE',(#4218),#4222,.T.);
#4224=POLY_LOOP('NONE',(#764,#239,#238,#765));
#4225=FACE_OUTER_BOUND('NONE',#4224,.T.);
#4226=DIRECTION('NONE',(0.307809,-0.951448,0));
#4227=DIRECTION('NONE',(0,0,1));
#4228=AXIS2_PLACEMENT_3D('NONE',#764,#4226,#4227);
#4229=PLANE('NONE',#4228);
#4230=FACE_SURFACE('NONE',(#4225),#4229,.T.);
#4231=POLY_LOOP('NONE',(#760,#755,#754,#761));
#4232=FACE_OUTER_BOUND('NONE',#4231,.T.);
#4233=DIRECTION('NONE',(0,1,0));
#4234=DIRECTION('NONE',(-1,0,0));
#4235=AXIS2_PLACEMENT_3D('NONE',#760,#4233,#4234);
#4236=PLANE('NONE',#4235);
#4237=FACE_SURFACE('NONE',(#4232),#4236,.T.);
#4238=POLY_LOOP('NONE',(#766,#240,#239,#764));
#4239=FACE_OUTER_BOUND('NONE',#4238,.T.);
#4240=DIRECTION('NONE',(0.265493,-0.964113,0));
#4241=DIRECTION('NONE',(0,0,1));
#4242=AXIS2_PLACEMENT_3D('NONE',#766,#4240,#4241);
#4243=PLANE('NONE',#4242);
#4244=FACE_SURFACE('NONE',(#4239),#4243,.T.);
#4245=POLY_LOOP('NONE',(#240,#766,#767,#241));
#4246=FACE_OUTER_BOUND('NONE',#4245,.T.);
#4247=DIRECTION('NONE',(0.225874,-0.974156,0));
#4248=DIRECTION('NONE',(0,0,-1));
#4249=AXIS2_PLACEMENT_3D('NONE',#240,#4247,#4248);
#4250=PLANE('NONE',#4249);
#4251=FACE_SURFACE('NONE',(#4246),#4250,.T.);
#4252=POLY_LOOP('NONE',(#752,#755,#760,#763,#768,#769,#770,#771,#772,#773,#756,#759));
#4253=FACE_OUTER_BOUND('NONE',#4252,.T.);
#4254=POLY_LOOP('NONE',(#774,#775,#776,#777,#778,#779,#780,#781,#782,#783,#784,#785,#786,#787,#788,#789,#790,#791,#792,#793,#794,#795,#796,#797,#798,#799,#800,#801,#802,#803,#804,#805,#806,#807,#808,#809,#810,#811,#812,#813,#814,#815,#816,#817));
#4255=FACE_BOUND('NONE',#4254,.T.);
#4256=POLY_LOOP('NONE',(#818,#819,#820,#821,#822,#823,#824,#825,#826,#827,#828,#829,#830,#831,#832,#833,#834,#835,#836,#837,#838,#839,#840,#841,#842,#843,#844,#845,#846,#847,#848,#849,#850,#851,#852,#853,#854,#855,#856,#857,#858,#859,#860,#861));
#4257=FACE_BOUND('NONE',#4256,.T.);
#4258=POLY_LOOP('NONE',(#862,#863,#864,#865,#866,#867,#868,#869,#870,#871,#872,#873,#874,#875,#876,#877,#878,#879,#880,#881,#882,#883,#884,#885,#886,#887,#888,#889,#890,#891,#892,#893,#894,#895,#896,#897,#898,#899,#900,#901,#902,#903,#904,#905));
#4259=FACE_BOUND('NONE',#4258,.T.);
#4260=POLY_LOOP('NONE',(#906,#907,#908,#909,#910,#911,#912,#913,#914,#915,#916,#917,#918,#919,#920,#921,#922,#923,#924,#925,#926,#927,#928,#929,#930,#931,#932,#933,#934,#935,#936,#937,#938,#939,#940,#941,#942,#943,#944,#945,#946,#947,#948,#949));
#4261=FACE_BOUND('NONE',#4260,.T.);
#4262=DIRECTION('NONE',(0,0,-1));
#4263=DIRECTION('NONE',(0,1,0));
#4264=AXIS2_PLACEMENT_3D('NONE',#752,#4262,#4263);
#4265=PLANE('NONE',#4264);
#4266=FACE_SURFACE('NONE',(#4253,#4255,#4257,#4259,#4261),#4265,.T.);
#4267=POLY_LOOP('NONE',(#748,#750,#751,#749));
#4268=FACE_OUTER_BOUND('NONE',#4267,.T.);
#4269=POLY_LOOP('NONE',(#754,#753,#758,#757,#950,#951,#952,#953,#954,#955,#762,#761));
#4270=FACE_BOUND('NONE',#4269,.T.);
#4271=POLY_LOOP('NONE',(#956,#957,#958,#959,#960,#961,#962,#963,#964,#965,#966,#967,#968,#969,#970,#971,#972,#973,#974,#975,#976,#977,#978,#979,#980,#981,#982,#983,#984,#985,#986,#987,#988,#989,#990,#991,#992,#993,#994,#995,#996,#997,#998,#999,#1000,#1001,#1002,#1003,#1004,#1005,#1006,#1007,#1008,#1009,#1010,#1011,#1012,#1013,#1014,#1015,#1016,#1017,#1018,#1019,#1020,#1021,#1022,#1023,#1024,#1025,#1026,#1027,#1028,#1029,#1030,#1031,#1032,#1033,#1034,#1035,#1036,#1037,#1038,#1039,#1040,#1041,#1042,#1043,#1044,#1045,#1046,#1047,#1048,#1049,#1050,#1051,#1052,#1053,#1054,#1055,#1056,#1057,#1058,#1059,#1060,#1061,#1062,#1063,#1064,#1065,#1066,#1067,#1068,#1069,#1070,#1071,#1072,#1073,#767,#766,#764,#765,#1074,#1075,#1076,#1077,#1078,#1079));
#4272=FACE_BOUND('NONE',#4271,.T.);
#4273=POLY_LOOP('NONE',(#1080,#1081,#1082,#1083,#1084,#1085,#1086,#1087,#1088,#1089,#1090,#1091,#1092,#1093,#1094,#1095,#1096,#1097,#1098,#1099,#1100,#1101,#1102,#1103,#1104,#1105,#1106,#1107,#1108,#1109,#1110,#1111,#1112,#1113,#1114,#1115,#1116,#1117,#1118,#1119,#1120,#1121,#1122,#1123,#1124,#1125,#1126,#1127,#1128,#1129,#1130,#1131,#1132,#1133,#1134,#1135,#1136,#1137,#1138,#1139,#1140,#1141,#1142,#1143,#1144,#1145,#1146,#1147,#1148,#1149,#1150,#1151,#1152,#1153,#1154,#1155,#1156,#1157,#1158,#1159,#1160,#1161,#1162,#1163,#1164,#1165,#1166,#1167,#1168,#1169,#1170,#1171,#1172,#1173,#1174,#1175,#1176,#1177,#1178,#1179,#1180,#1181,#1182,#1183,#1184,#1185,#1186,#1187,#1188,#1189,#1190,#1191,#1192,#1193,#1194,#1195,#1196,#1197,#1198,#1199,#1200,#1201,#1202,#1203,#1204,#1205,#1206,#1207));
#4274=FACE_BOUND('NONE',#4273,.T.);
#4275=POLY_LOOP('NONE',(#1208,#1209,#1210,#1211,#1212,#1213,#1214,#1215,#1216,#1217,#1218,#1219,#1220,#1221,#1222,#1223,#1224,#1225,#1226,#1227,#1228,#1229,#1230,#1231,#1232,#1233,#1234,#1235,#1236,#1237,#1238,#1239,#1240,#1241,#1242,#1243,#1244,#1245,#1246,#1247,#1248,#1249,#1250,#1251,#1252,#1253,#1254,#1255,#1256,#1257,#1258,#1259,#1260,#1261,#1262,#1263,#1264,#1265,#1266,#1267,#1268,#1269,#1270,#1271,#1272,#1273,#1274,#1275,#1276,#1277,#1278,#1279,#1280,#1281,#1282,#1283,#1284,#1285,#1286,#1287,#1288,#1289,#1290,#1291,#1292,#1293,#1294,#1295,#1296,#1297,#1298,#1299,#1300,#1301,#1302,#1303,#1304,#1305,#1306,#1307,#1308,#1309,#1310,#1311,#1312,#1313,#1314,#1315,#1316,#1317,#1318,#1319,#1320,#1321,#1322,#1323,#1324,#1325,#1326,#1327,#1328,#1329,#1330,#1331,#1332,#1333,#1334,#1335));
#4276=FACE_BOUND('NONE',#4275,.T.);
#4277=POLY_LOOP('NONE',(#1336,#1337,#1338,#1339,#1340,#1341,#1342,#1343,#1344,#1345,#1346,#1347,#1348,#1349,#1350,#1351,#1352,#1353,#1354,#1355,#1356,#1357,#1358,#1359,#1360,#1361,#1362,#1363,#1364,#1365,#1366,#1367,#1368,#1369,#1370,#1371,#1372,#1373,#1374,#1375,#1376,#1377,#1378,#1379,#1380,#1381,#1382,#1383,#1384,#1385,#1386,#1387,#1388,#1389,#1390,#1391,#1392,#1393,#1394,#1395,#1396,#1397,#1398,#1399,#1400,#1401,#1402,#1403,#1404,#1405,#1406,#1407,#1408,#1409,#1410,#1411,#1412,#1413,#1414,#1415,#1416,#1417,#1418,#1419,#1420,#1421,#1422,#1423,#1424,#1425,#1426,#1427,#1428,#1429,#1430,#1431,#1432,#1433,#1434,#1435,#1436,#1437,#1438,#1439,#1440,#1441,#1442,#1443,#1444,#1445,#1446,#1447,#1448,#1449,#1450,#1451,#1452,#1453,#1454,#1455,#1456,#1457,#1458,#1459,#1460,#1461,#1462,#1463));
#4278=FACE_BOUND('NONE',#4277,.T.);
#4279=DIRECTION('NONE',(0,0,-1));
#4280=DIRECTION('NONE',(0,1,0));
#4281=AXIS2_PLACEMENT_3D('NONE',#748,#4279,#4280);
#4282=PLANE('NONE',#4281);
#4283=FACE_SURFACE('NONE',(#4268,#4270,#4272,#4274,#4276,#4278),#4282,.T.);
#4284=POLY_LOOP('NONE',(#435,#1123,#1122,#436));
#4285=FACE_OUTER_BOUND('NONE',#4284,.T.);
#4286=DIRECTION('NONE',(-0.974862,-0.22281,0));
#4287=DIRECTION('NONE',(0,0,-1));
#4288=AXIS2_PLACEMENT_3D('NONE',#435,#4286,#4287);
#4289=PLANE('NONE',#4288);
#4290=FACE_SURFACE('NONE',(#4285),#4289,.T.);
#4291=POLY_LOOP('NONE',(#1077,#362,#361,#1078));
#4292=FACE_OUTER_BOUND('NONE',#4291,.T.);
#4293=DIRECTION('NONE',(0.535025,-0.844836,0));
#4294=DIRECTION('NONE',(0,0,1));
#4295=AXIS2_PLACEMENT_3D('NONE',#1077,#4293,#4294);
#4296=PLANE('NONE',#4295);
#4297=FACE_SURFACE('NONE',(#4292),#4296,.T.);
#4298=POLY_LOOP('NONE',(#362,#1077,#1076,#363));
#4299=FACE_OUTER_BOUND('NONE',#4298,.T.);
#4300=DIRECTION('NONE',(0.491591,-0.870826,0));
#4301=DIRECTION('NONE',(0,0,-1));
#4302=AXIS2_PLACEMENT_3D('NONE',#362,#4300,#4301);
#4303=PLANE('NONE',#4302);
#4304=FACE_SURFACE('NONE',(#4299),#4303,.T.);
#4305=POLY_LOOP('NONE',(#1075,#236,#363,#1076));
#4306=FACE_OUTER_BOUND('NONE',#4305,.T.);
#4307=DIRECTION('NONE',(0.452884,-0.89157,0));
#4308=DIRECTION('NONE',(0,0,1));
#4309=AXIS2_PLACEMENT_3D('NONE',#1075,#4307,#4308);
#4310=PLANE('NONE',#4309);
#4311=FACE_SURFACE('NONE',(#4306),#4310,.T.);
#4312=POLY_LOOP('NONE',(#237,#236,#1075,#1074));
#4313=FACE_OUTER_BOUND('NONE',#4312,.T.);
#4314=DIRECTION('NONE',(0.402256,-0.915527,0));
#4315=DIRECTION('NONE',(-0.915527,-0.402256,0));
#4316=AXIS2_PLACEMENT_3D('NONE',#237,#4314,#4315);
#4317=PLANE('NONE',#4316);
#4318=FACE_SURFACE('NONE',(#4313),#4317,.T.);
#4319=POLY_LOOP('NONE',(#1163,#1162,#396,#395));
#4320=FACE_OUTER_BOUND('NONE',#4319,.T.);
#4321=DIRECTION('NONE',(0.570648,-0.821195,0));
#4322=DIRECTION('NONE',(0.821195,0.570648,0));
#4323=AXIS2_PLACEMENT_3D('NONE',#1163,#4321,#4322);
#4324=PLANE('NONE',#4323);
#4325=FACE_SURFACE('NONE',(#4320),#4324,.T.);
#4326=POLY_LOOP('NONE',(#1071,#244,#243,#1072));
#4327=FACE_OUTER_BOUND('NONE',#4326,.T.);
#4328=DIRECTION('NONE',(0.070264,-0.997528,0));
#4329=DIRECTION('NONE',(0,0,1));
#4330=AXIS2_PLACEMENT_3D('NONE',#1071,#4328,#4329);
#4331=PLANE('NONE',#4330);
#4332=FACE_SURFACE('NONE',(#4327),#4331,.T.);
#4333=POLY_LOOP('NONE',(#1070,#245,#244,#1071));
#4334=FACE_OUTER_BOUND('NONE',#4333,.T.);
#4335=DIRECTION('NONE',(0.028141,-0.999604,0));
#4336=DIRECTION('NONE',(0,0,1));
#4337=AXIS2_PLACEMENT_3D('NONE',#1070,#4335,#4336);
#4338=PLANE('NONE',#4337);
#4339=FACE_SURFACE('NONE',(#4334),#4338,.T.);
#4340=POLY_LOOP('NONE',(#1068,#247,#246,#1069));
#4341=FACE_OUTER_BOUND('NONE',#4340,.T.);
#4342=DIRECTION('NONE',(-0.070264,-0.997528,0));
#4343=DIRECTION('NONE',(0,0,1));
#4344=AXIS2_PLACEMENT_3D('NONE',#1068,#4342,#4343);
#4345=PLANE('NONE',#4344);
#4346=FACE_SURFACE('NONE',(#4341),#4345,.T.);
#4347=POLY_LOOP('NONE',(#248,#247,#1068,#1067));
#4348=FACE_OUTER_BOUND('NONE',#4347,.T.);
#4349=DIRECTION('NONE',(-0.12574,-0.992063,0));
#4350=DIRECTION('NONE',(-0.992063,0.12574,0));
#4351=AXIS2_PLACEMENT_3D('NONE',#248,#4349,#4350);
#4352=PLANE('NONE',#4351);
#4353=FACE_SURFACE('NONE',(#4348),#4352,.T.);
#4354=POLY_LOOP('NONE',(#739,#1366,#1365,#740));
#4355=FACE_OUTER_BOUND('NONE',#4354,.T.);
#4356=DIRECTION('NONE',(0.918419,0.39561,0));
#4357=DIRECTION('NONE',(0,0,-1));
#4358=AXIS2_PLACEMENT_3D('NONE',#739,#4356,#4357);
#4359=PLANE('NONE',#4358);
#4360=FACE_SURFACE('NONE',(#4355),#4359,.T.);
#4361=POLY_LOOP('NONE',(#1376,#729,#728,#1377));
#4362=FACE_OUTER_BOUND('NONE',#4361,.T.);
#4363=DIRECTION('NONE',(0.570672,0.821178,0));
#4364=DIRECTION('NONE',(0,0,1));
#4365=AXIS2_PLACEMENT_3D('NONE',#1376,#4363,#4364);
#4366=PLANE('NONE',#4365);
#4367=FACE_SURFACE('NONE',(#4362),#4366,.T.);
#4368=POLY_LOOP('NONE',(#729,#1376,#1375,#730));
#4369=FACE_OUTER_BOUND('NONE',#4368,.T.);
#4370=DIRECTION('NONE',(0.617812,0.786326,0));
#4371=DIRECTION('NONE',(0,0,-1));
#4372=AXIS2_PLACEMENT_3D('NONE',#729,#4370,#4371);
#4373=PLANE('NONE',#4372);
#4374=FACE_SURFACE('NONE',(#4369),#4373,.T.);
#4375=POLY_LOOP('NONE',(#1367,#738,#737,#1368));
#4376=FACE_OUTER_BOUND('NONE',#4375,.T.);
#4377=DIRECTION('NONE',(0.870813,0.491614,0));
#4378=DIRECTION('NONE',(0,0,1));
#4379=AXIS2_PLACEMENT_3D('NONE',#1367,#4377,#4378);
#4380=PLANE('NONE',#4379);
#4381=FACE_SURFACE('NONE',(#4376),#4380,.T.);
#4382=POLY_LOOP('NONE',(#738,#1367,#1366,#739));
#4383=FACE_OUTER_BOUND('NONE',#4382,.T.);
#4384=DIRECTION('NONE',(0.888807,0.458283,0));
#4385=DIRECTION('NONE',(0,0,-1));
#4386=AXIS2_PLACEMENT_3D('NONE',#738,#4384,#4385);
#4387=PLANE('NONE',#4386);
#4388=FACE_SURFACE('NONE',(#4383),#4387,.T.);
#4389=POLY_LOOP('NONE',(#1361,#1360,#745,#744));
#4390=FACE_OUTER_BOUND('NONE',#4389,.T.);
#4391=DIRECTION('NONE',(0.98562,0.168979,0));
#4392=DIRECTION('NONE',(-0.168979,0.98562,0));
#4393=AXIS2_PLACEMENT_3D('NONE',#1361,#4391,#4392);
#4394=PLANE('NONE',#4393);
#4395=FACE_SURFACE('NONE',(#4390),#4394,.T.);
#4396=POLY_LOOP('NONE',(#746,#745,#1360,#1359));
#4397=FACE_OUTER_BOUND('NONE',#4396,.T.);
#4398=DIRECTION('NONE',(0.992063,0.12574,0));
#4399=DIRECTION('NONE',(0.12574,-0.992063,0));
#4400=AXIS2_PLACEMENT_3D('NONE',#746,#4398,#4399);
#4401=PLANE('NONE',#4400);
#4402=FACE_SURFACE('NONE',(#4397),#4401,.T.);
#4403=POLY_LOOP('NONE',(#1214,#1213,#613,#612));
#4404=FACE_OUTER_BOUND('NONE',#4403,.T.);
#4405=DIRECTION('NONE',(0.225874,0.974156,0));
#4406=DIRECTION('NONE',(-0.974156,0.225874,0));
#4407=AXIS2_PLACEMENT_3D('NONE',#1214,#4405,#4406);
#4408=PLANE('NONE',#4407);
#4409=FACE_SURFACE('NONE',(#4404),#4408,.T.);
#4410=POLY_LOOP('NONE',(#613,#1213,#1212,#614));
#4411=FACE_OUTER_BOUND('NONE',#4410,.T.);
#4412=DIRECTION('NONE',(0.265493,0.964113,0));
#4413=DIRECTION('NONE',(0,0,-1));
#4414=AXIS2_PLACEMENT_3D('NONE',#613,#4412,#4413);
#4415=PLANE('NONE',#4414);
#4416=FACE_SURFACE('NONE',(#4411),#4415,.T.);
#4417=POLY_LOOP('NONE',(#1212,#1211,#615,#614));
#4418=FACE_OUTER_BOUND('NONE',#4417,.T.);
#4419=DIRECTION('NONE',(0.307809,0.951448,0));
#4420=DIRECTION('NONE',(-0.951448,0.307809,0));
#4421=AXIS2_PLACEMENT_3D('NONE',#1212,#4419,#4420);
#4422=PLANE('NONE',#4421);
#4423=FACE_SURFACE('NONE',(#4418),#4422,.T.);
#4424=POLY_LOOP('NONE',(#615,#1211,#1210,#616));
#4425=FACE_OUTER_BOUND('NONE',#4424,.T.);
#4426=DIRECTION('NONE',(0.366546,0.9304,0));
#4427=DIRECTION('NONE',(0,0,-1));
#4428=AXIS2_PLACEMENT_3D('NONE',#615,#4426,#4427);
#4429=PLANE('NONE',#4428);
#4430=FACE_SURFACE('NONE',(#4425),#4429,.T.);
#4431=POLY_LOOP('NONE',(#1363,#742,#741,#1364));
#4432=FACE_OUTER_BOUND('NONE',#4431,.T.);
#4433=DIRECTION('NONE',(0.950096,0.311957,0));
#4434=DIRECTION('NONE',(0,0,1));
#4435=AXIS2_PLACEMENT_3D('NONE',#1363,#4433,#4434);
#4436=PLANE('NONE',#4435);
#4437=FACE_SURFACE('NONE',(#4432),#4436,.T.);
#4438=POLY_LOOP('NONE',(#743,#742,#1363,#1362));
#4439=FACE_OUTER_BOUND('NONE',#4438,.T.);
#4440=DIRECTION('NONE',(0.964113,0.265493,0));
#4441=DIRECTION('NONE',(0.265493,-0.964113,0));
#4442=AXIS2_PLACEMENT_3D('NONE',#743,#4440,#4441);
#4443=PLANE('NONE',#4442);
#4444=FACE_SURFACE('NONE',(#4439),#4443,.T.);
#4445=POLY_LOOP('NONE',(#743,#1362,#1361,#744));
#4446=FACE_OUTER_BOUND('NONE',#4445,.T.);
#4447=DIRECTION('NONE',(0.974862,0.22281,0));
#4448=DIRECTION('NONE',(0,0,-1));
#4449=AXIS2_PLACEMENT_3D('NONE',#743,#4447,#4448);
#4450=PLANE('NONE',#4449);
#4451=FACE_SURFACE('NONE',(#4446),#4450,.T.);
#4452=POLY_LOOP('NONE',(#1220,#1219,#607,#606));
#4453=FACE_OUTER_BOUND('NONE',#4452,.T.);
#4454=DIRECTION('NONE',(-0.084215,0.996448,0));
#4455=DIRECTION('NONE',(-0.996448,-0.084215,0));
#4456=AXIS2_PLACEMENT_3D('NONE',#1220,#4454,#4455);
#4457=PLANE('NONE',#4456);
#4458=FACE_SURFACE('NONE',(#4453),#4457,.T.);
#4459=POLY_LOOP('NONE',(#607,#1219,#1218,#608));
#4460=FACE_OUTER_BOUND('NONE',#4459,.T.);
#4461=DIRECTION('NONE',(-0.01388,0.999904,0));
#4462=DIRECTION('NONE',(0,0,-1));
#4463=AXIS2_PLACEMENT_3D('NONE',#607,#4461,#4462);
#4464=PLANE('NONE',#4463);
#4465=FACE_SURFACE('NONE',(#4460),#4464,.T.);
#4466=POLY_LOOP('NONE',(#1352,#1351,#626,#625));
#4467=FACE_OUTER_BOUND('NONE',#4466,.T.);
#4468=DIRECTION('NONE',(0.964113,-0.265493,0));
#4469=DIRECTION('NONE',(0.265493,0.964113,0));
#4470=AXIS2_PLACEMENT_3D('NONE',#1352,#4468,#4469);
#4471=PLANE('NONE',#4470);
#4472=FACE_SURFACE('NONE',(#4467),#4471,.T.);
#4473=POLY_LOOP('NONE',(#1350,#627,#626,#1351));
#4474=FACE_OUTER_BOUND('NONE',#4473,.T.);
#4475=DIRECTION('NONE',(0.950096,-0.311957,0));
#4476=DIRECTION('NONE',(0,0,1));
#4477=AXIS2_PLACEMENT_3D('NONE',#1350,#4475,#4476);
#4478=PLANE('NONE',#4477);
#4479=FACE_SURFACE('NONE',(#4474),#4478,.T.);
#4480=POLY_LOOP('NONE',(#1328,#1327,#499,#498));
#4481=FACE_OUTER_BOUND('NONE',#4480,.T.);
#4482=DIRECTION('NONE',(0.786326,0.617812,0));
#4483=DIRECTION('NONE',(-0.617812,0.786326,0));
#4484=AXIS2_PLACEMENT_3D('NONE',#1328,#4482,#4483);
#4485=PLANE('NONE',#4484);
#4486=FACE_SURFACE('NONE',(#4481),#4485,.T.);
#4487=POLY_LOOP('NONE',(#499,#1327,#1326,#500));
#4488=FACE_OUTER_BOUND('NONE',#4487,.T.);
#4489=DIRECTION('NONE',(0.816569,0.577248,0));
#4490=DIRECTION('NONE',(0,0,-1));
#4491=AXIS2_PLACEMENT_3D('NONE',#499,#4489,#4490);
#4492=PLANE('NONE',#4491);
#4493=FACE_SURFACE('NONE',(#4488),#4492,.T.);
#4494=POLY_LOOP('NONE',(#1383,#722,#721,#1384));
#4495=FACE_OUTER_BOUND('NONE',#4494,.T.);
#4496=DIRECTION('NONE',(0.265507,0.964109,0));
#4497=DIRECTION('NONE',(0,0,1));
#4498=AXIS2_PLACEMENT_3D('NONE',#1383,#4496,#4497);
#4499=PLANE('NONE',#4498);
#4500=FACE_SURFACE('NONE',(#4495),#4499,.T.);
#4501=POLY_LOOP('NONE',(#722,#1383,#1382,#723));
#4502=FACE_OUTER_BOUND('NONE',#4501,.T.);
#4503=DIRECTION('NONE',(0.307809,0.951448,0));
#4504=DIRECTION('NONE',(0,0,-1));
#4505=AXIS2_PLACEMENT_3D('NONE',#722,#4503,#4504);
#4506=PLANE('NONE',#4505);
#4507=FACE_SURFACE('NONE',(#4502),#4506,.T.);
#4508=POLY_LOOP('NONE',(#1312,#514,#513,#1313));
#4509=FACE_OUTER_BOUND('NONE',#4508,.T.);
#4510=DIRECTION('NONE',(0.997528,-0.070264,0));
#4511=DIRECTION('NONE',(0,0,1));
#4512=AXIS2_PLACEMENT_3D('NONE',#1312,#4510,#4511);
#4513=PLANE('NONE',#4512);
#4514=FACE_SURFACE('NONE',(#4509),#4513,.T.);
#4515=POLY_LOOP('NONE',(#1312,#1311,#515,#514));
#4516=FACE_OUTER_BOUND('NONE',#4515,.T.);
#4517=DIRECTION('NONE',(0.992063,-0.12574,0));
#4518=DIRECTION('NONE',(0.12574,0.992063,0));
#4519=AXIS2_PLACEMENT_3D('NONE',#1312,#4517,#4518);
#4520=PLANE('NONE',#4519);
#4521=FACE_SURFACE('NONE',(#4516),#4520,.T.);
#4522=POLY_LOOP('NONE',(#700,#699,#1406,#1405));
#4523=FACE_OUTER_BOUND('NONE',#4522,.T.);
#4524=DIRECTION('NONE',(-0.727753,0.685839,0));
#4525=DIRECTION('NONE',(0.685839,0.727753,0));
#4526=AXIS2_PLACEMENT_3D('NONE',#700,#4524,#4525);
#4527=PLANE('NONE',#4526);
#4528=FACE_SURFACE('NONE',(#4523),#4527,.T.);
#4529=POLY_LOOP('NONE',(#1070,#1069,#246,#245));
#4530=FACE_OUTER_BOUND('NONE',#4529,.T.);
#4531=DIRECTION('NONE',(-0.027752,-0.999615,0));
#4532=DIRECTION('NONE',(0.999615,-0.027752,0));
#4533=AXIS2_PLACEMENT_3D('NONE',#1070,#4531,#4532);
#4534=PLANE('NONE',#4533);
#4535=FACE_SURFACE('NONE',(#4530),#4534,.T.);
#4536=POLY_LOOP('NONE',(#1067,#1066,#249,#248));
#4537=FACE_OUTER_BOUND('NONE',#4536,.T.);
#4538=DIRECTION('NONE',(-0.168979,-0.98562,0));
#4539=DIRECTION('NONE',(0.98562,-0.168979,0));
#4540=AXIS2_PLACEMENT_3D('NONE',#1067,#4538,#4539);
#4541=PLANE('NONE',#4540);
#4542=FACE_SURFACE('NONE',(#4537),#4541,.T.);
#4543=POLY_LOOP('NONE',(#249,#1066,#1065,#250));
#4544=FACE_OUTER_BOUND('NONE',#4543,.T.);
#4545=DIRECTION('NONE',(-0.225874,-0.974156,0));
#4546=DIRECTION('NONE',(0,0,-1));
#4547=AXIS2_PLACEMENT_3D('NONE',#249,#4545,#4546);
#4548=PLANE('NONE',#4547);
#4549=FACE_SURFACE('NONE',(#4544),#4548,.T.);
#4550=POLY_LOOP('NONE',(#1064,#251,#250,#1065));
#4551=FACE_OUTER_BOUND('NONE',#4550,.T.);
#4552=DIRECTION('NONE',(-0.265493,-0.964113,0));
#4553=DIRECTION('NONE',(0,0,1));
#4554=AXIS2_PLACEMENT_3D('NONE',#1064,#4552,#4553);
#4555=PLANE('NONE',#4554);
#4556=FACE_SURFACE('NONE',(#4551),#4555,.T.);
#4557=POLY_LOOP('NONE',(#586,#1240,#1239,#587));
#4558=FACE_OUTER_BOUND('NONE',#4557,.T.);
#4559=DIRECTION('NONE',(-0.870813,0.491614,0));
#4560=DIRECTION('NONE',(0,0,-1));
#4561=AXIS2_PLACEMENT_3D('NONE',#586,#4559,#4560);
#4562=PLANE('NONE',#4561);
#4563=FACE_SURFACE('NONE',(#4558),#4562,.T.);
#4564=POLY_LOOP('NONE',(#252,#251,#1064,#1063));
#4565=FACE_OUTER_BOUND('NONE',#4564,.T.);
#4566=DIRECTION('NONE',(-0.307809,-0.951448,0));
#4567=DIRECTION('NONE',(-0.951448,0.307809,0));
#4568=AXIS2_PLACEMENT_3D('NONE',#252,#4566,#4567);
#4569=PLANE('NONE',#4568);
#4570=FACE_SURFACE('NONE',(#4565),#4569,.T.);
#4571=POLY_LOOP('NONE',(#1394,#711,#710,#1395));
#4572=FACE_OUTER_BOUND('NONE',#4571,.T.);
#4573=DIRECTION('NONE',(-0.265493,0.964113,0));
#4574=DIRECTION('NONE',(0,0,1));
#4575=AXIS2_PLACEMENT_3D('NONE',#1394,#4573,#4574);
#4576=PLANE('NONE',#4575);
#4577=FACE_SURFACE('NONE',(#4572),#4576,.T.);
#4578=POLY_LOOP('NONE',(#712,#711,#1394,#1393));
#4579=FACE_OUTER_BOUND('NONE',#4578,.T.);
#4580=DIRECTION('NONE',(-0.225874,0.974156,0));
#4581=DIRECTION('NONE',(0.974156,0.225874,0));
#4582=AXIS2_PLACEMENT_3D('NONE',#712,#4580,#4581);
#4583=PLANE('NONE',#4582);
#4584=FACE_SURFACE('NONE',(#4579),#4583,.T.);
#4585=POLY_LOOP('NONE',(#1062,#253,#252,#1063));
#4586=FACE_OUTER_BOUND('NONE',#4585,.T.);
#4587=DIRECTION('NONE',(-0.366527,-0.930407,0));
#4588=DIRECTION('NONE',(0,0,1));
#4589=AXIS2_PLACEMENT_3D('NONE',#1062,#4587,#4588);
#4590=PLANE('NONE',#4589);
#4591=FACE_SURFACE('NONE',(#4586),#4590,.T.);
#4592=POLY_LOOP('NONE',(#1236,#1235,#591,#590));
#4593=FACE_OUTER_BOUND('NONE',#4592,.T.);
#4594=DIRECTION('NONE',(-0.761265,0.648441,0));
#4595=DIRECTION('NONE',(-0.648441,-0.761265,0));
#4596=AXIS2_PLACEMENT_3D('NONE',#1236,#4594,#4595);
#4597=PLANE('NONE',#4596);
#4598=FACE_SURFACE('NONE',(#4593),#4597,.T.);
#4599=POLY_LOOP('NONE',(#254,#253,#1062,#1061));
#4600=FACE_OUTER_BOUND('NONE',#4599,.T.);
#4601=DIRECTION('NONE',(-0.402276,-0.915519,0));
#4602=DIRECTION('NONE',(-0.915519,0.402276,0));
#4603=AXIS2_PLACEMENT_3D('NONE',#254,#4601,#4602);
#4604=PLANE('NONE',#4603);
#4605=FACE_SURFACE('NONE',(#4600),#4604,.T.);
#4606=POLY_LOOP('NONE',(#591,#1235,#1234,#592));
#4607=FACE_OUTER_BOUND('NONE',#4606,.T.);
#4608=DIRECTION('NONE',(-0.727753,0.685839,0));
#4609=DIRECTION('NONE',(0,0,-1));
#4610=AXIS2_PLACEMENT_3D('NONE',#591,#4608,#4609);
#4611=PLANE('NONE',#4610);
#4612=FACE_SURFACE('NONE',(#4607),#4611,.T.);
#4613=POLY_LOOP('NONE',(#1060,#255,#254,#1061));
#4614=FACE_OUTER_BOUND('NONE',#4613,.T.);
#4615=DIRECTION('NONE',(-0.452884,-0.89157,0));
#4616=DIRECTION('NONE',(0,0,1));
#4617=AXIS2_PLACEMENT_3D('NONE',#1060,#4615,#4616);
#4618=PLANE('NONE',#4617);
#4619=FACE_SURFACE('NONE',(#4614),#4618,.T.);
#4620=POLY_LOOP('NONE',(#256,#255,#1060,#1059));
#4621=FACE_OUTER_BOUND('NONE',#4620,.T.);
#4622=DIRECTION('NONE',(-0.491591,-0.870826,0));
#4623=DIRECTION('NONE',(-0.870826,0.491591,0));
#4624=AXIS2_PLACEMENT_3D('NONE',#256,#4622,#4623);
#4625=PLANE('NONE',#4624);
#4626=FACE_SURFACE('NONE',(#4621),#4625,.T.);
#4627=POLY_LOOP('NONE',(#1058,#257,#256,#1059));
#4628=FACE_OUTER_BOUND('NONE',#4627,.T.);
#4629=DIRECTION('NONE',(-0.535025,-0.844836,0));
#4630=DIRECTION('NONE',(0,0,1));
#4631=AXIS2_PLACEMENT_3D('NONE',#1058,#4629,#4630);
#4632=PLANE('NONE',#4631);
#4633=FACE_SURFACE('NONE',(#4628),#4632,.T.);
#4634=POLY_LOOP('NONE',(#257,#1058,#1057,#258));
#4635=FACE_OUTER_BOUND('NONE',#4634,.T.);
#4636=DIRECTION('NONE',(-0.570672,-0.821178,0));
#4637=DIRECTION('NONE',(0,0,-1));
#4638=AXIS2_PLACEMENT_3D('NONE',#257,#4636,#4637);
#4639=PLANE('NONE',#4638);
#4640=FACE_SURFACE('NONE',(#4635),#4639,.T.);
#4641=POLY_LOOP('NONE',(#695,#694,#1411,#1410));
#4642=FACE_OUTER_BOUND('NONE',#4641,.T.);
#4643=DIRECTION('NONE',(-0.870813,0.491614,0));
#4644=DIRECTION('NONE',(0.491614,0.870813,0));
#4645=AXIS2_PLACEMENT_3D('NONE',#695,#4643,#4644);
#4646=PLANE('NONE',#4645);
#4647=FACE_SURFACE('NONE',(#4642),#4646,.T.);
#4648=POLY_LOOP('NONE',(#258,#1057,#1056,#259));
#4649=FACE_OUTER_BOUND('NONE',#4648,.T.);
#4650=DIRECTION('NONE',(-0.617812,-0.786326,0));
#4651=DIRECTION('NONE',(0,0,-1));
#4652=AXIS2_PLACEMENT_3D('NONE',#258,#4650,#4651);
#4653=PLANE('NONE',#4652);
#4654=FACE_SURFACE('NONE',(#4649),#4653,.T.);
#4655=POLY_LOOP('NONE',(#997,#318,#317,#998));
#4656=FACE_OUTER_BOUND('NONE',#4655,.T.);
#4657=DIRECTION('NONE',(0.402256,0.915527,0));
#4658=DIRECTION('NONE',(0,0,1));
#4659=AXIS2_PLACEMENT_3D('NONE',#997,#4657,#4658);
#4660=PLANE('NONE',#4659);
#4661=FACE_SURFACE('NONE',(#4656),#4660,.T.);
#4662=POLY_LOOP('NONE',(#318,#997,#996,#319));
#4663=FACE_OUTER_BOUND('NONE',#4662,.T.);
#4664=DIRECTION('NONE',(0.452841,0.891591,0));
#4665=DIRECTION('NONE',(0,0,-1));
#4666=AXIS2_PLACEMENT_3D('NONE',#318,#4664,#4665);
#4667=PLANE('NONE',#4666);
#4668=FACE_SURFACE('NONE',(#4663),#4667,.T.);
#4669=POLY_LOOP('NONE',(#988,#327,#326,#989));
#4670=FACE_OUTER_BOUND('NONE',#4669,.T.);
#4671=DIRECTION('NONE',(0.761216,0.648499,0));
#4672=DIRECTION('NONE',(0,0,1));
#4673=AXIS2_PLACEMENT_3D('NONE',#988,#4671,#4672);
#4674=PLANE('NONE',#4673);
#4675=FACE_SURFACE('NONE',(#4670),#4674,.T.);
#4676=POLY_LOOP('NONE',(#1382,#1381,#724,#723));
#4677=FACE_OUTER_BOUND('NONE',#4676,.T.);
#4678=DIRECTION('NONE',(0.366527,0.930407,0));
#4679=DIRECTION('NONE',(-0.930407,0.366527,0));
#4680=AXIS2_PLACEMENT_3D('NONE',#1382,#4678,#4679);
#4681=PLANE('NONE',#4680);
#4682=FACE_SURFACE('NONE',(#4677),#4681,.T.);
#4683=POLY_LOOP('NONE',(#724,#1381,#1380,#725));
#4684=FACE_OUTER_BOUND('NONE',#4683,.T.);
#4685=DIRECTION('NONE',(0.402276,0.915519,0));
#4686=DIRECTION('NONE',(0,0,-1));
#4687=AXIS2_PLACEMENT_3D('NONE',#724,#4685,#4686);
#4688=PLANE('NONE',#4687);
#4689=FACE_SURFACE('NONE',(#4684),#4688,.T.);
#4690=POLY_LOOP('NONE',(#1390,#1389,#716,#715));
#4691=FACE_OUTER_BOUND('NONE',#4690,.T.);
#4692=DIRECTION('NONE',(-0.01388,0.999904,0));
#4693=DIRECTION('NONE',(-0.999904,-0.01388,0));
#4694=AXIS2_PLACEMENT_3D('NONE',#1390,#4692,#4693);
#4695=PLANE('NONE',#4694);
#4696=FACE_SURFACE('NONE',(#4691),#4695,.T.);
#4697=POLY_LOOP('NONE',(#718,#1387,#1386,#719));
#4698=FACE_OUTER_BOUND('NONE',#4697,.T.);
#4699=DIRECTION('NONE',(0.111955,0.993713,0));
#4700=DIRECTION('NONE',(0,0,-1));
#4701=AXIS2_PLACEMENT_3D('NONE',#718,#4699,#4700);
#4702=PLANE('NONE',#4701);
#4703=FACE_SURFACE('NONE',(#4698),#4702,.T.);
#4704=POLY_LOOP('NONE',(#1385,#720,#719,#1386));
#4705=FACE_OUTER_BOUND('NONE',#4704,.T.);
#4706=DIRECTION('NONE',(0.168979,0.98562,0));
#4707=DIRECTION('NONE',(0,0,1));
#4708=AXIS2_PLACEMENT_3D('NONE',#1385,#4706,#4707);
#4709=PLANE('NONE',#4708);
#4710=FACE_SURFACE('NONE',(#4705),#4709,.T.);
#4711=POLY_LOOP('NONE',(#725,#1380,#1379,#726));
#4712=FACE_OUTER_BOUND('NONE',#4711,.T.);
#4713=DIRECTION('NONE',(0.452884,0.89157,0));
#4714=DIRECTION('NONE',(0,0,-1));
#4715=AXIS2_PLACEMENT_3D('NONE',#725,#4713,#4714);
#4716=PLANE('NONE',#4715);
#4717=FACE_SURFACE('NONE',(#4712),#4716,.T.);
#4718=POLY_LOOP('NONE',(#716,#1389,#1388,#717));
#4719=FACE_OUTER_BOUND('NONE',#4718,.T.);
#4720=DIRECTION('NONE',(0.014076,0.999901,0));
#4721=DIRECTION('NONE',(0,0,-1));
#4722=AXIS2_PLACEMENT_3D('NONE',#716,#4720,#4721);
#4723=PLANE('NONE',#4722);
#4724=FACE_SURFACE('NONE',(#4719),#4723,.T.);
#4725=POLY_LOOP('NONE',(#1388,#1387,#718,#717));
#4726=FACE_OUTER_BOUND('NONE',#4725,.T.);
#4727=DIRECTION('NONE',(0.084215,0.996448,0));
#4728=DIRECTION('NONE',(-0.996448,0.084215,0));
#4729=AXIS2_PLACEMENT_3D('NONE',#1388,#4727,#4728);
#4730=PLANE('NONE',#4729);
#4731=FACE_SURFACE('NONE',(#4726),#4730,.T.);
#4732=POLY_LOOP('NONE',(#1393,#1392,#713,#712));
#4733=FACE_OUTER_BOUND('NONE',#4732,.T.);
#4734=DIRECTION('NONE',(-0.168979,0.98562,0));
#4735=DIRECTION('NONE',(-0.98562,-0.168979,0));
#4736=AXIS2_PLACEMENT_3D('NONE',#1393,#4734,#4735);
#4737=PLANE('NONE',#4736);
#4738=FACE_SURFACE('NONE',(#4733),#4737,.T.);
#4739=POLY_LOOP('NONE',(#1391,#714,#713,#1392));
#4740=FACE_OUTER_BOUND('NONE',#4739,.T.);
#4741=DIRECTION('NONE',(-0.111961,0.993713,0));
#4742=DIRECTION('NONE',(0,0,1));
#4743=AXIS2_PLACEMENT_3D('NONE',#1391,#4741,#4742);
#4744=PLANE('NONE',#4743);
#4745=FACE_SURFACE('NONE',(#4740),#4744,.T.);
#4746=POLY_LOOP('NONE',(#1390,#715,#714,#1391));
#4747=FACE_OUTER_BOUND('NONE',#4746,.T.);
#4748=DIRECTION('NONE',(-0.084211,0.996448,0));
#4749=DIRECTION('NONE',(0,0,1));
#4750=AXIS2_PLACEMENT_3D('NONE',#1390,#4748,#4749);
#4751=PLANE('NONE',#4750);
#4752=FACE_SURFACE('NONE',(#4747),#4751,.T.);
#4753=POLY_LOOP('NONE',(#327,#988,#987,#328));
#4754=FACE_OUTER_BOUND('NONE',#4753,.T.);
#4755=DIRECTION('NONE',(0.786326,0.617812,0));
#4756=DIRECTION('NONE',(0,0,-1));
#4757=AXIS2_PLACEMENT_3D('NONE',#327,#4755,#4756);
#4758=PLANE('NONE',#4757);
#4759=FACE_SURFACE('NONE',(#4754),#4758,.T.);
#4760=POLY_LOOP('NONE',(#1222,#604,#603,#1223));
#4761=FACE_OUTER_BOUND('NONE',#4760,.T.);
#4762=DIRECTION('NONE',(-0.225874,0.974156,0));
#4763=DIRECTION('NONE',(0,0,1));
#4764=AXIS2_PLACEMENT_3D('NONE',#1222,#4762,#4763);
#4765=PLANE('NONE',#4764);
#4766=FACE_SURFACE('NONE',(#4761),#4765,.T.);
#4767=POLY_LOOP('NONE',(#695,#1410,#1409,#696));
#4768=FACE_OUTER_BOUND('NONE',#4767,.T.);
#4769=DIRECTION('NONE',(-0.844827,0.535039,0));
#4770=DIRECTION('NONE',(0,0,-1));
#4771=AXIS2_PLACEMENT_3D('NONE',#695,#4769,#4770);
#4772=PLANE('NONE',#4771);
#4773=FACE_SURFACE('NONE',(#4768),#4772,.T.);
#4774=POLY_LOOP('NONE',(#332,#983,#982,#333));
#4775=FACE_OUTER_BOUND('NONE',#4774,.T.);
#4776=DIRECTION('NONE',(0.918419,0.39561,0));
#4777=DIRECTION('NONE',(0,0,-1));
#4778=AXIS2_PLACEMENT_3D('NONE',#332,#4776,#4777);
#4779=PLANE('NONE',#4778);
#4780=FACE_SURFACE('NONE',(#4775),#4779,.T.);
#4781=POLY_LOOP('NONE',(#334,#333,#982,#981));
#4782=FACE_OUTER_BOUND('NONE',#4781,.T.);
#4783=DIRECTION('NONE',(0.932274,0.361752,0));
#4784=DIRECTION('NONE',(0.361752,-0.932274,0));
#4785=AXIS2_PLACEMENT_3D('NONE',#334,#4783,#4784);
#4786=PLANE('NONE',#4785);
#4787=FACE_SURFACE('NONE',(#4782),#4786,.T.);
#4788=POLY_LOOP('NONE',(#1407,#698,#697,#1408));
#4789=FACE_OUTER_BOUND('NONE',#4788,.T.);
#4790=DIRECTION('NONE',(-0.786326,0.617812,0));
#4791=DIRECTION('NONE',(0,0,1));
#4792=AXIS2_PLACEMENT_3D('NONE',#1407,#4790,#4791);
#4793=PLANE('NONE',#4792);
#4794=FACE_SURFACE('NONE',(#4789),#4793,.T.);
#4795=POLY_LOOP('NONE',(#699,#698,#1407,#1406));
#4796=FACE_OUTER_BOUND('NONE',#4795,.T.);
#4797=DIRECTION('NONE',(-0.761238,0.648472,0));
#4798=DIRECTION('NONE',(0.648472,0.761238,0));
#4799=AXIS2_PLACEMENT_3D('NONE',#699,#4797,#4798);
#4800=PLANE('NONE',#4799);
#4801=FACE_SURFACE('NONE',(#4796),#4800,.T.);
#4802=POLY_LOOP('NONE',(#704,#703,#1402,#1401));
#4803=FACE_OUTER_BOUND('NONE',#4802,.T.);
#4804=DIRECTION('NONE',(-0.570648,0.821195,0));
#4805=DIRECTION('NONE',(0.821195,0.570648,0));
#4806=AXIS2_PLACEMENT_3D('NONE',#704,#4804,#4805);
#4807=PLANE('NONE',#4806);
#4808=FACE_SURFACE('NONE',(#4803),#4807,.T.);
#4809=POLY_LOOP('NONE',(#1400,#705,#704,#1401));
#4810=FACE_OUTER_BOUND('NONE',#4809,.T.);
#4811=DIRECTION('NONE',(-0.535088,0.844796,0));
#4812=DIRECTION('NONE',(0,0,1));
#4813=AXIS2_PLACEMENT_3D('NONE',#1400,#4811,#4812);
#4814=PLANE('NONE',#4813);
#4815=FACE_SURFACE('NONE',(#4810),#4814,.T.);
#4816=POLY_LOOP('NONE',(#1400,#1399,#706,#705));
#4817=FACE_OUTER_BOUND('NONE',#4816,.T.);
#4818=DIRECTION('NONE',(-0.491591,0.870826,0));
#4819=DIRECTION('NONE',(-0.870826,-0.491591,0));
#4820=AXIS2_PLACEMENT_3D('NONE',#1400,#4818,#4819);
#4821=PLANE('NONE',#4820);
#4822=FACE_SURFACE('NONE',(#4817),#4821,.T.);
#4823=POLY_LOOP('NONE',(#1398,#707,#706,#1399));
#4824=FACE_OUTER_BOUND('NONE',#4823,.T.);
#4825=DIRECTION('NONE',(-0.452884,0.89157,0));
#4826=DIRECTION('NONE',(0,0,1));
#4827=AXIS2_PLACEMENT_3D('NONE',#1398,#4825,#4826);
#4828=PLANE('NONE',#4827);
#4829=FACE_SURFACE('NONE',(#4824),#4828,.T.);
#4830=POLY_LOOP('NONE',(#1397,#708,#707,#1398));
#4831=FACE_OUTER_BOUND('NONE',#4830,.T.);
#4832=DIRECTION('NONE',(-0.402256,0.915527,0));
#4833=DIRECTION('NONE',(0,0,1));
#4834=AXIS2_PLACEMENT_3D('NONE',#1397,#4832,#4833);
#4835=PLANE('NONE',#4834);
#4836=FACE_SURFACE('NONE',(#4831),#4835,.T.);
#4837=POLY_LOOP('NONE',(#1397,#1396,#709,#708));
#4838=FACE_OUTER_BOUND('NONE',#4837,.T.);
#4839=DIRECTION('NONE',(-0.366546,0.9304,0));
#4840=DIRECTION('NONE',(-0.9304,-0.366546,0));
#4841=AXIS2_PLACEMENT_3D('NONE',#1397,#4839,#4840);
#4842=PLANE('NONE',#4841);
#4843=FACE_SURFACE('NONE',(#4838),#4842,.T.);
#4844=POLY_LOOP('NONE',(#1396,#1395,#710,#709));
#4845=FACE_OUTER_BOUND('NONE',#4844,.T.);
#4846=DIRECTION('NONE',(-0.307809,0.951448,0));
#4847=DIRECTION('NONE',(-0.951448,-0.307809,0));
#4848=AXIS2_PLACEMENT_3D('NONE',#1396,#4846,#4847);
#4849=PLANE('NONE',#4848);
#4850=FACE_SURFACE('NONE',(#4845),#4849,.T.);
#4851=POLY_LOOP('NONE',(#964,#963,#352,#351));
#4852=FACE_OUTER_BOUND('NONE',#4851,.T.);
#4853=DIRECTION('NONE',(0.870813,-0.491614,0));
#4854=DIRECTION('NONE',(0.491614,0.870813,0));
#4855=AXIS2_PLACEMENT_3D('NONE',#964,#4853,#4854);
#4856=PLANE('NONE',#4855);
#4857=FACE_SURFACE('NONE',(#4852),#4856,.T.);
#4858=POLY_LOOP('NONE',(#956,#359,#358,#957));
#4859=FACE_OUTER_BOUND('NONE',#4858,.T.);
#4860=DIRECTION('NONE',(0.656526,-0.754304,0));
#4861=DIRECTION('NONE',(0,0,1));
#4862=AXIS2_PLACEMENT_3D('NONE',#956,#4860,#4861);
#4863=PLANE('NONE',#4862);
#4864=FACE_SURFACE('NONE',(#4859),#4863,.T.);
#4865=POLY_LOOP('NONE',(#1024,#1023,#292,#291));
#4866=FACE_OUTER_BOUND('NONE',#4865,.T.);
#4867=DIRECTION('NONE',(-0.761242,0.648468,0));
#4868=DIRECTION('NONE',(-0.648468,-0.761242,0));
#4869=AXIS2_PLACEMENT_3D('NONE',#1024,#4867,#4868);
#4870=PLANE('NONE',#4869);
#4871=FACE_SURFACE('NONE',(#4866),#4870,.T.);
#4872=POLY_LOOP('NONE',(#1022,#293,#292,#1023));
#4873=FACE_OUTER_BOUND('NONE',#4872,.T.);
#4874=DIRECTION('NONE',(-0.727803,0.685786,0));
#4875=DIRECTION('NONE',(0,0,1));
#4876=AXIS2_PLACEMENT_3D('NONE',#1022,#4874,#4875);
#4877=PLANE('NONE',#4876);
#4878=FACE_SURFACE('NONE',(#4873),#4877,.T.);
#4879=POLY_LOOP('NONE',(#293,#1022,#1021,#294));
#4880=FACE_OUTER_BOUND('NONE',#4879,.T.);
#4881=DIRECTION('NONE',(-0.685786,0.727803,0));
#4882=DIRECTION('NONE',(0,0,-1));
#4883=AXIS2_PLACEMENT_3D('NONE',#293,#4881,#4882);
#4884=PLANE('NONE',#4883);
#4885=FACE_SURFACE('NONE',(#4880),#4884,.T.);
#4886=POLY_LOOP('NONE',(#1019,#1018,#297,#296));
#4887=FACE_OUTER_BOUND('NONE',#4886,.T.);
#4888=DIRECTION('NONE',(-0.570672,0.821178,0));
#4889=DIRECTION('NONE',(-0.821178,-0.570672,0));
#4890=AXIS2_PLACEMENT_3D('NONE',#1019,#4888,#4889);
#4891=PLANE('NONE',#4890);
#4892=FACE_SURFACE('NONE',(#4887),#4891,.T.);
#4893=POLY_LOOP('NONE',(#297,#1018,#1017,#298));
#4894=FACE_OUTER_BOUND('NONE',#4893,.T.);
#4895=DIRECTION('NONE',(-0.535064,0.844812,0));
#4896=DIRECTION('NONE',(0,0,-1));
#4897=AXIS2_PLACEMENT_3D('NONE',#297,#4895,#4896);
#4898=PLANE('NONE',#4897);
#4899=FACE_SURFACE('NONE',(#4894),#4898,.T.);
#4900=POLY_LOOP('NONE',(#1016,#299,#298,#1017));
#4901=FACE_OUTER_BOUND('NONE',#4900,.T.);
#4902=DIRECTION('NONE',(-0.491591,0.870826,0));
#4903=DIRECTION('NONE',(0,0,1));
#4904=AXIS2_PLACEMENT_3D('NONE',#1016,#4902,#4903);
#4905=PLANE('NONE',#4904);
#4906=FACE_SURFACE('NONE',(#4901),#4905,.T.);
#4907=POLY_LOOP('NONE',(#1322,#504,#503,#1323));
#4908=FACE_OUTER_BOUND('NONE',#4907,.T.);
#4909=DIRECTION('NONE',(0.918419,0.39561,0));
#4910=DIRECTION('NONE',(0,0,1));
#4911=AXIS2_PLACEMENT_3D('NONE',#1322,#4909,#4910);
#4912=PLANE('NONE',#4911);
#4913=FACE_SURFACE('NONE',(#4908),#4912,.T.);
#4914=POLY_LOOP('NONE',(#299,#1016,#1015,#300));
#4915=FACE_OUTER_BOUND('NONE',#4914,.T.);
#4916=DIRECTION('NONE',(-0.452841,0.891591,0));
#4917=DIRECTION('NONE',(0,0,-1));
#4918=AXIS2_PLACEMENT_3D('NONE',#299,#4916,#4917);
#4919=PLANE('NONE',#4918);
#4920=FACE_SURFACE('NONE',(#4915),#4919,.T.);
#4921=POLY_LOOP('NONE',(#505,#504,#1322,#1321));
#4922=FACE_OUTER_BOUND('NONE',#4921,.T.);
#4923=DIRECTION('NONE',(0.93225,0.361816,0));
#4924=DIRECTION('NONE',(0.361816,-0.93225,0));
#4925=AXIS2_PLACEMENT_3D('NONE',#505,#4923,#4924);
#4926=PLANE('NONE',#4925);
#4927=FACE_SURFACE('NONE',(#4922),#4926,.T.);
#4928=POLY_LOOP('NONE',(#300,#1015,#1014,#301));
#4929=FACE_OUTER_BOUND('NONE',#4928,.T.);
#4930=DIRECTION('NONE',(-0.402276,0.915519,0));
#4931=DIRECTION('NONE',(0,0,-1));
#4932=AXIS2_PLACEMENT_3D('NONE',#300,#4930,#4931);
#4933=PLANE('NONE',#4932);
#4934=FACE_SURFACE('NONE',(#4929),#4933,.T.);
#4935=POLY_LOOP('NONE',(#617,#616,#1210,#1209));
#4936=FACE_OUTER_BOUND('NONE',#4935,.T.);
#4937=DIRECTION('NONE',(0.402256,0.915527,0));
#4938=DIRECTION('NONE',(0.915527,-0.402256,0));
#4939=AXIS2_PLACEMENT_3D('NONE',#617,#4937,#4938);
#4940=PLANE('NONE',#4939);
#4941=FACE_SURFACE('NONE',(#4936),#4940,.T.);
#4942=POLY_LOOP('NONE',(#1204,#482,#481,#1205));
#4943=FACE_OUTER_BOUND('NONE',#4942,.T.);
#4944=DIRECTION('NONE',(0.452819,0.891602,0));
#4945=DIRECTION('NONE',(0,0,1));
#4946=AXIS2_PLACEMENT_3D('NONE',#1204,#4944,#4945);
#4947=PLANE('NONE',#4946);
#4948=FACE_SURFACE('NONE',(#4943),#4947,.T.);
#4949=POLY_LOOP('NONE',(#482,#1204,#1203,#483));
#4950=FACE_OUTER_BOUND('NONE',#4949,.T.);
#4951=DIRECTION('NONE',(0.491614,0.870813,0));
#4952=DIRECTION('NONE',(0,0,-1));
#4953=AXIS2_PLACEMENT_3D('NONE',#482,#4951,#4952);
#4954=PLANE('NONE',#4953);
#4955=FACE_SURFACE('NONE',(#4950),#4954,.T.);
#4956=POLY_LOOP('NONE',(#485,#484,#1202,#1201));
#4957=FACE_OUTER_BOUND('NONE',#4956,.T.);
#4958=DIRECTION('NONE',(0.570648,0.821195,0));
#4959=DIRECTION('NONE',(0.821195,-0.570648,0));
#4960=AXIS2_PLACEMENT_3D('NONE',#485,#4958,#4959);
#4961=PLANE('NONE',#4960);
#4962=FACE_SURFACE('NONE',(#4957),#4961,.T.);
#4963=POLY_LOOP('NONE',(#485,#1201,#1200,#486));
#4964=FACE_OUTER_BOUND('NONE',#4963,.T.);
#4965=DIRECTION('NONE',(0.617812,0.786326,0));
#4966=DIRECTION('NONE',(0,0,-1));
#4967=AXIS2_PLACEMENT_3D('NONE',#485,#4965,#4966);
#4968=PLANE('NONE',#4967);
#4969=FACE_SURFACE('NONE',(#4964),#4968,.T.);
#4970=POLY_LOOP('NONE',(#562,#561,#1265,#1264));
#4971=FACE_OUTER_BOUND('NONE',#4970,.T.);
#4972=DIRECTION('NONE',(-0.761265,-0.648441,0));
#4973=DIRECTION('NONE',(-0.648441,0.761265,0));
#4974=AXIS2_PLACEMENT_3D('NONE',#562,#4972,#4973);
#4975=PLANE('NONE',#4974);
#4976=FACE_SURFACE('NONE',(#4971),#4975,.T.);
#4977=POLY_LOOP('NONE',(#618,#617,#1209,#1208));
#4978=FACE_OUTER_BOUND('NONE',#4977,.T.);
#4979=DIRECTION('NONE',(0.452884,0.89157,0));
#4980=DIRECTION('NONE',(0.89157,-0.452884,0));
#4981=AXIS2_PLACEMENT_3D('NONE',#618,#4979,#4980);
#4982=PLANE('NONE',#4981);
#4983=FACE_SURFACE('NONE',(#4978),#4982,.T.);
#4984=POLY_LOOP('NONE',(#1335,#619,#618,#1208));
#4985=FACE_OUTER_BOUND('NONE',#4984,.T.);
#4986=DIRECTION('NONE',(0.491591,0.870826,0));
#4987=DIRECTION('NONE',(0,0,1));
#4988=AXIS2_PLACEMENT_3D('NONE',#1335,#4986,#4987);
#4989=PLANE('NONE',#4988);
#4990=FACE_SURFACE('NONE',(#4985),#4989,.T.);
#4991=POLY_LOOP('NONE',(#619,#1335,#1334,#492));
#4992=FACE_OUTER_BOUND('NONE',#4991,.T.);
#4993=DIRECTION('NONE',(0.535088,0.844796,0));
#4994=DIRECTION('NONE',(0,0,-1));
#4995=AXIS2_PLACEMENT_3D('NONE',#619,#4993,#4994);
#4996=PLANE('NONE',#4995);
#4997=FACE_SURFACE('NONE',(#4992),#4996,.T.);
#4998=POLY_LOOP('NONE',(#493,#492,#1334,#1333));
#4999=FACE_OUTER_BOUND('NONE',#4998,.T.);
#5000=DIRECTION('NONE',(0.570648,0.821195,0));
#5001=DIRECTION('NONE',(0.821195,-0.570648,0));
#5002=AXIS2_PLACEMENT_3D('NONE',#493,#5000,#5001);
#5003=PLANE('NONE',#5002);
#5004=FACE_SURFACE('NONE',(#4999),#5003,.T.);
#5005=POLY_LOOP('NONE',(#1332,#494,#493,#1333));
#5006=FACE_OUTER_BOUND('NONE',#5005,.T.);
#5007=DIRECTION('NONE',(0.617812,0.786326,0));
#5008=DIRECTION('NONE',(0,0,1));
#5009=AXIS2_PLACEMENT_3D('NONE',#1332,#5007,#5008);
#5010=PLANE('NONE',#5009);
#5011=FACE_SURFACE('NONE',(#5006),#5010,.T.);
#5012=POLY_LOOP('NONE',(#568,#1258,#1257,#569));
#5013=FACE_OUTER_BOUND('NONE',#5012,.T.);
#5014=DIRECTION('NONE',(-0.932263,-0.36178,0));
#5015=DIRECTION('NONE',(0,0,-1));
#5016=AXIS2_PLACEMENT_3D('NONE',#568,#5014,#5015);
#5017=PLANE('NONE',#5016);
#5018=FACE_SURFACE('NONE',(#5013),#5017,.T.);
#5019=POLY_LOOP('NONE',(#494,#1332,#1331,#495));
#5020=FACE_OUTER_BOUND('NONE',#5019,.T.);
#5021=DIRECTION('NONE',(0.656495,0.75433,0));
#5022=DIRECTION('NONE',(0,0,-1));
#5023=AXIS2_PLACEMENT_3D('NONE',#494,#5021,#5022);
#5024=PLANE('NONE',#5023);
#5025=FACE_SURFACE('NONE',(#5020),#5024,.T.);
#5026=POLY_LOOP('NONE',(#1330,#496,#495,#1331));
#5027=FACE_OUTER_BOUND('NONE',#5026,.T.);
#5028=DIRECTION('NONE',(0.685841,0.727752,0));
#5029=DIRECTION('NONE',(0,0,1));
#5030=AXIS2_PLACEMENT_3D('NONE',#1330,#5028,#5029);
#5031=PLANE('NONE',#5030);
#5032=FACE_SURFACE('NONE',(#5027),#5031,.T.);
#5033=POLY_LOOP('NONE',(#496,#1330,#1329,#497));
#5034=FACE_OUTER_BOUND('NONE',#5033,.T.);
#5035=DIRECTION('NONE',(0.727753,0.685839,0));
#5036=DIRECTION('NONE',(0,0,-1));
#5037=AXIS2_PLACEMENT_3D('NONE',#496,#5035,#5036);
#5038=PLANE('NONE',#5037);
#5039=FACE_SURFACE('NONE',(#5034),#5038,.T.);
#5040=POLY_LOOP('NONE',(#1035,#1034,#281,#280));
#5041=FACE_OUTER_BOUND('NONE',#5040,.T.);
#5042=DIRECTION('NONE',(-0.985629,0.168927,0));
#5043=DIRECTION('NONE',(-0.168927,-0.985629,0));
#5044=AXIS2_PLACEMENT_3D('NONE',#1035,#5042,#5043);
#5045=PLANE('NONE',#5044);
#5046=FACE_SURFACE('NONE',(#5041),#5045,.T.);
#5047=POLY_LOOP('NONE',(#282,#281,#1034,#1033));
#5048=FACE_OUTER_BOUND('NONE',#5047,.T.);
#5049=DIRECTION('NONE',(-0.97485,0.222861,0));
#5050=DIRECTION('NONE',(0.222861,0.97485,0));
#5051=AXIS2_PLACEMENT_3D('NONE',#282,#5049,#5050);
#5052=PLANE('NONE',#5051);
#5053=FACE_SURFACE('NONE',(#5048),#5052,.T.);
#5054=POLY_LOOP('NONE',(#497,#1329,#1328,#498));
#5055=FACE_OUTER_BOUND('NONE',#5054,.T.);
#5056=DIRECTION('NONE',(0.761238,0.648472,0));
#5057=DIRECTION('NONE',(0,0,-1));
#5058=AXIS2_PLACEMENT_3D('NONE',#497,#5056,#5057);
#5059=PLANE('NONE',#5058);
#5060=FACE_SURFACE('NONE',(#5055),#5059,.T.);
#5061=POLY_LOOP('NONE',(#501,#500,#1326,#1325));
#5062=FACE_OUTER_BOUND('NONE',#5061,.T.);
#5063=DIRECTION('NONE',(0.844827,0.535039,0));
#5064=DIRECTION('NONE',(0.535039,-0.844827,0));
#5065=AXIS2_PLACEMENT_3D('NONE',#501,#5063,#5064);
#5066=PLANE('NONE',#5065);
#5067=FACE_SURFACE('NONE',(#5062),#5066,.T.);
#5068=POLY_LOOP('NONE',(#501,#1325,#1324,#502));
#5069=FACE_OUTER_BOUND('NONE',#5068,.T.);
#5070=DIRECTION('NONE',(0.870813,0.491614,0));
#5071=DIRECTION('NONE',(0,0,-1));
#5072=AXIS2_PLACEMENT_3D('NONE',#501,#5070,#5071);
#5073=PLANE('NONE',#5072);
#5074=FACE_SURFACE('NONE',(#5069),#5073,.T.);
#5075=POLY_LOOP('NONE',(#1412,#693,#692,#1413));
#5076=FACE_OUTER_BOUND('NONE',#5075,.T.);
#5077=DIRECTION('NONE',(-0.918419,0.39561,0));
#5078=DIRECTION('NONE',(0,0,1));
#5079=AXIS2_PLACEMENT_3D('NONE',#1412,#5077,#5078);
#5080=PLANE('NONE',#5079);
#5081=FACE_SURFACE('NONE',(#5076),#5080,.T.);
#5082=POLY_LOOP('NONE',(#502,#1324,#1323,#503));
#5083=FACE_OUTER_BOUND('NONE',#5082,.T.);
#5084=DIRECTION('NONE',(0.888828,0.458241,0));
#5085=DIRECTION('NONE',(0,0,-1));
#5086=AXIS2_PLACEMENT_3D('NONE',#502,#5084,#5085);
#5087=PLANE('NONE',#5086);
#5088=FACE_SURFACE('NONE',(#5083),#5087,.T.);
#5089=POLY_LOOP('NONE',(#693,#1412,#1411,#694));
#5090=FACE_OUTER_BOUND('NONE',#5089,.T.);
#5091=DIRECTION('NONE',(-0.888828,0.458241,0));
#5092=DIRECTION('NONE',(0,0,-1));
#5093=AXIS2_PLACEMENT_3D('NONE',#693,#5091,#5092);
#5094=PLANE('NONE',#5093);
#5095=FACE_SURFACE('NONE',(#5090),#5094,.T.);
#5096=POLY_LOOP('NONE',(#1408,#697,#696,#1409));
#5097=FACE_OUTER_BOUND('NONE',#5096,.T.);
#5098=DIRECTION('NONE',(-0.816569,0.577248,0));
#5099=DIRECTION('NONE',(0,0,1));
#5100=AXIS2_PLACEMENT_3D('NONE',#1408,#5098,#5099);
#5101=PLANE('NONE',#5100);
#5102=FACE_SURFACE('NONE',(#5097),#5101,.T.);
#5103=POLY_LOOP('NONE',(#1216,#1215,#611,#610));
#5104=FACE_OUTER_BOUND('NONE',#5103,.T.);
#5105=DIRECTION('NONE',(0.111961,0.993713,0));
#5106=DIRECTION('NONE',(-0.993713,0.111961,0));
#5107=AXIS2_PLACEMENT_3D('NONE',#1216,#5105,#5106);
#5108=PLANE('NONE',#5107);
#5109=FACE_SURFACE('NONE',(#5104),#5108,.T.);
#5110=POLY_LOOP('NONE',(#611,#1215,#1214,#612));
#5111=FACE_OUTER_BOUND('NONE',#5110,.T.);
#5112=DIRECTION('NONE',(0.168979,0.98562,0));
#5113=DIRECTION('NONE',(0,0,-1));
#5114=AXIS2_PLACEMENT_3D('NONE',#611,#5112,#5113);
#5115=PLANE('NONE',#5114);
#5116=FACE_SURFACE('NONE',(#5111),#5115,.T.);
#5117=POLY_LOOP('NONE',(#1404,#701,#700,#1405));
#5118=FACE_OUTER_BOUND('NONE',#5117,.T.);
#5119=DIRECTION('NONE',(-0.685841,0.727752,0));
#5120=DIRECTION('NONE',(0,0,1));
#5121=AXIS2_PLACEMENT_3D('NONE',#1404,#5119,#5120);
#5122=PLANE('NONE',#5121);
#5123=FACE_SURFACE('NONE',(#5118),#5122,.T.);
#5124=POLY_LOOP('NONE',(#701,#1404,#1403,#702));
#5125=FACE_OUTER_BOUND('NONE',#5124,.T.);
#5126=DIRECTION('NONE',(-0.656495,0.75433,0));
#5127=DIRECTION('NONE',(0,0,-1));
#5128=AXIS2_PLACEMENT_3D('NONE',#701,#5126,#5127);
#5129=PLANE('NONE',#5128);
#5130=FACE_SURFACE('NONE',(#5125),#5129,.T.);
#5131=POLY_LOOP('NONE',(#1402,#703,#702,#1403));
#5132=FACE_OUTER_BOUND('NONE',#5131,.T.);
#5133=DIRECTION('NONE',(-0.617812,0.786326,0));
#5134=DIRECTION('NONE',(0,0,1));
#5135=AXIS2_PLACEMENT_3D('NONE',#1402,#5133,#5134);
#5136=PLANE('NONE',#5135);
#5137=FACE_SURFACE('NONE',(#5132),#5136,.T.);
#5138=POLY_LOOP('NONE',(#604,#1222,#1221,#605));
#5139=FACE_OUTER_BOUND('NONE',#5138,.T.);
#5140=DIRECTION('NONE',(-0.168979,0.98562,0));
#5141=DIRECTION('NONE',(0,0,-1));
#5142=AXIS2_PLACEMENT_3D('NONE',#604,#5140,#5141);
#5143=PLANE('NONE',#5142);
#5144=FACE_SURFACE('NONE',(#5139),#5143,.T.);
#5145=POLY_LOOP('NONE',(#609,#608,#1218,#1217));
#5146=FACE_OUTER_BOUND('NONE',#5145,.T.);
#5147=DIRECTION('NONE',(0.014076,0.999901,0));
#5148=DIRECTION('NONE',(0.999901,-0.014076,0));
#5149=AXIS2_PLACEMENT_3D('NONE',#609,#5147,#5148);
#5150=PLANE('NONE',#5149);
#5151=FACE_SURFACE('NONE',(#5146),#5150,.T.);
#5152=POLY_LOOP('NONE',(#609,#1217,#1216,#610));
#5153=FACE_OUTER_BOUND('NONE',#5152,.T.);
#5154=DIRECTION('NONE',(0.084211,0.996448,0));
#5155=DIRECTION('NONE',(0,0,-1));
#5156=AXIS2_PLACEMENT_3D('NONE',#609,#5154,#5155);
#5157=PLANE('NONE',#5156);
#5158=FACE_SURFACE('NONE',(#5153),#5157,.T.);
#5159=POLY_LOOP('NONE',(#1224,#1223,#603,#602));
#5160=FACE_OUTER_BOUND('NONE',#5159,.T.);
#5161=DIRECTION('NONE',(-0.265507,0.964109,0));
#5162=DIRECTION('NONE',(-0.964109,-0.265507,0));
#5163=AXIS2_PLACEMENT_3D('NONE',#1224,#5161,#5162);
#5164=PLANE('NONE',#5163);
#5165=FACE_SURFACE('NONE',(#5160),#5164,.T.);
#5166=POLY_LOOP('NONE',(#1220,#606,#605,#1221));
#5167=FACE_OUTER_BOUND('NONE',#5166,.T.);
#5168=DIRECTION('NONE',(-0.111955,0.993713,0));
#5169=DIRECTION('NONE',(0,0,1));
#5170=AXIS2_PLACEMENT_3D('NONE',#1220,#5168,#5169);
#5171=PLANE('NONE',#5170);
#5172=FACE_SURFACE('NONE',(#5167),#5171,.T.);
#5173=POLY_LOOP('NONE',(#1314,#512,#511,#1315));
#5174=FACE_OUTER_BOUND('NONE',#5173,.T.);
#5175=DIRECTION('NONE',(0.999604,0.02814,0));
#5176=DIRECTION('NONE',(0,0,1));
#5177=AXIS2_PLACEMENT_3D('NONE',#1314,#5175,#5176);
#5178=PLANE('NONE',#5177);
#5179=FACE_SURFACE('NONE',(#5174),#5178,.T.);
#5180=POLY_LOOP('NONE',(#768,#763,#762,#955));
#5181=FACE_OUTER_BOUND('NONE',#5180,.T.);
#5182=DIRECTION('NONE',(0,1,0));
#5183=DIRECTION('NONE',(-1,0,0));
#5184=AXIS2_PLACEMENT_3D('NONE',#768,#5182,#5183);
#5185=PLANE('NONE',#5184);
#5186=FACE_SURFACE('NONE',(#5181),#5185,.T.);
#5187=POLY_LOOP('NONE',(#271,#1044,#1043,#272));
#5188=FACE_OUTER_BOUND('NONE',#5187,.T.);
#5189=DIRECTION('NONE',(-0.964126,-0.265444,0));
#5190=DIRECTION('NONE',(0,0,-1));
#5191=AXIS2_PLACEMENT_3D('NONE',#271,#5189,#5190);
#5192=PLANE('NONE',#5191);
#5193=FACE_SURFACE('NONE',(#5188),#5192,.T.);
#5194=POLY_LOOP('NONE',(#1042,#1041,#274,#273));
#5195=FACE_OUTER_BOUND('NONE',#5194,.T.);
#5196=DIRECTION('NONE',(-0.985629,-0.168927,0));
#5197=DIRECTION('NONE',(0.168927,-0.985629,0));
#5198=AXIS2_PLACEMENT_3D('NONE',#1042,#5196,#5197);
#5199=PLANE('NONE',#5198);
#5200=FACE_SURFACE('NONE',(#5195),#5199,.T.);
#5201=POLY_LOOP('NONE',(#506,#505,#1321,#1320));
#5202=FACE_OUTER_BOUND('NONE',#5201,.T.);
#5203=DIRECTION('NONE',(0.950096,0.311957,0));
#5204=DIRECTION('NONE',(0.311957,-0.950096,0));
#5205=AXIS2_PLACEMENT_3D('NONE',#506,#5203,#5204);
#5206=PLANE('NONE',#5205);
#5207=FACE_SURFACE('NONE',(#5202),#5206,.T.);
#5208=POLY_LOOP('NONE',(#274,#1041,#1040,#275));
#5209=FACE_OUTER_BOUND('NONE',#5208,.T.);
#5210=DIRECTION('NONE',(-0.992057,-0.125786,0));
#5211=DIRECTION('NONE',(0,0,-1));
#5212=AXIS2_PLACEMENT_3D('NONE',#274,#5210,#5211);
#5213=PLANE('NONE',#5212);
#5214=FACE_SURFACE('NONE',(#5209),#5213,.T.);
#5215=POLY_LOOP('NONE',(#842,#841,#108,#107));
#5216=FACE_OUTER_BOUND('NONE',#5215,.T.);
#5217=DIRECTION('NONE',(-0.086097,-0.996287,0));
#5218=DIRECTION('NONE',(0.996287,-0.086097,0));
#5219=AXIS2_PLACEMENT_3D('NONE',#842,#5217,#5218);
#5220=PLANE('NONE',#5219);
#5221=FACE_SURFACE('NONE',(#5216),#5220,.T.);
#5222=POLY_LOOP('NONE',(#506,#1320,#1319,#507));
#5223=FACE_OUTER_BOUND('NONE',#5222,.T.);
#5224=DIRECTION('NONE',(0.964113,0.265493,0));
#5225=DIRECTION('NONE',(0,0,-1));
#5226=AXIS2_PLACEMENT_3D('NONE',#506,#5224,#5225);
#5227=PLANE('NONE',#5226);
#5228=FACE_SURFACE('NONE',(#5223),#5227,.T.);
#5229=POLY_LOOP('NONE',(#841,#840,#109,#108));
#5230=FACE_OUTER_BOUND('NONE',#5229,.T.);
#5231=DIRECTION('NONE',(-0.227649,-0.973743,0));
#5232=DIRECTION('NONE',(0.973743,-0.227649,0));
#5233=AXIS2_PLACEMENT_3D('NONE',#841,#5231,#5232);
#5234=PLANE('NONE',#5233);
#5235=FACE_SURFACE('NONE',(#5230),#5234,.T.);
#5236=POLY_LOOP('NONE',(#508,#507,#1319,#1318));
#5237=FACE_OUTER_BOUND('NONE',#5236,.T.);
#5238=DIRECTION('NONE',(0.974862,0.22281,0));
#5239=DIRECTION('NONE',(0.22281,-0.974862,0));
#5240=AXIS2_PLACEMENT_3D('NONE',#508,#5238,#5239);
#5241=PLANE('NONE',#5240);
#5242=FACE_SURFACE('NONE',(#5237),#5241,.T.);
#5243=POLY_LOOP('NONE',(#840,#839,#110,#109));
#5244=FACE_OUTER_BOUND('NONE',#5243,.T.);
#5245=DIRECTION('NONE',(-0.395446,-0.918489,0));
#5246=DIRECTION('NONE',(0.918489,-0.395446,0));
#5247=AXIS2_PLACEMENT_3D('NONE',#840,#5245,#5246);
#5248=PLANE('NONE',#5247);
#5249=FACE_SURFACE('NONE',(#5244),#5248,.T.);
#5250=POLY_LOOP('NONE',(#1317,#509,#508,#1318));
#5251=FACE_OUTER_BOUND('NONE',#5250,.T.);
#5252=DIRECTION('NONE',(0.98562,0.168979,0));
#5253=DIRECTION('NONE',(0,0,1));
#5254=AXIS2_PLACEMENT_3D('NONE',#1317,#5252,#5253);
#5255=PLANE('NONE',#5254);
#5256=FACE_SURFACE('NONE',(#5251),#5255,.T.);
#5257=POLY_LOOP('NONE',(#509,#1317,#1316,#510));
#5258=FACE_OUTER_BOUND('NONE',#5257,.T.);
#5259=DIRECTION('NONE',(0.992063,0.12574,0));
#5260=DIRECTION('NONE',(0,0,-1));
#5261=AXIS2_PLACEMENT_3D('NONE',#509,#5259,#5260);
#5262=PLANE('NONE',#5261);
#5263=FACE_SURFACE('NONE',(#5258),#5262,.T.);
#5264=POLY_LOOP('NONE',(#839,#838,#111,#110));
#5265=FACE_OUTER_BOUND('NONE',#5264,.T.);
#5266=DIRECTION('NONE',(-0.524092,-0.851662,0));
#5267=DIRECTION('NONE',(0.851662,-0.524092,0));
#5268=AXIS2_PLACEMENT_3D('NONE',#839,#5266,#5267);
#5269=PLANE('NONE',#5268);
#5270=FACE_SURFACE('NONE',(#5265),#5269,.T.);
#5271=POLY_LOOP('NONE',(#1055,#1054,#261,#260));
#5272=FACE_OUTER_BOUND('NONE',#5271,.T.);
#5273=DIRECTION('NONE',(-0.685786,-0.727803,0));
#5274=DIRECTION('NONE',(0.727803,-0.685786,0));
#5275=AXIS2_PLACEMENT_3D('NONE',#1055,#5273,#5274);
#5276=PLANE('NONE',#5275);
#5277=FACE_SURFACE('NONE',(#5272),#5276,.T.);
#5278=POLY_LOOP('NONE',(#1315,#511,#510,#1316));
#5279=FACE_OUTER_BOUND('NONE',#5278,.T.);
#5280=DIRECTION('NONE',(0.997528,0.070264,0));
#5281=DIRECTION('NONE',(0,0,1));
#5282=AXIS2_PLACEMENT_3D('NONE',#1315,#5280,#5281);
#5283=PLANE('NONE',#5282);
#5284=FACE_SURFACE('NONE',(#5279),#5283,.T.);
#5285=POLY_LOOP('NONE',(#838,#837,#112,#111));
#5286=FACE_OUTER_BOUND('NONE',#5285,.T.);
#5287=DIRECTION('NONE',(-0.646528,-0.76289,0));
#5288=DIRECTION('NONE',(0.76289,-0.646528,0));
#5289=AXIS2_PLACEMENT_3D('NONE',#838,#5287,#5288);
#5290=PLANE('NONE',#5289);
#5291=FACE_SURFACE('NONE',(#5286),#5290,.T.);
#5292=POLY_LOOP('NONE',(#837,#836,#113,#112));
#5293=FACE_OUTER_BOUND('NONE',#5292,.T.);
#5294=DIRECTION('NONE',(-0.762911,-0.646504,0));
#5295=DIRECTION('NONE',(0.646504,-0.762911,0));
#5296=AXIS2_PLACEMENT_3D('NONE',#837,#5294,#5295);
#5297=PLANE('NONE',#5296);
#5298=FACE_SURFACE('NONE',(#5293),#5297,.T.);
#5299=POLY_LOOP('NONE',(#513,#512,#1314,#1313));
#5300=FACE_OUTER_BOUND('NONE',#5299,.T.);
#5301=DIRECTION('NONE',(0.999604,-0.028143,0));
#5302=DIRECTION('NONE',(-0.028143,-0.999604,0));
#5303=AXIS2_PLACEMENT_3D('NONE',#513,#5301,#5302);
#5304=PLANE('NONE',#5303);
#5305=FACE_SURFACE('NONE',(#5300),#5304,.T.);
#5306=POLY_LOOP('NONE',(#836,#835,#114,#113));
#5307=FACE_OUTER_BOUND('NONE',#5306,.T.);
#5308=DIRECTION('NONE',(-0.851648,-0.524114,0));
#5309=DIRECTION('NONE',(0.524114,-0.851648,0));
#5310=AXIS2_PLACEMENT_3D('NONE',#836,#5308,#5309);
#5311=PLANE('NONE',#5310);
#5312=FACE_SURFACE('NONE',(#5307),#5311,.T.);
#5313=POLY_LOOP('NONE',(#835,#834,#115,#114));
#5314=FACE_OUTER_BOUND('NONE',#5313,.T.);
#5315=DIRECTION('NONE',(-0.918479,-0.395469,0));
#5316=DIRECTION('NONE',(0.395469,-0.918479,0));
#5317=AXIS2_PLACEMENT_3D('NONE',#835,#5315,#5316);
#5318=PLANE('NONE',#5317);
#5319=FACE_SURFACE('NONE',(#5314),#5318,.T.);
#5320=POLY_LOOP('NONE',(#834,#833,#116,#115));
#5321=FACE_OUTER_BOUND('NONE',#5320,.T.);
#5322=DIRECTION('NONE',(-0.973754,-0.227603,0));
#5323=DIRECTION('NONE',(0.227603,-0.973754,0));
#5324=AXIS2_PLACEMENT_3D('NONE',#834,#5322,#5323);
#5325=PLANE('NONE',#5324);
#5326=FACE_SURFACE('NONE',(#5321),#5325,.T.);
#5327=POLY_LOOP('NONE',(#833,#832,#117,#116));
#5328=FACE_OUTER_BOUND('NONE',#5327,.T.);
#5329=DIRECTION('NONE',(-0.996286,-0.086101,0));
#5330=DIRECTION('NONE',(0.086101,-0.996286,0));
#5331=AXIS2_PLACEMENT_3D('NONE',#833,#5329,#5330);
#5332=PLANE('NONE',#5331);
#5333=FACE_SURFACE('NONE',(#5328),#5332,.T.);
#5334=POLY_LOOP('NONE',(#832,#831,#118,#117));
#5335=FACE_OUTER_BOUND('NONE',#5334,.T.);
#5336=DIRECTION('NONE',(-1,0,0));
#5337=DIRECTION('NONE',(0,-1,0));
#5338=AXIS2_PLACEMENT_3D('NONE',#832,#5336,#5337);
#5339=PLANE('NONE',#5338);
#5340=FACE_SURFACE('NONE',(#5335),#5339,.T.);
#5341=POLY_LOOP('NONE',(#831,#830,#119,#118));
#5342=FACE_OUTER_BOUND('NONE',#5341,.T.);
#5343=DIRECTION('NONE',(-0.996287,0.086097,0));
#5344=DIRECTION('NONE',(-0.086097,-0.996287,0));
#5345=AXIS2_PLACEMENT_3D('NONE',#831,#5343,#5344);
#5346=PLANE('NONE',#5345);
#5347=FACE_SURFACE('NONE',(#5342),#5346,.T.);
#5348=POLY_LOOP('NONE',(#830,#829,#120,#119));
#5349=FACE_OUTER_BOUND('NONE',#5348,.T.);
#5350=DIRECTION('NONE',(-0.973754,0.227603,0));
#5351=DIRECTION('NONE',(-0.227603,-0.973754,0));
#5352=AXIS2_PLACEMENT_3D('NONE',#830,#5350,#5351);
#5353=PLANE('NONE',#5352);
#5354=FACE_SURFACE('NONE',(#5349),#5353,.T.);
#5355=POLY_LOOP('NONE',(#237,#1074,#765,#238));
#5356=FACE_OUTER_BOUND('NONE',#5355,.T.);
#5357=DIRECTION('NONE',(0.366546,-0.9304,0));
#5358=DIRECTION('NONE',(0,0,-1));
#5359=AXIS2_PLACEMENT_3D('NONE',#237,#5357,#5358);
#5360=PLANE('NONE',#5359);
#5361=FACE_SURFACE('NONE',(#5356),#5360,.T.);
#5362=POLY_LOOP('NONE',(#242,#241,#767,#1073));
#5363=FACE_OUTER_BOUND('NONE',#5362,.T.);
#5364=DIRECTION('NONE',(0.168979,-0.98562,0));
#5365=DIRECTION('NONE',(-0.98562,-0.168979,0));
#5366=AXIS2_PLACEMENT_3D('NONE',#242,#5364,#5365);
#5367=PLANE('NONE',#5366);
#5368=FACE_SURFACE('NONE',(#5363),#5367,.T.);
#5369=POLY_LOOP('NONE',(#691,#690,#1415,#1414));
#5370=FACE_OUTER_BOUND('NONE',#5369,.T.);
#5371=DIRECTION('NONE',(-0.950096,0.311957,0));
#5372=DIRECTION('NONE',(0.311957,0.950096,0));
#5373=AXIS2_PLACEMENT_3D('NONE',#691,#5371,#5372);
#5374=PLANE('NONE',#5373);
#5375=FACE_SURFACE('NONE',(#5370),#5374,.T.);
#5376=POLY_LOOP('NONE',(#1072,#243,#242,#1073));
#5377=FACE_OUTER_BOUND('NONE',#5376,.T.);
#5378=DIRECTION('NONE',(0.12574,-0.992063,0));
#5379=DIRECTION('NONE',(0,0,1));
#5380=AXIS2_PLACEMENT_3D('NONE',#1072,#5378,#5379);
#5381=PLANE('NONE',#5380);
#5382=FACE_SURFACE('NONE',(#5377),#5381,.T.);
#5383=POLY_LOOP('NONE',(#829,#828,#121,#120));
#5384=FACE_OUTER_BOUND('NONE',#5383,.T.);
#5385=DIRECTION('NONE',(-0.918479,0.395469,0));
#5386=DIRECTION('NONE',(-0.395469,-0.918479,0));
#5387=AXIS2_PLACEMENT_3D('NONE',#829,#5385,#5386);
#5388=PLANE('NONE',#5387);
#5389=FACE_SURFACE('NONE',(#5384),#5388,.T.);
#5390=POLY_LOOP('NONE',(#828,#827,#122,#121));
#5391=FACE_OUTER_BOUND('NONE',#5390,.T.);
#5392=DIRECTION('NONE',(-0.851648,0.524114,0));
#5393=DIRECTION('NONE',(-0.524114,-0.851648,0));
#5394=AXIS2_PLACEMENT_3D('NONE',#828,#5392,#5393);
#5395=PLANE('NONE',#5394);
#5396=FACE_SURFACE('NONE',(#5391),#5395,.T.);
#5397=POLY_LOOP('NONE',(#1003,#1002,#313,#312));
#5398=FACE_OUTER_BOUND('NONE',#5397,.T.);
#5399=DIRECTION('NONE',(0.168979,0.98562,0));
#5400=DIRECTION('NONE',(-0.98562,0.168979,0));
#5401=AXIS2_PLACEMENT_3D('NONE',#1003,#5399,#5400);
#5402=PLANE('NONE',#5401);
#5403=FACE_SURFACE('NONE',(#5398),#5402,.T.);
#5404=POLY_LOOP('NONE',(#827,#826,#123,#122));
#5405=FACE_OUTER_BOUND('NONE',#5404,.T.);
#5406=DIRECTION('NONE',(-0.76289,0.646528,0));
#5407=DIRECTION('NONE',(-0.646528,-0.76289,0));
#5408=AXIS2_PLACEMENT_3D('NONE',#827,#5406,#5407);
#5409=PLANE('NONE',#5408);
#5410=FACE_SURFACE('NONE',(#5405),#5409,.T.);
#5411=POLY_LOOP('NONE',(#826,#825,#124,#123));
#5412=FACE_OUTER_BOUND('NONE',#5411,.T.);
#5413=DIRECTION('NONE',(-0.646557,0.762866,0));
#5414=DIRECTION('NONE',(-0.762866,-0.646557,0));
#5415=AXIS2_PLACEMENT_3D('NONE',#826,#5413,#5414);
#5416=PLANE('NONE',#5415);
#5417=FACE_SURFACE('NONE',(#5412),#5416,.T.);
#5418=POLY_LOOP('NONE',(#825,#824,#125,#124));
#5419=FACE_OUTER_BOUND('NONE',#5418,.T.);
#5420=DIRECTION('NONE',(-0.524056,0.851684,0));
#5421=DIRECTION('NONE',(-0.851684,-0.524056,0));
#5422=AXIS2_PLACEMENT_3D('NONE',#825,#5420,#5421);
#5423=PLANE('NONE',#5422);
#5424=FACE_SURFACE('NONE',(#5419),#5423,.T.);
#5425=POLY_LOOP('NONE',(#824,#823,#126,#125));
#5426=FACE_OUTER_BOUND('NONE',#5425,.T.);
#5427=DIRECTION('NONE',(-0.395487,0.918472,0));
#5428=DIRECTION('NONE',(-0.918472,-0.395487,0));
#5429=AXIS2_PLACEMENT_3D('NONE',#824,#5427,#5428);
#5430=PLANE('NONE',#5429);
#5431=FACE_SURFACE('NONE',(#5426),#5430,.T.);
#5432=POLY_LOOP('NONE',(#823,#822,#127,#126));
#5433=FACE_OUTER_BOUND('NONE',#5432,.T.);
#5434=DIRECTION('NONE',(-0.227603,0.973754,0));
#5435=DIRECTION('NONE',(-0.973754,-0.227603,0));
#5436=AXIS2_PLACEMENT_3D('NONE',#823,#5434,#5435);
#5437=PLANE('NONE',#5436);
#5438=FACE_SURFACE('NONE',(#5433),#5437,.T.);
#5439=POLY_LOOP('NONE',(#822,#821,#128,#127));
#5440=FACE_OUTER_BOUND('NONE',#5439,.T.);
#5441=DIRECTION('NONE',(-0.086097,0.996287,0));
#5442=DIRECTION('NONE',(-0.996287,-0.086097,0));
#5443=AXIS2_PLACEMENT_3D('NONE',#822,#5441,#5442);
#5444=PLANE('NONE',#5443);
#5445=FACE_SURFACE('NONE',(#5440),#5444,.T.);
#5446=POLY_LOOP('NONE',(#851,#850,#143,#142));
#5447=FACE_OUTER_BOUND('NONE',#5446,.T.);
#5448=DIRECTION('NONE',(0.918488,-0.395449,0));
#5449=DIRECTION('NONE',(0.395449,0.918488,0));
#5450=AXIS2_PLACEMENT_3D('NONE',#851,#5448,#5449);
#5451=PLANE('NONE',#5450);
#5452=FACE_SURFACE('NONE',(#5447),#5451,.T.);
#5453=POLY_LOOP('NONE',(#851,#142,#141,#852));
#5454=FACE_OUTER_BOUND('NONE',#5453,.T.);
#5455=DIRECTION('NONE',(0.973743,-0.227649,0));
#5456=DIRECTION('NONE',(0,0,1));
#5457=AXIS2_PLACEMENT_3D('NONE',#851,#5455,#5456);
#5458=PLANE('NONE',#5457);
#5459=FACE_SURFACE('NONE',(#5454),#5458,.T.);
#5460=POLY_LOOP('NONE',(#850,#849,#144,#143));
#5461=FACE_OUTER_BOUND('NONE',#5460,.T.);
#5462=DIRECTION('NONE',(0.851659,-0.524096,0));
#5463=DIRECTION('NONE',(0.524096,0.851659,0));
#5464=AXIS2_PLACEMENT_3D('NONE',#850,#5462,#5463);
#5465=PLANE('NONE',#5464);
#5466=FACE_SURFACE('NONE',(#5461),#5465,.T.);
#5467=POLY_LOOP('NONE',(#849,#848,#145,#144));
#5468=FACE_OUTER_BOUND('NONE',#5467,.T.);
#5469=DIRECTION('NONE',(0.762911,-0.646504,0));
#5470=DIRECTION('NONE',(0.646504,0.762911,0));
#5471=AXIS2_PLACEMENT_3D('NONE',#849,#5469,#5470);
#5472=PLANE('NONE',#5471);
#5473=FACE_SURFACE('NONE',(#5468),#5472,.T.);
#5474=POLY_LOOP('NONE',(#843,#842,#107,#106));
#5475=FACE_OUTER_BOUND('NONE',#5474,.T.);
#5476=DIRECTION('NONE',(0,-1,0));
#5477=DIRECTION('NONE',(1,0,0));
#5478=AXIS2_PLACEMENT_3D('NONE',#843,#5476,#5477);
#5479=PLANE('NONE',#5478);
#5480=FACE_SURFACE('NONE',(#5475),#5479,.T.);
#5481=POLY_LOOP('NONE',(#516,#515,#1311,#1310));
#5482=FACE_OUTER_BOUND('NONE',#5481,.T.);
#5483=DIRECTION('NONE',(0.98562,-0.168979,0));
#5484=DIRECTION('NONE',(-0.168979,-0.98562,0));
#5485=AXIS2_PLACEMENT_3D('NONE',#516,#5483,#5484);
#5486=PLANE('NONE',#5485);
#5487=FACE_SURFACE('NONE',(#5482),#5486,.T.);
#5488=POLY_LOOP('NONE',(#848,#847,#146,#145));
#5489=FACE_OUTER_BOUND('NONE',#5488,.T.);
#5490=DIRECTION('NONE',(0.646516,-0.762901,0));
#5491=DIRECTION('NONE',(0.762901,0.646516,0));
#5492=AXIS2_PLACEMENT_3D('NONE',#848,#5490,#5491);
#5493=PLANE('NONE',#5492);
#5494=FACE_SURFACE('NONE',(#5489),#5493,.T.);
#5495=POLY_LOOP('NONE',(#995,#320,#319,#996));
#5496=FACE_OUTER_BOUND('NONE',#5495,.T.);
#5497=DIRECTION('NONE',(0.491591,0.870826,0));
#5498=DIRECTION('NONE',(0,0,1));
#5499=AXIS2_PLACEMENT_3D('NONE',#995,#5497,#5498);
#5500=PLANE('NONE',#5499);
#5501=FACE_SURFACE('NONE',(#5496),#5500,.T.);
#5502=POLY_LOOP('NONE',(#516,#1310,#1309,#517));
#5503=FACE_OUTER_BOUND('NONE',#5502,.T.);
#5504=DIRECTION('NONE',(0.974862,-0.22281,0));
#5505=DIRECTION('NONE',(0,0,-1));
#5506=AXIS2_PLACEMENT_3D('NONE',#516,#5504,#5505);
#5507=PLANE('NONE',#5506);
#5508=FACE_SURFACE('NONE',(#5503),#5507,.T.);
#5509=POLY_LOOP('NONE',(#847,#846,#147,#146));
#5510=FACE_OUTER_BOUND('NONE',#5509,.T.);
#5511=DIRECTION('NONE',(0.524103,-0.851655,0));
#5512=DIRECTION('NONE',(0.851655,0.524103,0));
#5513=AXIS2_PLACEMENT_3D('NONE',#847,#5511,#5512);
#5514=PLANE('NONE',#5513);
#5515=FACE_SURFACE('NONE',(#5510),#5514,.T.);
#5516=POLY_LOOP('NONE',(#320,#995,#994,#321));
#5517=FACE_OUTER_BOUND('NONE',#5516,.T.);
#5518=DIRECTION('NONE',(0.535064,0.844812,0));
#5519=DIRECTION('NONE',(0,0,-1));
#5520=AXIS2_PLACEMENT_3D('NONE',#320,#5518,#5519);
#5521=PLANE('NONE',#5520);
#5522=FACE_SURFACE('NONE',(#5517),#5521,.T.);
#5523=POLY_LOOP('NONE',(#517,#1309,#1308,#518));
#5524=FACE_OUTER_BOUND('NONE',#5523,.T.);
#5525=DIRECTION('NONE',(0.964113,-0.265493,0));
#5526=DIRECTION('NONE',(0,0,-1));
#5527=AXIS2_PLACEMENT_3D('NONE',#517,#5525,#5526);
#5528=PLANE('NONE',#5527);
#5529=FACE_SURFACE('NONE',(#5524),#5528,.T.);
#5530=POLY_LOOP('NONE',(#846,#845,#104,#147));
#5531=FACE_OUTER_BOUND('NONE',#5530,.T.);
#5532=DIRECTION('NONE',(0.395437,-0.918493,0));
#5533=DIRECTION('NONE',(0.918493,0.395437,0));
#5534=AXIS2_PLACEMENT_3D('NONE',#846,#5532,#5533);
#5535=PLANE('NONE',#5534);
#5536=FACE_SURFACE('NONE',(#5531),#5535,.T.);
#5537=POLY_LOOP('NONE',(#519,#518,#1308,#1307));
#5538=FACE_OUTER_BOUND('NONE',#5537,.T.);
#5539=DIRECTION('NONE',(0.950096,-0.311957,0));
#5540=DIRECTION('NONE',(-0.311957,-0.950096,0));
#5541=AXIS2_PLACEMENT_3D('NONE',#519,#5539,#5540);
#5542=PLANE('NONE',#5541);
#5543=FACE_SURFACE('NONE',(#5538),#5542,.T.);
#5544=POLY_LOOP('NONE',(#993,#322,#321,#994));
#5545=FACE_OUTER_BOUND('NONE',#5544,.T.);
#5546=DIRECTION('NONE',(0.570672,0.821178,0));
#5547=DIRECTION('NONE',(0,0,1));
#5548=AXIS2_PLACEMENT_3D('NONE',#993,#5546,#5547);
#5549=PLANE('NONE',#5548);
#5550=FACE_SURFACE('NONE',(#5545),#5549,.T.);
#5551=POLY_LOOP('NONE',(#845,#844,#105,#104));
#5552=FACE_OUTER_BOUND('NONE',#5551,.T.);
#5553=DIRECTION('NONE',(0.227649,-0.973743,0));
#5554=DIRECTION('NONE',(0.973743,0.227649,0));
#5555=AXIS2_PLACEMENT_3D('NONE',#845,#5553,#5554);
#5556=PLANE('NONE',#5555);
#5557=FACE_SURFACE('NONE',(#5552),#5556,.T.);
#5558=POLY_LOOP('NONE',(#322,#993,#992,#323));
#5559=FACE_OUTER_BOUND('NONE',#5558,.T.);
#5560=DIRECTION('NONE',(0.617812,0.786326,0));
#5561=DIRECTION('NONE',(0,0,-1));
#5562=AXIS2_PLACEMENT_3D('NONE',#322,#5560,#5561);
#5563=PLANE('NONE',#5562);
#5564=FACE_SURFACE('NONE',(#5559),#5563,.T.);
#5565=POLY_LOOP('NONE',(#686,#685,#1420,#1419));
#5566=FACE_OUTER_BOUND('NONE',#5565,.T.);
#5567=DIRECTION('NONE',(-0.997528,0.070264,0));
#5568=DIRECTION('NONE',(0.070264,0.997528,0));
#5569=AXIS2_PLACEMENT_3D('NONE',#686,#5567,#5568);
#5570=PLANE('NONE',#5569);
#5571=FACE_SURFACE('NONE',(#5566),#5570,.T.);
#5572=POLY_LOOP('NONE',(#686,#1419,#1418,#687));
#5573=FACE_OUTER_BOUND('NONE',#5572,.T.);
#5574=DIRECTION('NONE',(-0.992063,0.12574,0));
#5575=DIRECTION('NONE',(0,0,-1));
#5576=AXIS2_PLACEMENT_3D('NONE',#686,#5574,#5575);
#5577=PLANE('NONE',#5576);
#5578=FACE_SURFACE('NONE',(#5573),#5577,.T.);
#5579=POLY_LOOP('NONE',(#843,#106,#105,#844));
#5580=FACE_OUTER_BOUND('NONE',#5579,.T.);
#5581=DIRECTION('NONE',(0.086099,-0.996287,0));
#5582=DIRECTION('NONE',(0,0,1));
#5583=AXIS2_PLACEMENT_3D('NONE',#843,#5581,#5582);
#5584=PLANE('NONE',#5583);
#5585=FACE_SURFACE('NONE',(#5580),#5584,.T.);
#5586=POLY_LOOP('NONE',(#688,#687,#1418,#1417));
#5587=FACE_OUTER_BOUND('NONE',#5586,.T.);
#5588=DIRECTION('NONE',(-0.98562,0.168979,0));
#5589=DIRECTION('NONE',(0.168979,0.98562,0));
#5590=AXIS2_PLACEMENT_3D('NONE',#688,#5588,#5589);
#5591=PLANE('NONE',#5590);
#5592=FACE_SURFACE('NONE',(#5587),#5591,.T.);
#5593=POLY_LOOP('NONE',(#688,#1417,#1416,#689));
#5594=FACE_OUTER_BOUND('NONE',#5593,.T.);
#5595=DIRECTION('NONE',(-0.974862,0.22281,0));
#5596=DIRECTION('NONE',(0,0,-1));
#5597=AXIS2_PLACEMENT_3D('NONE',#688,#5595,#5596);
#5598=PLANE('NONE',#5597);
#5599=FACE_SURFACE('NONE',(#5594),#5598,.T.);
#5600=POLY_LOOP('NONE',(#991,#324,#323,#992));
#5601=FACE_OUTER_BOUND('NONE',#5600,.T.);
#5602=DIRECTION('NONE',(0.656526,0.754304,0));
#5603=DIRECTION('NONE',(0,0,1));
#5604=AXIS2_PLACEMENT_3D('NONE',#991,#5602,#5603);
#5605=PLANE('NONE',#5604);
#5606=FACE_SURFACE('NONE',(#5601),#5605,.T.);
#5607=POLY_LOOP('NONE',(#990,#325,#324,#991));
#5608=FACE_OUTER_BOUND('NONE',#5607,.T.);
#5609=DIRECTION('NONE',(0.685813,0.727778,0));
#5610=DIRECTION('NONE',(0,0,1));
#5611=AXIS2_PLACEMENT_3D('NONE',#990,#5609,#5610);
#5612=PLANE('NONE',#5611);
#5613=FACE_SURFACE('NONE',(#5608),#5612,.T.);
#5614=POLY_LOOP('NONE',(#326,#325,#990,#989));
#5615=FACE_OUTER_BOUND('NONE',#5614,.T.);
#5616=DIRECTION('NONE',(0.727803,0.685786,0));
#5617=DIRECTION('NONE',(0.685786,-0.727803,0));
#5618=AXIS2_PLACEMENT_3D('NONE',#326,#5616,#5617);
#5619=PLANE('NONE',#5618);
#5620=FACE_SURFACE('NONE',(#5615),#5619,.T.);
#5621=POLY_LOOP('NONE',(#680,#679,#1426,#1425));
#5622=FACE_OUTER_BOUND('NONE',#5621,.T.);
#5623=DIRECTION('NONE',(-0.974862,-0.22281,0));
#5624=DIRECTION('NONE',(-0.22281,0.974862,0));
#5625=AXIS2_PLACEMENT_3D('NONE',#680,#5623,#5624);
#5626=PLANE('NONE',#5625);
#5627=FACE_SURFACE('NONE',(#5622),#5626,.T.);
#5628=POLY_LOOP('NONE',(#1424,#681,#680,#1425));
#5629=FACE_OUTER_BOUND('NONE',#5628,.T.);
#5630=DIRECTION('NONE',(-0.98562,-0.168979,0));
#5631=DIRECTION('NONE',(0,0,1));
#5632=AXIS2_PLACEMENT_3D('NONE',#1424,#5630,#5631);
#5633=PLANE('NONE',#5632);
#5634=FACE_SURFACE('NONE',(#5629),#5633,.T.);
#5635=POLY_LOOP('NONE',(#310,#309,#1006,#1005));
#5636=FACE_OUTER_BOUND('NONE',#5635,.T.);
#5637=DIRECTION('NONE',(0.014075,0.999901,0));
#5638=DIRECTION('NONE',(0.999901,-0.014075,0));
#5639=AXIS2_PLACEMENT_3D('NONE',#310,#5637,#5638);
#5640=PLANE('NONE',#5639);
#5641=FACE_SURFACE('NONE',(#5636),#5640,.T.);
#5642=POLY_LOOP('NONE',(#852,#141,#140,#853));
#5643=FACE_OUTER_BOUND('NONE',#5642,.T.);
#5644=DIRECTION('NONE',(0.996286,-0.086101,0));
#5645=DIRECTION('NONE',(0,0,1));
#5646=AXIS2_PLACEMENT_3D('NONE',#852,#5644,#5645);
#5647=PLANE('NONE',#5646);
#5648=FACE_SURFACE('NONE',(#5643),#5647,.T.);
#5649=POLY_LOOP('NONE',(#1004,#311,#310,#1005));
#5650=FACE_OUTER_BOUND('NONE',#5649,.T.);
#5651=DIRECTION('NONE',(0.070264,0.997528,0));
#5652=DIRECTION('NONE',(0,0,1));
#5653=AXIS2_PLACEMENT_3D('NONE',#1004,#5651,#5652);
#5654=PLANE('NONE',#5653);
#5655=FACE_SURFACE('NONE',(#5650),#5654,.T.);
#5656=POLY_LOOP('NONE',(#312,#311,#1004,#1003));
#5657=FACE_OUTER_BOUND('NONE',#5656,.T.);
#5658=DIRECTION('NONE',(0.12574,0.992063,0));
#5659=DIRECTION('NONE',(0.992063,-0.12574,0));
#5660=AXIS2_PLACEMENT_3D('NONE',#312,#5658,#5659);
#5661=PLANE('NONE',#5660);
#5662=FACE_SURFACE('NONE',(#5657),#5661,.T.);
#5663=POLY_LOOP('NONE',(#1422,#1421,#684,#683));
#5664=FACE_OUTER_BOUND('NONE',#5663,.T.);
#5665=DIRECTION('NONE',(-0.999604,-0.028143,0));
#5666=DIRECTION('NONE',(0.028143,-0.999604,0));
#5667=AXIS2_PLACEMENT_3D('NONE',#1422,#5665,#5666);
#5668=PLANE('NONE',#5667);
#5669=FACE_SURFACE('NONE',(#5664),#5668,.T.);
#5670=POLY_LOOP('NONE',(#1001,#314,#313,#1002));
#5671=FACE_OUTER_BOUND('NONE',#5670,.T.);
#5672=DIRECTION('NONE',(0.225874,0.974156,0));
#5673=DIRECTION('NONE',(0,0,1));
#5674=AXIS2_PLACEMENT_3D('NONE',#1001,#5672,#5673);
#5675=PLANE('NONE',#5674);
#5676=FACE_SURFACE('NONE',(#5671),#5675,.T.);
#5677=POLY_LOOP('NONE',(#1420,#685,#684,#1421));
#5678=FACE_OUTER_BOUND('NONE',#5677,.T.);
#5679=DIRECTION('NONE',(-0.999604,0.02814,0));
#5680=DIRECTION('NONE',(0,0,1));
#5681=AXIS2_PLACEMENT_3D('NONE',#1420,#5679,#5680);
#5682=PLANE('NONE',#5681);
#5683=FACE_SURFACE('NONE',(#5678),#5682,.T.);
#5684=POLY_LOOP('NONE',(#1225,#601,#600,#1226));
#5685=FACE_OUTER_BOUND('NONE',#5684,.T.);
#5686=DIRECTION('NONE',(-0.366527,0.930407,0));
#5687=DIRECTION('NONE',(0,0,1));
#5688=AXIS2_PLACEMENT_3D('NONE',#1225,#5686,#5687);
#5689=PLANE('NONE',#5688);
#5690=FACE_SURFACE('NONE',(#5685),#5689,.T.);
#5691=POLY_LOOP('NONE',(#1416,#1415,#690,#689));
#5692=FACE_OUTER_BOUND('NONE',#5691,.T.);
#5693=DIRECTION('NONE',(-0.964113,0.265493,0));
#5694=DIRECTION('NONE',(-0.265493,-0.964113,0));
#5695=AXIS2_PLACEMENT_3D('NONE',#1416,#5693,#5694);
#5696=PLANE('NONE',#5695);
#5697=FACE_SURFACE('NONE',(#5692),#5696,.T.);
#5698=POLY_LOOP('NONE',(#1241,#585,#584,#1242));
#5699=FACE_OUTER_BOUND('NONE',#5698,.T.);
#5700=DIRECTION('NONE',(-0.918419,0.39561,0));
#5701=DIRECTION('NONE',(0,0,1));
#5702=AXIS2_PLACEMENT_3D('NONE',#1241,#5700,#5701);
#5703=PLANE('NONE',#5702);
#5704=FACE_SURFACE('NONE',(#5699),#5703,.T.);
#5705=POLY_LOOP('NONE',(#586,#585,#1241,#1240));
#5706=FACE_OUTER_BOUND('NONE',#5705,.T.);
#5707=DIRECTION('NONE',(-0.888807,0.458283,0));
#5708=DIRECTION('NONE',(0.458283,0.888807,0));
#5709=AXIS2_PLACEMENT_3D('NONE',#586,#5707,#5708);
#5710=PLANE('NONE',#5709);
#5711=FACE_SURFACE('NONE',(#5706),#5710,.T.);
#5712=POLY_LOOP('NONE',(#691,#1414,#1413,#692));
#5713=FACE_OUTER_BOUND('NONE',#5712,.T.);
#5714=DIRECTION('NONE',(-0.93225,0.361816,0));
#5715=DIRECTION('NONE',(0,0,-1));
#5716=AXIS2_PLACEMENT_3D('NONE',#691,#5714,#5715);
#5717=PLANE('NONE',#5716);
#5718=FACE_SURFACE('NONE',(#5713),#5717,.T.);
#5719=POLY_LOOP('NONE',(#1428,#1427,#678,#677));
#5720=FACE_OUTER_BOUND('NONE',#5719,.T.);
#5721=DIRECTION('NONE',(-0.950096,-0.311957,0));
#5722=DIRECTION('NONE',(0.311957,-0.950096,0));
#5723=AXIS2_PLACEMENT_3D('NONE',#1428,#5721,#5722);
#5724=PLANE('NONE',#5723);
#5725=FACE_SURFACE('NONE',(#5720),#5724,.T.);
#5726=POLY_LOOP('NONE',(#1426,#679,#678,#1427));
#5727=FACE_OUTER_BOUND('NONE',#5726,.T.);
#5728=DIRECTION('NONE',(-0.964113,-0.265493,0));
#5729=DIRECTION('NONE',(0,0,1));
#5730=AXIS2_PLACEMENT_3D('NONE',#1426,#5728,#5729);
#5731=PLANE('NONE',#5730);
#5732=FACE_SURFACE('NONE',(#5727),#5731,.T.);
#5733=POLY_LOOP('NONE',(#1424,#1423,#682,#681));
#5734=FACE_OUTER_BOUND('NONE',#5733,.T.);
#5735=DIRECTION('NONE',(-0.992063,-0.12574,0));
#5736=DIRECTION('NONE',(0.12574,-0.992063,0));
#5737=AXIS2_PLACEMENT_3D('NONE',#1424,#5735,#5736);
#5738=PLANE('NONE',#5737);
#5739=FACE_SURFACE('NONE',(#5734),#5738,.T.);
#5740=POLY_LOOP('NONE',(#1422,#683,#682,#1423));
#5741=FACE_OUTER_BOUND('NONE',#5740,.T.);
#5742=DIRECTION('NONE',(-0.997528,-0.070264,0));
#5743=DIRECTION('NONE',(0,0,1));
#5744=AXIS2_PLACEMENT_3D('NONE',#1422,#5742,#5743);
#5745=PLANE('NONE',#5744);
#5746=FACE_SURFACE('NONE',(#5741),#5745,.T.);
#5747=POLY_LOOP('NONE',(#796,#795,#64,#63));
#5748=FACE_OUTER_BOUND('NONE',#5747,.T.);
#5749=DIRECTION('NONE',(-0.086099,-0.996287,0));
#5750=DIRECTION('NONE',(0.996287,-0.086099,0));
#5751=AXIS2_PLACEMENT_3D('NONE',#796,#5749,#5750);
#5752=PLANE('NONE',#5751);
#5753=FACE_SURFACE('NONE',(#5748),#5752,.T.);
#5754=POLY_LOOP('NONE',(#629,#628,#1349,#1348));
#5755=FACE_OUTER_BOUND('NONE',#5754,.T.);
#5756=DIRECTION('NONE',(0.918402,-0.395649,0));
#5757=DIRECTION('NONE',(-0.395649,-0.918402,0));
#5758=AXIS2_PLACEMENT_3D('NONE',#629,#5756,#5757);
#5759=PLANE('NONE',#5758);
#5760=FACE_SURFACE('NONE',(#5755),#5759,.T.);
#5761=POLY_LOOP('NONE',(#795,#794,#65,#64));
#5762=FACE_OUTER_BOUND('NONE',#5761,.T.);
#5763=DIRECTION('NONE',(-0.227644,-0.973745,0));
#5764=DIRECTION('NONE',(0.973745,-0.227644,0));
#5765=AXIS2_PLACEMENT_3D('NONE',#795,#5763,#5764);
#5766=PLANE('NONE',#5765);
#5767=FACE_SURFACE('NONE',(#5762),#5766,.T.);
#5768=POLY_LOOP('NONE',(#794,#793,#66,#65));
#5769=FACE_OUTER_BOUND('NONE',#5768,.T.);
#5770=DIRECTION('NONE',(-0.395446,-0.918489,0));
#5771=DIRECTION('NONE',(0.918489,-0.395446,0));
#5772=AXIS2_PLACEMENT_3D('NONE',#794,#5770,#5771);
#5773=PLANE('NONE',#5772);
#5774=FACE_SURFACE('NONE',(#5769),#5773,.T.);
#5775=POLY_LOOP('NONE',(#793,#792,#67,#66));
#5776=FACE_OUTER_BOUND('NONE',#5775,.T.);
#5777=DIRECTION('NONE',(-0.524103,-0.851655,0));
#5778=DIRECTION('NONE',(0.851655,-0.524103,0));
#5779=AXIS2_PLACEMENT_3D('NONE',#793,#5777,#5778);
#5780=PLANE('NONE',#5779);
#5781=FACE_SURFACE('NONE',(#5776),#5780,.T.);
#5782=POLY_LOOP('NONE',(#792,#791,#68,#67));
#5783=FACE_OUTER_BOUND('NONE',#5782,.T.);
#5784=DIRECTION('NONE',(-0.646516,-0.762901,0));
#5785=DIRECTION('NONE',(0.762901,-0.646516,0));
#5786=AXIS2_PLACEMENT_3D('NONE',#792,#5784,#5785);
#5787=PLANE('NONE',#5786);
#5788=FACE_SURFACE('NONE',(#5783),#5787,.T.);
#5789=POLY_LOOP('NONE',(#490,#1196,#1195,#491));
#5790=FACE_OUTER_BOUND('NONE',#5789,.T.);
#5791=DIRECTION('NONE',(0.786326,0.617812,0));
#5792=DIRECTION('NONE',(0,0,-1));
#5793=AXIS2_PLACEMENT_3D('NONE',#490,#5791,#5792);
#5794=PLANE('NONE',#5793);
#5795=FACE_SURFACE('NONE',(#5790),#5794,.T.);
#5796=POLY_LOOP('NONE',(#342,#973,#972,#343));
#5797=FACE_OUTER_BOUND('NONE',#5796,.T.);
#5798=DIRECTION('NONE',(0.997532,-0.070211,0));
#5799=DIRECTION('NONE',(0,0,-1));
#5800=AXIS2_PLACEMENT_3D('NONE',#342,#5798,#5799);
#5801=PLANE('NONE',#5800);
#5802=FACE_SURFACE('NONE',(#5797),#5801,.T.);
#5803=POLY_LOOP('NONE',(#1194,#364,#491,#1195));
#5804=FACE_OUTER_BOUND('NONE',#5803,.T.);
#5805=DIRECTION('NONE',(0.816587,0.577223,0));
#5806=DIRECTION('NONE',(0,0,1));
#5807=AXIS2_PLACEMENT_3D('NONE',#1194,#5805,#5806);
#5808=PLANE('NONE',#5807);
#5809=FACE_SURFACE('NONE',(#5804),#5808,.T.);
#5810=POLY_LOOP('NONE',(#602,#601,#1225,#1224));
#5811=FACE_OUTER_BOUND('NONE',#5810,.T.);
#5812=DIRECTION('NONE',(-0.307809,0.951448,0));
#5813=DIRECTION('NONE',(0.951448,0.307809,0));
#5814=AXIS2_PLACEMENT_3D('NONE',#602,#5812,#5813);
#5815=PLANE('NONE',#5814);
#5816=FACE_SURFACE('NONE',(#5811),#5815,.T.);
#5817=POLY_LOOP('NONE',(#1001,#1000,#315,#314));
#5818=FACE_OUTER_BOUND('NONE',#5817,.T.);
#5819=DIRECTION('NONE',(0.265493,0.964113,0));
#5820=DIRECTION('NONE',(-0.964113,0.265493,0));
#5821=AXIS2_PLACEMENT_3D('NONE',#1001,#5819,#5820);
#5822=PLANE('NONE',#5821);
#5823=FACE_SURFACE('NONE',(#5818),#5822,.T.);
#5824=POLY_LOOP('NONE',(#999,#316,#315,#1000));
#5825=FACE_OUTER_BOUND('NONE',#5824,.T.);
#5826=DIRECTION('NONE',(0.307809,0.951448,0));
#5827=DIRECTION('NONE',(0,0,1));
#5828=AXIS2_PLACEMENT_3D('NONE',#999,#5826,#5827);
#5829=PLANE('NONE',#5828);
#5830=FACE_SURFACE('NONE',(#5825),#5829,.T.);
#5831=POLY_LOOP('NONE',(#1239,#1238,#588,#587));
#5832=FACE_OUTER_BOUND('NONE',#5831,.T.);
#5833=DIRECTION('NONE',(-0.844851,0.535001,0));
#5834=DIRECTION('NONE',(-0.535001,-0.844851,0));
#5835=AXIS2_PLACEMENT_3D('NONE',#1239,#5833,#5834);
#5836=PLANE('NONE',#5835);
#5837=FACE_SURFACE('NONE',(#5832),#5836,.T.);
#5838=POLY_LOOP('NONE',(#999,#998,#317,#316));
#5839=FACE_OUTER_BOUND('NONE',#5838,.T.);
#5840=DIRECTION('NONE',(0.366546,0.9304,0));
#5841=DIRECTION('NONE',(-0.9304,0.366546,0));
#5842=AXIS2_PLACEMENT_3D('NONE',#999,#5840,#5841);
#5843=PLANE('NONE',#5842);
#5844=FACE_SURFACE('NONE',(#5839),#5843,.T.);
#5845=POLY_LOOP('NONE',(#1237,#589,#588,#1238));
#5846=FACE_OUTER_BOUND('NONE',#5845,.T.);
#5847=DIRECTION('NONE',(-0.816569,0.577248,0));
#5848=DIRECTION('NONE',(0,0,1));
#5849=AXIS2_PLACEMENT_3D('NONE',#1237,#5847,#5848);
#5850=PLANE('NONE',#5849);
#5851=FACE_SURFACE('NONE',(#5846),#5850,.T.);
#5852=POLY_LOOP('NONE',(#1007,#1006,#309,#308));
#5853=FACE_OUTER_BOUND('NONE',#5852,.T.);
#5854=DIRECTION('NONE',(-0.01388,0.999904,0));
#5855=DIRECTION('NONE',(-0.999904,-0.01388,0));
#5856=AXIS2_PLACEMENT_3D('NONE',#1007,#5854,#5855);
#5857=PLANE('NONE',#5856);
#5858=FACE_SURFACE('NONE',(#5853),#5857,.T.);
#5859=POLY_LOOP('NONE',(#1013,#1012,#303,#302));
#5860=FACE_OUTER_BOUND('NONE',#5859,.T.);
#5861=DIRECTION('NONE',(-0.307809,0.951448,0));
#5862=DIRECTION('NONE',(-0.951448,-0.307809,0));
#5863=AXIS2_PLACEMENT_3D('NONE',#1013,#5861,#5862);
#5864=PLANE('NONE',#5863);
#5865=FACE_SURFACE('NONE',(#5860),#5864,.T.);
#5866=POLY_LOOP('NONE',(#1011,#304,#303,#1012));
#5867=FACE_OUTER_BOUND('NONE',#5866,.T.);
#5868=DIRECTION('NONE',(-0.265493,0.964113,0));
#5869=DIRECTION('NONE',(0,0,1));
#5870=AXIS2_PLACEMENT_3D('NONE',#1011,#5868,#5869);
#5871=PLANE('NONE',#5870);
#5872=FACE_SURFACE('NONE',(#5867),#5871,.T.);
#5873=POLY_LOOP('NONE',(#592,#1234,#1233,#593));
#5874=FACE_OUTER_BOUND('NONE',#5873,.T.);
#5875=DIRECTION('NONE',(-0.685814,0.727777,0));
#5876=DIRECTION('NONE',(0,0,-1));
#5877=AXIS2_PLACEMENT_3D('NONE',#592,#5875,#5876);
#5878=PLANE('NONE',#5877);
#5879=FACE_SURFACE('NONE',(#5874),#5878,.T.);
#5880=POLY_LOOP('NONE',(#1010,#305,#304,#1011));
#5881=FACE_OUTER_BOUND('NONE',#5880,.T.);
#5882=DIRECTION('NONE',(-0.225874,0.974156,0));
#5883=DIRECTION('NONE',(0,0,1));
#5884=AXIS2_PLACEMENT_3D('NONE',#1010,#5882,#5883);
#5885=PLANE('NONE',#5884);
#5886=FACE_SURFACE('NONE',(#5881),#5885,.T.);
#5887=POLY_LOOP('NONE',(#1010,#1009,#306,#305));
#5888=FACE_OUTER_BOUND('NONE',#5887,.T.);
#5889=DIRECTION('NONE',(-0.168979,0.98562,0));
#5890=DIRECTION('NONE',(-0.98562,-0.168979,0));
#5891=AXIS2_PLACEMENT_3D('NONE',#1010,#5889,#5890);
#5892=PLANE('NONE',#5891);
#5893=FACE_SURFACE('NONE',(#5888),#5892,.T.);
#5894=POLY_LOOP('NONE',(#1342,#635,#634,#1343));
#5895=FACE_OUTER_BOUND('NONE',#5894,.T.);
#5896=DIRECTION('NONE',(0.761265,-0.648441,0));
#5897=DIRECTION('NONE',(0,0,1));
#5898=AXIS2_PLACEMENT_3D('NONE',#1342,#5896,#5897);
#5899=PLANE('NONE',#5898);
#5900=FACE_SURFACE('NONE',(#5895),#5899,.T.);
#5901=POLY_LOOP('NONE',(#1009,#1008,#307,#306));
#5902=FACE_OUTER_BOUND('NONE',#5901,.T.);
#5903=DIRECTION('NONE',(-0.12574,0.992063,0));
#5904=DIRECTION('NONE',(-0.992063,-0.12574,0));
#5905=AXIS2_PLACEMENT_3D('NONE',#1009,#5903,#5904);
#5906=PLANE('NONE',#5905);
#5907=FACE_SURFACE('NONE',(#5902),#5906,.T.);
#5908=POLY_LOOP('NONE',(#1007,#308,#307,#1008));
#5909=FACE_OUTER_BOUND('NONE',#5908,.T.);
#5910=DIRECTION('NONE',(-0.070264,0.997528,0));
#5911=DIRECTION('NONE',(0,0,1));
#5912=AXIS2_PLACEMENT_3D('NONE',#1007,#5910,#5911);
#5913=PLANE('NONE',#5912);
#5914=FACE_SURFACE('NONE',(#5909),#5913,.T.);
#5915=POLY_LOOP('NONE',(#791,#790,#69,#68));
#5916=FACE_OUTER_BOUND('NONE',#5915,.T.);
#5917=DIRECTION('NONE',(-0.762911,-0.646504,0));
#5918=DIRECTION('NONE',(0.646504,-0.762911,0));
#5919=AXIS2_PLACEMENT_3D('NONE',#791,#5917,#5918);
#5920=PLANE('NONE',#5919);
#5921=FACE_SURFACE('NONE',(#5916),#5920,.T.);
#5922=POLY_LOOP('NONE',(#790,#789,#70,#69));
#5923=FACE_OUTER_BOUND('NONE',#5922,.T.);
#5924=DIRECTION('NONE',(-0.851648,-0.524114,0));
#5925=DIRECTION('NONE',(0.524114,-0.851648,0));
#5926=AXIS2_PLACEMENT_3D('NONE',#790,#5924,#5925);
#5927=PLANE('NONE',#5926);
#5928=FACE_SURFACE('NONE',(#5923),#5927,.T.);
#5929=POLY_LOOP('NONE',(#789,#788,#71,#70));
#5930=FACE_OUTER_BOUND('NONE',#5929,.T.);
#5931=DIRECTION('NONE',(-0.918488,-0.395449,0));
#5932=DIRECTION('NONE',(0.395449,-0.918488,0));
#5933=AXIS2_PLACEMENT_3D('NONE',#789,#5931,#5932);
#5934=PLANE('NONE',#5933);
#5935=FACE_SURFACE('NONE',(#5930),#5934,.T.);
#5936=POLY_LOOP('NONE',(#788,#787,#72,#71));
#5937=FACE_OUTER_BOUND('NONE',#5936,.T.);
#5938=DIRECTION('NONE',(-0.973749,-0.227626,0));
#5939=DIRECTION('NONE',(0.227626,-0.973749,0));
#5940=AXIS2_PLACEMENT_3D('NONE',#788,#5938,#5939);
#5941=PLANE('NONE',#5940);
#5942=FACE_SURFACE('NONE',(#5937),#5941,.T.);
#5943=POLY_LOOP('NONE',(#787,#786,#73,#72));
#5944=FACE_OUTER_BOUND('NONE',#5943,.T.);
#5945=DIRECTION('NONE',(-0.996286,-0.086101,0));
#5946=DIRECTION('NONE',(0.086101,-0.996286,0));
#5947=AXIS2_PLACEMENT_3D('NONE',#787,#5945,#5946);
#5948=PLANE('NONE',#5947);
#5949=FACE_SURFACE('NONE',(#5944),#5948,.T.);
#5950=POLY_LOOP('NONE',(#796,#63,#62,#797));
#5951=FACE_OUTER_BOUND('NONE',#5950,.T.);
#5952=DIRECTION('NONE',(0,-1,0));
#5953=DIRECTION('NONE',(0,0,1));
#5954=AXIS2_PLACEMENT_3D('NONE',#796,#5952,#5953);
#5955=PLANE('NONE',#5954);
#5956=FACE_SURFACE('NONE',(#5951),#5955,.T.);
#5957=POLY_LOOP('NONE',(#130,#129,#820,#819));
#5958=FACE_OUTER_BOUND('NONE',#5957,.T.);
#5959=DIRECTION('NONE',(0.086099,0.996287,0));
#5960=DIRECTION('NONE',(0.996287,-0.086099,0));
#5961=AXIS2_PLACEMENT_3D('NONE',#130,#5959,#5960);
#5962=PLANE('NONE',#5961);
#5963=FACE_SURFACE('NONE',(#5958),#5962,.T.);
#5964=POLY_LOOP('NONE',(#328,#987,#986,#329));
#5965=FACE_OUTER_BOUND('NONE',#5964,.T.);
#5966=DIRECTION('NONE',(0.816587,0.577223,0));
#5967=DIRECTION('NONE',(0,0,-1));
#5968=AXIS2_PLACEMENT_3D('NONE',#328,#5966,#5967);
#5969=PLANE('NONE',#5968);
#5970=FACE_SURFACE('NONE',(#5965),#5969,.T.);
#5971=POLY_LOOP('NONE',(#133,#132,#861,#860));
#5972=FACE_OUTER_BOUND('NONE',#5971,.T.);
#5973=DIRECTION('NONE',(0.524067,0.851677,0));
#5974=DIRECTION('NONE',(0.851677,-0.524067,0));
#5975=AXIS2_PLACEMENT_3D('NONE',#133,#5973,#5974);
#5976=PLANE('NONE',#5975);
#5977=FACE_SURFACE('NONE',(#5972),#5976,.T.);
#5978=POLY_LOOP('NONE',(#855,#854,#139,#138));
#5979=FACE_OUTER_BOUND('NONE',#5978,.T.);
#5980=DIRECTION('NONE',(0.996287,0.086097,0));
#5981=DIRECTION('NONE',(-0.086097,0.996287,0));
#5982=AXIS2_PLACEMENT_3D('NONE',#855,#5980,#5981);
#5983=PLANE('NONE',#5982);
#5984=FACE_SURFACE('NONE',(#5979),#5983,.T.);
#5985=POLY_LOOP('NONE',(#819,#818,#131,#130));
#5986=FACE_OUTER_BOUND('NONE',#5985,.T.);
#5987=DIRECTION('NONE',(0.227603,0.973754,0));
#5988=DIRECTION('NONE',(-0.973754,0.227603,0));
#5989=AXIS2_PLACEMENT_3D('NONE',#819,#5987,#5988);
#5990=PLANE('NONE',#5989);
#5991=FACE_SURFACE('NONE',(#5986),#5990,.T.);
#5992=POLY_LOOP('NONE',(#818,#861,#132,#131));
#5993=FACE_OUTER_BOUND('NONE',#5992,.T.);
#5994=DIRECTION('NONE',(0.395478,0.918475,0));
#5995=DIRECTION('NONE',(-0.918475,0.395478,0));
#5996=AXIS2_PLACEMENT_3D('NONE',#818,#5994,#5995);
#5997=PLANE('NONE',#5996);
#5998=FACE_SURFACE('NONE',(#5993),#5997,.T.);
#5999=POLY_LOOP('NONE',(#857,#856,#137,#136));
#6000=FACE_OUTER_BOUND('NONE',#5999,.T.);
#6001=DIRECTION('NONE',(0.918488,0.395449,0));
#6002=DIRECTION('NONE',(-0.395449,0.918488,0));
#6003=AXIS2_PLACEMENT_3D('NONE',#857,#6001,#6002);
#6004=PLANE('NONE',#6003);
#6005=FACE_SURFACE('NONE',(#6000),#6004,.T.);
#6006=POLY_LOOP('NONE',(#855,#138,#137,#856));
#6007=FACE_OUTER_BOUND('NONE',#6006,.T.);
#6008=DIRECTION('NONE',(0.973743,0.227649,0));
#6009=DIRECTION('NONE',(0,0,1));
#6010=AXIS2_PLACEMENT_3D('NONE',#855,#6008,#6009);
#6011=PLANE('NONE',#6010);
#6012=FACE_SURFACE('NONE',(#6007),#6011,.T.);
#6013=POLY_LOOP('NONE',(#140,#139,#854,#853));
#6014=FACE_OUTER_BOUND('NONE',#6013,.T.);
#6015=DIRECTION('NONE',(1,0,0));
#6016=DIRECTION('NONE',(0,-1,0));
#6017=AXIS2_PLACEMENT_3D('NONE',#140,#6015,#6016);
#6018=PLANE('NONE',#6017);
#6019=FACE_SURFACE('NONE',(#6014),#6018,.T.);
#6020=POLY_LOOP('NONE',(#860,#859,#134,#133));
#6021=FACE_OUTER_BOUND('NONE',#6020,.T.);
#6022=DIRECTION('NONE',(0.646545,0.762876,0));
#6023=DIRECTION('NONE',(-0.762876,0.646545,0));
#6024=AXIS2_PLACEMENT_3D('NONE',#860,#6022,#6023);
#6025=PLANE('NONE',#6024);
#6026=FACE_SURFACE('NONE',(#6021),#6025,.T.);
#6027=POLY_LOOP('NONE',(#859,#858,#135,#134));
#6028=FACE_OUTER_BOUND('NONE',#6027,.T.);
#6029=DIRECTION('NONE',(0.76289,0.646528,0));
#6030=DIRECTION('NONE',(-0.646528,0.76289,0));
#6031=AXIS2_PLACEMENT_3D('NONE',#859,#6029,#6030);
#6032=PLANE('NONE',#6031);
#6033=FACE_SURFACE('NONE',(#6028),#6032,.T.);
#6034=POLY_LOOP('NONE',(#857,#136,#135,#858));
#6035=FACE_OUTER_BOUND('NONE',#6034,.T.);
#6036=DIRECTION('NONE',(0.851659,0.524096,0));
#6037=DIRECTION('NONE',(0,0,1));
#6038=AXIS2_PLACEMENT_3D('NONE',#857,#6036,#6037);
#6039=PLANE('NONE',#6038);
#6040=FACE_SURFACE('NONE',(#6035),#6039,.T.);
#6041=POLY_LOOP('NONE',(#821,#820,#129,#128));
#6042=FACE_OUTER_BOUND('NONE',#6041,.T.);
#6043=DIRECTION('NONE',(0,1,0));
#6044=DIRECTION('NONE',(-1,0,0));
#6045=AXIS2_PLACEMENT_3D('NONE',#821,#6043,#6044);
#6046=PLANE('NONE',#6045);
#6047=FACE_SURFACE('NONE',(#6042),#6046,.T.);
#6048=POLY_LOOP('NONE',(#76,#75,#784,#783));
#6049=FACE_OUTER_BOUND('NONE',#6048,.T.);
#6050=DIRECTION('NONE',(-0.973749,0.227626,0));
#6051=DIRECTION('NONE',(0.227626,0.973749,0));
#6052=AXIS2_PLACEMENT_3D('NONE',#76,#6050,#6051);
#6053=PLANE('NONE',#6052);
#6054=FACE_SURFACE('NONE',(#6049),#6053,.T.);
#6055=POLY_LOOP('NONE',(#783,#782,#77,#76));
#6056=FACE_OUTER_BOUND('NONE',#6055,.T.);
#6057=DIRECTION('NONE',(-0.918488,0.395449,0));
#6058=DIRECTION('NONE',(-0.395449,-0.918488,0));
#6059=AXIS2_PLACEMENT_3D('NONE',#783,#6057,#6058);
#6060=PLANE('NONE',#6059);
#6061=FACE_SURFACE('NONE',(#6056),#6060,.T.);
#6062=POLY_LOOP('NONE',(#782,#781,#78,#77));
#6063=FACE_OUTER_BOUND('NONE',#6062,.T.);
#6064=DIRECTION('NONE',(-0.851648,0.524114,0));
#6065=DIRECTION('NONE',(-0.524114,-0.851648,0));
#6066=AXIS2_PLACEMENT_3D('NONE',#782,#6064,#6065);
#6067=PLANE('NONE',#6066);
#6068=FACE_SURFACE('NONE',(#6063),#6067,.T.);
#6069=POLY_LOOP('NONE',(#781,#780,#79,#78));
#6070=FACE_OUTER_BOUND('NONE',#6069,.T.);
#6071=DIRECTION('NONE',(-0.76289,0.646528,0));
#6072=DIRECTION('NONE',(-0.646528,-0.76289,0));
#6073=AXIS2_PLACEMENT_3D('NONE',#781,#6071,#6072);
#6074=PLANE('NONE',#6073);
#6075=FACE_SURFACE('NONE',(#6070),#6074,.T.);
#6076=POLY_LOOP('NONE',(#75,#74,#785,#784));
#6077=FACE_OUTER_BOUND('NONE',#6076,.T.);
#6078=DIRECTION('NONE',(-0.996287,0.086097,0));
#6079=DIRECTION('NONE',(0.086097,0.996287,0));
#6080=AXIS2_PLACEMENT_3D('NONE',#75,#6078,#6079);
#6081=PLANE('NONE',#6080);
#6082=FACE_SURFACE('NONE',(#6077),#6081,.T.);
#6083=POLY_LOOP('NONE',(#365,#364,#1194,#1193));
#6084=FACE_OUTER_BOUND('NONE',#6083,.T.);
#6085=DIRECTION('NONE',(0.844821,0.53505,0));
#6086=DIRECTION('NONE',(0.53505,-0.844821,0));
#6087=AXIS2_PLACEMENT_3D('NONE',#365,#6085,#6086);
#6088=PLANE('NONE',#6087);
#6089=FACE_SURFACE('NONE',(#6084),#6088,.T.);
#6090=POLY_LOOP('NONE',(#1231,#595,#594,#1232));
#6091=FACE_OUTER_BOUND('NONE',#6090,.T.);
#6092=DIRECTION('NONE',(-0.617812,0.786326,0));
#6093=DIRECTION('NONE',(0,0,1));
#6094=AXIS2_PLACEMENT_3D('NONE',#1231,#6092,#6093);
#6095=PLANE('NONE',#6094);
#6096=FACE_SURFACE('NONE',(#6091),#6095,.T.);
#6097=POLY_LOOP('NONE',(#1192,#366,#365,#1193));
#6098=FACE_OUTER_BOUND('NONE',#6097,.T.);
#6099=DIRECTION('NONE',(0.870826,0.491591,0));
#6100=DIRECTION('NONE',(0,0,1));
#6101=AXIS2_PLACEMENT_3D('NONE',#1192,#6099,#6100);
#6102=PLANE('NONE',#6101);
#6103=FACE_SURFACE('NONE',(#6098),#6102,.T.);
#6104=POLY_LOOP('NONE',(#786,#785,#74,#73));
#6105=FACE_OUTER_BOUND('NONE',#6104,.T.);
#6106=DIRECTION('NONE',(-1,0,0));
#6107=DIRECTION('NONE',(0,-1,0));
#6108=AXIS2_PLACEMENT_3D('NONE',#786,#6106,#6107);
#6109=PLANE('NONE',#6108);
#6110=FACE_SURFACE('NONE',(#6105),#6109,.T.);
#6111=POLY_LOOP('NONE',(#366,#1192,#1191,#367));
#6112=FACE_OUTER_BOUND('NONE',#6111,.T.);
#6113=DIRECTION('NONE',(0.888795,0.458304,0));
#6114=DIRECTION('NONE',(0,0,-1));
#6115=AXIS2_PLACEMENT_3D('NONE',#366,#6113,#6114);
#6116=PLANE('NONE',#6115);
#6117=FACE_SURFACE('NONE',(#6112),#6116,.T.);
#6118=POLY_LOOP('NONE',(#780,#779,#80,#79));
#6119=FACE_OUTER_BOUND('NONE',#6118,.T.);
#6120=DIRECTION('NONE',(-0.646545,0.762876,0));
#6121=DIRECTION('NONE',(-0.762876,-0.646545,0));
#6122=AXIS2_PLACEMENT_3D('NONE',#780,#6120,#6121);
#6123=PLANE('NONE',#6122);
#6124=FACE_SURFACE('NONE',(#6119),#6123,.T.);
#6125=POLY_LOOP('NONE',(#779,#778,#81,#80));
#6126=FACE_OUTER_BOUND('NONE',#6125,.T.);
#6127=DIRECTION('NONE',(-0.524067,0.851677,0));
#6128=DIRECTION('NONE',(-0.851677,-0.524067,0));
#6129=AXIS2_PLACEMENT_3D('NONE',#779,#6127,#6128);
#6130=PLANE('NONE',#6129);
#6131=FACE_SURFACE('NONE',(#6126),#6130,.T.);
#6132=POLY_LOOP('NONE',(#778,#777,#82,#81));
#6133=FACE_OUTER_BOUND('NONE',#6132,.T.);
#6134=DIRECTION('NONE',(-0.395487,0.918472,0));
#6135=DIRECTION('NONE',(-0.918472,-0.395487,0));
#6136=AXIS2_PLACEMENT_3D('NONE',#778,#6134,#6135);
#6137=PLANE('NONE',#6136);
#6138=FACE_SURFACE('NONE',(#6133),#6137,.T.);
#6139=POLY_LOOP('NONE',(#777,#776,#83,#82));
#6140=FACE_OUTER_BOUND('NONE',#6139,.T.);
#6141=DIRECTION('NONE',(-0.227598,0.973755,0));
#6142=DIRECTION('NONE',(-0.973755,-0.227598,0));
#6143=AXIS2_PLACEMENT_3D('NONE',#777,#6141,#6142);
#6144=PLANE('NONE',#6143);
#6145=FACE_SURFACE('NONE',(#6140),#6144,.T.);
#6146=POLY_LOOP('NONE',(#371,#370,#1188,#1187));
#6147=FACE_OUTER_BOUND('NONE',#6146,.T.);
#6148=DIRECTION('NONE',(0.964113,0.265493,0));
#6149=DIRECTION('NONE',(0.265493,-0.964113,0));
#6150=AXIS2_PLACEMENT_3D('NONE',#371,#6148,#6149);
#6151=PLANE('NONE',#6150);
#6152=FACE_SURFACE('NONE',(#6147),#6151,.T.);
#6153=POLY_LOOP('NONE',(#776,#775,#84,#83));
#6154=FACE_OUTER_BOUND('NONE',#6153,.T.);
#6155=DIRECTION('NONE',(-0.086099,0.996287,0));
#6156=DIRECTION('NONE',(-0.996287,-0.086099,0));
#6157=AXIS2_PLACEMENT_3D('NONE',#776,#6155,#6156);
#6158=PLANE('NONE',#6157);
#6159=FACE_SURFACE('NONE',(#6154),#6158,.T.);
#6160=POLY_LOOP('NONE',(#371,#1187,#1186,#372));
#6161=FACE_OUTER_BOUND('NONE',#6160,.T.);
#6162=DIRECTION('NONE',(0.974862,0.22281,0));
#6163=DIRECTION('NONE',(0,0,-1));
#6164=AXIS2_PLACEMENT_3D('NONE',#371,#6162,#6163);
#6165=PLANE('NONE',#6164);
#6166=FACE_SURFACE('NONE',(#6161),#6165,.T.);
#6167=POLY_LOOP('NONE',(#806,#805,#98,#97));
#6168=FACE_OUTER_BOUND('NONE',#6167,.T.);
#6169=DIRECTION('NONE',(0.973747,-0.227632,0));
#6170=DIRECTION('NONE',(0.227632,0.973747,0));
#6171=AXIS2_PLACEMENT_3D('NONE',#806,#6169,#6170);
#6172=PLANE('NONE',#6171);
#6173=FACE_SURFACE('NONE',(#6168),#6172,.T.);
#6174=POLY_LOOP('NONE',(#805,#804,#99,#98));
#6175=FACE_OUTER_BOUND('NONE',#6174,.T.);
#6176=DIRECTION('NONE',(0.918489,-0.395446,0));
#6177=DIRECTION('NONE',(0.395446,0.918489,0));
#6178=AXIS2_PLACEMENT_3D('NONE',#805,#6176,#6177);
#6179=PLANE('NONE',#6178);
#6180=FACE_SURFACE('NONE',(#6175),#6179,.T.);
#6181=POLY_LOOP('NONE',(#804,#803,#100,#99));
#6182=FACE_OUTER_BOUND('NONE',#6181,.T.);
#6183=DIRECTION('NONE',(0.851654,-0.524105,0));
#6184=DIRECTION('NONE',(0.524105,0.851654,0));
#6185=AXIS2_PLACEMENT_3D('NONE',#804,#6183,#6184);
#6186=PLANE('NONE',#6185);
#6187=FACE_SURFACE('NONE',(#6182),#6186,.T.);
#6188=POLY_LOOP('NONE',(#803,#802,#101,#100));
#6189=FACE_OUTER_BOUND('NONE',#6188,.T.);
#6190=DIRECTION('NONE',(0.762906,-0.646509,0));
#6191=DIRECTION('NONE',(0.646509,0.762906,0));
#6192=AXIS2_PLACEMENT_3D('NONE',#803,#6190,#6191);
#6193=PLANE('NONE',#6192);
#6194=FACE_SURFACE('NONE',(#6189),#6193,.T.);
#6195=POLY_LOOP('NONE',(#802,#801,#102,#101));
#6196=FACE_OUTER_BOUND('NONE',#6195,.T.);
#6197=DIRECTION('NONE',(0.646516,-0.762901,0));
#6198=DIRECTION('NONE',(0.762901,0.646516,0));
#6199=AXIS2_PLACEMENT_3D('NONE',#802,#6197,#6198);
#6200=PLANE('NONE',#6199);
#6201=FACE_SURFACE('NONE',(#6196),#6200,.T.);
#6202=POLY_LOOP('NONE',(#801,#800,#103,#102));
#6203=FACE_OUTER_BOUND('NONE',#6202,.T.);
#6204=DIRECTION('NONE',(0.524106,-0.851653,0));
#6205=DIRECTION('NONE',(0.851653,0.524106,0));
#6206=AXIS2_PLACEMENT_3D('NONE',#801,#6204,#6205);
#6207=PLANE('NONE',#6206);
#6208=FACE_SURFACE('NONE',(#6203),#6207,.T.);
#6209=POLY_LOOP('NONE',(#800,#799,#60,#103));
#6210=FACE_OUTER_BOUND('NONE',#6209,.T.);
#6211=DIRECTION('NONE',(0.395439,-0.918492,0));
#6212=DIRECTION('NONE',(0.918492,0.395439,0));
#6213=AXIS2_PLACEMENT_3D('NONE',#800,#6211,#6212);
#6214=PLANE('NONE',#6213);
#6215=FACE_SURFACE('NONE',(#6210),#6214,.T.);
#6216=POLY_LOOP('NONE',(#799,#798,#61,#60));
#6217=FACE_OUTER_BOUND('NONE',#6216,.T.);
#6218=DIRECTION('NONE',(0.227648,-0.973743,0));
#6219=DIRECTION('NONE',(0.973743,0.227648,0));
#6220=AXIS2_PLACEMENT_3D('NONE',#799,#6218,#6219);
#6221=PLANE('NONE',#6220);
#6222=FACE_SURFACE('NONE',(#6217),#6221,.T.);
#6223=POLY_LOOP('NONE',(#798,#797,#62,#61));
#6224=FACE_OUTER_BOUND('NONE',#6223,.T.);
#6225=DIRECTION('NONE',(0.086098,-0.996287,0));
#6226=DIRECTION('NONE',(0.996287,0.086098,0));
#6227=AXIS2_PLACEMENT_3D('NONE',#798,#6225,#6226);
#6228=PLANE('NONE',#6227);
#6229=FACE_SURFACE('NONE',(#6224),#6228,.T.);
#6230=POLY_LOOP('NONE',(#1174,#384,#383,#1175));
#6231=FACE_OUTER_BOUND('NONE',#6230,.T.);
#6232=DIRECTION('NONE',(0.932263,-0.36178,0));
#6233=DIRECTION('NONE',(0,0,1));
#6234=AXIS2_PLACEMENT_3D('NONE',#1174,#6232,#6233);
#6235=PLANE('NONE',#6234);
#6236=FACE_SURFACE('NONE',(#6231),#6235,.T.);
#6237=POLY_LOOP('NONE',(#385,#384,#1174,#1173));
#6238=FACE_OUTER_BOUND('NONE',#6237,.T.);
#6239=DIRECTION('NONE',(0.91841,-0.395629,0));
#6240=DIRECTION('NONE',(-0.395629,-0.91841,0));
#6241=AXIS2_PLACEMENT_3D('NONE',#385,#6239,#6240);
#6242=PLANE('NONE',#6241);
#6243=FACE_SURFACE('NONE',(#6238),#6242,.T.);
#6244=POLY_LOOP('NONE',(#1172,#386,#385,#1173));
#6245=FACE_OUTER_BOUND('NONE',#6244,.T.);
#6246=DIRECTION('NONE',(0.888807,-0.458283,0));
#6247=DIRECTION('NONE',(0,0,1));
#6248=AXIS2_PLACEMENT_3D('NONE',#1172,#6246,#6247);
#6249=PLANE('NONE',#6248);
#6250=FACE_SURFACE('NONE',(#6245),#6249,.T.);
#6251=POLY_LOOP('NONE',(#806,#97,#96,#807));
#6252=FACE_OUTER_BOUND('NONE',#6251,.T.);
#6253=DIRECTION('NONE',(0.996286,-0.086101,0));
#6254=DIRECTION('NONE',(0,0,1));
#6255=AXIS2_PLACEMENT_3D('NONE',#806,#6253,#6254);
#6256=PLANE('NONE',#6255);
#6257=FACE_SURFACE('NONE',(#6252),#6256,.T.);
#6258=POLY_LOOP('NONE',(#974,#341,#340,#975));
#6259=FACE_OUTER_BOUND('NONE',#6258,.T.);
#6260=DIRECTION('NONE',(0.999602,0.028196,0));
#6261=DIRECTION('NONE',(0,0,1));
#6262=AXIS2_PLACEMENT_3D('NONE',#974,#6260,#6261);
#6263=PLANE('NONE',#6262);
#6264=FACE_SURFACE('NONE',(#6259),#6263,.T.);
#6265=POLY_LOOP('NONE',(#342,#341,#974,#973));
#6266=FACE_OUTER_BOUND('NONE',#6265,.T.);
#6267=DIRECTION('NONE',(0.999602,-0.028196,0));
#6268=DIRECTION('NONE',(-0.028196,-0.999602,0));
#6269=AXIS2_PLACEMENT_3D('NONE',#342,#6267,#6268);
#6270=PLANE('NONE',#6269);
#6271=FACE_SURFACE('NONE',(#6266),#6270,.T.);
#6272=POLY_LOOP('NONE',(#1170,#1169,#389,#388));
#6273=FACE_OUTER_BOUND('NONE',#6272,.T.);
#6274=DIRECTION('NONE',(0.816569,-0.577248,0));
#6275=DIRECTION('NONE',(0.577248,0.816569,0));
#6276=AXIS2_PLACEMENT_3D('NONE',#1170,#6274,#6275);
#6277=PLANE('NONE',#6276);
#6278=FACE_SURFACE('NONE',(#6273),#6277,.T.);
#6279=POLY_LOOP('NONE',(#964,#351,#350,#965));
#6280=FACE_OUTER_BOUND('NONE',#6279,.T.);
#6281=DIRECTION('NONE',(0.888807,-0.458283,0));
#6282=DIRECTION('NONE',(0,0,1));
#6283=AXIS2_PLACEMENT_3D('NONE',#964,#6281,#6282);
#6284=PLANE('NONE',#6283);
#6285=FACE_SURFACE('NONE',(#6280),#6284,.T.);
#6286=POLY_LOOP('NONE',(#1168,#390,#389,#1169));
#6287=FACE_OUTER_BOUND('NONE',#6286,.T.);
#6288=DIRECTION('NONE',(0.786346,-0.617786,0));
#6289=DIRECTION('NONE',(0,0,1));
#6290=AXIS2_PLACEMENT_3D('NONE',#1168,#6288,#6289);
#6291=PLANE('NONE',#6290);
#6292=FACE_SURFACE('NONE',(#6287),#6291,.T.);
#6293=POLY_LOOP('NONE',(#903,#902,#154,#153));
#6294=FACE_OUTER_BOUND('NONE',#6293,.T.);
#6295=DIRECTION('NONE',(-0.086099,-0.996287,0));
#6296=DIRECTION('NONE',(0.996287,-0.086099,0));
#6297=AXIS2_PLACEMENT_3D('NONE',#903,#6295,#6296);
#6298=PLANE('NONE',#6297);
#6299=FACE_SURFACE('NONE',(#6294),#6298,.T.);
#6300=POLY_LOOP('NONE',(#390,#1168,#1167,#391));
#6301=FACE_OUTER_BOUND('NONE',#6300,.T.);
#6302=DIRECTION('NONE',(0.761216,-0.648499,0));
#6303=DIRECTION('NONE',(0,0,-1));
#6304=AXIS2_PLACEMENT_3D('NONE',#390,#6302,#6303);
#6305=PLANE('NONE',#6304);
#6306=FACE_SURFACE('NONE',(#6301),#6305,.T.);
#6307=POLY_LOOP('NONE',(#978,#337,#336,#979));
#6308=FACE_OUTER_BOUND('NONE',#6307,.T.);
#6309=DIRECTION('NONE',(0.97485,0.222861,0));
#6310=DIRECTION('NONE',(0,0,1));
#6311=AXIS2_PLACEMENT_3D('NONE',#978,#6309,#6310);
#6312=PLANE('NONE',#6311);
#6313=FACE_SURFACE('NONE',(#6308),#6312,.T.);
#6314=POLY_LOOP('NONE',(#977,#338,#337,#978));
#6315=FACE_OUTER_BOUND('NONE',#6314,.T.);
#6316=DIRECTION('NONE',(0.985629,0.168927,0));
#6317=DIRECTION('NONE',(0,0,1));
#6318=AXIS2_PLACEMENT_3D('NONE',#977,#6316,#6317);
#6319=PLANE('NONE',#6318);
#6320=FACE_SURFACE('NONE',(#6315),#6319,.T.);
#6321=POLY_LOOP('NONE',(#902,#901,#155,#154));
#6322=FACE_OUTER_BOUND('NONE',#6321,.T.);
#6323=DIRECTION('NONE',(-0.227648,-0.973744,0));
#6324=DIRECTION('NONE',(0.973744,-0.227648,0));
#6325=AXIS2_PLACEMENT_3D('NONE',#902,#6323,#6324);
#6326=PLANE('NONE',#6325);
#6327=FACE_SURFACE('NONE',(#6322),#6326,.T.);
#6328=POLY_LOOP('NONE',(#339,#338,#977,#976));
#6329=FACE_OUTER_BOUND('NONE',#6328,.T.);
#6330=DIRECTION('NONE',(0.992057,0.125793,0));
#6331=DIRECTION('NONE',(0.125793,-0.992057,0));
#6332=AXIS2_PLACEMENT_3D('NONE',#339,#6330,#6331);
#6333=PLANE('NONE',#6332);
#6334=FACE_SURFACE('NONE',(#6329),#6333,.T.);
#6335=POLY_LOOP('NONE',(#901,#900,#156,#155));
#6336=FACE_OUTER_BOUND('NONE',#6335,.T.);
#6337=DIRECTION('NONE',(-0.395439,-0.918492,0));
#6338=DIRECTION('NONE',(0.918492,-0.395439,0));
#6339=AXIS2_PLACEMENT_3D('NONE',#901,#6337,#6338);
#6340=PLANE('NONE',#6339);
#6341=FACE_SURFACE('NONE',(#6336),#6340,.T.);
#6342=POLY_LOOP('NONE',(#975,#340,#339,#976));
#6343=FACE_OUTER_BOUND('NONE',#6342,.T.);
#6344=DIRECTION('NONE',(0.997532,0.070207,0));
#6345=DIRECTION('NONE',(0,0,1));
#6346=AXIS2_PLACEMENT_3D('NONE',#975,#6344,#6345);
#6347=PLANE('NONE',#6346);
#6348=FACE_SURFACE('NONE',(#6343),#6347,.T.);
#6349=POLY_LOOP('NONE',(#1165,#1164,#394,#393));
#6350=FACE_OUTER_BOUND('NONE',#6349,.T.);
#6351=DIRECTION('NONE',(0.656552,-0.754281,0));
#6352=DIRECTION('NONE',(0.754281,0.656552,0));
#6353=AXIS2_PLACEMENT_3D('NONE',#1165,#6351,#6352);
#6354=PLANE('NONE',#6353);
#6355=FACE_SURFACE('NONE',(#6350),#6354,.T.);
#6356=POLY_LOOP('NONE',(#900,#899,#157,#156));
#6357=FACE_OUTER_BOUND('NONE',#6356,.T.);
#6358=DIRECTION('NONE',(-0.524107,-0.851652,0));
#6359=DIRECTION('NONE',(0.851652,-0.524107,0));
#6360=AXIS2_PLACEMENT_3D('NONE',#900,#6358,#6359);
#6361=PLANE('NONE',#6360);
#6362=FACE_SURFACE('NONE',(#6357),#6361,.T.);
#6363=POLY_LOOP('NONE',(#899,#898,#158,#157));
#6364=FACE_OUTER_BOUND('NONE',#6363,.T.);
#6365=DIRECTION('NONE',(-0.646516,-0.762901,0));
#6366=DIRECTION('NONE',(0.762901,-0.646516,0));
#6367=AXIS2_PLACEMENT_3D('NONE',#899,#6365,#6366);
#6368=PLANE('NONE',#6367);
#6369=FACE_SURFACE('NONE',(#6364),#6368,.T.);
#6370=POLY_LOOP('NONE',(#1179,#379,#378,#1180));
#6371=FACE_OUTER_BOUND('NONE',#6370,.T.);
#6372=DIRECTION('NONE',(0.992064,-0.125734,0));
#6373=DIRECTION('NONE',(0,0,1));
#6374=AXIS2_PLACEMENT_3D('NONE',#1179,#6372,#6373);
#6375=PLANE('NONE',#6374);
#6376=FACE_SURFACE('NONE',(#6371),#6375,.T.);
#6377=POLY_LOOP('NONE',(#379,#1179,#1178,#380));
#6378=FACE_OUTER_BOUND('NONE',#6377,.T.);
#6379=DIRECTION('NONE',(0.98562,-0.168979,0));
#6380=DIRECTION('NONE',(0,0,-1));
#6381=AXIS2_PLACEMENT_3D('NONE',#379,#6379,#6380);
#6382=PLANE('NONE',#6381);
#6383=FACE_SURFACE('NONE',(#6378),#6382,.T.);
#6384=POLY_LOOP('NONE',(#971,#344,#343,#972));
#6385=FACE_OUTER_BOUND('NONE',#6384,.T.);
#6386=DIRECTION('NONE',(0.992057,-0.125786,0));
#6387=DIRECTION('NONE',(0,0,1));
#6388=AXIS2_PLACEMENT_3D('NONE',#971,#6386,#6387);
#6389=PLANE('NONE',#6388);
#6390=FACE_SURFACE('NONE',(#6385),#6389,.T.);
#6391=POLY_LOOP('NONE',(#380,#1178,#1177,#381));
#6392=FACE_OUTER_BOUND('NONE',#6391,.T.);
#6393=DIRECTION('NONE',(0.974862,-0.22281,0));
#6394=DIRECTION('NONE',(0,0,-1));
#6395=AXIS2_PLACEMENT_3D('NONE',#380,#6393,#6394);
#6396=PLANE('NONE',#6395);
#6397=FACE_SURFACE('NONE',(#6392),#6396,.T.);
#6398=POLY_LOOP('NONE',(#345,#344,#971,#970));
#6399=FACE_OUTER_BOUND('NONE',#6398,.T.);
#6400=DIRECTION('NONE',(0.985629,-0.168927,0));
#6401=DIRECTION('NONE',(-0.168927,-0.985629,0));
#6402=AXIS2_PLACEMENT_3D('NONE',#345,#6400,#6401);
#6403=PLANE('NONE',#6402);
#6404=FACE_SURFACE('NONE',(#6399),#6403,.T.);
#6405=POLY_LOOP('NONE',(#1176,#382,#381,#1177));
#6406=FACE_OUTER_BOUND('NONE',#6405,.T.);
#6407=DIRECTION('NONE',(0.964113,-0.265493,0));
#6408=DIRECTION('NONE',(0,0,1));
#6409=AXIS2_PLACEMENT_3D('NONE',#1176,#6407,#6408);
#6410=PLANE('NONE',#6409);
#6411=FACE_SURFACE('NONE',(#6406),#6410,.T.);
#6412=POLY_LOOP('NONE',(#969,#346,#345,#970));
#6413=FACE_OUTER_BOUND('NONE',#6412,.T.);
#6414=DIRECTION('NONE',(0.97485,-0.222861,0));
#6415=DIRECTION('NONE',(0,0,1));
#6416=AXIS2_PLACEMENT_3D('NONE',#969,#6414,#6415);
#6417=PLANE('NONE',#6416);
#6418=FACE_SURFACE('NONE',(#6413),#6417,.T.);
#6419=POLY_LOOP('NONE',(#980,#335,#334,#981));
#6420=FACE_OUTER_BOUND('NONE',#6419,.T.);
#6421=DIRECTION('NONE',(0.950096,0.311957,0));
#6422=DIRECTION('NONE',(0,0,1));
#6423=AXIS2_PLACEMENT_3D('NONE',#980,#6421,#6422);
#6424=PLANE('NONE',#6423);
#6425=FACE_SURFACE('NONE',(#6420),#6424,.T.);
#6426=POLY_LOOP('NONE',(#635,#1342,#1341,#636));
#6427=FACE_OUTER_BOUND('NONE',#6426,.T.);
#6428=DIRECTION('NONE',(0.727803,-0.685786,0));
#6429=DIRECTION('NONE',(0,0,-1));
#6430=AXIS2_PLACEMENT_3D('NONE',#635,#6428,#6429);
#6431=PLANE('NONE',#6430);
#6432=FACE_SURFACE('NONE',(#6427),#6431,.T.);
#6433=POLY_LOOP('NONE',(#1339,#638,#637,#1340));
#6434=FACE_OUTER_BOUND('NONE',#6433,.T.);
#6435=DIRECTION('NONE',(0.656495,-0.75433,0));
#6436=DIRECTION('NONE',(0,0,1));
#6437=AXIS2_PLACEMENT_3D('NONE',#1339,#6435,#6436);
#6438=PLANE('NONE',#6437);
#6439=FACE_SURFACE('NONE',(#6434),#6438,.T.);
#6440=POLY_LOOP('NONE',(#898,#897,#159,#158));
#6441=FACE_OUTER_BOUND('NONE',#6440,.T.);
#6442=DIRECTION('NONE',(-0.762905,-0.646511,0));
#6443=DIRECTION('NONE',(0.646511,-0.762905,0));
#6444=AXIS2_PLACEMENT_3D('NONE',#898,#6442,#6443);
#6445=PLANE('NONE',#6444);
#6446=FACE_SURFACE('NONE',(#6441),#6445,.T.);
#6447=POLY_LOOP('NONE',(#1165,#393,#392,#1166));
#6448=FACE_OUTER_BOUND('NONE',#6447,.T.);
#6449=DIRECTION('NONE',(0.685786,-0.727803,0));
#6450=DIRECTION('NONE',(0,0,1));
#6451=AXIS2_PLACEMENT_3D('NONE',#1165,#6449,#6450);
#6452=PLANE('NONE',#6451);
#6453=FACE_SURFACE('NONE',(#6448),#6452,.T.);
#6454=POLY_LOOP('NONE',(#593,#1233,#1232,#594));
#6455=FACE_OUTER_BOUND('NONE',#6454,.T.);
#6456=DIRECTION('NONE',(-0.656495,0.75433,0));
#6457=DIRECTION('NONE',(0,0,-1));
#6458=AXIS2_PLACEMENT_3D('NONE',#593,#6456,#6457);
#6459=PLANE('NONE',#6458);
#6460=FACE_SURFACE('NONE',(#6455),#6459,.T.);
#6461=POLY_LOOP('NONE',(#897,#896,#160,#159));
#6462=FACE_OUTER_BOUND('NONE',#6461,.T.);
#6463=DIRECTION('NONE',(-0.851654,-0.524105,0));
#6464=DIRECTION('NONE',(0.524105,-0.851654,0));
#6465=AXIS2_PLACEMENT_3D('NONE',#897,#6463,#6464);
#6466=PLANE('NONE',#6465);
#6467=FACE_SURFACE('NONE',(#6462),#6466,.T.);
#6468=POLY_LOOP('NONE',(#896,#895,#161,#160));
#6469=FACE_OUTER_BOUND('NONE',#6468,.T.);
#6470=DIRECTION('NONE',(-0.918489,-0.395446,0));
#6471=DIRECTION('NONE',(0.395446,-0.918489,0));
#6472=AXIS2_PLACEMENT_3D('NONE',#896,#6470,#6471);
#6473=PLANE('NONE',#6472);
#6474=FACE_SURFACE('NONE',(#6469),#6473,.T.);
#6475=POLY_LOOP('NONE',(#595,#1231,#1230,#596));
#6476=FACE_OUTER_BOUND('NONE',#6475,.T.);
#6477=DIRECTION('NONE',(-0.570672,0.821178,0));
#6478=DIRECTION('NONE',(0,0,-1));
#6479=AXIS2_PLACEMENT_3D('NONE',#595,#6477,#6478);
#6480=PLANE('NONE',#6479);
#6481=FACE_SURFACE('NONE',(#6476),#6480,.T.);
#6482=POLY_LOOP('NONE',(#895,#894,#162,#161));
#6483=FACE_OUTER_BOUND('NONE',#6482,.T.);
#6484=DIRECTION('NONE',(-0.973747,-0.227632,0));
#6485=DIRECTION('NONE',(0.227632,-0.973747,0));
#6486=AXIS2_PLACEMENT_3D('NONE',#895,#6484,#6485);
#6487=PLANE('NONE',#6486);
#6488=FACE_SURFACE('NONE',(#6483),#6487,.T.);
#6489=POLY_LOOP('NONE',(#1229,#597,#596,#1230));
#6490=FACE_OUTER_BOUND('NONE',#6489,.T.);
#6491=DIRECTION('NONE',(-0.535064,0.844812,0));
#6492=DIRECTION('NONE',(0,0,1));
#6493=AXIS2_PLACEMENT_3D('NONE',#1229,#6491,#6492);
#6494=PLANE('NONE',#6493);
#6495=FACE_SURFACE('NONE',(#6490),#6494,.T.);
#6496=POLY_LOOP('NONE',(#894,#893,#163,#162));
#6497=FACE_OUTER_BOUND('NONE',#6496,.T.);
#6498=DIRECTION('NONE',(-0.996286,-0.086101,0));
#6499=DIRECTION('NONE',(0.086101,-0.996286,0));
#6500=AXIS2_PLACEMENT_3D('NONE',#894,#6498,#6499);
#6501=PLANE('NONE',#6500);
#6502=FACE_SURFACE('NONE',(#6497),#6501,.T.);
#6503=POLY_LOOP('NONE',(#597,#1229,#1228,#598));
#6504=FACE_OUTER_BOUND('NONE',#6503,.T.);
#6505=DIRECTION('NONE',(-0.491591,0.870826,0));
#6506=DIRECTION('NONE',(0,0,-1));
#6507=AXIS2_PLACEMENT_3D('NONE',#597,#6505,#6506);
#6508=PLANE('NONE',#6507);
#6509=FACE_SURFACE('NONE',(#6504),#6508,.T.);
#6510=POLY_LOOP('NONE',(#1228,#1227,#599,#598));
#6511=FACE_OUTER_BOUND('NONE',#6510,.T.);
#6512=DIRECTION('NONE',(-0.452884,0.89157,0));
#6513=DIRECTION('NONE',(-0.89157,-0.452884,0));
#6514=AXIS2_PLACEMENT_3D('NONE',#1228,#6512,#6513);
#6515=PLANE('NONE',#6514);
#6516=FACE_SURFACE('NONE',(#6511),#6515,.T.);
#6517=POLY_LOOP('NONE',(#86,#85,#774,#817));
#6518=FACE_OUTER_BOUND('NONE',#6517,.T.);
#6519=DIRECTION('NONE',(0.086098,0.996287,0));
#6520=DIRECTION('NONE',(0.996287,-0.086098,0));
#6521=AXIS2_PLACEMENT_3D('NONE',#86,#6519,#6520);
#6522=PLANE('NONE',#6521);
#6523=FACE_SURFACE('NONE',(#6518),#6522,.T.);
#6524=POLY_LOOP('NONE',(#1226,#600,#599,#1227));
#6525=FACE_OUTER_BOUND('NONE',#6524,.T.);
#6526=DIRECTION('NONE',(-0.402276,0.915519,0));
#6527=DIRECTION('NONE',(0,0,1));
#6528=AXIS2_PLACEMENT_3D('NONE',#1226,#6526,#6527);
#6529=PLANE('NONE',#6528);
#6530=FACE_SURFACE('NONE',(#6525),#6529,.T.);
#6531=POLY_LOOP('NONE',(#817,#816,#87,#86));
#6532=FACE_OUTER_BOUND('NONE',#6531,.T.);
#6533=DIRECTION('NONE',(0.227603,0.973754,0));
#6534=DIRECTION('NONE',(-0.973754,0.227603,0));
#6535=AXIS2_PLACEMENT_3D('NONE',#817,#6533,#6534);
#6536=PLANE('NONE',#6535);
#6537=FACE_SURFACE('NONE',(#6532),#6536,.T.);
#6538=POLY_LOOP('NONE',(#638,#1339,#1338,#639));
#6539=FACE_OUTER_BOUND('NONE',#6538,.T.);
#6540=DIRECTION('NONE',(0.617878,-0.786274,0));
#6541=DIRECTION('NONE',(0,0,-1));
#6542=AXIS2_PLACEMENT_3D('NONE',#638,#6540,#6541);
#6543=PLANE('NONE',#6542);
#6544=FACE_SURFACE('NONE',(#6539),#6543,.T.);
#6545=POLY_LOOP('NONE',(#640,#1337,#1336,#641));
#6546=FACE_OUTER_BOUND('NONE',#6545,.T.);
#6547=DIRECTION('NONE',(0.534987,-0.84486,0));
#6548=DIRECTION('NONE',(0,0,-1));
#6549=AXIS2_PLACEMENT_3D('NONE',#640,#6547,#6548);
#6550=PLANE('NONE',#6549);
#6551=FACE_SURFACE('NONE',(#6546),#6550,.T.);
#6552=POLY_LOOP('NONE',(#1243,#1242,#584,#583));
#6553=FACE_OUTER_BOUND('NONE',#6552,.T.);
#6554=DIRECTION('NONE',(-0.93225,0.361816,0));
#6555=DIRECTION('NONE',(-0.361816,-0.93225,0));
#6556=AXIS2_PLACEMENT_3D('NONE',#1243,#6554,#6555);
#6557=PLANE('NONE',#6556);
#6558=FACE_SURFACE('NONE',(#6553),#6557,.T.);
#6559=POLY_LOOP('NONE',(#642,#641,#1336,#1463));
#6560=FACE_OUTER_BOUND('NONE',#6559,.T.);
#6561=DIRECTION('NONE',(0.491632,-0.870803,0));
#6562=DIRECTION('NONE',(-0.870803,-0.491632,0));
#6563=AXIS2_PLACEMENT_3D('NONE',#642,#6561,#6562);
#6564=PLANE('NONE',#6563);
#6565=FACE_SURFACE('NONE',(#6560),#6564,.T.);
#6566=POLY_LOOP('NONE',(#628,#627,#1350,#1349));
#6567=FACE_OUTER_BOUND('NONE',#6566,.T.);
#6568=DIRECTION('NONE',(0.932263,-0.36178,0));
#6569=DIRECTION('NONE',(-0.36178,-0.932263,0));
#6570=AXIS2_PLACEMENT_3D('NONE',#628,#6568,#6569);
#6571=PLANE('NONE',#6570);
#6572=FACE_SURFACE('NONE',(#6567),#6571,.T.);
#6573=POLY_LOOP('NONE',(#1347,#630,#629,#1348));
#6574=FACE_OUTER_BOUND('NONE',#6573,.T.);
#6575=DIRECTION('NONE',(0.888807,-0.458283,0));
#6576=DIRECTION('NONE',(0,0,1));
#6577=AXIS2_PLACEMENT_3D('NONE',#1347,#6575,#6576);
#6578=PLANE('NONE',#6577);
#6579=FACE_SURFACE('NONE',(#6574),#6578,.T.);
#6580=POLY_LOOP('NONE',(#630,#1347,#1346,#631));
#6581=FACE_OUTER_BOUND('NONE',#6580,.T.);
#6582=DIRECTION('NONE',(0.870813,-0.491614,0));
#6583=DIRECTION('NONE',(0,0,-1));
#6584=AXIS2_PLACEMENT_3D('NONE',#630,#6582,#6583);
#6585=PLANE('NONE',#6584);
#6586=FACE_SURFACE('NONE',(#6581),#6585,.T.);
#6587=POLY_LOOP('NONE',(#632,#631,#1346,#1345));
#6588=FACE_OUTER_BOUND('NONE',#6587,.T.);
#6589=DIRECTION('NONE',(0.844851,-0.535001,0));
#6590=DIRECTION('NONE',(-0.535001,-0.844851,0));
#6591=AXIS2_PLACEMENT_3D('NONE',#632,#6589,#6590);
#6592=PLANE('NONE',#6591);
#6593=FACE_SURFACE('NONE',(#6588),#6592,.T.);
#6594=POLY_LOOP('NONE',(#1237,#1236,#590,#589));
#6595=FACE_OUTER_BOUND('NONE',#6594,.T.);
#6596=DIRECTION('NONE',(-0.7863,0.617845,0));
#6597=DIRECTION('NONE',(-0.617845,-0.7863,0));
#6598=AXIS2_PLACEMENT_3D('NONE',#1237,#6596,#6597);
#6599=PLANE('NONE',#6598);
#6600=FACE_SURFACE('NONE',(#6595),#6599,.T.);
#6601=POLY_LOOP('NONE',(#633,#632,#1345,#1344));
#6602=FACE_OUTER_BOUND('NONE',#6601,.T.);
#6603=DIRECTION('NONE',(0.816569,-0.577248,0));
#6604=DIRECTION('NONE',(-0.577248,-0.816569,0));
#6605=AXIS2_PLACEMENT_3D('NONE',#633,#6603,#6604);
#6606=PLANE('NONE',#6605);
#6607=FACE_SURFACE('NONE',(#6602),#6606,.T.);
#6608=POLY_LOOP('NONE',(#1343,#634,#633,#1344));
#6609=FACE_OUTER_BOUND('NONE',#6608,.T.);
#6610=DIRECTION('NONE',(0.7863,-0.617845,0));
#6611=DIRECTION('NONE',(0,0,1));
#6612=AXIS2_PLACEMENT_3D('NONE',#1343,#6610,#6611);
#6613=PLANE('NONE',#6612);
#6614=FACE_SURFACE('NONE',(#6609),#6613,.T.);
#6615=POLY_LOOP('NONE',(#329,#986,#985,#330));
#6616=FACE_OUTER_BOUND('NONE',#6615,.T.);
#6617=DIRECTION('NONE',(0.844796,0.535088,0));
#6618=DIRECTION('NONE',(0,0,-1));
#6619=AXIS2_PLACEMENT_3D('NONE',#329,#6617,#6618);
#6620=PLANE('NONE',#6619);
#6621=FACE_SURFACE('NONE',(#6616),#6620,.T.);
#6622=POLY_LOOP('NONE',(#331,#330,#985,#984));
#6623=FACE_OUTER_BOUND('NONE',#6622,.T.);
#6624=DIRECTION('NONE',(0.870826,0.491591,0));
#6625=DIRECTION('NONE',(0.491591,-0.870826,0));
#6626=AXIS2_PLACEMENT_3D('NONE',#331,#6624,#6625);
#6627=PLANE('NONE',#6626);
#6628=FACE_SURFACE('NONE',(#6623),#6627,.T.);
#6629=POLY_LOOP('NONE',(#1340,#637,#636,#1341));
#6630=FACE_OUTER_BOUND('NONE',#6629,.T.);
#6631=DIRECTION('NONE',(0.685758,-0.72783,0));
#6632=DIRECTION('NONE',(0,0,1));
#6633=AXIS2_PLACEMENT_3D('NONE',#1340,#6631,#6632);
#6634=PLANE('NONE',#6633);
#6635=FACE_SURFACE('NONE',(#6630),#6634,.T.);
#6636=POLY_LOOP('NONE',(#983,#332,#331,#984));
#6637=FACE_OUTER_BOUND('NONE',#6636,.T.);
#6638=DIRECTION('NONE',(0.888795,0.458304,0));
#6639=DIRECTION('NONE',(0,0,1));
#6640=AXIS2_PLACEMENT_3D('NONE',#983,#6638,#6639);
#6641=PLANE('NONE',#6640);
#6642=FACE_SURFACE('NONE',(#6637),#6641,.T.);
#6643=POLY_LOOP('NONE',(#347,#346,#969,#968));
#6644=FACE_OUTER_BOUND('NONE',#6643,.T.);
#6645=DIRECTION('NONE',(0.964113,-0.265493,0));
#6646=DIRECTION('NONE',(-0.265493,-0.964113,0));
#6647=AXIS2_PLACEMENT_3D('NONE',#347,#6645,#6646);
#6648=PLANE('NONE',#6647);
#6649=FACE_SURFACE('NONE',(#6644),#6648,.T.);
#6650=POLY_LOOP('NONE',(#639,#1338,#1337,#640));
#6651=FACE_OUTER_BOUND('NONE',#6650,.T.);
#6652=DIRECTION('NONE',(0.570672,-0.821178,0));
#6653=DIRECTION('NONE',(0,0,-1));
#6654=AXIS2_PLACEMENT_3D('NONE',#639,#6652,#6653);
#6655=PLANE('NONE',#6654);
#6656=FACE_SURFACE('NONE',(#6651),#6655,.T.);
#6657=POLY_LOOP('NONE',(#1081,#477,#476,#1082));
#6658=FACE_OUTER_BOUND('NONE',#6657,.T.);
#6659=DIRECTION('NONE',(0.225874,0.974156,0));
#6660=DIRECTION('NONE',(0,0,1));
#6661=AXIS2_PLACEMENT_3D('NONE',#1081,#6659,#6660);
#6662=PLANE('NONE',#6661);
#6663=FACE_SURFACE('NONE',(#6658),#6662,.T.);
#6664=POLY_LOOP('NONE',(#979,#336,#335,#980));
#6665=FACE_OUTER_BOUND('NONE',#6664,.T.);
#6666=DIRECTION('NONE',(0.964113,0.265493,0));
#6667=DIRECTION('NONE',(0,0,1));
#6668=AXIS2_PLACEMENT_3D('NONE',#979,#6666,#6667);
#6669=PLANE('NONE',#6668);
#6670=FACE_SURFACE('NONE',(#6665),#6669,.T.);
#6671=POLY_LOOP('NONE',(#1207,#479,#478,#1080));
#6672=FACE_OUTER_BOUND('NONE',#6671,.T.);
#6673=DIRECTION('NONE',(0.307825,0.951443,0));
#6674=DIRECTION('NONE',(0,0,1));
#6675=AXIS2_PLACEMENT_3D('NONE',#1207,#6673,#6674);
#6676=PLANE('NONE',#6675);
#6677=FACE_SURFACE('NONE',(#6672),#6676,.T.);
#6678=POLY_LOOP('NONE',(#473,#472,#1086,#1085));
#6679=FACE_OUTER_BOUND('NONE',#6678,.T.);
#6680=DIRECTION('NONE',(0.014076,0.999901,0));
#6681=DIRECTION('NONE',(0.999901,-0.014076,0));
#6682=AXIS2_PLACEMENT_3D('NONE',#473,#6680,#6681);
#6683=PLANE('NONE',#6682);
#6684=FACE_SURFACE('NONE',(#6679),#6683,.T.);
#6685=POLY_LOOP('NONE',(#1085,#1084,#474,#473));
#6686=FACE_OUTER_BOUND('NONE',#6685,.T.);
#6687=DIRECTION('NONE',(0.070261,0.997529,0));
#6688=DIRECTION('NONE',(-0.997529,0.070261,0));
#6689=AXIS2_PLACEMENT_3D('NONE',#1085,#6687,#6688);
#6690=PLANE('NONE',#6689);
#6691=FACE_SURFACE('NONE',(#6686),#6690,.T.);
#6692=POLY_LOOP('NONE',(#963,#962,#353,#352));
#6693=FACE_OUTER_BOUND('NONE',#6692,.T.);
#6694=DIRECTION('NONE',(0.844812,-0.535064,0));
#6695=DIRECTION('NONE',(0.535064,0.844812,0));
#6696=AXIS2_PLACEMENT_3D('NONE',#963,#6694,#6695);
#6697=PLANE('NONE',#6696);
#6698=FACE_SURFACE('NONE',(#6693),#6697,.T.);
#6699=POLY_LOOP('NONE',(#58,#749,#751,#59));
#6700=FACE_OUTER_BOUND('NONE',#6699,.T.);
#6701=DIRECTION('NONE',(1,0,0));
#6702=DIRECTION('NONE',(0,0,-1));
#6703=AXIS2_PLACEMENT_3D('NONE',#58,#6701,#6702);
#6704=PLANE('NONE',#6703);
#6705=FACE_SURFACE('NONE',(#6700),#6704,.T.);
#6706=POLY_LOOP('NONE',(#354,#353,#962,#961));
#6707=FACE_OUTER_BOUND('NONE',#6706,.T.);
#6708=DIRECTION('NONE',(0.816569,-0.577248,0));
#6709=DIRECTION('NONE',(-0.577248,-0.816569,0));
#6710=AXIS2_PLACEMENT_3D('NONE',#354,#6708,#6709);
#6711=PLANE('NONE',#6710);
#6712=FACE_SURFACE('NONE',(#6707),#6711,.T.);
#6713=POLY_LOOP('NONE',(#959,#356,#355,#960));
#6714=FACE_OUTER_BOUND('NONE',#6713,.T.);
#6715=DIRECTION('NONE',(0.761216,-0.648499,0));
#6716=DIRECTION('NONE',(0,0,1));
#6717=AXIS2_PLACEMENT_3D('NONE',#959,#6715,#6716);
#6718=PLANE('NONE',#6717);
#6719=FACE_SURFACE('NONE',(#6714),#6718,.T.);
#6720=POLY_LOOP('NONE',(#580,#579,#1247,#1246));
#6721=FACE_OUTER_BOUND('NONE',#6720,.T.);
#6722=DIRECTION('NONE',(-0.98562,0.168979,0));
#6723=DIRECTION('NONE',(0.168979,0.98562,0));
#6724=AXIS2_PLACEMENT_3D('NONE',#580,#6722,#6723);
#6725=PLANE('NONE',#6724);
#6726=FACE_SURFACE('NONE',(#6721),#6725,.T.);
#6727=POLY_LOOP('NONE',(#958,#357,#356,#959));
#6728=FACE_OUTER_BOUND('NONE',#6727,.T.);
#6729=DIRECTION('NONE',(0.727803,-0.685786,0));
#6730=DIRECTION('NONE',(0,0,1));
#6731=AXIS2_PLACEMENT_3D('NONE',#958,#6729,#6730);
#6732=PLANE('NONE',#6731);
#6733=FACE_SURFACE('NONE',(#6728),#6732,.T.);
#6734=POLY_LOOP('NONE',(#1246,#1245,#581,#580));
#6735=FACE_OUTER_BOUND('NONE',#6734,.T.);
#6736=DIRECTION('NONE',(-0.974862,0.22281,0));
#6737=DIRECTION('NONE',(-0.22281,-0.974862,0));
#6738=AXIS2_PLACEMENT_3D('NONE',#1246,#6736,#6737);
#6739=PLANE('NONE',#6738);
#6740=FACE_SURFACE('NONE',(#6735),#6739,.T.);
#6741=POLY_LOOP('NONE',(#358,#357,#958,#957));
#6742=FACE_OUTER_BOUND('NONE',#6741,.T.);
#6743=DIRECTION('NONE',(0.685813,-0.727778,0));
#6744=DIRECTION('NONE',(-0.727778,-0.685813,0));
#6745=AXIS2_PLACEMENT_3D('NONE',#358,#6743,#6744);
#6746=PLANE('NONE',#6745);
#6747=FACE_SURFACE('NONE',(#6742),#6746,.T.);
#6748=POLY_LOOP('NONE',(#581,#1245,#1244,#582));
#6749=FACE_OUTER_BOUND('NONE',#6748,.T.);
#6750=DIRECTION('NONE',(-0.964113,0.265493,0));
#6751=DIRECTION('NONE',(0,0,-1));
#6752=AXIS2_PLACEMENT_3D('NONE',#581,#6750,#6751);
#6753=PLANE('NONE',#6752);
#6754=FACE_SURFACE('NONE',(#6749),#6753,.T.);
#6755=POLY_LOOP('NONE',(#1079,#360,#359,#956));
#6756=FACE_OUTER_BOUND('NONE',#6755,.T.);
#6757=DIRECTION('NONE',(0.617812,-0.786326,0));
#6758=DIRECTION('NONE',(0,0,1));
#6759=AXIS2_PLACEMENT_3D('NONE',#1079,#6757,#6758);
#6760=PLANE('NONE',#6759);
#6761=FACE_SURFACE('NONE',(#6756),#6760,.T.);
#6762=POLY_LOOP('NONE',(#952,#771,#770,#953));
#6763=FACE_OUTER_BOUND('NONE',#6762,.T.);
#6764=DIRECTION('NONE',(1,0,0));
#6765=DIRECTION('NONE',(0,0,-1));
#6766=AXIS2_PLACEMENT_3D('NONE',#952,#6764,#6765);
#6767=PLANE('NONE',#6766);
#6768=FACE_SURFACE('NONE',(#6763),#6767,.T.);
#6769=POLY_LOOP('NONE',(#772,#951,#950,#773));
#6770=FACE_OUTER_BOUND('NONE',#6769,.T.);
#6771=DIRECTION('NONE',(1,0,0));
#6772=DIRECTION('NONE',(0,0,1));
#6773=AXIS2_PLACEMENT_3D('NONE',#772,#6771,#6772);
#6774=PLANE('NONE',#6773);
#6775=FACE_SURFACE('NONE',(#6770),#6774,.T.);
#6776=POLY_LOOP('NONE',(#572,#571,#1255,#1254));
#6777=FACE_OUTER_BOUND('NONE',#6776,.T.);
#6778=DIRECTION('NONE',(-0.974862,-0.22281,0));
#6779=DIRECTION('NONE',(-0.22281,0.974862,0));
#6780=AXIS2_PLACEMENT_3D('NONE',#572,#6778,#6779);
#6781=PLANE('NONE',#6780);
#6782=FACE_SURFACE('NONE',(#6777),#6781,.T.);
#6783=POLY_LOOP('NONE',(#772,#771,#952,#951));
#6784=FACE_OUTER_BOUND('NONE',#6783,.T.);
#6785=DIRECTION('NONE',(0,-1,0));
#6786=DIRECTION('NONE',(1,0,0));
#6787=AXIS2_PLACEMENT_3D('NONE',#772,#6785,#6786);
#6788=PLANE('NONE',#6787);
#6789=FACE_SURFACE('NONE',(#6784),#6788,.T.);
#6790=POLY_LOOP('NONE',(#572,#1254,#1253,#573));
#6791=FACE_OUTER_BOUND('NONE',#6790,.T.);
#6792=DIRECTION('NONE',(-0.98562,-0.168979,0));
#6793=DIRECTION('NONE',(0,0,-1));
#6794=AXIS2_PLACEMENT_3D('NONE',#572,#6792,#6793);
#6795=PLANE('NONE',#6794);
#6796=FACE_SURFACE('NONE',(#6791),#6795,.T.);
#6797=POLY_LOOP('NONE',(#348,#347,#968,#967));
#6798=FACE_OUTER_BOUND('NONE',#6797,.T.);
#6799=DIRECTION('NONE',(0.950091,-0.311973,0));
#6800=DIRECTION('NONE',(-0.311973,-0.950091,0));
#6801=AXIS2_PLACEMENT_3D('NONE',#348,#6799,#6800);
#6802=PLANE('NONE',#6801);
#6803=FACE_SURFACE('NONE',(#6798),#6802,.T.);
#6804=POLY_LOOP('NONE',(#1088,#470,#469,#1089));
#6805=FACE_OUTER_BOUND('NONE',#6804,.T.);
#6806=DIRECTION('NONE',(-0.12574,0.992063,0));
#6807=DIRECTION('NONE',(0,0,1));
#6808=AXIS2_PLACEMENT_3D('NONE',#1088,#6806,#6807);
#6809=PLANE('NONE',#6808);
#6810=FACE_SURFACE('NONE',(#6805),#6809,.T.);
#6811=POLY_LOOP('NONE',(#1252,#1251,#575,#574));
#6812=FACE_OUTER_BOUND('NONE',#6811,.T.);
#6813=DIRECTION('NONE',(-0.997528,-0.070264,0));
#6814=DIRECTION('NONE',(0.070264,-0.997528,0));
#6815=AXIS2_PLACEMENT_3D('NONE',#1252,#6813,#6814);
#6816=PLANE('NONE',#6815);
#6817=FACE_SURFACE('NONE',(#6812),#6816,.T.);
#6818=POLY_LOOP('NONE',(#348,#967,#966,#349));
#6819=FACE_OUTER_BOUND('NONE',#6818,.T.);
#6820=DIRECTION('NONE',(0.932281,-0.361734,0));
#6821=DIRECTION('NONE',(0,0,-1));
#6822=AXIS2_PLACEMENT_3D('NONE',#348,#6820,#6821);
#6823=PLANE('NONE',#6822);
#6824=FACE_SURFACE('NONE',(#6819),#6823,.T.);
#6825=POLY_LOOP('NONE',(#965,#350,#349,#966));
#6826=FACE_OUTER_BOUND('NONE',#6825,.T.);
#6827=DIRECTION('NONE',(0.91841,-0.395629,0));
#6828=DIRECTION('NONE',(0,0,1));
#6829=AXIS2_PLACEMENT_3D('NONE',#965,#6827,#6828);
#6830=PLANE('NONE',#6829);
#6831=FACE_SURFACE('NONE',(#6826),#6830,.T.);
#6832=POLY_LOOP('NONE',(#575,#1251,#1250,#576));
#6833=FACE_OUTER_BOUND('NONE',#6832,.T.);
#6834=DIRECTION('NONE',(-0.999604,-0.028143,0));
#6835=DIRECTION('NONE',(0,0,-1));
#6836=AXIS2_PLACEMENT_3D('NONE',#575,#6834,#6835);
#6837=PLANE('NONE',#6836);
#6838=FACE_SURFACE('NONE',(#6833),#6837,.T.);
#6839=POLY_LOOP('NONE',(#1249,#577,#576,#1250));
#6840=FACE_OUTER_BOUND('NONE',#6839,.T.);
#6841=DIRECTION('NONE',(-0.999604,0.02814,0));
#6842=DIRECTION('NONE',(0,0,1));
#6843=AXIS2_PLACEMENT_3D('NONE',#1249,#6841,#6842);
#6844=PLANE('NONE',#6843);
#6845=FACE_SURFACE('NONE',(#6840),#6844,.T.);
#6846=POLY_LOOP('NONE',(#1249,#1248,#578,#577));
#6847=FACE_OUTER_BOUND('NONE',#6846,.T.);
#6848=DIRECTION('NONE',(-0.997528,0.070264,0));
#6849=DIRECTION('NONE',(-0.070264,-0.997528,0));
#6850=AXIS2_PLACEMENT_3D('NONE',#1249,#6848,#6849);
#6851=PLANE('NONE',#6850);
#6852=FACE_SURFACE('NONE',(#6847),#6851,.T.);
#6853=POLY_LOOP('NONE',(#1247,#579,#578,#1248));
#6854=FACE_OUTER_BOUND('NONE',#6853,.T.);
#6855=DIRECTION('NONE',(-0.992063,0.12574,0));
#6856=DIRECTION('NONE',(0,0,1));
#6857=AXIS2_PLACEMENT_3D('NONE',#1247,#6855,#6856);
#6858=PLANE('NONE',#6857);
#6859=FACE_SURFACE('NONE',(#6854),#6858,.T.);
#6860=POLY_LOOP('NONE',(#1102,#1101,#457,#456));
#6861=FACE_OUTER_BOUND('NONE',#6860,.T.);
#6862=DIRECTION('NONE',(-0.685786,0.727803,0));
#6863=DIRECTION('NONE',(-0.727803,-0.685786,0));
#6864=AXIS2_PLACEMENT_3D('NONE',#1102,#6862,#6863);
#6865=PLANE('NONE',#6864);
#6866=FACE_SURFACE('NONE',(#6861),#6865,.T.);
#6867=POLY_LOOP('NONE',(#355,#354,#961,#960));
#6868=FACE_OUTER_BOUND('NONE',#6867,.T.);
#6869=DIRECTION('NONE',(0.786346,-0.617786,0));
#6870=DIRECTION('NONE',(-0.617786,-0.786346,0));
#6871=AXIS2_PLACEMENT_3D('NONE',#355,#6869,#6870);
#6872=PLANE('NONE',#6871);
#6873=FACE_SURFACE('NONE',(#6868),#6872,.T.);
#6874=POLY_LOOP('NONE',(#1244,#1243,#583,#582));
#6875=FACE_OUTER_BOUND('NONE',#6874,.T.);
#6876=DIRECTION('NONE',(-0.950096,0.311957,0));
#6877=DIRECTION('NONE',(-0.311957,-0.950096,0));
#6878=AXIS2_PLACEMENT_3D('NONE',#1244,#6876,#6877);
#6879=PLANE('NONE',#6878);
#6880=FACE_SURFACE('NONE',(#6875),#6879,.T.);
#6881=POLY_LOOP('NONE',(#1098,#460,#459,#1099));
#6882=FACE_OUTER_BOUND('NONE',#6881,.T.);
#6883=DIRECTION('NONE',(-0.570648,0.821195,0));
#6884=DIRECTION('NONE',(0,0,1));
#6885=AXIS2_PLACEMENT_3D('NONE',#1098,#6883,#6884);
#6886=PLANE('NONE',#6885);
#6887=FACE_SURFACE('NONE',(#6882),#6886,.T.);
#6888=POLY_LOOP('NONE',(#460,#1098,#1097,#461));
#6889=FACE_OUTER_BOUND('NONE',#6888,.T.);
#6890=DIRECTION('NONE',(-0.535064,0.844812,0));
#6891=DIRECTION('NONE',(0,0,-1));
#6892=AXIS2_PLACEMENT_3D('NONE',#460,#6890,#6891);
#6893=PLANE('NONE',#6892);
#6894=FACE_SURFACE('NONE',(#6889),#6893,.T.);
#6895=POLY_LOOP('NONE',(#816,#815,#88,#87));
#6896=FACE_OUTER_BOUND('NONE',#6895,.T.);
#6897=DIRECTION('NONE',(0.39548,0.918474,0));
#6898=DIRECTION('NONE',(-0.918474,0.39548,0));
#6899=AXIS2_PLACEMENT_3D('NONE',#816,#6897,#6898);
#6900=PLANE('NONE',#6899);
#6901=FACE_SURFACE('NONE',(#6896),#6900,.T.);
#6902=POLY_LOOP('NONE',(#815,#814,#89,#88));
#6903=FACE_OUTER_BOUND('NONE',#6902,.T.);
#6904=DIRECTION('NONE',(0.52407,0.851675,0));
#6905=DIRECTION('NONE',(-0.851675,0.52407,0));
#6906=AXIS2_PLACEMENT_3D('NONE',#815,#6904,#6905);
#6907=PLANE('NONE',#6906);
#6908=FACE_SURFACE('NONE',(#6903),#6907,.T.);
#6909=POLY_LOOP('NONE',(#569,#1257,#1256,#570));
#6910=FACE_OUTER_BOUND('NONE',#6909,.T.);
#6911=DIRECTION('NONE',(-0.950096,-0.311957,0));
#6912=DIRECTION('NONE',(0,0,-1));
#6913=AXIS2_PLACEMENT_3D('NONE',#569,#6911,#6912);
#6914=PLANE('NONE',#6913);
#6915=FACE_SURFACE('NONE',(#6910),#6914,.T.);
#6916=POLY_LOOP('NONE',(#1256,#1255,#571,#570));
#6917=FACE_OUTER_BOUND('NONE',#6916,.T.);
#6918=DIRECTION('NONE',(-0.964113,-0.265493,0));
#6919=DIRECTION('NONE',(0.265493,-0.964113,0));
#6920=AXIS2_PLACEMENT_3D('NONE',#1256,#6918,#6919);
#6921=PLANE('NONE',#6920);
#6922=FACE_SURFACE('NONE',(#6917),#6921,.T.);
#6923=POLY_LOOP('NONE',(#814,#813,#90,#89));
#6924=FACE_OUTER_BOUND('NONE',#6923,.T.);
#6925=DIRECTION('NONE',(0.646545,0.762876,0));
#6926=DIRECTION('NONE',(-0.762876,0.646545,0));
#6927=AXIS2_PLACEMENT_3D('NONE',#814,#6925,#6926);
#6928=PLANE('NONE',#6927);
#6929=FACE_SURFACE('NONE',(#6924),#6928,.T.);
#6930=POLY_LOOP('NONE',(#813,#812,#91,#90));
#6931=FACE_OUTER_BOUND('NONE',#6930,.T.);
#6932=DIRECTION('NONE',(0.762886,0.646533,0));
#6933=DIRECTION('NONE',(-0.646533,0.762886,0));
#6934=AXIS2_PLACEMENT_3D('NONE',#813,#6932,#6933);
#6935=PLANE('NONE',#6934);
#6936=FACE_SURFACE('NONE',(#6931),#6935,.T.);
#6937=POLY_LOOP('NONE',(#1093,#465,#464,#1094));
#6938=FACE_OUTER_BOUND('NONE',#6937,.T.);
#6939=DIRECTION('NONE',(-0.366527,0.930407,0));
#6940=DIRECTION('NONE',(0,0,1));
#6941=AXIS2_PLACEMENT_3D('NONE',#1093,#6939,#6940);
#6942=PLANE('NONE',#6941);
#6943=FACE_SURFACE('NONE',(#6938),#6942,.T.);
#6944=POLY_LOOP('NONE',(#812,#811,#92,#91));
#6945=FACE_OUTER_BOUND('NONE',#6944,.T.);
#6946=DIRECTION('NONE',(0.851654,0.524105,0));
#6947=DIRECTION('NONE',(-0.524105,0.851654,0));
#6948=AXIS2_PLACEMENT_3D('NONE',#812,#6946,#6947);
#6949=PLANE('NONE',#6948);
#6950=FACE_SURFACE('NONE',(#6945),#6949,.T.);
#6951=POLY_LOOP('NONE',(#465,#1093,#1092,#466));
#6952=FACE_OUTER_BOUND('NONE',#6951,.T.);
#6953=DIRECTION('NONE',(-0.307825,0.951443,0));
#6954=DIRECTION('NONE',(0,0,-1));
#6955=AXIS2_PLACEMENT_3D('NONE',#465,#6953,#6954);
#6956=PLANE('NONE',#6955);
#6957=FACE_SURFACE('NONE',(#6952),#6956,.T.);
#6958=POLY_LOOP('NONE',(#573,#1253,#1252,#574));
#6959=FACE_OUTER_BOUND('NONE',#6958,.T.);
#6960=DIRECTION('NONE',(-0.992063,-0.12574,0));
#6961=DIRECTION('NONE',(0,0,-1));
#6962=AXIS2_PLACEMENT_3D('NONE',#573,#6960,#6961);
#6963=PLANE('NONE',#6962);
#6964=FACE_SURFACE('NONE',(#6959),#6963,.T.);
#6965=POLY_LOOP('NONE',(#811,#810,#93,#92));
#6966=FACE_OUTER_BOUND('NONE',#6965,.T.);
#6967=DIRECTION('NONE',(0.918489,0.395446,0));
#6968=DIRECTION('NONE',(-0.395446,0.918489,0));
#6969=AXIS2_PLACEMENT_3D('NONE',#811,#6967,#6968);
#6970=PLANE('NONE',#6969);
#6971=FACE_SURFACE('NONE',(#6966),#6970,.T.);
#6972=POLY_LOOP('NONE',(#466,#1092,#1091,#467));
#6973=FACE_OUTER_BOUND('NONE',#6972,.T.);
#6974=DIRECTION('NONE',(-0.265493,0.964113,0));
#6975=DIRECTION('NONE',(0,0,-1));
#6976=AXIS2_PLACEMENT_3D('NONE',#466,#6974,#6975);
#6977=PLANE('NONE',#6976);
#6978=FACE_SURFACE('NONE',(#6973),#6977,.T.);
#6979=POLY_LOOP('NONE',(#810,#809,#94,#93));
#6980=FACE_OUTER_BOUND('NONE',#6979,.T.);
#6981=DIRECTION('NONE',(0.973747,0.227632,0));
#6982=DIRECTION('NONE',(-0.227632,0.973747,0));
#6983=AXIS2_PLACEMENT_3D('NONE',#810,#6981,#6982);
#6984=PLANE('NONE',#6983);
#6985=FACE_SURFACE('NONE',(#6980),#6984,.T.);
#6986=POLY_LOOP('NONE',(#809,#808,#95,#94));
#6987=FACE_OUTER_BOUND('NONE',#6986,.T.);
#6988=DIRECTION('NONE',(0.996287,0.086097,0));
#6989=DIRECTION('NONE',(-0.086097,0.996287,0));
#6990=AXIS2_PLACEMENT_3D('NONE',#809,#6988,#6989);
#6991=PLANE('NONE',#6990);
#6992=FACE_SURFACE('NONE',(#6987),#6991,.T.);
#6993=POLY_LOOP('NONE',(#1020,#295,#294,#1021));
#6994=FACE_OUTER_BOUND('NONE',#6993,.T.);
#6995=DIRECTION('NONE',(-0.656526,0.754304,0));
#6996=DIRECTION('NONE',(0,0,1));
#6997=AXIS2_PLACEMENT_3D('NONE',#1020,#6995,#6996);
#6998=PLANE('NONE',#6997);
#6999=FACE_SURFACE('NONE',(#6994),#6998,.T.);
#7000=POLY_LOOP('NONE',(#85,#84,#775,#774));
#7001=FACE_OUTER_BOUND('NONE',#7000,.T.);
#7002=DIRECTION('NONE',(0,1,0));
#7003=DIRECTION('NONE',(1,0,0));
#7004=AXIS2_PLACEMENT_3D('NONE',#85,#7002,#7003);
#7005=PLANE('NONE',#7004);
#7006=FACE_SURFACE('NONE',(#7001),#7005,.T.);
#7007=POLY_LOOP('NONE',(#756,#773,#950,#757));
#7008=FACE_OUTER_BOUND('NONE',#7007,.T.);
#7009=DIRECTION('NONE',(0,-1,0));
#7010=DIRECTION('NONE',(1,0,0));
#7011=AXIS2_PLACEMENT_3D('NONE',#756,#7009,#7010);
#7012=PLANE('NONE',#7011);
#7013=FACE_SURFACE('NONE',(#7008),#7012,.T.);
#7014=POLY_LOOP('NONE',(#808,#807,#96,#95));
#7015=FACE_OUTER_BOUND('NONE',#7014,.T.);
#7016=DIRECTION('NONE',(1,0,0));
#7017=DIRECTION('NONE',(0,1,0));
#7018=AXIS2_PLACEMENT_3D('NONE',#808,#7016,#7017);
#7019=PLANE('NONE',#7018);
#7020=FACE_SURFACE('NONE',(#7015),#7019,.T.);
#7021=POLY_LOOP('NONE',(#295,#1020,#1019,#296));
#7022=FACE_OUTER_BOUND('NONE',#7021,.T.);
#7023=DIRECTION('NONE',(-0.617812,0.786326,0));
#7024=DIRECTION('NONE',(0,0,-1));
#7025=AXIS2_PLACEMENT_3D('NONE',#295,#7023,#7024);
#7026=PLANE('NONE',#7025);
#7027=FACE_SURFACE('NONE',(#7022),#7026,.T.);
#7028=POLY_LOOP('NONE',(#1297,#529,#528,#1298));
#7029=FACE_OUTER_BOUND('NONE',#7028,.T.);
#7030=DIRECTION('NONE',(0.685784,-0.727805,0));
#7031=DIRECTION('NONE',(0,0,1));
#7032=AXIS2_PLACEMENT_3D('NONE',#1297,#7030,#7031);
#7033=PLANE('NONE',#7032);
#7034=FACE_SURFACE('NONE',(#7029),#7033,.T.);
#7035=POLY_LOOP('NONE',(#1296,#530,#529,#1297));
#7036=FACE_OUTER_BOUND('NONE',#7035,.T.);
#7037=DIRECTION('NONE',(0.656495,-0.75433,0));
#7038=DIRECTION('NONE',(0,0,1));
#7039=AXIS2_PLACEMENT_3D('NONE',#1296,#7037,#7038);
#7040=PLANE('NONE',#7039);
#7041=FACE_SURFACE('NONE',(#7036),#7040,.T.);
#7042=POLY_LOOP('NONE',(#1440,#665,#664,#1441));
#7043=FACE_OUTER_BOUND('NONE',#7042,.T.);
#7044=DIRECTION('NONE',(-0.570648,-0.821195,0));
#7045=DIRECTION('NONE',(0,0,1));
#7046=AXIS2_PLACEMENT_3D('NONE',#1440,#7044,#7045);
#7047=PLANE('NONE',#7046);
#7048=FACE_SURFACE('NONE',(#7043),#7047,.T.);
#7049=POLY_LOOP('NONE',(#1013,#302,#301,#1014));
#7050=FACE_OUTER_BOUND('NONE',#7049,.T.);
#7051=DIRECTION('NONE',(-0.366527,0.930407,0));
#7052=DIRECTION('NONE',(0,0,1));
#7053=AXIS2_PLACEMENT_3D('NONE',#1013,#7051,#7052);
#7054=PLANE('NONE',#7053);
#7055=FACE_SURFACE('NONE',(#7050),#7054,.T.);
#7056=POLY_LOOP('NONE',(#893,#892,#164,#163));
#7057=FACE_OUTER_BOUND('NONE',#7056,.T.);
#7058=DIRECTION('NONE',(-1,0,0));
#7059=DIRECTION('NONE',(0,-1,0));
#7060=AXIS2_PLACEMENT_3D('NONE',#893,#7058,#7059);
#7061=PLANE('NONE',#7060);
#7062=FACE_SURFACE('NONE',(#7057),#7061,.T.);
#7063=POLY_LOOP('NONE',(#477,#1081,#1080,#478));
#7064=FACE_OUTER_BOUND('NONE',#7063,.T.);
#7065=DIRECTION('NONE',(0.265493,0.964113,0));
#7066=DIRECTION('NONE',(0,0,-1));
#7067=AXIS2_PLACEMENT_3D('NONE',#477,#7065,#7066);
#7068=PLANE('NONE',#7067);
#7069=FACE_SURFACE('NONE',(#7064),#7068,.T.);
#7070=POLY_LOOP('NONE',(#892,#891,#165,#164));
#7071=FACE_OUTER_BOUND('NONE',#7070,.T.);
#7072=DIRECTION('NONE',(-0.996287,0.086097,0));
#7073=DIRECTION('NONE',(-0.086097,-0.996287,0));
#7074=AXIS2_PLACEMENT_3D('NONE',#892,#7072,#7073);
#7075=PLANE('NONE',#7074);
#7076=FACE_SURFACE('NONE',(#7071),#7075,.T.);
#7077=POLY_LOOP('NONE',(#479,#1207,#1206,#480));
#7078=FACE_OUTER_BOUND('NONE',#7077,.T.);
#7079=DIRECTION('NONE',(0.366527,0.930407,0));
#7080=DIRECTION('NONE',(0,0,-1));
#7081=AXIS2_PLACEMENT_3D('NONE',#479,#7079,#7080);
#7082=PLANE('NONE',#7081);
#7083=FACE_SURFACE('NONE',(#7078),#7082,.T.);
#7084=POLY_LOOP('NONE',(#891,#890,#166,#165));
#7085=FACE_OUTER_BOUND('NONE',#7084,.T.);
#7086=DIRECTION('NONE',(-0.973747,0.227632,0));
#7087=DIRECTION('NONE',(-0.227632,-0.973747,0));
#7088=AXIS2_PLACEMENT_3D('NONE',#891,#7086,#7087);
#7089=PLANE('NONE',#7088);
#7090=FACE_SURFACE('NONE',(#7085),#7089,.T.);
#7091=POLY_LOOP('NONE',(#890,#889,#167,#166));
#7092=FACE_OUTER_BOUND('NONE',#7091,.T.);
#7093=DIRECTION('NONE',(-0.918489,0.395446,0));
#7094=DIRECTION('NONE',(-0.395446,-0.918489,0));
#7095=AXIS2_PLACEMENT_3D('NONE',#890,#7093,#7094);
#7096=PLANE('NONE',#7095);
#7097=FACE_SURFACE('NONE',(#7092),#7096,.T.);
#7098=POLY_LOOP('NONE',(#889,#888,#168,#167));
#7099=FACE_OUTER_BOUND('NONE',#7098,.T.);
#7100=DIRECTION('NONE',(-0.851654,0.524105,0));
#7101=DIRECTION('NONE',(-0.524105,-0.851654,0));
#7102=AXIS2_PLACEMENT_3D('NONE',#889,#7100,#7101);
#7103=PLANE('NONE',#7102);
#7104=FACE_SURFACE('NONE',(#7099),#7103,.T.);
#7105=POLY_LOOP('NONE',(#888,#887,#169,#168));
#7106=FACE_OUTER_BOUND('NONE',#7105,.T.);
#7107=DIRECTION('NONE',(-0.762884,0.646535,0));
#7108=DIRECTION('NONE',(-0.646535,-0.762884,0));
#7109=AXIS2_PLACEMENT_3D('NONE',#888,#7107,#7108);
#7110=PLANE('NONE',#7109);
#7111=FACE_SURFACE('NONE',(#7106),#7110,.T.);
#7112=POLY_LOOP('NONE',(#887,#886,#170,#169));
#7113=FACE_OUTER_BOUND('NONE',#7112,.T.);
#7114=DIRECTION('NONE',(-0.646545,0.762876,0));
#7115=DIRECTION('NONE',(-0.762876,-0.646545,0));
#7116=AXIS2_PLACEMENT_3D('NONE',#887,#7114,#7115);
#7117=PLANE('NONE',#7116);
#7118=FACE_SURFACE('NONE',(#7113),#7117,.T.);
#7119=POLY_LOOP('NONE',(#886,#885,#171,#170));
#7120=FACE_OUTER_BOUND('NONE',#7119,.T.);
#7121=DIRECTION('NONE',(-0.524071,0.851675,0));
#7122=DIRECTION('NONE',(-0.851675,-0.524071,0));
#7123=AXIS2_PLACEMENT_3D('NONE',#886,#7121,#7122);
#7124=PLANE('NONE',#7123);
#7125=FACE_SURFACE('NONE',(#7120),#7124,.T.);
#7126=POLY_LOOP('NONE',(#885,#884,#172,#171));
#7127=FACE_OUTER_BOUND('NONE',#7126,.T.);
#7128=DIRECTION('NONE',(-0.39548,0.918474,0));
#7129=DIRECTION('NONE',(-0.918474,-0.39548,0));
#7130=AXIS2_PLACEMENT_3D('NONE',#885,#7128,#7129);
#7131=PLANE('NONE',#7130);
#7132=FACE_SURFACE('NONE',(#7127),#7131,.T.);
#7133=POLY_LOOP('NONE',(#884,#883,#173,#172));
#7134=FACE_OUTER_BOUND('NONE',#7133,.T.);
#7135=DIRECTION('NONE',(-0.227602,0.973754,0));
#7136=DIRECTION('NONE',(-0.973754,-0.227602,0));
#7137=AXIS2_PLACEMENT_3D('NONE',#884,#7135,#7136);
#7138=PLANE('NONE',#7137);
#7139=FACE_SURFACE('NONE',(#7134),#7138,.T.);
#7140=POLY_LOOP('NONE',(#470,#1088,#1087,#471));
#7141=FACE_OUTER_BOUND('NONE',#7140,.T.);
#7142=DIRECTION('NONE',(-0.070261,0.997529,0));
#7143=DIRECTION('NONE',(0,0,-1));
#7144=AXIS2_PLACEMENT_3D('NONE',#470,#7142,#7143);
#7145=PLANE('NONE',#7144);
#7146=FACE_SURFACE('NONE',(#7141),#7145,.T.);
#7147=POLY_LOOP('NONE',(#883,#882,#174,#173));
#7148=FACE_OUTER_BOUND('NONE',#7147,.T.);
#7149=DIRECTION('NONE',(-0.086099,0.996287,0));
#7150=DIRECTION('NONE',(-0.996287,-0.086099,0));
#7151=AXIS2_PLACEMENT_3D('NONE',#883,#7149,#7150);
#7152=PLANE('NONE',#7151);
#7153=FACE_SURFACE('NONE',(#7148),#7152,.T.);
#7154=POLY_LOOP('NONE',(#1306,#520,#519,#1307));
#7155=FACE_OUTER_BOUND('NONE',#7154,.T.);
#7156=DIRECTION('NONE',(0.932263,-0.36178,0));
#7157=DIRECTION('NONE',(0,0,1));
#7158=AXIS2_PLACEMENT_3D('NONE',#1306,#7156,#7157);
#7159=PLANE('NONE',#7158);
#7160=FACE_SURFACE('NONE',(#7155),#7159,.T.);
#7161=POLY_LOOP('NONE',(#474,#1084,#1083,#475));
#7162=FACE_OUTER_BOUND('NONE',#7161,.T.);
#7163=DIRECTION('NONE',(0.12574,0.992063,0));
#7164=DIRECTION('NONE',(0,0,-1));
#7165=AXIS2_PLACEMENT_3D('NONE',#474,#7163,#7164);
#7166=PLANE('NONE',#7165);
#7167=FACE_SURFACE('NONE',(#7162),#7166,.T.);
#7168=POLY_LOOP('NONE',(#904,#903,#153,#152));
#7169=FACE_OUTER_BOUND('NONE',#7168,.T.);
#7170=DIRECTION('NONE',(0,-1,0));
#7171=DIRECTION('NONE',(1,0,0));
#7172=AXIS2_PLACEMENT_3D('NONE',#904,#7170,#7171);
#7173=PLANE('NONE',#7172);
#7174=FACE_SURFACE('NONE',(#7169),#7173,.T.);
#7175=POLY_LOOP('NONE',(#520,#1306,#1305,#521));
#7176=FACE_OUTER_BOUND('NONE',#7175,.T.);
#7177=DIRECTION('NONE',(0.918402,-0.395649,0));
#7178=DIRECTION('NONE',(0,0,-1));
#7179=AXIS2_PLACEMENT_3D('NONE',#520,#7177,#7178);
#7180=PLANE('NONE',#7179);
#7181=FACE_SURFACE('NONE',(#7176),#7180,.T.);
#7182=POLY_LOOP('NONE',(#867,#866,#190,#189));
#7183=FACE_OUTER_BOUND('NONE',#7182,.T.);
#7184=DIRECTION('NONE',(0.851659,-0.524096,0));
#7185=DIRECTION('NONE',(0.524096,0.851659,0));
#7186=AXIS2_PLACEMENT_3D('NONE',#867,#7184,#7185);
#7187=PLANE('NONE',#7186);
#7188=FACE_SURFACE('NONE',(#7183),#7187,.T.);
#7189=POLY_LOOP('NONE',(#869,#868,#188,#187));
#7190=FACE_OUTER_BOUND('NONE',#7189,.T.);
#7191=DIRECTION('NONE',(0.973749,-0.227626,0));
#7192=DIRECTION('NONE',(0.227626,0.973749,0));
#7193=AXIS2_PLACEMENT_3D('NONE',#869,#7191,#7192);
#7194=PLANE('NONE',#7193);
#7195=FACE_SURFACE('NONE',(#7190),#7194,.T.);
#7196=POLY_LOOP('NONE',(#867,#189,#188,#868));
#7197=FACE_OUTER_BOUND('NONE',#7196,.T.);
#7198=DIRECTION('NONE',(0.918488,-0.395449,0));
#7199=DIRECTION('NONE',(0,0,1));
#7200=AXIS2_PLACEMENT_3D('NONE',#867,#7198,#7199);
#7201=PLANE('NONE',#7200);
#7202=FACE_SURFACE('NONE',(#7197),#7201,.T.);
#7203=POLY_LOOP('NONE',(#1206,#1205,#481,#480));
#7204=FACE_OUTER_BOUND('NONE',#7203,.T.);
#7205=DIRECTION('NONE',(0.402276,0.915519,0));
#7206=DIRECTION('NONE',(-0.915519,0.402276,0));
#7207=AXIS2_PLACEMENT_3D('NONE',#1206,#7205,#7206);
#7208=PLANE('NONE',#7207);
#7209=FACE_SURFACE('NONE',(#7204),#7208,.T.);
#7210=POLY_LOOP('NONE',(#869,#187,#186,#870));
#7211=FACE_OUTER_BOUND('NONE',#7210,.T.);
#7212=DIRECTION('NONE',(0.996286,-0.086101,0));
#7213=DIRECTION('NONE',(0,0,1));
#7214=AXIS2_PLACEMENT_3D('NONE',#869,#7212,#7213);
#7215=PLANE('NONE',#7214);
#7216=FACE_SURFACE('NONE',(#7211),#7215,.T.);
#7217=POLY_LOOP('NONE',(#866,#865,#191,#190));
#7218=FACE_OUTER_BOUND('NONE',#7217,.T.);
#7219=DIRECTION('NONE',(0.762899,-0.646518,0));
#7220=DIRECTION('NONE',(0.646518,0.762899,0));
#7221=AXIS2_PLACEMENT_3D('NONE',#866,#7219,#7220);
#7222=PLANE('NONE',#7221);
#7223=FACE_SURFACE('NONE',(#7218),#7222,.T.);
#7224=POLY_LOOP('NONE',(#865,#864,#148,#191));
#7225=FACE_OUTER_BOUND('NONE',#7224,.T.);
#7226=DIRECTION('NONE',(0.646516,-0.762901,0));
#7227=DIRECTION('NONE',(0.762901,0.646516,0));
#7228=AXIS2_PLACEMENT_3D('NONE',#865,#7226,#7227);
#7229=PLANE('NONE',#7228);
#7230=FACE_SURFACE('NONE',(#7225),#7229,.T.);
#7231=POLY_LOOP('NONE',(#1089,#469,#468,#1090));
#7232=FACE_OUTER_BOUND('NONE',#7231,.T.);
#7233=DIRECTION('NONE',(-0.168979,0.98562,0));
#7234=DIRECTION('NONE',(0,0,1));
#7235=AXIS2_PLACEMENT_3D('NONE',#1089,#7233,#7234);
#7236=PLANE('NONE',#7235);
#7237=FACE_SURFACE('NONE',(#7232),#7236,.T.);
#7238=POLY_LOOP('NONE',(#1029,#286,#285,#1030));
#7239=FACE_OUTER_BOUND('NONE',#7238,.T.);
#7240=DIRECTION('NONE',(-0.918419,0.39561,0));
#7241=DIRECTION('NONE',(0,0,1));
#7242=AXIS2_PLACEMENT_3D('NONE',#1029,#7240,#7241);
#7243=PLANE('NONE',#7242);
#7244=FACE_SURFACE('NONE',(#7239),#7243,.T.);
#7245=POLY_LOOP('NONE',(#286,#1029,#1028,#287));
#7246=FACE_OUTER_BOUND('NONE',#7245,.T.);
#7247=DIRECTION('NONE',(-0.888795,0.458304,0));
#7248=DIRECTION('NONE',(0,0,-1));
#7249=AXIS2_PLACEMENT_3D('NONE',#286,#7247,#7248);
#7250=PLANE('NONE',#7249);
#7251=FACE_SURFACE('NONE',(#7246),#7250,.T.);
#7252=POLY_LOOP('NONE',(#1429,#676,#675,#1430));
#7253=FACE_OUTER_BOUND('NONE',#7252,.T.);
#7254=DIRECTION('NONE',(-0.918402,-0.395649,0));
#7255=DIRECTION('NONE',(0,0,1));
#7256=AXIS2_PLACEMENT_3D('NONE',#1429,#7254,#7255);
#7257=PLANE('NONE',#7256);
#7258=FACE_SURFACE('NONE',(#7253),#7257,.T.);
#7259=POLY_LOOP('NONE',(#1024,#291,#290,#1025));
#7260=FACE_OUTER_BOUND('NONE',#7259,.T.);
#7261=DIRECTION('NONE',(-0.7863,0.617845,0));
#7262=DIRECTION('NONE',(0,0,1));
#7263=AXIS2_PLACEMENT_3D('NONE',#1024,#7261,#7262);
#7264=PLANE('NONE',#7263);
#7265=FACE_SURFACE('NONE',(#7260),#7264,.T.);
#7266=POLY_LOOP('NONE',(#1103,#455,#454,#1104));
#7267=FACE_OUTER_BOUND('NONE',#7266,.T.);
#7268=DIRECTION('NONE',(-0.761216,0.648499,0));
#7269=DIRECTION('NONE',(0,0,1));
#7270=AXIS2_PLACEMENT_3D('NONE',#1103,#7268,#7269);
#7271=PLANE('NONE',#7270);
#7272=FACE_SURFACE('NONE',(#7267),#7271,.T.);
#7273=POLY_LOOP('NONE',(#1291,#1290,#536,#535));
#7274=FACE_OUTER_BOUND('NONE',#7273,.T.);
#7275=DIRECTION('NONE',(0.402256,-0.915527,0));
#7276=DIRECTION('NONE',(0.915527,0.402256,0));
#7277=AXIS2_PLACEMENT_3D('NONE',#1291,#7275,#7276);
#7278=PLANE('NONE',#7277);
#7279=FACE_SURFACE('NONE',(#7274),#7278,.T.);
#7280=POLY_LOOP('NONE',(#864,#863,#149,#148));
#7281=FACE_OUTER_BOUND('NONE',#7280,.T.);
#7282=DIRECTION('NONE',(0.524114,-0.851648,0));
#7283=DIRECTION('NONE',(0.851648,0.524114,0));
#7284=AXIS2_PLACEMENT_3D('NONE',#864,#7282,#7283);
#7285=PLANE('NONE',#7284);
#7286=FACE_SURFACE('NONE',(#7281),#7285,.T.);
#7287=POLY_LOOP('NONE',(#1103,#1102,#456,#455));
#7288=FACE_OUTER_BOUND('NONE',#7287,.T.);
#7289=DIRECTION('NONE',(-0.727803,0.685786,0));
#7290=DIRECTION('NONE',(-0.685786,-0.727803,0));
#7291=AXIS2_PLACEMENT_3D('NONE',#1103,#7289,#7290);
#7292=PLANE('NONE',#7291);
#7293=FACE_SURFACE('NONE',(#7288),#7292,.T.);
#7294=POLY_LOOP('NONE',(#863,#862,#150,#149));
#7295=FACE_OUTER_BOUND('NONE',#7294,.T.);
#7296=DIRECTION('NONE',(0.395437,-0.918493,0));
#7297=DIRECTION('NONE',(0.918493,0.395437,0));
#7298=AXIS2_PLACEMENT_3D('NONE',#863,#7296,#7297);
#7299=PLANE('NONE',#7298);
#7300=FACE_SURFACE('NONE',(#7295),#7299,.T.);
#7301=POLY_LOOP('NONE',(#457,#1101,#1100,#458));
#7302=FACE_OUTER_BOUND('NONE',#7301,.T.);
#7303=DIRECTION('NONE',(-0.656552,0.754281,0));
#7304=DIRECTION('NONE',(0,0,-1));
#7305=AXIS2_PLACEMENT_3D('NONE',#457,#7303,#7304);
#7306=PLANE('NONE',#7305);
#7307=FACE_SURFACE('NONE',(#7302),#7306,.T.);
#7308=POLY_LOOP('NONE',(#666,#665,#1440,#1439));
#7309=FACE_OUTER_BOUND('NONE',#7308,.T.);
#7310=DIRECTION('NONE',(-0.617878,-0.786274,0));
#7311=DIRECTION('NONE',(-0.786274,0.617878,0));
#7312=AXIS2_PLACEMENT_3D('NONE',#666,#7310,#7311);
#7313=PLANE('NONE',#7312);
#7314=FACE_SURFACE('NONE',(#7309),#7313,.T.);
#7315=POLY_LOOP('NONE',(#1096,#462,#461,#1097));
#7316=FACE_OUTER_BOUND('NONE',#7315,.T.);
#7317=DIRECTION('NONE',(-0.491614,0.870813,0));
#7318=DIRECTION('NONE',(0,0,1));
#7319=AXIS2_PLACEMENT_3D('NONE',#1096,#7317,#7318);
#7320=PLANE('NONE',#7319);
#7321=FACE_SURFACE('NONE',(#7316),#7320,.T.);
#7322=POLY_LOOP('NONE',(#462,#1096,#1095,#463));
#7323=FACE_OUTER_BOUND('NONE',#7322,.T.);
#7324=DIRECTION('NONE',(-0.452819,0.891602,0));
#7325=DIRECTION('NONE',(0,0,-1));
#7326=AXIS2_PLACEMENT_3D('NONE',#462,#7324,#7325);
#7327=PLANE('NONE',#7326);
#7328=FACE_SURFACE('NONE',(#7323),#7327,.T.);
#7329=POLY_LOOP('NONE',(#463,#1095,#1094,#464));
#7330=FACE_OUTER_BOUND('NONE',#7329,.T.);
#7331=DIRECTION('NONE',(-0.402276,0.915519,0));
#7332=DIRECTION('NONE',(0,0,-1));
#7333=AXIS2_PLACEMENT_3D('NONE',#463,#7331,#7332);
#7334=PLANE('NONE',#7333);
#7335=FACE_SURFACE('NONE',(#7330),#7334,.T.);
#7336=POLY_LOOP('NONE',(#1433,#1432,#673,#672));
#7337=FACE_OUTER_BOUND('NONE',#7336,.T.);
#7338=DIRECTION('NONE',(-0.844827,-0.535039,0));
#7339=DIRECTION('NONE',(0.535039,-0.844827,0));
#7340=AXIS2_PLACEMENT_3D('NONE',#1433,#7338,#7339);
#7341=PLANE('NONE',#7340);
#7342=FACE_SURFACE('NONE',(#7337),#7341,.T.);
#7343=POLY_LOOP('NONE',(#447,#446,#1112,#1111));
#7344=FACE_OUTER_BOUND('NONE',#7343,.T.);
#7345=DIRECTION('NONE',(-0.950096,0.311957,0));
#7346=DIRECTION('NONE',(0.311957,0.950096,0));
#7347=AXIS2_PLACEMENT_3D('NONE',#447,#7345,#7346);
#7348=PLANE('NONE',#7347);
#7349=FACE_SURFACE('NONE',(#7344),#7348,.T.);
#7350=POLY_LOOP('NONE',(#644,#1461,#1460,#645));
#7351=FACE_OUTER_BOUND('NONE',#7350,.T.);
#7352=DIRECTION('NONE',(0.366527,-0.930407,0));
#7353=DIRECTION('NONE',(0,0,-1));
#7354=AXIS2_PLACEMENT_3D('NONE',#644,#7352,#7353);
#7355=PLANE('NONE',#7354);
#7356=FACE_SURFACE('NONE',(#7351),#7355,.T.);
#7357=POLY_LOOP('NONE',(#1136,#422,#421,#1137));
#7358=FACE_OUTER_BOUND('NONE',#7357,.T.);
#7359=DIRECTION('NONE',(-0.617812,-0.786326,0));
#7360=DIRECTION('NONE',(0,0,1));
#7361=AXIS2_PLACEMENT_3D('NONE',#1136,#7359,#7360);
#7362=PLANE('NONE',#7361);
#7363=FACE_SURFACE('NONE',(#7358),#7362,.T.);
#7364=POLY_LOOP('NONE',(#646,#645,#1460,#1459));
#7365=FACE_OUTER_BOUND('NONE',#7364,.T.);
#7366=DIRECTION('NONE',(0.307857,-0.951433,0));
#7367=DIRECTION('NONE',(-0.951433,-0.307857,0));
#7368=AXIS2_PLACEMENT_3D('NONE',#646,#7366,#7367);
#7369=PLANE('NONE',#7368);
#7370=FACE_SURFACE('NONE',(#7365),#7369,.T.);
#7371=POLY_LOOP('NONE',(#646,#1459,#1458,#647));
#7372=FACE_OUTER_BOUND('NONE',#7371,.T.);
#7373=DIRECTION('NONE',(0.265458,-0.964123,0));
#7374=DIRECTION('NONE',(0,0,-1));
#7375=AXIS2_PLACEMENT_3D('NONE',#646,#7373,#7374);
#7376=PLANE('NONE',#7375);
#7377=FACE_SURFACE('NONE',(#7372),#7376,.T.);
#7378=POLY_LOOP('NONE',(#270,#269,#1046,#1045));
#7379=FACE_OUTER_BOUND('NONE',#7378,.T.);
#7380=DIRECTION('NONE',(-0.932263,-0.36178,0));
#7381=DIRECTION('NONE',(-0.36178,0.932263,0));
#7382=AXIS2_PLACEMENT_3D('NONE',#270,#7380,#7381);
#7383=PLANE('NONE',#7382);
#7384=FACE_SURFACE('NONE',(#7379),#7383,.T.);
#7385=POLY_LOOP('NONE',(#270,#1045,#1044,#271));
#7386=FACE_OUTER_BOUND('NONE',#7385,.T.);
#7387=DIRECTION('NONE',(-0.950091,-0.311973,0));
#7388=DIRECTION('NONE',(0,0,-1));
#7389=AXIS2_PLACEMENT_3D('NONE',#270,#7387,#7388);
#7390=PLANE('NONE',#7389);
#7391=FACE_SURFACE('NONE',(#7386),#7390,.T.);
#7392=POLY_LOOP('NONE',(#1452,#653,#652,#1453));
#7393=FACE_OUTER_BOUND('NONE',#7392,.T.);
#7394=DIRECTION('NONE',(-0.027752,-0.999615,0));
#7395=DIRECTION('NONE',(0,0,1));
#7396=AXIS2_PLACEMENT_3D('NONE',#1452,#7394,#7395);
#7397=PLANE('NONE',#7396);
#7398=FACE_SURFACE('NONE',(#7393),#7397,.T.);
#7399=POLY_LOOP('NONE',(#654,#653,#1452,#1451));
#7400=FACE_OUTER_BOUND('NONE',#7399,.T.);
#7401=DIRECTION('NONE',(-0.070207,-0.997532,0));
#7402=DIRECTION('NONE',(-0.997532,0.070207,0));
#7403=AXIS2_PLACEMENT_3D('NONE',#654,#7401,#7402);
#7404=PLANE('NONE',#7403);
#7405=FACE_SURFACE('NONE',(#7400),#7404,.T.);
#7406=POLY_LOOP('NONE',(#1126,#432,#431,#1127));
#7407=FACE_OUTER_BOUND('NONE',#7406,.T.);
#7408=DIRECTION('NONE',(-0.91841,-0.395629,0));
#7409=DIRECTION('NONE',(0,0,1));
#7410=AXIS2_PLACEMENT_3D('NONE',#1126,#7408,#7409);
#7411=PLANE('NONE',#7410);
#7412=FACE_SURFACE('NONE',(#7407),#7411,.T.);
#7413=POLY_LOOP('NONE',(#1450,#655,#654,#1451));
#7414=FACE_OUTER_BOUND('NONE',#7413,.T.);
#7415=DIRECTION('NONE',(-0.125793,-0.992057,0));
#7416=DIRECTION('NONE',(0,0,1));
#7417=AXIS2_PLACEMENT_3D('NONE',#1450,#7415,#7416);
#7418=PLANE('NONE',#7417);
#7419=FACE_SURFACE('NONE',(#7414),#7418,.T.);
#7420=POLY_LOOP('NONE',(#1449,#656,#655,#1450));
#7421=FACE_OUTER_BOUND('NONE',#7420,.T.);
#7422=DIRECTION('NONE',(-0.168979,-0.98562,0));
#7423=DIRECTION('NONE',(0,0,1));
#7424=AXIS2_PLACEMENT_3D('NONE',#1449,#7422,#7423);
#7425=PLANE('NONE',#7424);
#7426=FACE_SURFACE('NONE',(#7421),#7425,.T.);
#7427=POLY_LOOP('NONE',(#432,#1126,#1125,#433));
#7428=FACE_OUTER_BOUND('NONE',#7427,.T.);
#7429=DIRECTION('NONE',(-0.932263,-0.36178,0));
#7430=DIRECTION('NONE',(0,0,-1));
#7431=AXIS2_PLACEMENT_3D('NONE',#432,#7429,#7430);
#7432=PLANE('NONE',#7431);
#7433=FACE_SURFACE('NONE',(#7428),#7432,.T.);
#7434=POLY_LOOP('NONE',(#1289,#537,#536,#1290));
#7435=FACE_OUTER_BOUND('NONE',#7434,.T.);
#7436=DIRECTION('NONE',(0.366546,-0.9304,0));
#7437=DIRECTION('NONE',(0,0,1));
#7438=AXIS2_PLACEMENT_3D('NONE',#1289,#7436,#7437);
#7439=PLANE('NONE',#7438);
#7440=FACE_SURFACE('NONE',(#7435),#7439,.T.);
#7441=POLY_LOOP('NONE',(#769,#768,#955,#954));
#7442=FACE_OUTER_BOUND('NONE',#7441,.T.);
#7443=DIRECTION('NONE',(1,0,0));
#7444=DIRECTION('NONE',(0,1,0));
#7445=AXIS2_PLACEMENT_3D('NONE',#769,#7443,#7444);
#7446=PLANE('NONE',#7445);
#7447=FACE_SURFACE('NONE',(#7442),#7446,.T.);
#7448=POLY_LOOP('NONE',(#538,#537,#1289,#1288));
#7449=FACE_OUTER_BOUND('NONE',#7448,.T.);
#7450=DIRECTION('NONE',(0.307857,-0.951433,0));
#7451=DIRECTION('NONE',(-0.951433,-0.307857,0));
#7452=AXIS2_PLACEMENT_3D('NONE',#538,#7450,#7451);
#7453=PLANE('NONE',#7452);
#7454=FACE_SURFACE('NONE',(#7449),#7453,.T.);
#7455=POLY_LOOP('NONE',(#656,#1449,#1448,#657));
#7456=FACE_OUTER_BOUND('NONE',#7455,.T.);
#7457=DIRECTION('NONE',(-0.225874,-0.974156,0));
#7458=DIRECTION('NONE',(0,0,-1));
#7459=AXIS2_PLACEMENT_3D('NONE',#656,#7457,#7458);
#7460=PLANE('NONE',#7459);
#7461=FACE_SURFACE('NONE',(#7456),#7460,.T.);
#7462=POLY_LOOP('NONE',(#770,#769,#954,#953));
#7463=FACE_OUTER_BOUND('NONE',#7462,.T.);
#7464=DIRECTION('NONE',(0,1,0));
#7465=DIRECTION('NONE',(-1,0,0));
#7466=AXIS2_PLACEMENT_3D('NONE',#770,#7464,#7465);
#7467=PLANE('NONE',#7466);
#7468=FACE_SURFACE('NONE',(#7463),#7467,.T.);
#7469=POLY_LOOP('NONE',(#642,#1463,#1462,#643));
#7470=FACE_OUTER_BOUND('NONE',#7469,.T.);
#7471=DIRECTION('NONE',(0.452841,-0.891591,0));
#7472=DIRECTION('NONE',(0,0,-1));
#7473=AXIS2_PLACEMENT_3D('NONE',#642,#7471,#7472);
#7474=PLANE('NONE',#7473);
#7475=FACE_SURFACE('NONE',(#7470),#7474,.T.);
#7476=POLY_LOOP('NONE',(#643,#1462,#1461,#644));
#7477=FACE_OUTER_BOUND('NONE',#7476,.T.);
#7478=DIRECTION('NONE',(0.402276,-0.915519,0));
#7479=DIRECTION('NONE',(0,0,-1));
#7480=AXIS2_PLACEMENT_3D('NONE',#643,#7478,#7479);
#7481=PLANE('NONE',#7480);
#7482=FACE_SURFACE('NONE',(#7477),#7481,.T.);
#7483=POLY_LOOP('NONE',(#447,#1111,#1110,#448));
#7484=FACE_OUTER_BOUND('NONE',#7483,.T.);
#7485=DIRECTION('NONE',(-0.932256,0.361798,0));
#7486=DIRECTION('NONE',(0,0,-1));
#7487=AXIS2_PLACEMENT_3D('NONE',#447,#7485,#7486);
#7488=PLANE('NONE',#7487);
#7489=FACE_SURFACE('NONE',(#7484),#7488,.T.);
#7490=POLY_LOOP('NONE',(#1109,#449,#448,#1110));
#7491=FACE_OUTER_BOUND('NONE',#7490,.T.);
#7492=DIRECTION('NONE',(-0.918419,0.39561,0));
#7493=DIRECTION('NONE',(0,0,1));
#7494=AXIS2_PLACEMENT_3D('NONE',#1109,#7492,#7493);
#7495=PLANE('NONE',#7494);
#7496=FACE_SURFACE('NONE',(#7491),#7495,.T.);
#7497=POLY_LOOP('NONE',(#449,#1109,#1108,#450));
#7498=FACE_OUTER_BOUND('NONE',#7497,.T.);
#7499=DIRECTION('NONE',(-0.888795,0.458304,0));
#7500=DIRECTION('NONE',(0,0,-1));
#7501=AXIS2_PLACEMENT_3D('NONE',#449,#7499,#7500);
#7502=PLANE('NONE',#7501);
#7503=FACE_SURFACE('NONE',(#7498),#7502,.T.);
#7504=POLY_LOOP('NONE',(#647,#1458,#1457,#648));
#7505=FACE_OUTER_BOUND('NONE',#7504,.T.);
#7506=DIRECTION('NONE',(0.225874,-0.974156,0));
#7507=DIRECTION('NONE',(0,0,-1));
#7508=AXIS2_PLACEMENT_3D('NONE',#647,#7506,#7507);
#7509=PLANE('NONE',#7508);
#7510=FACE_SURFACE('NONE',(#7505),#7509,.T.);
#7511=POLY_LOOP('NONE',(#649,#648,#1457,#1456));
#7512=FACE_OUTER_BOUND('NONE',#7511,.T.);
#7513=DIRECTION('NONE',(0.168979,-0.98562,0));
#7514=DIRECTION('NONE',(-0.98562,-0.168979,0));
#7515=AXIS2_PLACEMENT_3D('NONE',#649,#7513,#7514);
#7516=PLANE('NONE',#7515);
#7517=FACE_SURFACE('NONE',(#7512),#7516,.T.);
#7518=POLY_LOOP('NONE',(#650,#649,#1456,#1455));
#7519=FACE_OUTER_BOUND('NONE',#7518,.T.);
#7520=DIRECTION('NONE',(0.125786,-0.992057,0));
#7521=DIRECTION('NONE',(-0.992057,-0.125786,0));
#7522=AXIS2_PLACEMENT_3D('NONE',#650,#7520,#7521);
#7523=PLANE('NONE',#7522);
#7524=FACE_SURFACE('NONE',(#7519),#7523,.T.);
#7525=POLY_LOOP('NONE',(#1106,#1105,#453,#452));
#7526=FACE_OUTER_BOUND('NONE',#7525,.T.);
#7527=DIRECTION('NONE',(-0.816587,0.577223,0));
#7528=DIRECTION('NONE',(-0.577223,-0.816587,0));
#7529=AXIS2_PLACEMENT_3D('NONE',#1106,#7527,#7528);
#7530=PLANE('NONE',#7529);
#7531=FACE_SURFACE('NONE',(#7526),#7530,.T.);
#7532=POLY_LOOP('NONE',(#1279,#547,#546,#1280));
#7533=FACE_OUTER_BOUND('NONE',#7532,.T.);
#7534=DIRECTION('NONE',(-0.125786,-0.992057,0));
#7535=DIRECTION('NONE',(0,0,1));
#7536=AXIS2_PLACEMENT_3D('NONE',#1279,#7534,#7535);
#7537=PLANE('NONE',#7536);
#7538=FACE_SURFACE('NONE',(#7533),#7537,.T.);
#7539=POLY_LOOP('NONE',(#453,#1105,#1104,#454));
#7540=FACE_OUTER_BOUND('NONE',#7539,.T.);
#7541=DIRECTION('NONE',(-0.786326,0.617812,0));
#7542=DIRECTION('NONE',(0,0,-1));
#7543=AXIS2_PLACEMENT_3D('NONE',#453,#7541,#7542);
#7544=PLANE('NONE',#7543);
#7545=FACE_SURFACE('NONE',(#7540),#7544,.T.);
#7546=POLY_LOOP('NONE',(#650,#1455,#1454,#651));
#7547=FACE_OUTER_BOUND('NONE',#7546,.T.);
#7548=DIRECTION('NONE',(0.070211,-0.997532,0));
#7549=DIRECTION('NONE',(0,0,-1));
#7550=AXIS2_PLACEMENT_3D('NONE',#650,#7548,#7549);
#7551=PLANE('NONE',#7550);
#7552=FACE_SURFACE('NONE',(#7547),#7551,.T.);
#7553=POLY_LOOP('NONE',(#1453,#652,#651,#1454));
#7554=FACE_OUTER_BOUND('NONE',#7553,.T.);
#7555=DIRECTION('NONE',(0.028143,-0.999604,0));
#7556=DIRECTION('NONE',(0,0,1));
#7557=AXIS2_PLACEMENT_3D('NONE',#1453,#7555,#7556);
#7558=PLANE('NONE',#7557);
#7559=FACE_SURFACE('NONE',(#7554),#7558,.T.);
#7560=POLY_LOOP('NONE',(#422,#1136,#1135,#423));
#7561=FACE_OUTER_BOUND('NONE',#7560,.T.);
#7562=DIRECTION('NONE',(-0.656552,-0.754281,0));
#7563=DIRECTION('NONE',(0,0,-1));
#7564=AXIS2_PLACEMENT_3D('NONE',#422,#7562,#7563);
#7565=PLANE('NONE',#7564);
#7566=FACE_SURFACE('NONE',(#7561),#7565,.T.);
#7567=POLY_LOOP('NONE',(#423,#1135,#1134,#424));
#7568=FACE_OUTER_BOUND('NONE',#7567,.T.);
#7569=DIRECTION('NONE',(-0.685786,-0.727803,0));
#7570=DIRECTION('NONE',(0,0,-1));
#7571=AXIS2_PLACEMENT_3D('NONE',#423,#7569,#7570);
#7572=PLANE('NONE',#7571);
#7573=FACE_SURFACE('NONE',(#7568),#7572,.T.);
#7574=POLY_LOOP('NONE',(#1134,#1133,#425,#424));
#7575=FACE_OUTER_BOUND('NONE',#7574,.T.);
#7576=DIRECTION('NONE',(-0.727803,-0.685786,0));
#7577=DIRECTION('NONE',(0.685786,-0.727803,0));
#7578=AXIS2_PLACEMENT_3D('NONE',#1134,#7576,#7577);
#7579=PLANE('NONE',#7578);
#7580=FACE_SURFACE('NONE',(#7575),#7579,.T.);
#7581=POLY_LOOP('NONE',(#425,#1133,#1132,#426));
#7582=FACE_OUTER_BOUND('NONE',#7581,.T.);
#7583=DIRECTION('NONE',(-0.761216,-0.648499,0));
#7584=DIRECTION('NONE',(0,0,-1));
#7585=AXIS2_PLACEMENT_3D('NONE',#425,#7583,#7584);
#7586=PLANE('NONE',#7585);
#7587=FACE_SURFACE('NONE',(#7582),#7586,.T.);
#7588=POLY_LOOP('NONE',(#1131,#427,#426,#1132));
#7589=FACE_OUTER_BOUND('NONE',#7588,.T.);
#7590=DIRECTION('NONE',(-0.786346,-0.617786,0));
#7591=DIRECTION('NONE',(0,0,1));
#7592=AXIS2_PLACEMENT_3D('NONE',#1131,#7590,#7591);
#7593=PLANE('NONE',#7592);
#7594=FACE_SURFACE('NONE',(#7589),#7593,.T.);
#7595=POLY_LOOP('NONE',(#1448,#1447,#658,#657));
#7596=FACE_OUTER_BOUND('NONE',#7595,.T.);
#7597=DIRECTION('NONE',(-0.265444,-0.964126,0));
#7598=DIRECTION('NONE',(0.964126,-0.265444,0));
#7599=AXIS2_PLACEMENT_3D('NONE',#1448,#7597,#7598);
#7600=PLANE('NONE',#7599);
#7601=FACE_SURFACE('NONE',(#7596),#7600,.T.);
#7602=POLY_LOOP('NONE',(#1130,#428,#427,#1131));
#7603=FACE_OUTER_BOUND('NONE',#7602,.T.);
#7604=DIRECTION('NONE',(-0.816569,-0.577248,0));
#7605=DIRECTION('NONE',(0,0,1));
#7606=AXIS2_PLACEMENT_3D('NONE',#1130,#7604,#7605);
#7607=PLANE('NONE',#7606);
#7608=FACE_SURFACE('NONE',(#7603),#7607,.T.);
#7609=POLY_LOOP('NONE',(#1446,#659,#658,#1447));
#7610=FACE_OUTER_BOUND('NONE',#7609,.T.);
#7611=DIRECTION('NONE',(-0.307857,-0.951433,0));
#7612=DIRECTION('NONE',(0,0,1));
#7613=AXIS2_PLACEMENT_3D('NONE',#1446,#7611,#7612);
#7614=PLANE('NONE',#7613);
#7615=FACE_SURFACE('NONE',(#7610),#7614,.T.);
#7616=POLY_LOOP('NONE',(#1130,#1129,#429,#428));
#7617=FACE_OUTER_BOUND('NONE',#7616,.T.);
#7618=DIRECTION('NONE',(-0.844836,-0.535025,0));
#7619=DIRECTION('NONE',(0.535025,-0.844836,0));
#7620=AXIS2_PLACEMENT_3D('NONE',#1130,#7618,#7619);
#7621=PLANE('NONE',#7620);
#7622=FACE_SURFACE('NONE',(#7617),#7621,.T.);
#7623=POLY_LOOP('NONE',(#260,#259,#1056,#1055));
#7624=FACE_OUTER_BOUND('NONE',#7623,.T.);
#7625=DIRECTION('NONE',(-0.656526,-0.754304,0));
#7626=DIRECTION('NONE',(-0.754304,0.656526,0));
#7627=AXIS2_PLACEMENT_3D('NONE',#260,#7625,#7626);
#7628=PLANE('NONE',#7627);
#7629=FACE_SURFACE('NONE',(#7624),#7628,.T.);
#7630=POLY_LOOP('NONE',(#429,#1129,#1128,#430));
#7631=FACE_OUTER_BOUND('NONE',#7630,.T.);
#7632=DIRECTION('NONE',(-0.870813,-0.491614,0));
#7633=DIRECTION('NONE',(0,0,-1));
#7634=AXIS2_PLACEMENT_3D('NONE',#429,#7632,#7633);
#7635=PLANE('NONE',#7634);
#7636=FACE_SURFACE('NONE',(#7631),#7635,.T.);
#7637=POLY_LOOP('NONE',(#1127,#431,#430,#1128));
#7638=FACE_OUTER_BOUND('NONE',#7637,.T.);
#7639=DIRECTION('NONE',(-0.888807,-0.458283,0));
#7640=DIRECTION('NONE',(0,0,1));
#7641=AXIS2_PLACEMENT_3D('NONE',#1127,#7639,#7640);
#7642=PLANE('NONE',#7641);
#7643=FACE_SURFACE('NONE',(#7638),#7642,.T.);
#7644=POLY_LOOP('NONE',(#1301,#525,#524,#1302));
#7645=FACE_OUTER_BOUND('NONE',#7644,.T.);
#7646=DIRECTION('NONE',(0.816569,-0.577248,0));
#7647=DIRECTION('NONE',(0,0,1));
#7648=AXIS2_PLACEMENT_3D('NONE',#1301,#7646,#7647);
#7649=PLANE('NONE',#7648);
#7650=FACE_SURFACE('NONE',(#7645),#7649,.T.);
#7651=POLY_LOOP('NONE',(#1125,#1124,#434,#433));
#7652=FACE_OUTER_BOUND('NONE',#7651,.T.);
#7653=DIRECTION('NONE',(-0.950091,-0.311973,0));
#7654=DIRECTION('NONE',(0.311973,-0.950091,0));
#7655=AXIS2_PLACEMENT_3D('NONE',#1125,#7653,#7654);
#7656=PLANE('NONE',#7655);
#7657=FACE_SURFACE('NONE',(#7652),#7656,.T.);
#7658=POLY_LOOP('NONE',(#526,#525,#1301,#1300));
#7659=FACE_OUTER_BOUND('NONE',#7658,.T.);
#7660=DIRECTION('NONE',(0.786326,-0.617812,0));
#7661=DIRECTION('NONE',(-0.617812,-0.786326,0));
#7662=AXIS2_PLACEMENT_3D('NONE',#526,#7660,#7661);
#7663=PLANE('NONE',#7662);
#7664=FACE_SURFACE('NONE',(#7659),#7663,.T.);
#7665=POLY_LOOP('NONE',(#1123,#435,#434,#1124));
#7666=FACE_OUTER_BOUND('NONE',#7665,.T.);
#7667=DIRECTION('NONE',(-0.964113,-0.265493,0));
#7668=DIRECTION('NONE',(0,0,1));
#7669=AXIS2_PLACEMENT_3D('NONE',#1123,#7667,#7668);
#7670=PLANE('NONE',#7669);
#7671=FACE_SURFACE('NONE',(#7666),#7670,.T.);
#7672=POLY_LOOP('NONE',(#1121,#437,#436,#1122));
#7673=FACE_OUTER_BOUND('NONE',#7672,.T.);
#7674=DIRECTION('NONE',(-0.98562,-0.168979,0));
#7675=DIRECTION('NONE',(0,0,1));
#7676=AXIS2_PLACEMENT_3D('NONE',#1121,#7674,#7675);
#7677=PLANE('NONE',#7676);
#7678=FACE_SURFACE('NONE',(#7673),#7677,.T.);
#7679=POLY_LOOP('NONE',(#437,#1121,#1120,#438));
#7680=FACE_OUTER_BOUND('NONE',#7679,.T.);
#7681=DIRECTION('NONE',(-0.992064,-0.125734,0));
#7682=DIRECTION('NONE',(0,0,-1));
#7683=AXIS2_PLACEMENT_3D('NONE',#437,#7681,#7682);
#7684=PLANE('NONE',#7683);
#7685=FACE_SURFACE('NONE',(#7680),#7684,.T.);
#7686=POLY_LOOP('NONE',(#284,#283,#1032,#1031));
#7687=FACE_OUTER_BOUND('NONE',#7686,.T.);
#7688=DIRECTION('NONE',(-0.950096,0.311957,0));
#7689=DIRECTION('NONE',(0.311957,0.950096,0));
#7690=AXIS2_PLACEMENT_3D('NONE',#284,#7688,#7689);
#7691=PLANE('NONE',#7690);
#7692=FACE_SURFACE('NONE',(#7687),#7691,.T.);
#7693=POLY_LOOP('NONE',(#1119,#439,#438,#1120));
#7694=FACE_OUTER_BOUND('NONE',#7693,.T.);
#7695=DIRECTION('NONE',(-0.997528,-0.070264,0));
#7696=DIRECTION('NONE',(0,0,1));
#7697=AXIS2_PLACEMENT_3D('NONE',#1119,#7695,#7696);
#7698=PLANE('NONE',#7697);
#7699=FACE_SURFACE('NONE',(#7694),#7698,.T.);
#7700=POLY_LOOP('NONE',(#862,#905,#151,#150));
#7701=FACE_OUTER_BOUND('NONE',#7700,.T.);
#7702=DIRECTION('NONE',(0.227646,-0.973744,0));
#7703=DIRECTION('NONE',(0.973744,0.227646,0));
#7704=AXIS2_PLACEMENT_3D('NONE',#862,#7702,#7703);
#7705=PLANE('NONE',#7704);
#7706=FACE_SURFACE('NONE',(#7701),#7705,.T.);
#7707=POLY_LOOP('NONE',(#439,#1119,#1118,#440));
#7708=FACE_OUTER_BOUND('NONE',#7707,.T.);
#7709=DIRECTION('NONE',(-0.999604,-0.028143,0));
#7710=DIRECTION('NONE',(0,0,-1));
#7711=AXIS2_PLACEMENT_3D('NONE',#439,#7709,#7710);
#7712=PLANE('NONE',#7711);
#7713=FACE_SURFACE('NONE',(#7708),#7712,.T.);
#7714=POLY_LOOP('NONE',(#905,#904,#152,#151));
#7715=FACE_OUTER_BOUND('NONE',#7714,.T.);
#7716=DIRECTION('NONE',(0.086099,-0.996287,0));
#7717=DIRECTION('NONE',(0.996287,0.086099,0));
#7718=AXIS2_PLACEMENT_3D('NONE',#905,#7716,#7717);
#7719=PLANE('NONE',#7718);
#7720=FACE_SURFACE('NONE',(#7715),#7719,.T.);
#7721=POLY_LOOP('NONE',(#1117,#441,#440,#1118));
#7722=FACE_OUTER_BOUND('NONE',#7721,.T.);
#7723=DIRECTION('NONE',(-0.999604,0.028143,0));
#7724=DIRECTION('NONE',(0,0,1));
#7725=AXIS2_PLACEMENT_3D('NONE',#1117,#7723,#7724);
#7726=PLANE('NONE',#7725);
#7727=FACE_SURFACE('NONE',(#7722),#7726,.T.);
#7728=POLY_LOOP('NONE',(#441,#1117,#1116,#442));
#7729=FACE_OUTER_BOUND('NONE',#7728,.T.);
#7730=DIRECTION('NONE',(-0.997529,0.070261,0));
#7731=DIRECTION('NONE',(0,0,-1));
#7732=AXIS2_PLACEMENT_3D('NONE',#441,#7730,#7731);
#7733=PLANE('NONE',#7732);
#7734=FACE_SURFACE('NONE',(#7729),#7733,.T.);
#7735=POLY_LOOP('NONE',(#1292,#534,#533,#1293));
#7736=FACE_OUTER_BOUND('NONE',#7735,.T.);
#7737=DIRECTION('NONE',(0.491632,-0.870803,0));
#7738=DIRECTION('NONE',(0,0,1));
#7739=AXIS2_PLACEMENT_3D('NONE',#1292,#7737,#7738);
#7740=PLANE('NONE',#7739);
#7741=FACE_SURFACE('NONE',(#7736),#7740,.T.);
#7742=POLY_LOOP('NONE',(#1115,#443,#442,#1116));
#7743=FACE_OUTER_BOUND('NONE',#7742,.T.);
#7744=DIRECTION('NONE',(-0.992063,0.12574,0));
#7745=DIRECTION('NONE',(0,0,1));
#7746=AXIS2_PLACEMENT_3D('NONE',#1115,#7744,#7745);
#7747=PLANE('NONE',#7746);
#7748=FACE_SURFACE('NONE',(#7743),#7747,.T.);
#7749=POLY_LOOP('NONE',(#534,#1292,#1291,#535));
#7750=FACE_OUTER_BOUND('NONE',#7749,.T.);
#7751=DIRECTION('NONE',(0.452841,-0.891591,0));
#7752=DIRECTION('NONE',(0,0,-1));
#7753=AXIS2_PLACEMENT_3D('NONE',#534,#7751,#7752);
#7754=PLANE('NONE',#7753);
#7755=FACE_SURFACE('NONE',(#7750),#7754,.T.);
#7756=POLY_LOOP('NONE',(#938,#937,#207,#206));
#7757=FACE_OUTER_BOUND('NONE',#7756,.T.);
#7758=DIRECTION('NONE',(-0.227649,-0.973743,0));
#7759=DIRECTION('NONE',(0.973743,-0.227649,0));
#7760=AXIS2_PLACEMENT_3D('NONE',#938,#7758,#7759);
#7761=PLANE('NONE',#7760);
#7762=FACE_SURFACE('NONE',(#7757),#7761,.T.);
#7763=POLY_LOOP('NONE',(#443,#1115,#1114,#444));
#7764=FACE_OUTER_BOUND('NONE',#7763,.T.);
#7765=DIRECTION('NONE',(-0.98562,0.168979,0));
#7766=DIRECTION('NONE',(0,0,-1));
#7767=AXIS2_PLACEMENT_3D('NONE',#443,#7765,#7766);
#7768=PLANE('NONE',#7767);
#7769=FACE_SURFACE('NONE',(#7764),#7768,.T.);
#7770=POLY_LOOP('NONE',(#1113,#445,#444,#1114));
#7771=FACE_OUTER_BOUND('NONE',#7770,.T.);
#7772=DIRECTION('NONE',(-0.974862,0.22281,0));
#7773=DIRECTION('NONE',(0,0,1));
#7774=AXIS2_PLACEMENT_3D('NONE',#1113,#7772,#7773);
#7775=PLANE('NONE',#7774);
#7776=FACE_SURFACE('NONE',(#7771),#7775,.T.);
#7777=POLY_LOOP('NONE',(#937,#936,#208,#207));
#7778=FACE_OUTER_BOUND('NONE',#7777,.T.);
#7779=DIRECTION('NONE',(-0.395446,-0.918489,0));
#7780=DIRECTION('NONE',(0.918489,-0.395446,0));
#7781=AXIS2_PLACEMENT_3D('NONE',#937,#7779,#7780);
#7782=PLANE('NONE',#7781);
#7783=FACE_SURFACE('NONE',(#7778),#7782,.T.);
#7784=POLY_LOOP('NONE',(#1112,#446,#445,#1113));
#7785=FACE_OUTER_BOUND('NONE',#7784,.T.);
#7786=DIRECTION('NONE',(-0.964113,0.265493,0));
#7787=DIRECTION('NONE',(0,0,1));
#7788=AXIS2_PLACEMENT_3D('NONE',#1112,#7786,#7787);
#7789=PLANE('NONE',#7788);
#7790=FACE_SURFACE('NONE',(#7785),#7789,.T.);
#7791=POLY_LOOP('NONE',(#936,#935,#209,#208));
#7792=FACE_OUTER_BOUND('NONE',#7791,.T.);
#7793=DIRECTION('NONE',(-0.524103,-0.851655,0));
#7794=DIRECTION('NONE',(0.851655,-0.524103,0));
#7795=AXIS2_PLACEMENT_3D('NONE',#936,#7793,#7794);
#7796=PLANE('NONE',#7795);
#7797=FACE_SURFACE('NONE',(#7792),#7796,.T.);
#7798=POLY_LOOP('NONE',(#1040,#1039,#276,#275));
#7799=FACE_OUTER_BOUND('NONE',#7798,.T.);
#7800=DIRECTION('NONE',(-0.997532,-0.070211,0));
#7801=DIRECTION('NONE',(0.070211,-0.997532,0));
#7802=AXIS2_PLACEMENT_3D('NONE',#1040,#7800,#7801);
#7803=PLANE('NONE',#7802);
#7804=FACE_SURFACE('NONE',(#7799),#7803,.T.);
#7805=POLY_LOOP('NONE',(#1304,#522,#521,#1305));
#7806=FACE_OUTER_BOUND('NONE',#7805,.T.);
#7807=DIRECTION('NONE',(0.888828,-0.458241,0));
#7808=DIRECTION('NONE',(0,0,1));
#7809=AXIS2_PLACEMENT_3D('NONE',#1304,#7807,#7808);
#7810=PLANE('NONE',#7809);
#7811=FACE_SURFACE('NONE',(#7806),#7810,.T.);
#7812=POLY_LOOP('NONE',(#395,#394,#1164,#1163));
#7813=FACE_OUTER_BOUND('NONE',#7812,.T.);
#7814=DIRECTION('NONE',(0.617812,-0.786326,0));
#7815=DIRECTION('NONE',(-0.786326,-0.617812,0));
#7816=AXIS2_PLACEMENT_3D('NONE',#395,#7814,#7815);
#7817=PLANE('NONE',#7816);
#7818=FACE_SURFACE('NONE',(#7813),#7817,.T.);
#7819=POLY_LOOP('NONE',(#935,#934,#210,#209));
#7820=FACE_OUTER_BOUND('NONE',#7819,.T.);
#7821=DIRECTION('NONE',(-0.646516,-0.762901,0));
#7822=DIRECTION('NONE',(0.762901,-0.646516,0));
#7823=AXIS2_PLACEMENT_3D('NONE',#935,#7821,#7822);
#7824=PLANE('NONE',#7823);
#7825=FACE_SURFACE('NONE',(#7820),#7824,.T.);
#7826=POLY_LOOP('NONE',(#522,#1304,#1303,#523));
#7827=FACE_OUTER_BOUND('NONE',#7826,.T.);
#7828=DIRECTION('NONE',(0.870813,-0.491614,0));
#7829=DIRECTION('NONE',(0,0,-1));
#7830=AXIS2_PLACEMENT_3D('NONE',#522,#7828,#7829);
#7831=PLANE('NONE',#7830);
#7832=FACE_SURFACE('NONE',(#7827),#7831,.T.);
#7833=POLY_LOOP('NONE',(#396,#1162,#1161,#397));
#7834=FACE_OUTER_BOUND('NONE',#7833,.T.);
#7835=DIRECTION('NONE',(0.535025,-0.844836,0));
#7836=DIRECTION('NONE',(0,0,-1));
#7837=AXIS2_PLACEMENT_3D('NONE',#396,#7835,#7836);
#7838=PLANE('NONE',#7837);
#7839=FACE_SURFACE('NONE',(#7834),#7838,.T.);
#7840=POLY_LOOP('NONE',(#934,#933,#211,#210));
#7841=FACE_OUTER_BOUND('NONE',#7840,.T.);
#7842=DIRECTION('NONE',(-0.762899,-0.646518,0));
#7843=DIRECTION('NONE',(0.646518,-0.762899,0));
#7844=AXIS2_PLACEMENT_3D('NONE',#934,#7842,#7843);
#7845=PLANE('NONE',#7844);
#7846=FACE_SURFACE('NONE',(#7841),#7845,.T.);
#7847=POLY_LOOP('NONE',(#523,#1303,#1302,#524));
#7848=FACE_OUTER_BOUND('NONE',#7847,.T.);
#7849=DIRECTION('NONE',(0.844827,-0.535039,0));
#7850=DIRECTION('NONE',(0,0,-1));
#7851=AXIS2_PLACEMENT_3D('NONE',#523,#7849,#7850);
#7852=PLANE('NONE',#7851);
#7853=FACE_SURFACE('NONE',(#7848),#7852,.T.);
#7854=POLY_LOOP('NONE',(#1160,#398,#397,#1161));
#7855=FACE_OUTER_BOUND('NONE',#7854,.T.);
#7856=DIRECTION('NONE',(0.491614,-0.870813,0));
#7857=DIRECTION('NONE',(0,0,1));
#7858=AXIS2_PLACEMENT_3D('NONE',#1160,#7856,#7857);
#7859=PLANE('NONE',#7858);
#7860=FACE_SURFACE('NONE',(#7855),#7859,.T.);
#7861=POLY_LOOP('NONE',(#1036,#279,#278,#1037));
#7862=FACE_OUTER_BOUND('NONE',#7861,.T.);
#7863=DIRECTION('NONE',(-0.997532,0.070207,0));
#7864=DIRECTION('NONE',(0,0,1));
#7865=AXIS2_PLACEMENT_3D('NONE',#1036,#7863,#7864);
#7866=PLANE('NONE',#7865);
#7867=FACE_SURFACE('NONE',(#7862),#7866,.T.);
#7868=POLY_LOOP('NONE',(#933,#932,#212,#211));
#7869=FACE_OUTER_BOUND('NONE',#7868,.T.);
#7870=DIRECTION('NONE',(-0.851659,-0.524096,0));
#7871=DIRECTION('NONE',(0.524096,-0.851659,0));
#7872=AXIS2_PLACEMENT_3D('NONE',#933,#7870,#7871);
#7873=PLANE('NONE',#7872);
#7874=FACE_SURFACE('NONE',(#7869),#7873,.T.);
#7875=POLY_LOOP('NONE',(#280,#279,#1036,#1035));
#7876=FACE_OUTER_BOUND('NONE',#7875,.T.);
#7877=DIRECTION('NONE',(-0.992057,0.125793,0));
#7878=DIRECTION('NONE',(0.125793,0.992057,0));
#7879=AXIS2_PLACEMENT_3D('NONE',#280,#7877,#7878);
#7880=PLANE('NONE',#7879);
#7881=FACE_SURFACE('NONE',(#7876),#7880,.T.);
#7882=POLY_LOOP('NONE',(#399,#398,#1160,#1159));
#7883=FACE_OUTER_BOUND('NONE',#7882,.T.);
#7884=DIRECTION('NONE',(0.452862,-0.891581,0));
#7885=DIRECTION('NONE',(-0.891581,-0.452862,0));
#7886=AXIS2_PLACEMENT_3D('NONE',#399,#7884,#7885);
#7887=PLANE('NONE',#7886);
#7888=FACE_SURFACE('NONE',(#7883),#7887,.T.);
#7889=POLY_LOOP('NONE',(#932,#931,#213,#212));
#7890=FACE_OUTER_BOUND('NONE',#7889,.T.);
#7891=DIRECTION('NONE',(-0.918488,-0.395449,0));
#7892=DIRECTION('NONE',(0.395449,-0.918488,0));
#7893=AXIS2_PLACEMENT_3D('NONE',#932,#7891,#7892);
#7894=PLANE('NONE',#7893);
#7895=FACE_SURFACE('NONE',(#7890),#7894,.T.);
#7896=POLY_LOOP('NONE',(#527,#526,#1300,#1299));
#7897=FACE_OUTER_BOUND('NONE',#7896,.T.);
#7898=DIRECTION('NONE',(0.761238,-0.648472,0));
#7899=DIRECTION('NONE',(-0.648472,-0.761238,0));
#7900=AXIS2_PLACEMENT_3D('NONE',#527,#7898,#7899);
#7901=PLANE('NONE',#7900);
#7902=FACE_SURFACE('NONE',(#7897),#7901,.T.);
#7903=POLY_LOOP('NONE',(#1443,#662,#661,#1444));
#7904=FACE_OUTER_BOUND('NONE',#7903,.T.);
#7905=DIRECTION('NONE',(-0.452841,-0.891591,0));
#7906=DIRECTION('NONE',(0,0,1));
#7907=AXIS2_PLACEMENT_3D('NONE',#1443,#7905,#7906);
#7908=PLANE('NONE',#7907);
#7909=FACE_SURFACE('NONE',(#7904),#7908,.T.);
#7910=POLY_LOOP('NONE',(#1299,#1298,#528,#527));
#7911=FACE_OUTER_BOUND('NONE',#7910,.T.);
#7912=DIRECTION('NONE',(0.727803,-0.685786,0));
#7913=DIRECTION('NONE',(0.685786,0.727803,0));
#7914=AXIS2_PLACEMENT_3D('NONE',#1299,#7912,#7913);
#7915=PLANE('NONE',#7914);
#7916=FACE_SURFACE('NONE',(#7911),#7915,.T.);
#7917=POLY_LOOP('NONE',(#663,#662,#1443,#1442));
#7918=FACE_OUTER_BOUND('NONE',#7917,.T.);
#7919=DIRECTION('NONE',(-0.491632,-0.870803,0));
#7920=DIRECTION('NONE',(-0.870803,0.491632,0));
#7921=AXIS2_PLACEMENT_3D('NONE',#663,#7919,#7920);
#7922=PLANE('NONE',#7921);
#7923=FACE_SURFACE('NONE',(#7918),#7922,.T.);
#7924=POLY_LOOP('NONE',(#663,#1442,#1441,#664));
#7925=FACE_OUTER_BOUND('NONE',#7924,.T.);
#7926=DIRECTION('NONE',(-0.535011,-0.844845,0));
#7927=DIRECTION('NONE',(0,0,-1));
#7928=AXIS2_PLACEMENT_3D('NONE',#663,#7926,#7927);
#7929=PLANE('NONE',#7928);
#7930=FACE_SURFACE('NONE',(#7925),#7929,.T.);
#7931=POLY_LOOP('NONE',(#282,#1033,#1032,#283));
#7932=FACE_OUTER_BOUND('NONE',#7931,.T.);
#7933=DIRECTION('NONE',(-0.964126,0.265444,0));
#7934=DIRECTION('NONE',(0,0,-1));
#7935=AXIS2_PLACEMENT_3D('NONE',#282,#7933,#7934);
#7936=PLANE('NONE',#7935);
#7937=FACE_SURFACE('NONE',(#7932),#7936,.T.);
#7938=POLY_LOOP('NONE',(#1295,#531,#530,#1296));
#7939=FACE_OUTER_BOUND('NONE',#7938,.T.);
#7940=DIRECTION('NONE',(0.617878,-0.786274,0));
#7941=DIRECTION('NONE',(0,0,1));
#7942=AXIS2_PLACEMENT_3D('NONE',#1295,#7940,#7941);
#7943=PLANE('NONE',#7942);
#7944=FACE_SURFACE('NONE',(#7939),#7943,.T.);
#7945=POLY_LOOP('NONE',(#1030,#285,#284,#1031));
#7946=FACE_OUTER_BOUND('NONE',#7945,.T.);
#7947=DIRECTION('NONE',(-0.932256,0.361798,0));
#7948=DIRECTION('NONE',(0,0,1));
#7949=AXIS2_PLACEMENT_3D('NONE',#1030,#7947,#7948);
#7950=PLANE('NONE',#7949);
#7951=FACE_SURFACE('NONE',(#7946),#7950,.T.);
#7952=POLY_LOOP('NONE',(#532,#531,#1295,#1294));
#7953=FACE_OUTER_BOUND('NONE',#7952,.T.);
#7954=DIRECTION('NONE',(0.570648,-0.821195,0));
#7955=DIRECTION('NONE',(-0.821195,-0.570648,0));
#7956=AXIS2_PLACEMENT_3D('NONE',#532,#7954,#7955);
#7957=PLANE('NONE',#7956);
#7958=FACE_SURFACE('NONE',(#7953),#7957,.T.);
#7959=POLY_LOOP('NONE',(#532,#1294,#1293,#533));
#7960=FACE_OUTER_BOUND('NONE',#7959,.T.);
#7961=DIRECTION('NONE',(0.535011,-0.844845,0));
#7962=DIRECTION('NONE',(0,0,-1));
#7963=AXIS2_PLACEMENT_3D('NONE',#532,#7961,#7962);
#7964=PLANE('NONE',#7963);
#7965=FACE_SURFACE('NONE',(#7960),#7964,.T.);
#7966=POLY_LOOP('NONE',(#1027,#288,#287,#1028));
#7967=FACE_OUTER_BOUND('NONE',#7966,.T.);
#7968=DIRECTION('NONE',(-0.870826,0.491591,0));
#7969=DIRECTION('NONE',(0,0,1));
#7970=AXIS2_PLACEMENT_3D('NONE',#1027,#7968,#7969);
#7971=PLANE('NONE',#7970);
#7972=FACE_SURFACE('NONE',(#7967),#7971,.T.);
#7973=POLY_LOOP('NONE',(#288,#1027,#1026,#289));
#7974=FACE_OUTER_BOUND('NONE',#7973,.T.);
#7975=DIRECTION('NONE',(-0.844796,0.535088,0));
#7976=DIRECTION('NONE',(0,0,-1));
#7977=AXIS2_PLACEMENT_3D('NONE',#288,#7975,#7976);
#7978=PLANE('NONE',#7977);
#7979=FACE_SURFACE('NONE',(#7974),#7978,.T.);
#7980=POLY_LOOP('NONE',(#1437,#1436,#669,#668));
#7981=FACE_OUTER_BOUND('NONE',#7980,.T.);
#7982=DIRECTION('NONE',(-0.727803,-0.685786,0));
#7983=DIRECTION('NONE',(0.685786,-0.727803,0));
#7984=AXIS2_PLACEMENT_3D('NONE',#1437,#7982,#7983);
#7985=PLANE('NONE',#7984);
#7986=FACE_SURFACE('NONE',(#7981),#7985,.T.);
#7987=POLY_LOOP('NONE',(#1026,#1025,#290,#289));
#7988=FACE_OUTER_BOUND('NONE',#7987,.T.);
#7989=DIRECTION('NONE',(-0.816612,0.577187,0));
#7990=DIRECTION('NONE',(-0.577187,-0.816612,0));
#7991=AXIS2_PLACEMENT_3D('NONE',#1026,#7989,#7990);
#7992=PLANE('NONE',#7991);
#7993=FACE_SURFACE('NONE',(#7988),#7992,.T.);
#7994=POLY_LOOP('NONE',(#669,#1436,#1435,#670));
#7995=FACE_OUTER_BOUND('NONE',#7994,.T.);
#7996=DIRECTION('NONE',(-0.761238,-0.648472,0));
#7997=DIRECTION('NONE',(0,0,-1));
#7998=AXIS2_PLACEMENT_3D('NONE',#669,#7996,#7997);
#7999=PLANE('NONE',#7998);
#8000=FACE_SURFACE('NONE',(#7995),#7999,.T.);
#8001=POLY_LOOP('NONE',(#672,#671,#1434,#1433));
#8002=FACE_OUTER_BOUND('NONE',#8001,.T.);
#8003=DIRECTION('NONE',(-0.816569,-0.577248,0));
#8004=DIRECTION('NONE',(-0.577248,0.816569,0));
#8005=AXIS2_PLACEMENT_3D('NONE',#672,#8003,#8004);
#8006=PLANE('NONE',#8005);
#8007=FACE_SURFACE('NONE',(#8002),#8006,.T.);
#8008=POLY_LOOP('NONE',(#1039,#1038,#277,#276));
#8009=FACE_OUTER_BOUND('NONE',#8008,.T.);
#8010=DIRECTION('NONE',(-0.999602,-0.028196,0));
#8011=DIRECTION('NONE',(0.028196,-0.999602,0));
#8012=AXIS2_PLACEMENT_3D('NONE',#1039,#8010,#8011);
#8013=PLANE('NONE',#8012);
#8014=FACE_SURFACE('NONE',(#8009),#8013,.T.);
#8015=POLY_LOOP('NONE',(#1037,#278,#277,#1038));
#8016=FACE_OUTER_BOUND('NONE',#8015,.T.);
#8017=DIRECTION('NONE',(-0.999602,0.028196,0));
#8018=DIRECTION('NONE',(0,0,1));
#8019=AXIS2_PLACEMENT_3D('NONE',#1037,#8017,#8018);
#8020=PLANE('NONE',#8019);
#8021=FACE_SURFACE('NONE',(#8016),#8020,.T.);
#8022=POLY_LOOP('NONE',(#673,#1432,#1431,#674));
#8023=FACE_OUTER_BOUND('NONE',#8022,.T.);
#8024=DIRECTION('NONE',(-0.870813,-0.491614,0));
#8025=DIRECTION('NONE',(0,0,-1));
#8026=AXIS2_PLACEMENT_3D('NONE',#673,#8024,#8025);
#8027=PLANE('NONE',#8026);
#8028=FACE_SURFACE('NONE',(#8023),#8027,.T.);
#8029=POLY_LOOP('NONE',(#1283,#543,#542,#1284));
#8030=FACE_OUTER_BOUND('NONE',#8029,.T.);
#8031=DIRECTION('NONE',(0.070207,-0.997532,0));
#8032=DIRECTION('NONE',(0,0,1));
#8033=AXIS2_PLACEMENT_3D('NONE',#1283,#8031,#8032);
#8034=PLANE('NONE',#8033);
#8035=FACE_SURFACE('NONE',(#8030),#8034,.T.);
#8036=POLY_LOOP('NONE',(#544,#1282,#1281,#545));
#8037=FACE_OUTER_BOUND('NONE',#8036,.T.);
#8038=DIRECTION('NONE',(-0.027752,-0.999615,0));
#8039=DIRECTION('NONE',(0,0,-1));
#8040=AXIS2_PLACEMENT_3D('NONE',#544,#8038,#8039);
#8041=PLANE('NONE',#8040);
#8042=FACE_SURFACE('NONE',(#8037),#8041,.T.);
#8043=POLY_LOOP('NONE',(#267,#1048,#1047,#268));
#8044=FACE_OUTER_BOUND('NONE',#8043,.T.);
#8045=DIRECTION('NONE',(-0.888807,-0.458283,0));
#8046=DIRECTION('NONE',(0,0,-1));
#8047=AXIS2_PLACEMENT_3D('NONE',#267,#8045,#8046);
#8048=PLANE('NONE',#8047);
#8049=FACE_SURFACE('NONE',(#8044),#8048,.T.);
#8050=POLY_LOOP('NONE',(#545,#1281,#1280,#546));
#8051=FACE_OUTER_BOUND('NONE',#8050,.T.);
#8052=DIRECTION('NONE',(-0.070211,-0.997532,0));
#8053=DIRECTION('NONE',(0,0,-1));
#8054=AXIS2_PLACEMENT_3D('NONE',#545,#8052,#8053);
#8055=PLANE('NONE',#8054);
#8056=FACE_SURFACE('NONE',(#8051),#8055,.T.);
#8057=POLY_LOOP('NONE',(#1046,#269,#268,#1047));
#8058=FACE_OUTER_BOUND('NONE',#8057,.T.);
#8059=DIRECTION('NONE',(-0.91841,-0.395629,0));
#8060=DIRECTION('NONE',(0,0,1));
#8061=AXIS2_PLACEMENT_3D('NONE',#1046,#8059,#8060);
#8062=PLANE('NONE',#8061);
#8063=FACE_SURFACE('NONE',(#8058),#8062,.T.);
#8064=POLY_LOOP('NONE',(#1445,#660,#659,#1446));
#8065=FACE_OUTER_BOUND('NONE',#8064,.T.);
#8066=DIRECTION('NONE',(-0.366546,-0.9304,0));
#8067=DIRECTION('NONE',(0,0,1));
#8068=AXIS2_PLACEMENT_3D('NONE',#1445,#8066,#8067);
#8069=PLANE('NONE',#8068);
#8070=FACE_SURFACE('NONE',(#8065),#8069,.T.);
#8071=POLY_LOOP('NONE',(#547,#1279,#1278,#548));
#8072=FACE_OUTER_BOUND('NONE',#8071,.T.);
#8073=DIRECTION('NONE',(-0.168979,-0.98562,0));
#8074=DIRECTION('NONE',(0,0,-1));
#8075=AXIS2_PLACEMENT_3D('NONE',#547,#8073,#8074);
#8076=PLANE('NONE',#8075);
#8077=FACE_SURFACE('NONE',(#8072),#8076,.T.);
#8078=POLY_LOOP('NONE',(#661,#660,#1445,#1444));
#8079=FACE_OUTER_BOUND('NONE',#8078,.T.);
#8080=DIRECTION('NONE',(-0.402256,-0.915527,0));
#8081=DIRECTION('NONE',(-0.915527,0.402256,0));
#8082=AXIS2_PLACEMENT_3D('NONE',#661,#8080,#8081);
#8083=PLANE('NONE',#8082);
#8084=FACE_SURFACE('NONE',(#8079),#8083,.T.);
#8085=POLY_LOOP('NONE',(#1276,#550,#549,#1277));
#8086=FACE_OUTER_BOUND('NONE',#8085,.T.);
#8087=DIRECTION('NONE',(-0.265458,-0.964123,0));
#8088=DIRECTION('NONE',(0,0,1));
#8089=AXIS2_PLACEMENT_3D('NONE',#1276,#8087,#8088);
#8090=PLANE('NONE',#8089);
#8091=FACE_SURFACE('NONE',(#8086),#8090,.T.);
#8092=POLY_LOOP('NONE',(#273,#272,#1043,#1042));
#8093=FACE_OUTER_BOUND('NONE',#8092,.T.);
#8094=DIRECTION('NONE',(-0.97485,-0.222861,0));
#8095=DIRECTION('NONE',(-0.222861,0.97485,0));
#8096=AXIS2_PLACEMENT_3D('NONE',#273,#8094,#8095);
#8097=PLANE('NONE',#8096);
#8098=FACE_SURFACE('NONE',(#8093),#8097,.T.);
#8099=POLY_LOOP('NONE',(#551,#550,#1276,#1275));
#8100=FACE_OUTER_BOUND('NONE',#8099,.T.);
#8101=DIRECTION('NONE',(-0.307857,-0.951433,0));
#8102=DIRECTION('NONE',(-0.951433,0.307857,0));
#8103=AXIS2_PLACEMENT_3D('NONE',#551,#8101,#8102);
#8104=PLANE('NONE',#8103);
#8105=FACE_SURFACE('NONE',(#8100),#8104,.T.);
#8106=POLY_LOOP('NONE',(#539,#538,#1288,#1287));
#8107=FACE_OUTER_BOUND('NONE',#8106,.T.);
#8108=DIRECTION('NONE',(0.265444,-0.964126,0));
#8109=DIRECTION('NONE',(-0.964126,-0.265444,0));
#8110=AXIS2_PLACEMENT_3D('NONE',#539,#8108,#8109);
#8111=PLANE('NONE',#8110);
#8112=FACE_SURFACE('NONE',(#8107),#8111,.T.);
#8113=POLY_LOOP('NONE',(#1286,#540,#539,#1287));
#8114=FACE_OUTER_BOUND('NONE',#8113,.T.);
#8115=DIRECTION('NONE',(0.225874,-0.974156,0));
#8116=DIRECTION('NONE',(0,0,1));
#8117=AXIS2_PLACEMENT_3D('NONE',#1286,#8115,#8116);
#8118=PLANE('NONE',#8117);
#8119=FACE_SURFACE('NONE',(#8114),#8118,.T.);
#8120=POLY_LOOP('NONE',(#667,#666,#1439,#1438));
#8121=FACE_OUTER_BOUND('NONE',#8120,.T.);
#8122=DIRECTION('NONE',(-0.656495,-0.75433,0));
#8123=DIRECTION('NONE',(-0.75433,0.656495,0));
#8124=AXIS2_PLACEMENT_3D('NONE',#667,#8122,#8123);
#8125=PLANE('NONE',#8124);
#8126=FACE_SURFACE('NONE',(#8121),#8125,.T.);
#8127=POLY_LOOP('NONE',(#540,#1286,#1285,#541));
#8128=FACE_OUTER_BOUND('NONE',#8127,.T.);
#8129=DIRECTION('NONE',(0.168979,-0.98562,0));
#8130=DIRECTION('NONE',(0,0,-1));
#8131=AXIS2_PLACEMENT_3D('NONE',#540,#8129,#8130);
#8132=PLANE('NONE',#8131);
#8133=FACE_SURFACE('NONE',(#8128),#8132,.T.);
#8134=POLY_LOOP('NONE',(#667,#1438,#1437,#668));
#8135=FACE_OUTER_BOUND('NONE',#8134,.T.);
#8136=DIRECTION('NONE',(-0.685784,-0.727805,0));
#8137=DIRECTION('NONE',(0,0,-1));
#8138=AXIS2_PLACEMENT_3D('NONE',#667,#8136,#8137);
#8139=PLANE('NONE',#8138);
#8140=FACE_SURFACE('NONE',(#8135),#8139,.T.);
#8141=POLY_LOOP('NONE',(#1284,#542,#541,#1285));
#8142=FACE_OUTER_BOUND('NONE',#8141,.T.);
#8143=DIRECTION('NONE',(0.125793,-0.992057,0));
#8144=DIRECTION('NONE',(0,0,1));
#8145=AXIS2_PLACEMENT_3D('NONE',#1284,#8143,#8144);
#8146=PLANE('NONE',#8145);
#8147=FACE_SURFACE('NONE',(#8142),#8146,.T.);
#8148=POLY_LOOP('NONE',(#544,#543,#1283,#1282));
#8149=FACE_OUTER_BOUND('NONE',#8148,.T.);
#8150=DIRECTION('NONE',(0.028143,-0.999604,0));
#8151=DIRECTION('NONE',(-0.999604,-0.028143,0));
#8152=AXIS2_PLACEMENT_3D('NONE',#544,#8150,#8151);
#8153=PLANE('NONE',#8152);
#8154=FACE_SURFACE('NONE',(#8149),#8153,.T.);
#8155=POLY_LOOP('NONE',(#1434,#671,#670,#1435));
#8156=FACE_OUTER_BOUND('NONE',#8155,.T.);
#8157=DIRECTION('NONE',(-0.786326,-0.617812,0));
#8158=DIRECTION('NONE',(0,0,1));
#8159=AXIS2_PLACEMENT_3D('NONE',#1434,#8157,#8158);
#8160=PLANE('NONE',#8159);
#8161=FACE_SURFACE('NONE',(#8156),#8160,.T.);
#8162=POLY_LOOP('NONE',(#1277,#549,#548,#1278));
#8163=FACE_OUTER_BOUND('NONE',#8162,.T.);
#8164=DIRECTION('NONE',(-0.225874,-0.974156,0));
#8165=DIRECTION('NONE',(0,0,1));
#8166=AXIS2_PLACEMENT_3D('NONE',#1277,#8164,#8165);
#8167=PLANE('NONE',#8166);
#8168=FACE_SURFACE('NONE',(#8163),#8167,.T.);
#8169=POLY_LOOP('NONE',(#1430,#675,#674,#1431));
#8170=FACE_OUTER_BOUND('NONE',#8169,.T.);
#8171=DIRECTION('NONE',(-0.888828,-0.458241,0));
#8172=DIRECTION('NONE',(0,0,1));
#8173=AXIS2_PLACEMENT_3D('NONE',#1430,#8171,#8172);
#8174=PLANE('NONE',#8173);
#8175=FACE_SURFACE('NONE',(#8170),#8174,.T.);
#8176=POLY_LOOP('NONE',(#1049,#266,#265,#1050));
#8177=FACE_OUTER_BOUND('NONE',#8176,.T.);
#8178=DIRECTION('NONE',(-0.844812,-0.535064,0));
#8179=DIRECTION('NONE',(0,0,1));
#8180=AXIS2_PLACEMENT_3D('NONE',#1049,#8178,#8179);
#8181=PLANE('NONE',#8180);
#8182=FACE_SURFACE('NONE',(#8177),#8181,.T.);
#8183=POLY_LOOP('NONE',(#266,#1049,#1048,#267));
#8184=FACE_OUTER_BOUND('NONE',#8183,.T.);
#8185=DIRECTION('NONE',(-0.870813,-0.491614,0));
#8186=DIRECTION('NONE',(0,0,-1));
#8187=AXIS2_PLACEMENT_3D('NONE',#266,#8185,#8186);
#8188=PLANE('NONE',#8187);
#8189=FACE_SURFACE('NONE',(#8184),#8188,.T.);
#8190=POLY_LOOP('NONE',(#1428,#677,#676,#1429));
#8191=FACE_OUTER_BOUND('NONE',#8190,.T.);
#8192=DIRECTION('NONE',(-0.932263,-0.36178,0));
#8193=DIRECTION('NONE',(0,0,1));
#8194=AXIS2_PLACEMENT_3D('NONE',#1428,#8192,#8193);
#8195=PLANE('NONE',#8194);
#8196=FACE_SURFACE('NONE',(#8191),#8195,.T.);
#8197=POLY_LOOP('NONE',(#1269,#557,#556,#1270));
#8198=FACE_OUTER_BOUND('NONE',#8197,.T.);
#8199=DIRECTION('NONE',(-0.570672,-0.821178,0));
#8200=DIRECTION('NONE',(0,0,1));
#8201=AXIS2_PLACEMENT_3D('NONE',#1269,#8199,#8200);
#8202=PLANE('NONE',#8201);
#8203=FACE_SURFACE('NONE',(#8198),#8202,.T.);
#8204=POLY_LOOP('NONE',(#1267,#1266,#560,#559));
#8205=FACE_OUTER_BOUND('NONE',#8204,.T.);
#8206=DIRECTION('NONE',(-0.685758,-0.72783,0));
#8207=DIRECTION('NONE',(0.72783,-0.685758,0));
#8208=AXIS2_PLACEMENT_3D('NONE',#1267,#8206,#8207);
#8209=PLANE('NONE',#8208);
#8210=FACE_SURFACE('NONE',(#8205),#8209,.T.);
#8211=POLY_LOOP('NONE',(#1147,#411,#410,#1148));
#8212=FACE_OUTER_BOUND('NONE',#8211,.T.);
#8213=DIRECTION('NONE',(-0.12574,-0.992063,0));
#8214=DIRECTION('NONE',(0,0,1));
#8215=AXIS2_PLACEMENT_3D('NONE',#1147,#8213,#8214);
#8216=PLANE('NONE',#8215);
#8217=FACE_SURFACE('NONE',(#8212),#8216,.T.);
#8218=POLY_LOOP('NONE',(#1370,#735,#734,#1371));
#8219=FACE_OUTER_BOUND('NONE',#8218,.T.);
#8220=DIRECTION('NONE',(0.7863,0.617845,0));
#8221=DIRECTION('NONE',(0,0,1));
#8222=AXIS2_PLACEMENT_3D('NONE',#1370,#8220,#8221);
#8223=PLANE('NONE',#8222);
#8224=FACE_SURFACE('NONE',(#8219),#8223,.T.);
#8225=POLY_LOOP('NONE',(#735,#1370,#1369,#736));
#8226=FACE_OUTER_BOUND('NONE',#8225,.T.);
#8227=DIRECTION('NONE',(0.816569,0.577248,0));
#8228=DIRECTION('NONE',(0,0,-1));
#8229=AXIS2_PLACEMENT_3D('NONE',#735,#8227,#8228);
#8230=PLANE('NONE',#8229);
#8231=FACE_SURFACE('NONE',(#8226),#8230,.T.);
#8232=POLY_LOOP('NONE',(#736,#1369,#1368,#737));
#8233=FACE_OUTER_BOUND('NONE',#8232,.T.);
#8234=DIRECTION('NONE',(0.844851,0.535001,0));
#8235=DIRECTION('NONE',(0,0,-1));
#8236=AXIS2_PLACEMENT_3D('NONE',#736,#8234,#8235);
#8237=PLANE('NONE',#8236);
#8238=FACE_SURFACE('NONE',(#8233),#8237,.T.);
#8239=POLY_LOOP('NONE',(#1053,#262,#261,#1054));
#8240=FACE_OUTER_BOUND('NONE',#8239,.T.);
#8241=DIRECTION('NONE',(-0.727803,-0.685786,0));
#8242=DIRECTION('NONE',(0,0,1));
#8243=AXIS2_PLACEMENT_3D('NONE',#1053,#8241,#8242);
#8244=PLANE('NONE',#8243);
#8245=FACE_SURFACE('NONE',(#8240),#8244,.T.);
#8246=POLY_LOOP('NONE',(#1143,#1142,#416,#415));
#8247=FACE_OUTER_BOUND('NONE',#8246,.T.);
#8248=DIRECTION('NONE',(-0.366527,-0.930407,0));
#8249=DIRECTION('NONE',(0.930407,-0.366527,0));
#8250=AXIS2_PLACEMENT_3D('NONE',#1143,#8248,#8249);
#8251=PLANE('NONE',#8250);
#8252=FACE_SURFACE('NONE',(#8247),#8251,.T.);
#8253=POLY_LOOP('NONE',(#262,#1053,#1052,#263));
#8254=FACE_OUTER_BOUND('NONE',#8253,.T.);
#8255=DIRECTION('NONE',(-0.761242,-0.648468,0));
#8256=DIRECTION('NONE',(0,0,-1));
#8257=AXIS2_PLACEMENT_3D('NONE',#262,#8255,#8256);
#8258=PLANE('NONE',#8257);
#8259=FACE_SURFACE('NONE',(#8254),#8258,.T.);
#8260=POLY_LOOP('NONE',(#416,#1142,#1141,#417));
#8261=FACE_OUTER_BOUND('NONE',#8260,.T.);
#8262=DIRECTION('NONE',(-0.402276,-0.915519,0));
#8263=DIRECTION('NONE',(0,0,-1));
#8264=AXIS2_PLACEMENT_3D('NONE',#416,#8262,#8263);
#8265=PLANE('NONE',#8264);
#8266=FACE_SURFACE('NONE',(#8261),#8265,.T.);
#8267=POLY_LOOP('NONE',(#740,#1365,#1364,#741));
#8268=FACE_OUTER_BOUND('NONE',#8267,.T.);
#8269=DIRECTION('NONE',(0.93225,0.361816,0));
#8270=DIRECTION('NONE',(0,0,-1));
#8271=AXIS2_PLACEMENT_3D('NONE',#740,#8269,#8270);
#8272=PLANE('NONE',#8271);
#8273=FACE_SURFACE('NONE',(#8268),#8272,.T.);
#8274=POLY_LOOP('NONE',(#1051,#264,#263,#1052));
#8275=FACE_OUTER_BOUND('NONE',#8274,.T.);
#8276=DIRECTION('NONE',(-0.78632,-0.617819,0));
#8277=DIRECTION('NONE',(0,0,1));
#8278=AXIS2_PLACEMENT_3D('NONE',#1051,#8276,#8277);
#8279=PLANE('NONE',#8278);
#8280=FACE_SURFACE('NONE',(#8275),#8279,.T.);
#8281=POLY_LOOP('NONE',(#264,#1051,#1050,#265));
#8282=FACE_OUTER_BOUND('NONE',#8281,.T.);
#8283=DIRECTION('NONE',(-0.816594,-0.577212,0));
#8284=DIRECTION('NONE',(0,0,-1));
#8285=AXIS2_PLACEMENT_3D('NONE',#264,#8283,#8284);
#8286=PLANE('NONE',#8285);
#8287=FACE_SURFACE('NONE',(#8282),#8286,.T.);
#8288=POLY_LOOP('NONE',(#1137,#421,#420,#1138));
#8289=FACE_OUTER_BOUND('NONE',#8288,.T.);
#8290=DIRECTION('NONE',(-0.570648,-0.821195,0));
#8291=DIRECTION('NONE',(0,0,1));
#8292=AXIS2_PLACEMENT_3D('NONE',#1137,#8290,#8291);
#8293=PLANE('NONE',#8292);
#8294=FACE_SURFACE('NONE',(#8289),#8293,.T.);
#8295=POLY_LOOP('NONE',(#730,#1375,#1374,#731));
#8296=FACE_OUTER_BOUND('NONE',#8295,.T.);
#8297=DIRECTION('NONE',(0.656495,0.75433,0));
#8298=DIRECTION('NONE',(0,0,-1));
#8299=AXIS2_PLACEMENT_3D('NONE',#730,#8297,#8298);
#8300=PLANE('NONE',#8299);
#8301=FACE_SURFACE('NONE',(#8296),#8300,.T.);
#8302=POLY_LOOP('NONE',(#731,#1374,#1373,#732));
#8303=FACE_OUTER_BOUND('NONE',#8302,.T.);
#8304=DIRECTION('NONE',(0.685814,0.727777,0));
#8305=DIRECTION('NONE',(0,0,-1));
#8306=AXIS2_PLACEMENT_3D('NONE',#731,#8304,#8305);
#8307=PLANE('NONE',#8306);
#8308=FACE_SURFACE('NONE',(#8303),#8307,.T.);
#8309=POLY_LOOP('NONE',(#361,#360,#1079,#1078));
#8310=FACE_OUTER_BOUND('NONE',#8309,.T.);
#8311=DIRECTION('NONE',(0.570672,-0.821178,0));
#8312=DIRECTION('NONE',(-0.821178,-0.570672,0));
#8313=AXIS2_PLACEMENT_3D('NONE',#361,#8311,#8312);
#8314=PLANE('NONE',#8313);
#8315=FACE_SURFACE('NONE',(#8310),#8314,.T.);
#8316=POLY_LOOP('NONE',(#1152,#406,#405,#1153));
#8317=FACE_OUTER_BOUND('NONE',#8316,.T.);
#8318=DIRECTION('NONE',(0.12574,-0.992063,0));
#8319=DIRECTION('NONE',(0,0,1));
#8320=AXIS2_PLACEMENT_3D('NONE',#1152,#8318,#8319);
#8321=PLANE('NONE',#8320);
#8322=FACE_SURFACE('NONE',(#8317),#8321,.T.);
#8323=POLY_LOOP('NONE',(#1148,#410,#409,#1149));
#8324=FACE_OUTER_BOUND('NONE',#8323,.T.);
#8325=DIRECTION('NONE',(-0.070261,-0.997529,0));
#8326=DIRECTION('NONE',(0,0,1));
#8327=AXIS2_PLACEMENT_3D('NONE',#1148,#8325,#8326);
#8328=PLANE('NONE',#8327);
#8329=FACE_SURFACE('NONE',(#8324),#8328,.T.);
#8330=POLY_LOOP('NONE',(#938,#206,#205,#939));
#8331=FACE_OUTER_BOUND('NONE',#8330,.T.);
#8332=DIRECTION('NONE',(-0.086097,-0.996287,0));
#8333=DIRECTION('NONE',(0,0,1));
#8334=AXIS2_PLACEMENT_3D('NONE',#938,#8332,#8333);
#8335=PLANE('NONE',#8334);
#8336=FACE_SURFACE('NONE',(#8331),#8335,.T.);
#8337=POLY_LOOP('NONE',(#412,#411,#1147,#1146));
#8338=FACE_OUTER_BOUND('NONE',#8337,.T.);
#8339=DIRECTION('NONE',(-0.168979,-0.98562,0));
#8340=DIRECTION('NONE',(-0.98562,0.168979,0));
#8341=AXIS2_PLACEMENT_3D('NONE',#412,#8339,#8340);
#8342=PLANE('NONE',#8341);
#8343=FACE_SURFACE('NONE',(#8338),#8342,.T.);
#8344=POLY_LOOP('NONE',(#931,#930,#214,#213));
#8345=FACE_OUTER_BOUND('NONE',#8344,.T.);
#8346=DIRECTION('NONE',(-0.973749,-0.227626,0));
#8347=DIRECTION('NONE',(0.227626,-0.973749,0));
#8348=AXIS2_PLACEMENT_3D('NONE',#931,#8346,#8347);
#8349=PLANE('NONE',#8348);
#8350=FACE_SURFACE('NONE',(#8345),#8349,.T.);
#8351=POLY_LOOP('NONE',(#1145,#1144,#414,#413));
#8352=FACE_OUTER_BOUND('NONE',#8351,.T.);
#8353=DIRECTION('NONE',(-0.265493,-0.964113,0));
#8354=DIRECTION('NONE',(0.964113,-0.265493,0));
#8355=AXIS2_PLACEMENT_3D('NONE',#1145,#8353,#8354);
#8356=PLANE('NONE',#8355);
#8357=FACE_SURFACE('NONE',(#8352),#8356,.T.);
#8358=POLY_LOOP('NONE',(#930,#929,#215,#214));
#8359=FACE_OUTER_BOUND('NONE',#8358,.T.);
#8360=DIRECTION('NONE',(-0.996286,-0.086101,0));
#8361=DIRECTION('NONE',(0.086101,-0.996286,0));
#8362=AXIS2_PLACEMENT_3D('NONE',#930,#8360,#8361);
#8363=PLANE('NONE',#8362);
#8364=FACE_SURFACE('NONE',(#8359),#8363,.T.);
#8365=POLY_LOOP('NONE',(#216,#215,#929,#928));
#8366=FACE_OUTER_BOUND('NONE',#8365,.T.);
#8367=DIRECTION('NONE',(-1,0,0));
#8368=DIRECTION('NONE',(0,1,0));
#8369=AXIS2_PLACEMENT_3D('NONE',#216,#8367,#8368);
#8370=PLANE('NONE',#8369);
#8371=FACE_SURFACE('NONE',(#8366),#8370,.T.);
#8372=POLY_LOOP('NONE',(#1158,#400,#399,#1159));
#8373=FACE_OUTER_BOUND('NONE',#8372,.T.);
#8374=DIRECTION('NONE',(0.402276,-0.915519,0));
#8375=DIRECTION('NONE',(0,0,1));
#8376=AXIS2_PLACEMENT_3D('NONE',#1158,#8374,#8375);
#8377=PLANE('NONE',#8376);
#8378=FACE_SURFACE('NONE',(#8373),#8377,.T.);
#8379=POLY_LOOP('NONE',(#400,#1158,#1157,#401));
#8380=FACE_OUTER_BOUND('NONE',#8379,.T.);
#8381=DIRECTION('NONE',(0.366527,-0.930407,0));
#8382=DIRECTION('NONE',(0,0,-1));
#8383=AXIS2_PLACEMENT_3D('NONE',#400,#8381,#8382);
#8384=PLANE('NONE',#8383);
#8385=FACE_SURFACE('NONE',(#8380),#8384,.T.);
#8386=POLY_LOOP('NONE',(#1358,#747,#746,#1359));
#8387=FACE_OUTER_BOUND('NONE',#8386,.T.);
#8388=DIRECTION('NONE',(0.997528,0.070264,0));
#8389=DIRECTION('NONE',(0,0,1));
#8390=AXIS2_PLACEMENT_3D('NONE',#1358,#8388,#8389);
#8391=PLANE('NONE',#8390);
#8392=FACE_SURFACE('NONE',(#8387),#8391,.T.);
#8393=POLY_LOOP('NONE',(#402,#401,#1157,#1156));
#8394=FACE_OUTER_BOUND('NONE',#8393,.T.);
#8395=DIRECTION('NONE',(0.307825,-0.951443,0));
#8396=DIRECTION('NONE',(-0.951443,-0.307825,0));
#8397=AXIS2_PLACEMENT_3D('NONE',#402,#8395,#8396);
#8398=PLANE('NONE',#8397);
#8399=FACE_SURFACE('NONE',(#8394),#8398,.T.);
#8400=POLY_LOOP('NONE',(#871,#870,#186,#185));
#8401=FACE_OUTER_BOUND('NONE',#8400,.T.);
#8402=DIRECTION('NONE',(1,0,0));
#8403=DIRECTION('NONE',(0,1,0));
#8404=AXIS2_PLACEMENT_3D('NONE',#871,#8402,#8403);
#8405=PLANE('NONE',#8404);
#8406=FACE_SURFACE('NONE',(#8401),#8405,.T.);
#8407=POLY_LOOP('NONE',(#620,#747,#1358,#1357));
#8408=FACE_OUTER_BOUND('NONE',#8407,.T.);
#8409=DIRECTION('NONE',(0.999604,0.02814,0));
#8410=DIRECTION('NONE',(0.02814,-0.999604,0));
#8411=AXIS2_PLACEMENT_3D('NONE',#620,#8409,#8410);
#8412=PLANE('NONE',#8411);
#8413=FACE_SURFACE('NONE',(#8408),#8412,.T.);
#8414=POLY_LOOP('NONE',(#402,#1156,#1155,#403));
#8415=FACE_OUTER_BOUND('NONE',#8414,.T.);
#8416=DIRECTION('NONE',(0.265493,-0.964113,0));
#8417=DIRECTION('NONE',(0,0,-1));
#8418=AXIS2_PLACEMENT_3D('NONE',#402,#8416,#8417);
#8419=PLANE('NONE',#8418);
#8420=FACE_SURFACE('NONE',(#8415),#8419,.T.);
#8421=POLY_LOOP('NONE',(#175,#174,#882,#881));
#8422=FACE_OUTER_BOUND('NONE',#8421,.T.);
#8423=DIRECTION('NONE',(0,1,0));
#8424=DIRECTION('NONE',(1,0,0));
#8425=AXIS2_PLACEMENT_3D('NONE',#175,#8423,#8424);
#8426=PLANE('NONE',#8425);
#8427=FACE_SURFACE('NONE',(#8422),#8426,.T.);
#8428=POLY_LOOP('NONE',(#403,#1155,#1154,#404));
#8429=FACE_OUTER_BOUND('NONE',#8428,.T.);
#8430=DIRECTION('NONE',(0.225874,-0.974156,0));
#8431=DIRECTION('NONE',(0,0,-1));
#8432=AXIS2_PLACEMENT_3D('NONE',#403,#8430,#8431);
#8433=PLANE('NONE',#8432);
#8434=FACE_SURFACE('NONE',(#8429),#8433,.T.);
#8435=POLY_LOOP('NONE',(#404,#1154,#1153,#405));
#8436=FACE_OUTER_BOUND('NONE',#8435,.T.);
#8437=DIRECTION('NONE',(0.168979,-0.98562,0));
#8438=DIRECTION('NONE',(0,0,-1));
#8439=AXIS2_PLACEMENT_3D('NONE',#404,#8437,#8438);
#8440=PLANE('NONE',#8439);
#8441=FACE_SURFACE('NONE',(#8436),#8440,.T.);
#8442=POLY_LOOP('NONE',(#1355,#622,#621,#1356));
#8443=FACE_OUTER_BOUND('NONE',#8442,.T.);
#8444=DIRECTION('NONE',(0.997528,-0.070264,0));
#8445=DIRECTION('NONE',(0,0,1));
#8446=AXIS2_PLACEMENT_3D('NONE',#1355,#8444,#8445);
#8447=PLANE('NONE',#8446);
#8448=FACE_SURFACE('NONE',(#8443),#8447,.T.);
#8449=POLY_LOOP('NONE',(#1354,#623,#622,#1355));
#8450=FACE_OUTER_BOUND('NONE',#8449,.T.);
#8451=DIRECTION('NONE',(0.992063,-0.12574,0));
#8452=DIRECTION('NONE',(0,0,1));
#8453=AXIS2_PLACEMENT_3D('NONE',#1354,#8451,#8452);
#8454=PLANE('NONE',#8453);
#8455=FACE_SURFACE('NONE',(#8450),#8454,.T.);
#8456=POLY_LOOP('NONE',(#1152,#1151,#407,#406));
#8457=FACE_OUTER_BOUND('NONE',#8456,.T.);
#8458=DIRECTION('NONE',(0.070261,-0.997529,0));
#8459=DIRECTION('NONE',(0.997529,0.070261,0));
#8460=AXIS2_PLACEMENT_3D('NONE',#1152,#8458,#8459);
#8461=PLANE('NONE',#8460);
#8462=FACE_SURFACE('NONE',(#8457),#8461,.T.);
#8463=POLY_LOOP('NONE',(#874,#873,#183,#182));
#8464=FACE_OUTER_BOUND('NONE',#8463,.T.);
#8465=DIRECTION('NONE',(0.918488,0.395449,0));
#8466=DIRECTION('NONE',(-0.395449,0.918488,0));
#8467=AXIS2_PLACEMENT_3D('NONE',#874,#8465,#8466);
#8468=PLANE('NONE',#8467);
#8469=FACE_SURFACE('NONE',(#8464),#8468,.T.);
#8470=POLY_LOOP('NONE',(#561,#560,#1266,#1265));
#8471=FACE_OUTER_BOUND('NONE',#8470,.T.);
#8472=DIRECTION('NONE',(-0.727803,-0.685786,0));
#8473=DIRECTION('NONE',(-0.685786,0.727803,0));
#8474=AXIS2_PLACEMENT_3D('NONE',#561,#8472,#8473);
#8475=PLANE('NONE',#8474);
#8476=FACE_SURFACE('NONE',(#8471),#8475,.T.);
#8477=POLY_LOOP('NONE',(#1352,#625,#624,#1353));
#8478=FACE_OUTER_BOUND('NONE',#8477,.T.);
#8479=DIRECTION('NONE',(0.974862,-0.22281,0));
#8480=DIRECTION('NONE',(0,0,1));
#8481=AXIS2_PLACEMENT_3D('NONE',#1352,#8479,#8480);
#8482=PLANE('NONE',#8481);
#8483=FACE_SURFACE('NONE',(#8478),#8482,.T.);
#8484=POLY_LOOP('NONE',(#873,#872,#184,#183));
#8485=FACE_OUTER_BOUND('NONE',#8484,.T.);
#8486=DIRECTION('NONE',(0.973749,0.227626,0));
#8487=DIRECTION('NONE',(-0.227626,0.973749,0));
#8488=AXIS2_PLACEMENT_3D('NONE',#873,#8486,#8487);
#8489=PLANE('NONE',#8488);
#8490=FACE_SURFACE('NONE',(#8485),#8489,.T.);
#8491=POLY_LOOP('NONE',(#408,#407,#1151,#1150));
#8492=FACE_OUTER_BOUND('NONE',#8491,.T.);
#8493=DIRECTION('NONE',(0.028143,-0.999604,0));
#8494=DIRECTION('NONE',(-0.999604,-0.028143,0));
#8495=AXIS2_PLACEMENT_3D('NONE',#408,#8493,#8494);
#8496=PLANE('NONE',#8495);
#8497=FACE_SURFACE('NONE',(#8492),#8496,.T.);
#8498=POLY_LOOP('NONE',(#408,#1150,#1149,#409));
#8499=FACE_OUTER_BOUND('NONE',#8498,.T.);
#8500=DIRECTION('NONE',(-0.027752,-0.999615,0));
#8501=DIRECTION('NONE',(0,0,-1));
#8502=AXIS2_PLACEMENT_3D('NONE',#408,#8500,#8501);
#8503=PLANE('NONE',#8502);
#8504=FACE_SURFACE('NONE',(#8499),#8503,.T.);
#8505=POLY_LOOP('NONE',(#881,#880,#176,#175));
#8506=FACE_OUTER_BOUND('NONE',#8505,.T.);
#8507=DIRECTION('NONE',(0.086099,0.996287,0));
#8508=DIRECTION('NONE',(-0.996287,0.086099,0));
#8509=AXIS2_PLACEMENT_3D('NONE',#881,#8507,#8508);
#8510=PLANE('NONE',#8509);
#8511=FACE_SURFACE('NONE',(#8506),#8510,.T.);
#8512=POLY_LOOP('NONE',(#871,#185,#184,#872));
#8513=FACE_OUTER_BOUND('NONE',#8512,.T.);
#8514=DIRECTION('NONE',(0.996287,0.086097,0));
#8515=DIRECTION('NONE',(0,0,1));
#8516=AXIS2_PLACEMENT_3D('NONE',#871,#8514,#8515);
#8517=PLANE('NONE',#8516);
#8518=FACE_SURFACE('NONE',(#8513),#8517,.T.);
#8519=POLY_LOOP('NONE',(#880,#879,#177,#176));
#8520=FACE_OUTER_BOUND('NONE',#8519,.T.);
#8521=DIRECTION('NONE',(0.227601,0.973755,0));
#8522=DIRECTION('NONE',(-0.973755,0.227601,0));
#8523=AXIS2_PLACEMENT_3D('NONE',#880,#8521,#8522);
#8524=PLANE('NONE',#8523);
#8525=FACE_SURFACE('NONE',(#8520),#8524,.T.);
#8526=POLY_LOOP('NONE',(#879,#878,#178,#177));
#8527=FACE_OUTER_BOUND('NONE',#8526,.T.);
#8528=DIRECTION('NONE',(0.395478,0.918475,0));
#8529=DIRECTION('NONE',(-0.918475,0.395478,0));
#8530=AXIS2_PLACEMENT_3D('NONE',#879,#8528,#8529);
#8531=PLANE('NONE',#8530);
#8532=FACE_SURFACE('NONE',(#8527),#8531,.T.);
#8533=POLY_LOOP('NONE',(#878,#877,#179,#178));
#8534=FACE_OUTER_BOUND('NONE',#8533,.T.);
#8535=DIRECTION('NONE',(0.524078,0.85167,0));
#8536=DIRECTION('NONE',(-0.85167,0.524078,0));
#8537=AXIS2_PLACEMENT_3D('NONE',#878,#8535,#8536);
#8538=PLANE('NONE',#8537);
#8539=FACE_SURFACE('NONE',(#8534),#8538,.T.);
#8540=POLY_LOOP('NONE',(#877,#876,#180,#179));
#8541=FACE_OUTER_BOUND('NONE',#8540,.T.);
#8542=DIRECTION('NONE',(0.646545,0.762876,0));
#8543=DIRECTION('NONE',(-0.762876,0.646545,0));
#8544=AXIS2_PLACEMENT_3D('NONE',#877,#8542,#8543);
#8545=PLANE('NONE',#8544);
#8546=FACE_SURFACE('NONE',(#8541),#8545,.T.);
#8547=POLY_LOOP('NONE',(#1357,#1356,#621,#620));
#8548=FACE_OUTER_BOUND('NONE',#8547,.T.);
#8549=DIRECTION('NONE',(0.999604,-0.028143,0));
#8550=DIRECTION('NONE',(0.028143,0.999604,0));
#8551=AXIS2_PLACEMENT_3D('NONE',#1357,#8549,#8550);
#8552=PLANE('NONE',#8551);
#8553=FACE_SURFACE('NONE',(#8548),#8552,.T.);
#8554=POLY_LOOP('NONE',(#876,#875,#181,#180));
#8555=FACE_OUTER_BOUND('NONE',#8554,.T.);
#8556=DIRECTION('NONE',(0.762878,0.646542,0));
#8557=DIRECTION('NONE',(-0.646542,0.762878,0));
#8558=AXIS2_PLACEMENT_3D('NONE',#876,#8556,#8557);
#8559=PLANE('NONE',#8558);
#8560=FACE_SURFACE('NONE',(#8555),#8559,.T.);
#8561=POLY_LOOP('NONE',(#874,#182,#181,#875));
#8562=FACE_OUTER_BOUND('NONE',#8561,.T.);
#8563=DIRECTION('NONE',(0.851659,0.524096,0));
#8564=DIRECTION('NONE',(0,0,1));
#8565=AXIS2_PLACEMENT_3D('NONE',#874,#8563,#8564);
#8566=PLANE('NONE',#8565);
#8567=FACE_SURFACE('NONE',(#8562),#8566,.T.);
#8568=POLY_LOOP('NONE',(#557,#1269,#1268,#558));
#8569=FACE_OUTER_BOUND('NONE',#8568,.T.);
#8570=DIRECTION('NONE',(-0.617878,-0.786274,0));
#8571=DIRECTION('NONE',(0,0,-1));
#8572=AXIS2_PLACEMENT_3D('NONE',#557,#8570,#8571);
#8573=PLANE('NONE',#8572);
#8574=FACE_SURFACE('NONE',(#8569),#8573,.T.);
#8575=POLY_LOOP('NONE',(#224,#223,#921,#920));
#8576=FACE_OUTER_BOUND('NONE',#8575,.T.);
#8577=DIRECTION('NONE',(-0.395487,0.918472,0));
#8578=DIRECTION('NONE',(0.918472,0.395487,0));
#8579=AXIS2_PLACEMENT_3D('NONE',#224,#8577,#8578);
#8580=PLANE('NONE',#8579);
#8581=FACE_SURFACE('NONE',(#8576),#8580,.T.);
#8582=POLY_LOOP('NONE',(#1353,#624,#623,#1354));
#8583=FACE_OUTER_BOUND('NONE',#8582,.T.);
#8584=DIRECTION('NONE',(0.98562,-0.168979,0));
#8585=DIRECTION('NONE',(0,0,1));
#8586=AXIS2_PLACEMENT_3D('NONE',#1353,#8584,#8585);
#8587=PLANE('NONE',#8586);
#8588=FACE_SURFACE('NONE',(#8583),#8587,.T.);
#8589=POLY_LOOP('NONE',(#412,#1146,#1145,#413));
#8590=FACE_OUTER_BOUND('NONE',#8589,.T.);
#8591=DIRECTION('NONE',(-0.225874,-0.974156,0));
#8592=DIRECTION('NONE',(0,0,-1));
#8593=AXIS2_PLACEMENT_3D('NONE',#412,#8591,#8592);
#8594=PLANE('NONE',#8593);
#8595=FACE_SURFACE('NONE',(#8590),#8594,.T.);
#8596=POLY_LOOP('NONE',(#920,#919,#225,#224));
#8597=FACE_OUTER_BOUND('NONE',#8596,.T.);
#8598=DIRECTION('NONE',(-0.227603,0.973754,0));
#8599=DIRECTION('NONE',(-0.973754,-0.227603,0));
#8600=AXIS2_PLACEMENT_3D('NONE',#920,#8598,#8599);
#8601=PLANE('NONE',#8600);
#8602=FACE_SURFACE('NONE',(#8597),#8601,.T.);
#8603=POLY_LOOP('NONE',(#220,#219,#925,#924));
#8604=FACE_OUTER_BOUND('NONE',#8603,.T.);
#8605=DIRECTION('NONE',(-0.851659,0.524096,0));
#8606=DIRECTION('NONE',(0.524096,0.851659,0));
#8607=AXIS2_PLACEMENT_3D('NONE',#220,#8605,#8606);
#8608=PLANE('NONE',#8607);
#8609=FACE_SURFACE('NONE',(#8604),#8608,.T.);
#8610=POLY_LOOP('NONE',(#924,#923,#221,#220));
#8611=FACE_OUTER_BOUND('NONE',#8610,.T.);
#8612=DIRECTION('NONE',(-0.762878,0.646542,0));
#8613=DIRECTION('NONE',(-0.646542,-0.762878,0));
#8614=AXIS2_PLACEMENT_3D('NONE',#924,#8612,#8613);
#8615=PLANE('NONE',#8614);
#8616=FACE_SURFACE('NONE',(#8611),#8615,.T.);
#8617=POLY_LOOP('NONE',(#414,#1144,#1143,#415));
#8618=FACE_OUTER_BOUND('NONE',#8617,.T.);
#8619=DIRECTION('NONE',(-0.307825,-0.951443,0));
#8620=DIRECTION('NONE',(0,0,-1));
#8621=AXIS2_PLACEMENT_3D('NONE',#414,#8619,#8620);
#8622=PLANE('NONE',#8621);
#8623=FACE_SURFACE('NONE',(#8618),#8622,.T.);
#8624=POLY_LOOP('NONE',(#923,#922,#222,#221));
#8625=FACE_OUTER_BOUND('NONE',#8624,.T.);
#8626=DIRECTION('NONE',(-0.646545,0.762876,0));
#8627=DIRECTION('NONE',(-0.762876,-0.646545,0));
#8628=AXIS2_PLACEMENT_3D('NONE',#923,#8626,#8627);
#8629=PLANE('NONE',#8628);
#8630=FACE_SURFACE('NONE',(#8625),#8629,.T.);
#8631=POLY_LOOP('NONE',(#922,#921,#223,#222));
#8632=FACE_OUTER_BOUND('NONE',#8631,.T.);
#8633=DIRECTION('NONE',(-0.524067,0.851677,0));
#8634=DIRECTION('NONE',(-0.851677,-0.524067,0));
#8635=AXIS2_PLACEMENT_3D('NONE',#922,#8633,#8634);
#8636=PLANE('NONE',#8635);
#8637=FACE_SURFACE('NONE',(#8632),#8636,.T.);
#8638=POLY_LOOP('NONE',(#1385,#1384,#721,#720));
#8639=FACE_OUTER_BOUND('NONE',#8638,.T.);
#8640=DIRECTION('NONE',(0.225874,0.974156,0));
#8641=DIRECTION('NONE',(-0.974156,0.225874,0));
#8642=AXIS2_PLACEMENT_3D('NONE',#1385,#8640,#8641);
#8643=PLANE('NONE',#8642);
#8644=FACE_SURFACE('NONE',(#8639),#8643,.T.);
#8645=POLY_LOOP('NONE',(#417,#1141,#1140,#418));
#8646=FACE_OUTER_BOUND('NONE',#8645,.T.);
#8647=DIRECTION('NONE',(-0.452862,-0.891581,0));
#8648=DIRECTION('NONE',(0,0,-1));
#8649=AXIS2_PLACEMENT_3D('NONE',#417,#8647,#8648);
#8650=PLANE('NONE',#8649);
#8651=FACE_SURFACE('NONE',(#8646),#8650,.T.);
#8652=POLY_LOOP('NONE',(#919,#918,#226,#225));
#8653=FACE_OUTER_BOUND('NONE',#8652,.T.);
#8654=DIRECTION('NONE',(-0.086097,0.996287,0));
#8655=DIRECTION('NONE',(-0.996287,-0.086097,0));
#8656=AXIS2_PLACEMENT_3D('NONE',#919,#8654,#8655);
#8657=PLANE('NONE',#8656);
#8658=FACE_SURFACE('NONE',(#8653),#8657,.T.);
#8659=POLY_LOOP('NONE',(#1260,#566,#565,#1261));
#8660=FACE_OUTER_BOUND('NONE',#8659,.T.);
#8661=DIRECTION('NONE',(-0.870813,-0.491614,0));
#8662=DIRECTION('NONE',(0,0,1));
#8663=AXIS2_PLACEMENT_3D('NONE',#1260,#8661,#8662);
#8664=PLANE('NONE',#8663);
#8665=FACE_SURFACE('NONE',(#8660),#8664,.T.);
#8666=POLY_LOOP('NONE',(#1139,#419,#418,#1140));
#8667=FACE_OUTER_BOUND('NONE',#8666,.T.);
#8668=DIRECTION('NONE',(-0.491614,-0.870813,0));
#8669=DIRECTION('NONE',(0,0,1));
#8670=AXIS2_PLACEMENT_3D('NONE',#1139,#8668,#8669);
#8671=PLANE('NONE',#8670);
#8672=FACE_SURFACE('NONE',(#8667),#8671,.T.);
#8673=POLY_LOOP('NONE',(#566,#1260,#1259,#567));
#8674=FACE_OUTER_BOUND('NONE',#8673,.T.);
#8675=DIRECTION('NONE',(-0.888807,-0.458283,0));
#8676=DIRECTION('NONE',(0,0,-1));
#8677=AXIS2_PLACEMENT_3D('NONE',#566,#8675,#8676);
#8678=PLANE('NONE',#8677);
#8679=FACE_SURFACE('NONE',(#8674),#8678,.T.);
#8680=POLY_LOOP('NONE',(#217,#216,#928,#927));
#8681=FACE_OUTER_BOUND('NONE',#8680,.T.);
#8682=DIRECTION('NONE',(-0.996287,0.086097,0));
#8683=DIRECTION('NONE',(0.086097,0.996287,0));
#8684=AXIS2_PLACEMENT_3D('NONE',#217,#8682,#8683);
#8685=PLANE('NONE',#8684);
#8686=FACE_SURFACE('NONE',(#8681),#8685,.T.);
#8687=POLY_LOOP('NONE',(#419,#1139,#1138,#420));
#8688=FACE_OUTER_BOUND('NONE',#8687,.T.);
#8689=DIRECTION('NONE',(-0.535025,-0.844836,0));
#8690=DIRECTION('NONE',(0,0,-1));
#8691=AXIS2_PLACEMENT_3D('NONE',#419,#8689,#8690);
#8692=PLANE('NONE',#8691);
#8693=FACE_SURFACE('NONE',(#8688),#8692,.T.);
#8694=POLY_LOOP('NONE',(#927,#926,#218,#217));
#8695=FACE_OUTER_BOUND('NONE',#8694,.T.);
#8696=DIRECTION('NONE',(-0.973749,0.227626,0));
#8697=DIRECTION('NONE',(-0.227626,-0.973749,0));
#8698=AXIS2_PLACEMENT_3D('NONE',#927,#8696,#8697);
#8699=PLANE('NONE',#8698);
#8700=FACE_SURFACE('NONE',(#8695),#8699,.T.);
#8701=POLY_LOOP('NONE',(#926,#925,#219,#218));
#8702=FACE_OUTER_BOUND('NONE',#8701,.T.);
#8703=DIRECTION('NONE',(-0.918488,0.395449,0));
#8704=DIRECTION('NONE',(-0.395449,-0.918488,0));
#8705=AXIS2_PLACEMENT_3D('NONE',#926,#8703,#8704);
#8706=PLANE('NONE',#8705);
#8707=FACE_SURFACE('NONE',(#8702),#8706,.T.);
#8708=POLY_LOOP('NONE',(#1378,#727,#726,#1379));
#8709=FACE_OUTER_BOUND('NONE',#8708,.T.);
#8710=DIRECTION('NONE',(0.491591,0.870826,0));
#8711=DIRECTION('NONE',(0,0,1));
#8712=AXIS2_PLACEMENT_3D('NONE',#1378,#8710,#8711);
#8713=PLANE('NONE',#8712);
#8714=FACE_SURFACE('NONE',(#8709),#8713,.T.);
#8715=POLY_LOOP('NONE',(#551,#1275,#1274,#552));
#8716=FACE_OUTER_BOUND('NONE',#8715,.T.);
#8717=DIRECTION('NONE',(-0.366527,-0.930407,0));
#8718=DIRECTION('NONE',(0,0,-1));
#8719=AXIS2_PLACEMENT_3D('NONE',#551,#8717,#8718);
#8720=PLANE('NONE',#8719);
#8721=FACE_SURFACE('NONE',(#8716),#8720,.T.);
#8722=POLY_LOOP('NONE',(#1273,#553,#552,#1274));
#8723=FACE_OUTER_BOUND('NONE',#8722,.T.);
#8724=DIRECTION('NONE',(-0.402276,-0.915519,0));
#8725=DIRECTION('NONE',(0,0,1));
#8726=AXIS2_PLACEMENT_3D('NONE',#1273,#8724,#8725);
#8727=PLANE('NONE',#8726);
#8728=FACE_SURFACE('NONE',(#8723),#8727,.T.);
#8729=POLY_LOOP('NONE',(#1372,#733,#732,#1373));
#8730=FACE_OUTER_BOUND('NONE',#8729,.T.);
#8731=DIRECTION('NONE',(0.727753,0.685839,0));
#8732=DIRECTION('NONE',(0,0,1));
#8733=AXIS2_PLACEMENT_3D('NONE',#1372,#8731,#8732);
#8734=PLANE('NONE',#8733);
#8735=FACE_SURFACE('NONE',(#8730),#8734,.T.);
#8736=POLY_LOOP('NONE',(#1202,#484,#483,#1203));
#8737=FACE_OUTER_BOUND('NONE',#8736,.T.);
#8738=DIRECTION('NONE',(0.535064,0.844812,0));
#8739=DIRECTION('NONE',(0,0,1));
#8740=AXIS2_PLACEMENT_3D('NONE',#1202,#8738,#8739);
#8741=PLANE('NONE',#8740);
#8742=FACE_SURFACE('NONE',(#8737),#8741,.T.);
#8743=POLY_LOOP('NONE',(#554,#553,#1273,#1272));
#8744=FACE_OUTER_BOUND('NONE',#8743,.T.);
#8745=DIRECTION('NONE',(-0.452841,-0.891591,0));
#8746=DIRECTION('NONE',(-0.891591,0.452841,0));
#8747=AXIS2_PLACEMENT_3D('NONE',#554,#8745,#8746);
#8748=PLANE('NONE',#8747);
#8749=FACE_SURFACE('NONE',(#8744),#8748,.T.);
#8750=POLY_LOOP('NONE',(#1371,#734,#733,#1372));
#8751=FACE_OUTER_BOUND('NONE',#8750,.T.);
#8752=DIRECTION('NONE',(0.761265,0.648441,0));
#8753=DIRECTION('NONE',(0,0,1));
#8754=AXIS2_PLACEMENT_3D('NONE',#1371,#8752,#8753);
#8755=PLANE('NONE',#8754);
#8756=FACE_SURFACE('NONE',(#8751),#8755,.T.);
#8757=POLY_LOOP('NONE',(#554,#1272,#1271,#555));
#8758=FACE_OUTER_BOUND('NONE',#8757,.T.);
#8759=DIRECTION('NONE',(-0.491632,-0.870803,0));
#8760=DIRECTION('NONE',(0,0,-1));
#8761=AXIS2_PLACEMENT_3D('NONE',#554,#8759,#8760);
#8762=PLANE('NONE',#8761);
#8763=FACE_SURFACE('NONE',(#8758),#8762,.T.);
#8764=POLY_LOOP('NONE',(#949,#948,#196,#195));
#8765=FACE_OUTER_BOUND('NONE',#8764,.T.);
#8766=DIRECTION('NONE',(0.973754,-0.227603,0));
#8767=DIRECTION('NONE',(0.227603,0.973754,0));
#8768=AXIS2_PLACEMENT_3D('NONE',#949,#8766,#8767);
#8769=PLANE('NONE',#8768);
#8770=FACE_SURFACE('NONE',(#8765),#8769,.T.);
#8771=POLY_LOOP('NONE',(#555,#1271,#1270,#556));
#8772=FACE_OUTER_BOUND('NONE',#8771,.T.);
#8773=DIRECTION('NONE',(-0.534987,-0.84486,0));
#8774=DIRECTION('NONE',(0,0,-1));
#8775=AXIS2_PLACEMENT_3D('NONE',#555,#8773,#8774);
#8776=PLANE('NONE',#8775);
#8777=FACE_SURFACE('NONE',(#8772),#8776,.T.);
#8778=POLY_LOOP('NONE',(#948,#947,#197,#196));
#8779=FACE_OUTER_BOUND('NONE',#8778,.T.);
#8780=DIRECTION('NONE',(0.918479,-0.395469,0));
#8781=DIRECTION('NONE',(0.395469,0.918479,0));
#8782=AXIS2_PLACEMENT_3D('NONE',#948,#8780,#8781);
#8783=PLANE('NONE',#8782);
#8784=FACE_SURFACE('NONE',(#8779),#8783,.T.);
#8785=POLY_LOOP('NONE',(#947,#946,#198,#197));
#8786=FACE_OUTER_BOUND('NONE',#8785,.T.);
#8787=DIRECTION('NONE',(0.85167,-0.524078,0));
#8788=DIRECTION('NONE',(0.524078,0.85167,0));
#8789=AXIS2_PLACEMENT_3D('NONE',#947,#8787,#8788);
#8790=PLANE('NONE',#8789);
#8791=FACE_SURFACE('NONE',(#8786),#8790,.T.);
#8792=POLY_LOOP('NONE',(#486,#1200,#1199,#487));
#8793=FACE_OUTER_BOUND('NONE',#8792,.T.);
#8794=DIRECTION('NONE',(0.656552,0.754281,0));
#8795=DIRECTION('NONE',(0,0,-1));
#8796=AXIS2_PLACEMENT_3D('NONE',#486,#8794,#8795);
#8797=PLANE('NONE',#8796);
#8798=FACE_SURFACE('NONE',(#8793),#8797,.T.);
#8799=POLY_LOOP('NONE',(#946,#945,#199,#198));
#8800=FACE_OUTER_BOUND('NONE',#8799,.T.);
#8801=DIRECTION('NONE',(0.762887,-0.646532,0));
#8802=DIRECTION('NONE',(0.646532,0.762887,0));
#8803=AXIS2_PLACEMENT_3D('NONE',#946,#8801,#8802);
#8804=PLANE('NONE',#8803);
#8805=FACE_SURFACE('NONE',(#8800),#8804,.T.);
#8806=POLY_LOOP('NONE',(#1198,#488,#487,#1199));
#8807=FACE_OUTER_BOUND('NONE',#8806,.T.);
#8808=DIRECTION('NONE',(0.685786,0.727803,0));
#8809=DIRECTION('NONE',(0,0,1));
#8810=AXIS2_PLACEMENT_3D('NONE',#1198,#8808,#8809);
#8811=PLANE('NONE',#8810);
#8812=FACE_SURFACE('NONE',(#8807),#8811,.T.);
#8813=POLY_LOOP('NONE',(#945,#944,#200,#199));
#8814=FACE_OUTER_BOUND('NONE',#8813,.T.);
#8815=DIRECTION('NONE',(0.646528,-0.76289,0));
#8816=DIRECTION('NONE',(0.76289,0.646528,0));
#8817=AXIS2_PLACEMENT_3D('NONE',#945,#8815,#8816);
#8818=PLANE('NONE',#8817);
#8819=FACE_SURFACE('NONE',(#8814),#8818,.T.);
#8820=POLY_LOOP('NONE',(#944,#943,#201,#200));
#8821=FACE_OUTER_BOUND('NONE',#8820,.T.);
#8822=DIRECTION('NONE',(0.524114,-0.851648,0));
#8823=DIRECTION('NONE',(0.851648,0.524114,0));
#8824=AXIS2_PLACEMENT_3D('NONE',#944,#8822,#8823);
#8825=PLANE('NONE',#8824);
#8826=FACE_SURFACE('NONE',(#8821),#8825,.T.);
#8827=POLY_LOOP('NONE',(#1197,#489,#488,#1198));
#8828=FACE_OUTER_BOUND('NONE',#8827,.T.);
#8829=DIRECTION('NONE',(0.727803,0.685786,0));
#8830=DIRECTION('NONE',(0,0,1));
#8831=AXIS2_PLACEMENT_3D('NONE',#1197,#8829,#8830);
#8832=PLANE('NONE',#8831);
#8833=FACE_SURFACE('NONE',(#8828),#8832,.T.);
#8834=POLY_LOOP('NONE',(#1267,#559,#558,#1268));
#8835=FACE_OUTER_BOUND('NONE',#8834,.T.);
#8836=DIRECTION('NONE',(-0.656495,-0.75433,0));
#8837=DIRECTION('NONE',(0,0,1));
#8838=AXIS2_PLACEMENT_3D('NONE',#1267,#8836,#8837);
#8839=PLANE('NONE',#8838);
#8840=FACE_SURFACE('NONE',(#8835),#8839,.T.);
#8841=POLY_LOOP('NONE',(#943,#942,#202,#201));
#8842=FACE_OUTER_BOUND('NONE',#8841,.T.);
#8843=DIRECTION('NONE',(0.395428,-0.918497,0));
#8844=DIRECTION('NONE',(0.918497,0.395428,0));
#8845=AXIS2_PLACEMENT_3D('NONE',#943,#8843,#8844);
#8846=PLANE('NONE',#8845);
#8847=FACE_SURFACE('NONE',(#8842),#8846,.T.);
#8848=POLY_LOOP('NONE',(#942,#941,#203,#202));
#8849=FACE_OUTER_BOUND('NONE',#8848,.T.);
#8850=DIRECTION('NONE',(0.227649,-0.973743,0));
#8851=DIRECTION('NONE',(0.973743,0.227649,0));
#8852=AXIS2_PLACEMENT_3D('NONE',#942,#8850,#8851);
#8853=PLANE('NONE',#8852);
#8854=FACE_SURFACE('NONE',(#8849),#8853,.T.);
#8855=POLY_LOOP('NONE',(#489,#1197,#1196,#490));
#8856=FACE_OUTER_BOUND('NONE',#8855,.T.);
#8857=DIRECTION('NONE',(0.761216,0.648499,0));
#8858=DIRECTION('NONE',(0,0,-1));
#8859=AXIS2_PLACEMENT_3D('NONE',#489,#8857,#8858);
#8860=PLANE('NONE',#8859);
#8861=FACE_SURFACE('NONE',(#8856),#8860,.T.);
#8862=POLY_LOOP('NONE',(#941,#940,#204,#203));
#8863=FACE_OUTER_BOUND('NONE',#8862,.T.);
#8864=DIRECTION('NONE',(0.086097,-0.996287,0));
#8865=DIRECTION('NONE',(0.996287,0.086097,0));
#8866=AXIS2_PLACEMENT_3D('NONE',#941,#8864,#8865);
#8867=PLANE('NONE',#8866);
#8868=FACE_SURFACE('NONE',(#8863),#8867,.T.);
#8869=POLY_LOOP('NONE',(#194,#193,#907,#906));
#8870=FACE_OUTER_BOUND('NONE',#8869,.T.);
#8871=DIRECTION('NONE',(1,0,0));
#8872=DIRECTION('NONE',(0,-1,0));
#8873=AXIS2_PLACEMENT_3D('NONE',#194,#8871,#8872);
#8874=PLANE('NONE',#8873);
#8875=FACE_SURFACE('NONE',(#8870),#8874,.T.);
#8876=POLY_LOOP('NONE',(#949,#195,#194,#906));
#8877=FACE_OUTER_BOUND('NONE',#8876,.T.);
#8878=DIRECTION('NONE',(0.996286,-0.086101,0));
#8879=DIRECTION('NONE',(0,0,1));
#8880=AXIS2_PLACEMENT_3D('NONE',#949,#8878,#8879);
#8881=PLANE('NONE',#8880);
#8882=FACE_SURFACE('NONE',(#8877),#8881,.T.);
#8883=POLY_LOOP('NONE',(#1378,#1377,#728,#727));
#8884=FACE_OUTER_BOUND('NONE',#8883,.T.);
#8885=DIRECTION('NONE',(0.535064,0.844812,0));
#8886=DIRECTION('NONE',(-0.844812,0.535064,0));
#8887=AXIS2_PLACEMENT_3D('NONE',#1378,#8885,#8886);
#8888=PLANE('NONE',#8887);
#8889=FACE_SURFACE('NONE',(#8884),#8888,.T.);
#8890=POLY_LOOP('NONE',(#205,#204,#940,#939));
#8891=FACE_OUTER_BOUND('NONE',#8890,.T.);
#8892=DIRECTION('NONE',(0,-1,0));
#8893=DIRECTION('NONE',(-1,0,0));
#8894=AXIS2_PLACEMENT_3D('NONE',#205,#8892,#8893);
#8895=PLANE('NONE',#8894);
#8896=FACE_SURFACE('NONE',(#8891),#8895,.T.);
#8897=POLY_LOOP('NONE',(#228,#227,#917,#916));
#8898=FACE_OUTER_BOUND('NONE',#8897,.T.);
#8899=DIRECTION('NONE',(0.086097,0.996287,0));
#8900=DIRECTION('NONE',(0.996287,-0.086097,0));
#8901=AXIS2_PLACEMENT_3D('NONE',#228,#8899,#8900);
#8902=PLANE('NONE',#8901);
#8903=FACE_SURFACE('NONE',(#8898),#8902,.T.);
#8904=POLY_LOOP('NONE',(#916,#915,#229,#228));
#8905=FACE_OUTER_BOUND('NONE',#8904,.T.);
#8906=DIRECTION('NONE',(0.227603,0.973754,0));
#8907=DIRECTION('NONE',(-0.973754,0.227603,0));
#8908=AXIS2_PLACEMENT_3D('NONE',#916,#8906,#8907);
#8909=PLANE('NONE',#8908);
#8910=FACE_SURFACE('NONE',(#8905),#8909,.T.);
#8911=POLY_LOOP('NONE',(#1263,#563,#562,#1264));
#8912=FACE_OUTER_BOUND('NONE',#8911,.T.);
#8913=DIRECTION('NONE',(-0.7863,-0.617845,0));
#8914=DIRECTION('NONE',(0,0,1));
#8915=AXIS2_PLACEMENT_3D('NONE',#1263,#8913,#8914);
#8916=PLANE('NONE',#8915);
#8917=FACE_SURFACE('NONE',(#8912),#8916,.T.);
#8918=POLY_LOOP('NONE',(#915,#914,#230,#229));
#8919=FACE_OUTER_BOUND('NONE',#8918,.T.);
#8920=DIRECTION('NONE',(0.395469,0.918479,0));
#8921=DIRECTION('NONE',(-0.918479,0.395469,0));
#8922=AXIS2_PLACEMENT_3D('NONE',#915,#8920,#8921);
#8923=PLANE('NONE',#8922);
#8924=FACE_SURFACE('NONE',(#8919),#8923,.T.);
#8925=POLY_LOOP('NONE',(#563,#1263,#1262,#564));
#8926=FACE_OUTER_BOUND('NONE',#8925,.T.);
#8927=DIRECTION('NONE',(-0.816569,-0.577248,0));
#8928=DIRECTION('NONE',(0,0,-1));
#8929=AXIS2_PLACEMENT_3D('NONE',#563,#8927,#8928);
#8930=PLANE('NONE',#8929);
#8931=FACE_SURFACE('NONE',(#8926),#8930,.T.);
#8932=POLY_LOOP('NONE',(#914,#913,#231,#230));
#8933=FACE_OUTER_BOUND('NONE',#8932,.T.);
#8934=DIRECTION('NONE',(0.524078,0.85167,0));
#8935=DIRECTION('NONE',(-0.85167,0.524078,0));
#8936=AXIS2_PLACEMENT_3D('NONE',#914,#8934,#8935);
#8937=PLANE('NONE',#8936);
#8938=FACE_SURFACE('NONE',(#8933),#8937,.T.);
#8939=POLY_LOOP('NONE',(#913,#912,#232,#231));
#8940=FACE_OUTER_BOUND('NONE',#8939,.T.);
#8941=DIRECTION('NONE',(0.646557,0.762866,0));
#8942=DIRECTION('NONE',(-0.762866,0.646557,0));
#8943=AXIS2_PLACEMENT_3D('NONE',#913,#8941,#8942);
#8944=PLANE('NONE',#8943);
#8945=FACE_SURFACE('NONE',(#8940),#8944,.T.);
#8946=POLY_LOOP('NONE',(#1262,#1261,#565,#564));
#8947=FACE_OUTER_BOUND('NONE',#8946,.T.);
#8948=DIRECTION('NONE',(-0.844851,-0.535001,0));
#8949=DIRECTION('NONE',(0.535001,-0.844851,0));
#8950=AXIS2_PLACEMENT_3D('NONE',#1262,#8948,#8949);
#8951=PLANE('NONE',#8950);
#8952=FACE_SURFACE('NONE',(#8947),#8951,.T.);
#8953=POLY_LOOP('NONE',(#912,#911,#233,#232));
#8954=FACE_OUTER_BOUND('NONE',#8953,.T.);
#8955=DIRECTION('NONE',(0.762866,0.646557,0));
#8956=DIRECTION('NONE',(-0.646557,0.762866,0));
#8957=AXIS2_PLACEMENT_3D('NONE',#912,#8955,#8956);
#8958=PLANE('NONE',#8957);
#8959=FACE_SURFACE('NONE',(#8954),#8958,.T.);
#8960=POLY_LOOP('NONE',(#911,#910,#234,#233));
#8961=FACE_OUTER_BOUND('NONE',#8960,.T.);
#8962=DIRECTION('NONE',(0.85167,0.524078,0));
#8963=DIRECTION('NONE',(-0.524078,0.85167,0));
#8964=AXIS2_PLACEMENT_3D('NONE',#911,#8962,#8963);
#8965=PLANE('NONE',#8964);
#8966=FACE_SURFACE('NONE',(#8961),#8965,.T.);
#8967=POLY_LOOP('NONE',(#910,#909,#235,#234));
#8968=FACE_OUTER_BOUND('NONE',#8967,.T.);
#8969=DIRECTION('NONE',(0.918479,0.395469,0));
#8970=DIRECTION('NONE',(-0.395469,0.918479,0));
#8971=AXIS2_PLACEMENT_3D('NONE',#910,#8969,#8970);
#8972=PLANE('NONE',#8971);
#8973=FACE_SURFACE('NONE',(#8968),#8972,.T.);
#8974=POLY_LOOP('NONE',(#909,#908,#192,#235));
#8975=FACE_OUTER_BOUND('NONE',#8974,.T.);
#8976=DIRECTION('NONE',(0.973754,0.227603,0));
#8977=DIRECTION('NONE',(-0.227603,0.973754,0));
#8978=AXIS2_PLACEMENT_3D('NONE',#909,#8976,#8977);
#8979=PLANE('NONE',#8978);
#8980=FACE_SURFACE('NONE',(#8975),#8979,.T.);
#8981=POLY_LOOP('NONE',(#908,#907,#193,#192));
#8982=FACE_OUTER_BOUND('NONE',#8981,.T.);
#8983=DIRECTION('NONE',(0.996287,0.086097,0));
#8984=DIRECTION('NONE',(-0.086097,0.996287,0));
#8985=AXIS2_PLACEMENT_3D('NONE',#908,#8983,#8984);
#8986=PLANE('NONE',#8985);
#8987=FACE_SURFACE('NONE',(#8982),#8986,.T.);
#8988=POLY_LOOP('NONE',(#567,#1259,#1258,#568));
#8989=FACE_OUTER_BOUND('NONE',#8988,.T.);
#8990=DIRECTION('NONE',(-0.918402,-0.395649,0));
#8991=DIRECTION('NONE',(0,0,-1));
#8992=AXIS2_PLACEMENT_3D('NONE',#567,#8990,#8991);
#8993=PLANE('NONE',#8992);
#8994=FACE_SURFACE('NONE',(#8989),#8993,.T.);
#8995=POLY_LOOP('NONE',(#1189,#1188,#370,#369));
#8996=FACE_OUTER_BOUND('NONE',#8995,.T.);
#8997=DIRECTION('NONE',(0.950096,0.311957,0));
#8998=DIRECTION('NONE',(-0.311957,0.950096,0));
#8999=AXIS2_PLACEMENT_3D('NONE',#1189,#8997,#8998);
#9000=PLANE('NONE',#8999);
#9001=FACE_SURFACE('NONE',(#8996),#9000,.T.);
#9002=POLY_LOOP('NONE',(#227,#226,#918,#917));
#9003=FACE_OUTER_BOUND('NONE',#9002,.T.);
#9004=DIRECTION('NONE',(0,1,0));
#9005=DIRECTION('NONE',(1,0,0));
#9006=AXIS2_PLACEMENT_3D('NONE',#227,#9004,#9005);
#9007=PLANE('NONE',#9006);
#9008=FACE_SURFACE('NONE',(#9003),#9007,.T.);
#9009=POLY_LOOP('NONE',(#372,#1186,#1185,#373));
#9010=FACE_OUTER_BOUND('NONE',#9009,.T.);
#9011=DIRECTION('NONE',(0.98562,0.168979,0));
#9012=DIRECTION('NONE',(0,0,-1));
#9013=AXIS2_PLACEMENT_3D('NONE',#372,#9011,#9012);
#9014=PLANE('NONE',#9013);
#9015=FACE_SURFACE('NONE',(#9010),#9014,.T.);
#9016=POLY_LOOP('NONE',(#374,#373,#1185,#1184));
#9017=FACE_OUTER_BOUND('NONE',#9016,.T.);
#9018=DIRECTION('NONE',(0.992063,0.12574,0));
#9019=DIRECTION('NONE',(0.12574,-0.992063,0));
#9020=AXIS2_PLACEMENT_3D('NONE',#374,#9018,#9019);
#9021=PLANE('NONE',#9020);
#9022=FACE_SURFACE('NONE',(#9017),#9021,.T.);
#9023=POLY_LOOP('NONE',(#1182,#376,#375,#1183));
#9024=FACE_OUTER_BOUND('NONE',#9023,.T.);
#9025=DIRECTION('NONE',(0.999604,0.028143,0));
#9026=DIRECTION('NONE',(0,0,1));
#9027=AXIS2_PLACEMENT_3D('NONE',#1182,#9025,#9026);
#9028=PLANE('NONE',#9027);
#9029=FACE_SURFACE('NONE',(#9024),#9028,.T.);
#9030=POLY_LOOP('NONE',(#377,#376,#1182,#1181));
#9031=FACE_OUTER_BOUND('NONE',#9030,.T.);
#9032=DIRECTION('NONE',(0.999604,-0.028143,0));
#9033=DIRECTION('NONE',(-0.028143,-0.999604,0));
#9034=AXIS2_PLACEMENT_3D('NONE',#377,#9032,#9033);
#9035=PLANE('NONE',#9034);
#9036=FACE_SURFACE('NONE',(#9031),#9035,.T.);
#9037=POLY_LOOP('NONE',(#1190,#368,#367,#1191));
#9038=FACE_OUTER_BOUND('NONE',#9037,.T.);
#9039=DIRECTION('NONE',(0.918419,0.39561,0));
#9040=DIRECTION('NONE',(0,0,1));
#9041=AXIS2_PLACEMENT_3D('NONE',#1190,#9039,#9040);
#9042=PLANE('NONE',#9041);
#9043=FACE_SURFACE('NONE',(#9038),#9042,.T.);
#9044=POLY_LOOP('NONE',(#368,#1190,#1189,#369));
#9045=FACE_OUTER_BOUND('NONE',#9044,.T.);
#9046=DIRECTION('NONE',(0.932256,0.361798,0));
#9047=DIRECTION('NONE',(0,0,-1));
#9048=AXIS2_PLACEMENT_3D('NONE',#368,#9046,#9047);
#9049=PLANE('NONE',#9048);
#9050=FACE_SURFACE('NONE',(#9045),#9049,.T.);
#9051=POLY_LOOP('NONE',(#374,#1184,#1183,#375));
#9052=FACE_OUTER_BOUND('NONE',#9051,.T.);
#9053=DIRECTION('NONE',(0.997529,0.070261,0));
#9054=DIRECTION('NONE',(0,0,-1));
#9055=AXIS2_PLACEMENT_3D('NONE',#374,#9053,#9054);
#9056=PLANE('NONE',#9055);
#9057=FACE_SURFACE('NONE',(#9052),#9056,.T.);
#9058=POLY_LOOP('NONE',(#1176,#1175,#383,#382));
#9059=FACE_OUTER_BOUND('NONE',#9058,.T.);
#9060=DIRECTION('NONE',(0.950091,-0.311973,0));
#9061=DIRECTION('NONE',(0.311973,0.950091,0));
#9062=AXIS2_PLACEMENT_3D('NONE',#1176,#9060,#9061);
#9063=PLANE('NONE',#9062);
#9064=FACE_SURFACE('NONE',(#9059),#9063,.T.);
#9065=POLY_LOOP('NONE',(#387,#386,#1172,#1171));
#9066=FACE_OUTER_BOUND('NONE',#9065,.T.);
#9067=DIRECTION('NONE',(0.870813,-0.491614,0));
#9068=DIRECTION('NONE',(-0.491614,-0.870813,0));
#9069=AXIS2_PLACEMENT_3D('NONE',#387,#9067,#9068);
#9070=PLANE('NONE',#9069);
#9071=FACE_SURFACE('NONE',(#9066),#9070,.T.);
#9072=POLY_LOOP('NONE',(#1170,#388,#387,#1171));
#9073=FACE_OUTER_BOUND('NONE',#9072,.T.);
#9074=DIRECTION('NONE',(0.844836,-0.535025,0));
#9075=DIRECTION('NONE',(0,0,1));
#9076=AXIS2_PLACEMENT_3D('NONE',#1170,#9074,#9075);
#9077=PLANE('NONE',#9076);
#9078=FACE_SURFACE('NONE',(#9073),#9077,.T.);
#9079=POLY_LOOP('NONE',(#391,#1167,#1166,#392));
#9080=FACE_OUTER_BOUND('NONE',#9079,.T.);
#9081=DIRECTION('NONE',(0.727803,-0.685786,0));
#9082=DIRECTION('NONE',(0,0,-1));
#9083=AXIS2_PLACEMENT_3D('NONE',#391,#9081,#9082);
#9084=PLANE('NONE',#9083);
#9085=FACE_SURFACE('NONE',(#9080),#9084,.T.);
#9086=POLY_LOOP('NONE',(#377,#1181,#1180,#378));
#9087=FACE_OUTER_BOUND('NONE',#9086,.T.);
#9088=DIRECTION('NONE',(0.997528,-0.070264,0));
#9089=DIRECTION('NONE',(0,0,-1));
#9090=AXIS2_PLACEMENT_3D('NONE',#377,#9088,#9089);
#9091=PLANE('NONE',#9090);
#9092=FACE_SURFACE('NONE',(#9087),#9091,.T.);
#9093=POLY_LOOP('NONE',(#1082,#476,#475,#1083));
#9094=FACE_OUTER_BOUND('NONE',#9093,.T.);
#9095=DIRECTION('NONE',(0.168979,0.98562,0));
#9096=DIRECTION('NONE',(0,0,1));
#9097=AXIS2_PLACEMENT_3D('NONE',#1082,#9095,#9096);
#9098=PLANE('NONE',#9097);
#9099=FACE_SURFACE('NONE',(#9094),#9098,.T.);
#9100=POLY_LOOP('NONE',(#467,#1091,#1090,#468));
#9101=FACE_OUTER_BOUND('NONE',#9100,.T.);
#9102=DIRECTION('NONE',(-0.225874,0.974156,0));
#9103=DIRECTION('NONE',(0,0,-1));
#9104=AXIS2_PLACEMENT_3D('NONE',#467,#9102,#9103);
#9105=PLANE('NONE',#9104);
#9106=FACE_SURFACE('NONE',(#9101),#9105,.T.);
#9107=POLY_LOOP('NONE',(#1086,#472,#471,#1087));
#9108=FACE_OUTER_BOUND('NONE',#9107,.T.);
#9109=DIRECTION('NONE',(-0.01388,0.999904,0));
#9110=DIRECTION('NONE',(0,0,1));
#9111=AXIS2_PLACEMENT_3D('NONE',#1086,#9109,#9110);
#9112=PLANE('NONE',#9111);
#9113=FACE_SURFACE('NONE',(#9108),#9112,.T.);
#9114=POLY_LOOP('NONE',(#458,#1100,#1099,#459));
#9115=FACE_OUTER_BOUND('NONE',#9114,.T.);
#9116=DIRECTION('NONE',(-0.617812,0.786326,0));
#9117=DIRECTION('NONE',(0,0,-1));
#9118=AXIS2_PLACEMENT_3D('NONE',#458,#9116,#9117);
#9119=PLANE('NONE',#9118);
#9120=FACE_SURFACE('NONE',(#9115),#9119,.T.);
#9121=POLY_LOOP('NONE',(#1107,#451,#450,#1108));
#9122=FACE_OUTER_BOUND('NONE',#9121,.T.);
#9123=DIRECTION('NONE',(-0.870826,0.491591,0));
#9124=DIRECTION('NONE',(0,0,1));
#9125=AXIS2_PLACEMENT_3D('NONE',#1107,#9123,#9124);
#9126=PLANE('NONE',#9125);
#9127=FACE_SURFACE('NONE',(#9122),#9126,.T.);
#9128=POLY_LOOP('NONE',(#451,#1107,#1106,#452));
#9129=FACE_OUTER_BOUND('NONE',#9128,.T.);
#9130=DIRECTION('NONE',(-0.844821,0.53505,0));
#9131=DIRECTION('NONE',(0,0,-1));
#9132=AXIS2_PLACEMENT_3D('NONE',#451,#9130,#9131);
#9133=PLANE('NONE',#9132);
#9134=FACE_SURFACE('NONE',(#9129),#9133,.T.);
#9135=POLY_LOOP('NONE',(#1464,#1465,#1466,#1467));
#9136=FACE_OUTER_BOUND('NONE',#9135,.T.);
#9137=DIRECTION('NONE',(1,0,0));
#9138=DIRECTION('NONE',(0,1,0));
#9139=AXIS2_PLACEMENT_3D('NONE',#1464,#9137,#9138);
#9140=PLANE('NONE',#9139);
#9141=FACE_SURFACE('NONE',(#9136),#9140,.T.);
#9142=POLY_LOOP('NONE',(#1464,#1467,#1468,#1469));
#9143=FACE_OUTER_BOUND('NONE',#9142,.T.);
#9144=DIRECTION('NONE',(0,-1,0));
#9145=DIRECTION('NONE',(0,0,1));
#9146=AXIS2_PLACEMENT_3D('NONE',#1464,#9144,#9145);
#9147=PLANE('NONE',#9146);
#9148=FACE_SURFACE('NONE',(#9143),#9147,.T.);
#9149=POLY_LOOP('NONE',(#1470,#1471,#1472,#1468,#1467,#1466,#1473,#1474));
#9150=FACE_OUTER_BOUND('NONE',#9149,.T.);
#9151=POLY_LOOP('NONE',(#1475,#1476,#1477,#1478,#1479,#1480,#1481,#1482,#1483,#1484,#1485,#1486,#1487,#1488,#1489,#1490,#1491,#1492,#1493,#1494,#1495,#1496,#1497,#1498,#1499,#1500,#1501,#1502,#1503,#1504,#1505,#1506,#1507,#1508,#1509,#1510,#1511,#1512,#1513,#1514,#1515,#1516,#1517,#1518,#1519,#1520,#1521,#1522,#1523,#1524,#1525,#1526,#1527,#1528,#1529,#1530,#1531,#1532,#1533,#1534,#1535,#1536,#1537,#1538,#1539,#1540,#1541,#1542,#1543,#1544,#1545,#1546,#1547,#1548,#1549,#1550,#1551,#1552,#1553,#1554,#1555,#1556,#1557,#1558,#1559,#1560,#1561,#1562,#1563,#1564,#1565,#1566,#1567,#1568,#1569,#1570,#1571,#1572,#1573,#1574,#1575,#1576,#1577,#1578,#1579,#1580,#1581,#1582,#1583,#1584,#1585,#1586,#1587,#1588,#1589,#1590,#1591,#1592,#1593,#1594,#1595,#1596,#1597,#1598,#1599,#1600,#1601,#1602));
#9152=FACE_BOUND('NONE',#9151,.T.);
#9153=POLY_LOOP('NONE',(#1603,#1604,#1605,#1606,#1607,#1608,#1609,#1610,#1611,#1612,#1613,#1614,#1615,#1616,#1617,#1618,#1619,#1620,#1621,#1622,#1623,#1624,#1625,#1626,#1627,#1628,#1629,#1630,#1631,#1632,#1633,#1634,#1635,#1636,#1637,#1638,#1639,#1640,#1641,#1642,#1643,#1644,#1645,#1646,#1647,#1648,#1649,#1650,#1651,#1652,#1653,#1654,#1655,#1656,#1657,#1658,#1659,#1660,#1661,#1662,#1663,#1664,#1665,#1666,#1667,#1668,#1669,#1670,#1671,#1672,#1673,#1674,#1675,#1676,#1677,#1678,#1679,#1680,#1681,#1682,#1683,#1684,#1685,#1686,#1687,#1688,#1689,#1690,#1691,#1692,#1693,#1694,#1695,#1696,#1697,#1698,#1699,#1700,#1701,#1702,#1703,#1704,#1705,#1706,#1707,#1708,#1709,#1710,#1711,#1712,#1713,#1714,#1715,#1716,#1717,#1718,#1719,#1720,#1721,#1722,#1723,#1724,#1725,#1726,#1727,#1728,#1729,#1730));
#9154=FACE_BOUND('NONE',#9153,.T.);
#9155=POLY_LOOP('NONE',(#1731,#1732,#1733,#1734,#1735,#1736,#1737,#1738,#1739,#1740,#1741,#1742,#1743,#1744,#1745,#1746,#1747,#1748,#1749,#1750,#1751,#1752,#1753,#1754,#1755,#1756,#1757,#1758,#1759,#1760,#1761,#1762,#1763,#1764,#1765,#1766,#1767,#1768,#1769,#1770,#1771,#1772,#1773,#1774,#1775,#1776,#1777,#1778,#1779,#1780,#1781,#1782,#1783,#1784,#1785,#1786,#1787,#1788,#1789,#1790,#1791,#1792,#1793,#1794,#1795,#1796,#1797,#1798,#1799,#1800,#1801,#1802,#1803,#1804,#1805,#1806,#1807,#1808,#1809,#1810,#1811,#1812,#1813,#1814,#1815,#1816,#1817,#1818,#1819,#1820,#1821,#1822,#1823,#1824,#1825,#1826,#1827,#1828,#1829,#1830,#1831,#1832,#1833,#1834,#1835,#1836,#1837,#1838,#1839,#1840,#1841,#1842,#1843,#1844,#1845,#1846,#1847,#1848,#1849,#1850,#1851,#1852,#1853,#1854,#1855,#1856,#1857,#1858));
#9156=FACE_BOUND('NONE',#9155,.T.);
#9157=POLY_LOOP('NONE',(#1859,#1860,#1861,#1862,#1863,#1864,#1865,#1866,#1867,#1868,#1869,#1870,#1871,#1872,#1873,#1874,#1875,#1876,#1877,#1878,#1879,#1880,#1881,#1882,#1883,#1884,#1885,#1886,#1887,#1888,#1889,#1890,#1891,#1892,#1893,#1894,#1895,#1896,#1897,#1898,#1899,#1900,#1901,#1902,#1903,#1904,#1905,#1906,#1907,#1908,#1909,#1910,#1911,#1912,#1913,#1914,#1915,#1916,#1917,#1918,#1919,#1920,#1921,#1922,#1923,#1924,#1925,#1926,#1927,#1928,#1929,#1930,#1931,#1932,#1933,#1934,#1935,#1936,#1937,#1938,#1939,#1940,#1941,#1942,#1943,#1944,#1945,#1946,#1947,#1948,#1949,#1950,#1951,#1952,#1953,#1954,#1955,#1956,#1957,#1958,#1959,#1960,#1961,#1962,#1963,#1964,#1965,#1966,#1967,#1968,#1969,#1970,#1971,#1972,#1973,#1974,#1975,#1976,#1977,#1978,#1979,#1980,#1981,#1982,#1983,#1984,#1985,#1986));
#9158=FACE_BOUND('NONE',#9157,.T.);
#9159=DIRECTION('NONE',(0,0,1));
#9160=DIRECTION('NONE',(0,-1,0));
#9161=AXIS2_PLACEMENT_3D('NONE',#1470,#9159,#9160);
#9162=PLANE('NONE',#9161);
#9163=FACE_SURFACE('NONE',(#9150,#9152,#9154,#9156,#9158),#9162,.T.);
#9164=POLY_LOOP('NONE',(#1464,#1469,#1987,#1465));
#9165=FACE_OUTER_BOUND('NONE',#9164,.T.);
#9166=POLY_LOOP('NONE',(#1988,#1989,#1990,#1991));
#9167=FACE_BOUND('NONE',#9166,.T.);
#9168=POLY_LOOP('NONE',(#1992,#1993,#1994,#1995,#1996,#1997,#1998,#1999,#2000,#2001,#2002,#2003,#2004,#2005,#2006,#2007,#2008,#2009,#2010,#2011,#2012,#2013,#2014,#2015,#2016,#2017,#2018,#2019,#2020,#2021,#2022,#2023,#2024,#2025,#2026,#2027,#2028,#2029,#2030,#2031,#2032,#2033,#2034,#2035,#2036,#2037,#2038,#2039,#2040,#2041,#2042,#2043,#2044,#2045,#2046,#2047,#2048,#2049,#2050,#2051,#2052,#2053,#2054,#2055,#2056,#2057,#2058,#2059,#2060,#2061,#2062,#2063,#2064,#2065,#2066,#2067,#2068,#2069,#2070,#2071,#2072,#2073,#2074,#2075,#2076,#2077,#2078,#2079,#2080,#2081,#2082,#2083,#2084,#2085,#2086,#2087,#2088,#2089,#2090,#2091,#2092,#2093,#2094,#2095,#2096,#2097,#2098,#2099,#2100,#2101,#2102,#2103,#2104,#2105,#2106,#2107,#2108,#2109,#2110,#2111,#2112,#2113,#2114,#2115,#2116,#2117,#2118,#2119));
#9169=FACE_BOUND('NONE',#9168,.T.);
#9170=POLY_LOOP('NONE',(#2120,#2121,#2122,#2123,#2124,#2125,#2126,#2127,#2128,#2129,#2130,#2131,#2132,#2133,#2134,#2135,#2136,#2137,#2138,#2139,#2140,#2141,#2142,#2143,#2144,#2145,#2146,#2147,#2148,#2149,#2150,#2151,#2152,#2153,#2154,#2155,#2156,#2157,#2158,#2159,#2160,#2161,#2162,#2163,#2164,#2165,#2166,#2167,#2168,#2169,#2170,#2171,#2172,#2173,#2174,#2175,#2176,#2177,#2178,#2179,#2180,#2181,#2182,#2183,#2184,#2185,#2186,#2187,#2188,#2189,#2190,#2191,#2192,#2193,#2194,#2195,#2196,#2197,#2198,#2199,#2200,#2201,#2202,#2203,#2204,#2205,#2206,#2207,#2208,#2209,#2210,#2211,#2212,#2213,#2214,#2215,#2216,#2217,#2218,#2219,#2220,#2221,#2222,#2223,#2224,#2225,#2226,#2227,#2228,#2229,#2230,#2231,#2232,#2233,#2234,#2235,#2236,#2237,#2238,#2239,#2240,#2241,#2242,#2243,#2244,#2245,#2246,#2247));
#9171=FACE_BOUND('NONE',#9170,.T.);
#9172=POLY_LOOP('NONE',(#2248,#2249,#2250,#2251,#2252,#2253,#2254,#2255,#2256,#2257,#2258,#2259,#2260,#2261,#2262,#2263,#2264,#2265,#2266,#2267,#2268,#2269,#2270,#2271,#2272,#2273,#2274,#2275,#2276,#2277,#2278,#2279,#2280,#2281,#2282,#2283,#2284,#2285,#2286,#2287,#2288,#2289,#2290,#2291,#2292,#2293,#2294,#2295,#2296,#2297,#2298,#2299,#2300,#2301,#2302,#2303,#2304,#2305,#2306,#2307,#2308,#2309,#2310,#2311,#2312,#2313,#2314,#2315,#2316,#2317,#2318,#2319,#2320,#2321,#2322,#2323,#2324,#2325,#2326,#2327,#2328,#2329,#2330,#2331,#2332,#2333,#2334,#2335,#2336,#2337,#2338,#2339,#2340,#2341,#2342,#2343,#2344,#2345,#2346,#2347,#2348,#2349,#2350,#2351,#2352,#2353,#2354,#2355,#2356,#2357,#2358,#2359,#2360,#2361,#2362,#2363,#2364,#2365,#2366,#2367,#2368,#2369,#2370,#2371,#2372,#2373,#2374,#2375));
#9173=FACE_BOUND('NONE',#9172,.T.);
#9174=POLY_LOOP('NONE',(#2376,#2377,#2378,#2379,#2380,#2381,#2382,#2383,#2384,#2385,#2386,#2387,#2388,#2389,#2390,#2391,#2392,#2393,#2394,#2395,#2396,#2397,#2398,#2399,#2400,#2401,#2402,#2403,#2404,#2405,#2406,#2407,#2408,#2409,#2410,#2411,#2412,#2413,#2414,#2415,#2416,#2417,#2418,#2419,#2420,#2421,#2422,#2423,#2424,#2425,#2426,#2427,#2428,#2429,#2430,#2431,#2432,#2433,#2434,#2435,#2436,#2437,#2438,#2439,#2440,#2441,#2442,#2443,#2444,#2445,#2446,#2447,#2448,#2449,#2450,#2451,#2452,#2453,#2454,#2455,#2456,#2457,#2458,#2459,#2460,#2461,#2462,#2463,#2464,#2465,#2466,#2467,#2468,#2469,#2470,#2471,#2472,#2473,#2474,#2475,#2476,#2477,#2478,#2479,#2480,#2481,#2482,#2483,#2484,#2485,#2486,#2487,#2488,#2489,#2490,#2491,#2492,#2493,#2494,#2495,#2496,#2497,#2498,#2499,#2500,#2501,#2502,#2503));
#9175=FACE_BOUND('NONE',#9174,.T.);
#9176=DIRECTION('NONE',(0,0,-1));
#9177=DIRECTION('NONE',(-1,0,0));
#9178=AXIS2_PLACEMENT_3D('NONE',#1464,#9176,#9177);
#9179=PLANE('NONE',#9178);
#9180=FACE_SURFACE('NONE',(#9165,#9167,#9169,#9171,#9173,#9175),#9179,.T.);
#9181=POLY_LOOP('NONE',(#1470,#2504,#2505,#1471));
#9182=FACE_OUTER_BOUND('NONE',#9181,.T.);
#9183=DIRECTION('NONE',(-1,0,0));
#9184=DIRECTION('NONE',(0,0,-1));
#9185=AXIS2_PLACEMENT_3D('NONE',#1470,#9183,#9184);
#9186=PLANE('NONE',#9185);
#9187=FACE_SURFACE('NONE',(#9182),#9186,.T.);
#9188=POLY_LOOP('NONE',(#2506,#1990,#1989,#2507));
#9189=FACE_OUTER_BOUND('NONE',#9188,.T.);
#9190=DIRECTION('NONE',(1,0,0));
#9191=DIRECTION('NONE',(0,0,1));
#9192=AXIS2_PLACEMENT_3D('NONE',#2506,#9190,#9191);
#9193=PLANE('NONE',#9192);
#9194=FACE_SURFACE('NONE',(#9189),#9193,.T.);
#9195=POLY_LOOP('NONE',(#1468,#1472,#2508,#2509,#1474,#1473,#1987,#1469));
#9196=FACE_OUTER_BOUND('NONE',#9195,.T.);
#9197=DIRECTION('NONE',(-1,0,0));
#9198=DIRECTION('NONE',(0,1,0));
#9199=AXIS2_PLACEMENT_3D('NONE',#1468,#9197,#9198);
#9200=PLANE('NONE',#9199);
#9201=FACE_SURFACE('NONE',(#9196),#9200,.T.);
#9202=POLY_LOOP('NONE',(#1987,#1473,#1466,#1465));
#9203=FACE_OUTER_BOUND('NONE',#9202,.T.);
#9204=DIRECTION('NONE',(0,1,0));
#9205=DIRECTION('NONE',(0,0,1));
#9206=AXIS2_PLACEMENT_3D('NONE',#1987,#9204,#9205);
#9207=PLANE('NONE',#9206);
#9208=FACE_SURFACE('NONE',(#9203),#9207,.T.);
#9209=POLY_LOOP('NONE',(#2332,#1764,#1763,#2333));
#9210=FACE_OUTER_BOUND('NONE',#9209,.T.);
#9211=DIRECTION('NONE',(0.577223,0.816587,0));
#9212=DIRECTION('NONE',(0,0,1));
#9213=AXIS2_PLACEMENT_3D('NONE',#2332,#9211,#9212);
#9214=PLANE('NONE',#9213);
#9215=FACE_SURFACE('NONE',(#9210),#9214,.T.);
#9216=POLY_LOOP('NONE',(#1855,#1854,#2370,#2369));
#9217=FACE_OUTER_BOUND('NONE',#9216,.T.);
#9218=DIRECTION('NONE',(-0.93226,0.361789,0));
#9219=DIRECTION('NONE',(0.361789,0.93226,0));
#9220=AXIS2_PLACEMENT_3D('NONE',#1855,#9218,#9219);
#9221=PLANE('NONE',#9220);
#9222=FACE_SURFACE('NONE',(#9217),#9221,.T.);
#9223=POLY_LOOP('NONE',(#2173,#1678,#1677,#2174));
#9224=FACE_OUTER_BOUND('NONE',#9223,.T.);
#9225=DIRECTION('NONE',(-0.93226,0.361789,0));
#9226=DIRECTION('NONE',(0,0,1));
#9227=AXIS2_PLACEMENT_3D('NONE',#2173,#9225,#9226);
#9228=PLANE('NONE',#9227);
#9229=FACE_SURFACE('NONE',(#9224),#9228,.T.);
#9230=POLY_LOOP('NONE',(#1842,#1841,#2255,#2254));
#9231=FACE_OUTER_BOUND('NONE',#9230,.T.);
#9232=DIRECTION('NONE',(-0.964113,-0.265493,0));
#9233=DIRECTION('NONE',(-0.265493,0.964113,0));
#9234=AXIS2_PLACEMENT_3D('NONE',#1842,#9232,#9233);
#9235=PLANE('NONE',#9234);
#9236=FACE_SURFACE('NONE',(#9231),#9235,.T.);
#9237=POLY_LOOP('NONE',(#2267,#2266,#1830,#1829));
#9238=FACE_OUTER_BOUND('NONE',#9237,.T.);
#9239=DIRECTION('NONE',(-0.656518,-0.75431,0));
#9240=DIRECTION('NONE',(0.75431,-0.656518,0));
#9241=AXIS2_PLACEMENT_3D('NONE',#2267,#9239,#9240);
#9242=PLANE('NONE',#9241);
#9243=FACE_SURFACE('NONE',(#9238),#9242,.T.);
#9244=POLY_LOOP('NONE',(#2335,#1761,#1760,#2336));
#9245=FACE_OUTER_BOUND('NONE',#9244,.T.);
#9246=DIRECTION('NONE',(0.447214,0.894427,0));
#9247=DIRECTION('NONE',(0,0,1));
#9248=AXIS2_PLACEMENT_3D('NONE',#2335,#9246,#9247);
#9249=PLANE('NONE',#9248);
#9250=FACE_SURFACE('NONE',(#9245),#9249,.T.);
#9251=POLY_LOOP('NONE',(#2198,#1653,#1652,#2199));
#9252=FACE_OUTER_BOUND('NONE',#9251,.T.);
#9253=DIRECTION('NONE',(-0.656518,-0.75431,0));
#9254=DIRECTION('NONE',(0,0,1));
#9255=AXIS2_PLACEMENT_3D('NONE',#2198,#9253,#9254);
#9256=PLANE('NONE',#9255);
#9257=FACE_SURFACE('NONE',(#9252),#9256,.T.);
#9258=POLY_LOOP('NONE',(#1761,#2335,#2334,#1762));
#9259=FACE_OUTER_BOUND('NONE',#9258,.T.);
#9260=DIRECTION('NONE',(0.491591,0.870826,0));
#9261=DIRECTION('NONE',(0,0,-1));
#9262=AXIS2_PLACEMENT_3D('NONE',#1761,#9260,#9261);
#9263=PLANE('NONE',#9262);
#9264=FACE_SURFACE('NONE',(#9259),#9263,.T.);
#9265=POLY_LOOP('NONE',(#2331,#1765,#1764,#2332));
#9266=FACE_OUTER_BOUND('NONE',#9265,.T.);
#9267=DIRECTION('NONE',(0.61782,0.786319,0));
#9268=DIRECTION('NONE',(0,0,1));
#9269=AXIS2_PLACEMENT_3D('NONE',#2331,#9267,#9268);
#9270=PLANE('NONE',#9269);
#9271=FACE_SURFACE('NONE',(#9266),#9270,.T.);
#9272=POLY_LOOP('NONE',(#2331,#2330,#1766,#1765));
#9273=FACE_OUTER_BOUND('NONE',#9272,.T.);
#9274=DIRECTION('NONE',(0.656518,0.75431,0));
#9275=DIRECTION('NONE',(-0.75431,0.656518,0));
#9276=AXIS2_PLACEMENT_3D('NONE',#2331,#9274,#9275);
#9277=PLANE('NONE',#9276);
#9278=FACE_SURFACE('NONE',(#9273),#9277,.T.);
#9279=POLY_LOOP('NONE',(#2086,#2085,#1495,#1494));
#9280=FACE_OUTER_BOUND('NONE',#9279,.T.);
#9281=DIRECTION('NONE',(0.999901,0.014075,0));
#9282=DIRECTION('NONE',(-0.014075,0.999901,0));
#9283=AXIS2_PLACEMENT_3D('NONE',#2086,#9281,#9282);
#9284=PLANE('NONE',#9283);
#9285=FACE_SURFACE('NONE',(#9280),#9284,.T.);
#9286=POLY_LOOP('NONE',(#1749,#1748,#2348,#2347));
#9287=FACE_OUTER_BOUND('NONE',#9286,.T.);
#9288=DIRECTION('NONE',(-0.125753,0.992062,0));
#9289=DIRECTION('NONE',(0.992062,0.125753,0));
#9290=AXIS2_PLACEMENT_3D('NONE',#1749,#9288,#9289);
#9291=PLANE('NONE',#9290);
#9292=FACE_SURFACE('NONE',(#9287),#9291,.T.);
#9293=POLY_LOOP('NONE',(#1749,#2347,#2346,#1750));
#9294=FACE_OUTER_BOUND('NONE',#9293,.T.);
#9295=DIRECTION('NONE',(-0.070251,0.997529,0));
#9296=DIRECTION('NONE',(0,0,-1));
#9297=AXIS2_PLACEMENT_3D('NONE',#1749,#9295,#9296);
#9298=PLANE('NONE',#9297);
#9299=FACE_SURFACE('NONE',(#9294),#9298,.T.);
#9300=POLY_LOOP('NONE',(#1753,#2343,#2342,#1754));
#9301=FACE_OUTER_BOUND('NONE',#9300,.T.);
#9302=DIRECTION('NONE',(0.125753,0.992062,0));
#9303=DIRECTION('NONE',(0,0,-1));
#9304=AXIS2_PLACEMENT_3D('NONE',#1753,#9302,#9303);
#9305=PLANE('NONE',#9304);
#9306=FACE_SURFACE('NONE',(#9301),#9305,.T.);
#9307=POLY_LOOP('NONE',(#1742,#1741,#2355,#2354));
#9308=FACE_OUTER_BOUND('NONE',#9307,.T.);
#9309=DIRECTION('NONE',(-0.447214,0.894427,0));
#9310=DIRECTION('NONE',(0.894427,0.447214,0));
#9311=AXIS2_PLACEMENT_3D('NONE',#1742,#9309,#9310);
#9312=PLANE('NONE',#9311);
#9313=FACE_SURFACE('NONE',(#9308),#9312,.T.);
#9314=POLY_LOOP('NONE',(#1743,#1742,#2354,#2353));
#9315=FACE_OUTER_BOUND('NONE',#9314,.T.);
#9316=DIRECTION('NONE',(-0.407452,0.913227,0));
#9317=DIRECTION('NONE',(0.913227,0.407452,0));
#9318=AXIS2_PLACEMENT_3D('NONE',#1743,#9316,#9317);
#9319=PLANE('NONE',#9318);
#9320=FACE_SURFACE('NONE',(#9315),#9319,.T.);
#9321=POLY_LOOP('NONE',(#2345,#1751,#1750,#2346));
#9322=FACE_OUTER_BOUND('NONE',#9321,.T.);
#9323=DIRECTION('NONE',(-0.028156,0.999604,0));
#9324=DIRECTION('NONE',(0,0,1));
#9325=AXIS2_PLACEMENT_3D('NONE',#2345,#9323,#9324);
#9326=PLANE('NONE',#9325);
#9327=FACE_SURFACE('NONE',(#9322),#9326,.T.);
#9328=POLY_LOOP('NONE',(#1737,#2359,#2358,#1738));
#9329=FACE_OUTER_BOUND('NONE',#9328,.T.);
#9330=DIRECTION('NONE',(-0.61782,0.786319,0));
#9331=DIRECTION('NONE',(0,0,-1));
#9332=AXIS2_PLACEMENT_3D('NONE',#1737,#9330,#9331);
#9333=PLANE('NONE',#9332);
#9334=FACE_SURFACE('NONE',(#9329),#9333,.T.);
#9335=POLY_LOOP('NONE',(#2357,#1739,#1738,#2358));
#9336=FACE_OUTER_BOUND('NONE',#9335,.T.);
#9337=DIRECTION('NONE',(-0.577248,0.816569,0));
#9338=DIRECTION('NONE',(0,0,1));
#9339=AXIS2_PLACEMENT_3D('NONE',#2357,#9337,#9338);
#9340=PLANE('NONE',#9339);
#9341=FACE_SURFACE('NONE',(#9336),#9340,.T.);
#9342=POLY_LOOP('NONE',(#2361,#2360,#1736,#1735));
#9343=FACE_OUTER_BOUND('NONE',#9342,.T.);
#9344=DIRECTION('NONE',(-0.685786,0.727803,0));
#9345=DIRECTION('NONE',(-0.727803,-0.685786,0));
#9346=AXIS2_PLACEMENT_3D('NONE',#2361,#9344,#9345);
#9347=PLANE('NONE',#9346);
#9348=FACE_SURFACE('NONE',(#9343),#9347,.T.);
#9349=POLY_LOOP('NONE',(#2260,#1836,#1835,#2261));
#9350=FACE_OUTER_BOUND('NONE',#9349,.T.);
#9351=DIRECTION('NONE',(-0.844832,-0.535031,0));
#9352=DIRECTION('NONE',(0,0,1));
#9353=AXIS2_PLACEMENT_3D('NONE',#2260,#9351,#9352);
#9354=PLANE('NONE',#9353);
#9355=FACE_SURFACE('NONE',(#9350),#9354,.T.);
#9356=POLY_LOOP('NONE',(#2275,#1821,#1820,#2276));
#9357=FACE_OUTER_BOUND('NONE',#9356,.T.);
#9358=DIRECTION('NONE',(-0.265481,-0.964116,0));
#9359=DIRECTION('NONE',(0,0,1));
#9360=AXIS2_PLACEMENT_3D('NONE',#2275,#9358,#9359);
#9361=PLANE('NONE',#9360);
#9362=FACE_SURFACE('NONE',(#9357),#9361,.T.);
#9363=POLY_LOOP('NONE',(#1822,#1821,#2275,#2274));
#9364=FACE_OUTER_BOUND('NONE',#9363,.T.);
#9365=DIRECTION('NONE',(-0.311973,-0.950091,0));
#9366=DIRECTION('NONE',(-0.950091,0.311973,0));
#9367=AXIS2_PLACEMENT_3D('NONE',#1822,#9365,#9366);
#9368=PLANE('NONE',#9367);
#9369=FACE_SURFACE('NONE',(#9364),#9368,.T.);
#9370=POLY_LOOP('NONE',(#2202,#2201,#1650,#1649));
#9371=FACE_OUTER_BOUND('NONE',#9370,.T.);
#9372=DIRECTION('NONE',(-0.535059,-0.844815,0));
#9373=DIRECTION('NONE',(0.844815,-0.535059,0));
#9374=AXIS2_PLACEMENT_3D('NONE',#2202,#9372,#9373);
#9375=PLANE('NONE',#9374);
#9376=FACE_SURFACE('NONE',(#9371),#9375,.T.);
#9377=POLY_LOOP('NONE',(#2142,#1709,#1708,#2143));
#9378=FACE_OUTER_BOUND('NONE',#9377,.T.);
#9379=DIRECTION('NONE',(0.311985,0.950087,0));
#9380=DIRECTION('NONE',(0,0,1));
#9381=AXIS2_PLACEMENT_3D('NONE',#2142,#9379,#9380);
#9382=PLANE('NONE',#9381);
#9383=FACE_SURFACE('NONE',(#9378),#9382,.T.);
#9384=POLY_LOOP('NONE',(#1654,#1653,#2198,#2197));
#9385=FACE_OUTER_BOUND('NONE',#9384,.T.);
#9386=DIRECTION('NONE',(-0.68582,-0.727772,0));
#9387=DIRECTION('NONE',(-0.727772,0.68582,0));
#9388=AXIS2_PLACEMENT_3D('NONE',#1654,#9386,#9387);
#9389=PLANE('NONE',#9388);
#9390=FACE_SURFACE('NONE',(#9385),#9389,.T.);
#9391=POLY_LOOP('NONE',(#2063,#2062,#1518,#1517));
#9392=FACE_OUTER_BOUND('NONE',#9391,.T.);
#9393=DIRECTION('NONE',(0.447214,-0.894427,0));
#9394=DIRECTION('NONE',(0.894427,0.447214,0));
#9395=AXIS2_PLACEMENT_3D('NONE',#2063,#9393,#9394);
#9396=PLANE('NONE',#9395);
#9397=FACE_SURFACE('NONE',(#9392),#9396,.T.);
#9398=POLY_LOOP('NONE',(#1755,#2341,#2340,#1756));
#9399=FACE_OUTER_BOUND('NONE',#9398,.T.);
#9400=DIRECTION('NONE',(0.222823,0.974859,0));
#9401=DIRECTION('NONE',(0,0,-1));
#9402=AXIS2_PLACEMENT_3D('NONE',#1755,#9400,#9401);
#9403=PLANE('NONE',#9402);
#9404=FACE_SURFACE('NONE',(#9399),#9403,.T.);
#9405=POLY_LOOP('NONE',(#1757,#1756,#2340,#2339));
#9406=FACE_OUTER_BOUND('NONE',#9405,.T.);
#9407=DIRECTION('NONE',(0.265481,0.964116,0));
#9408=DIRECTION('NONE',(0.964116,-0.265481,0));
#9409=AXIS2_PLACEMENT_3D('NONE',#1757,#9407,#9408);
#9410=PLANE('NONE',#9409);
#9411=FACE_SURFACE('NONE',(#9406),#9410,.T.);
#9412=POLY_LOOP('NONE',(#2342,#2341,#1755,#1754));
#9413=FACE_OUTER_BOUND('NONE',#9412,.T.);
#9414=DIRECTION('NONE',(0.168966,0.985622,0));
#9415=DIRECTION('NONE',(-0.985622,0.168966,0));
#9416=AXIS2_PLACEMENT_3D('NONE',#2342,#9414,#9415);
#9417=PLANE('NONE',#9416);
#9418=FACE_SURFACE('NONE',(#9413),#9417,.T.);
#9419=POLY_LOOP('NONE',(#1740,#1739,#2357,#2356));
#9420=FACE_OUTER_BOUND('NONE',#9419,.T.);
#9421=DIRECTION('NONE',(-0.535044,0.844824,0));
#9422=DIRECTION('NONE',(0.844824,0.535044,0));
#9423=AXIS2_PLACEMENT_3D('NONE',#1740,#9421,#9422);
#9424=PLANE('NONE',#9423);
#9425=FACE_SURFACE('NONE',(#9420),#9424,.T.);
#9426=POLY_LOOP('NONE',(#1580,#1579,#2001,#2000));
#9427=FACE_OUTER_BOUND('NONE',#9426,.T.);
#9428=DIRECTION('NONE',(-0.535044,0.844824,0));
#9429=DIRECTION('NONE',(0.844824,0.535044,0));
#9430=AXIS2_PLACEMENT_3D('NONE',#1580,#9428,#9429);
#9431=PLANE('NONE',#9430);
#9432=FACE_SURFACE('NONE',(#9427),#9431,.T.);
#9433=POLY_LOOP('NONE',(#2000,#1999,#1581,#1580));
#9434=FACE_OUTER_BOUND('NONE',#9433,.T.);
#9435=DIRECTION('NONE',(-0.491591,0.870826,0));
#9436=DIRECTION('NONE',(-0.870826,-0.491591,0));
#9437=AXIS2_PLACEMENT_3D('NONE',#2000,#9435,#9436);
#9438=PLANE('NONE',#9437);
#9439=FACE_SURFACE('NONE',(#9434),#9438,.T.);
#9440=POLY_LOOP('NONE',(#2345,#2344,#1752,#1751));
#9441=FACE_OUTER_BOUND('NONE',#9440,.T.);
#9442=DIRECTION('NONE',(0.028156,0.999604,0));
#9443=DIRECTION('NONE',(-0.999604,0.028156,0));
#9444=AXIS2_PLACEMENT_3D('NONE',#2345,#9442,#9443);
#9445=PLANE('NONE',#9444);
#9446=FACE_SURFACE('NONE',(#9441),#9445,.T.);
#9447=POLY_LOOP('NONE',(#2003,#1577,#1576,#2004));
#9448=FACE_OUTER_BOUND('NONE',#9447,.T.);
#9449=DIRECTION('NONE',(-0.656526,0.754304,0));
#9450=DIRECTION('NONE',(0,0,1));
#9451=AXIS2_PLACEMENT_3D('NONE',#2003,#9449,#9450);
#9452=PLANE('NONE',#9451);
#9453=FACE_SURFACE('NONE',(#9448),#9452,.T.);
#9454=POLY_LOOP('NONE',(#1573,#1572,#2008,#2007));
#9455=FACE_OUTER_BOUND('NONE',#9454,.T.);
#9456=DIRECTION('NONE',(-0.786326,0.617812,0));
#9457=DIRECTION('NONE',(0.617812,0.786326,0));
#9458=AXIS2_PLACEMENT_3D('NONE',#1573,#9456,#9457);
#9459=PLANE('NONE',#9458);
#9460=FACE_SURFACE('NONE',(#9455),#9459,.T.);
#9461=POLY_LOOP('NONE',(#2350,#2349,#1747,#1746));
#9462=FACE_OUTER_BOUND('NONE',#9461,.T.);
#9463=DIRECTION('NONE',(-0.222823,0.974859,0));
#9464=DIRECTION('NONE',(-0.974859,-0.222823,0));
#9465=AXIS2_PLACEMENT_3D('NONE',#2350,#9463,#9464);
#9466=PLANE('NONE',#9465);
#9467=FACE_SURFACE('NONE',(#9462),#9466,.T.);
#9468=POLY_LOOP('NONE',(#1789,#2307,#2306,#1790));
#9469=FACE_OUTER_BOUND('NONE',#9468,.T.);
#9470=DIRECTION('NONE',(0.950094,-0.311965,0));
#9471=DIRECTION('NONE',(0,0,-1));
#9472=AXIS2_PLACEMENT_3D('NONE',#1789,#9470,#9471);
#9473=PLANE('NONE',#9472);
#9474=FACE_SURFACE('NONE',(#9469),#9473,.T.);
#9475=POLY_LOOP('NONE',(#1790,#2306,#2305,#1791));
#9476=FACE_OUTER_BOUND('NONE',#9475,.T.);
#9477=DIRECTION('NONE',(0.932262,-0.361785,0));
#9478=DIRECTION('NONE',(0,0,-1));
#9479=AXIS2_PLACEMENT_3D('NONE',#1790,#9477,#9478);
#9480=PLANE('NONE',#9479);
#9481=FACE_SURFACE('NONE',(#9476),#9480,.T.);
#9482=POLY_LOOP('NONE',(#1792,#1791,#2305,#2304));
#9483=FACE_OUTER_BOUND('NONE',#9482,.T.);
#9484=DIRECTION('NONE',(0.913234,-0.407436,0));
#9485=DIRECTION('NONE',(-0.407436,-0.913234,0));
#9486=AXIS2_PLACEMENT_3D('NONE',#1792,#9484,#9485);
#9487=PLANE('NONE',#9486);
#9488=FACE_SURFACE('NONE',(#9483),#9487,.T.);
#9489=POLY_LOOP('NONE',(#2301,#1795,#1794,#2302));
#9490=FACE_OUTER_BOUND('NONE',#9489,.T.);
#9491=DIRECTION('NONE',(0.844808,-0.53507,0));
#9492=DIRECTION('NONE',(0,0,1));
#9493=AXIS2_PLACEMENT_3D('NONE',#2301,#9491,#9492);
#9494=PLANE('NONE',#9493);
#9495=FACE_SURFACE('NONE',(#9490),#9494,.T.);
#9496=POLY_LOOP('NONE',(#1796,#1795,#2301,#2300));
#9497=FACE_OUTER_BOUND('NONE',#9496,.T.);
#9498=DIRECTION('NONE',(0.816573,-0.577242,0));
#9499=DIRECTION('NONE',(-0.577242,-0.816573,0));
#9500=AXIS2_PLACEMENT_3D('NONE',#1796,#9498,#9499);
#9501=PLANE('NONE',#9500);
#9502=FACE_SURFACE('NONE',(#9497),#9501,.T.);
#9503=POLY_LOOP('NONE',(#1718,#2133,#2132,#1719));
#9504=FACE_OUTER_BOUND('NONE',#9503,.T.);
#9505=DIRECTION('NONE',(0.727791,0.685799,0));
#9506=DIRECTION('NONE',(0,0,-1));
#9507=AXIS2_PLACEMENT_3D('NONE',#1718,#9505,#9506);
#9508=PLANE('NONE',#9507);
#9509=FACE_SURFACE('NONE',(#9504),#9508,.T.);
#9510=POLY_LOOP('NONE',(#1720,#1719,#2132,#2131));
#9511=FACE_OUTER_BOUND('NONE',#9510,.T.);
#9512=DIRECTION('NONE',(0.754298,0.656532,0));
#9513=DIRECTION('NONE',(0.656532,-0.754298,0));
#9514=AXIS2_PLACEMENT_3D('NONE',#1720,#9512,#9513);
#9515=PLANE('NONE',#9514);
#9516=FACE_SURFACE('NONE',(#9511),#9515,.T.);
#9517=POLY_LOOP('NONE',(#1920,#1919,#2483,#2482));
#9518=FACE_OUTER_BOUND('NONE',#9517,.T.);
#9519=DIRECTION('NONE',(0.656552,0.754281,0));
#9520=DIRECTION('NONE',(0.754281,-0.656552,0));
#9521=AXIS2_PLACEMENT_3D('NONE',#1920,#9519,#9520);
#9522=PLANE('NONE',#9521);
#9523=FACE_SURFACE('NONE',(#9518),#9522,.T.);
#9524=POLY_LOOP('NONE',(#2476,#2475,#1927,#1926));
#9525=FACE_OUTER_BOUND('NONE',#9524,.T.);
#9526=DIRECTION('NONE',(0.870826,0.491591,0));
#9527=DIRECTION('NONE',(-0.491591,0.870826,0));
#9528=AXIS2_PLACEMENT_3D('NONE',#2476,#9526,#9527);
#9529=PLANE('NONE',#9528);
#9530=FACE_SURFACE('NONE',(#9525),#9529,.T.);
#9531=POLY_LOOP('NONE',(#1912,#2490,#2489,#1913));
#9532=FACE_OUTER_BOUND('NONE',#9531,.T.);
#9533=DIRECTION('NONE',(0.361757,0.932272,0));
#9534=DIRECTION('NONE',(0,0,-1));
#9535=AXIS2_PLACEMENT_3D('NONE',#1912,#9533,#9534);
#9536=PLANE('NONE',#9535);
#9537=FACE_SURFACE('NONE',(#9532),#9536,.T.);
#9538=POLY_LOOP('NONE',(#1701,#2150,#2149,#1702));
#9539=FACE_OUTER_BOUND('NONE',#9538,.T.);
#9540=DIRECTION('NONE',(-0.028156,0.999604,0));
#9541=DIRECTION('NONE',(0,0,-1));
#9542=AXIS2_PLACEMENT_3D('NONE',#1701,#9540,#9541);
#9543=PLANE('NONE',#9542);
#9544=FACE_SURFACE('NONE',(#9539),#9543,.T.);
#9545=POLY_LOOP('NONE',(#1690,#1689,#2162,#2161));
#9546=FACE_OUTER_BOUND('NONE',#9545,.T.);
#9547=DIRECTION('NONE',(-0.577223,0.816587,0));
#9548=DIRECTION('NONE',(0.816587,0.577223,0));
#9549=AXIS2_PLACEMENT_3D('NONE',#1690,#9547,#9548);
#9550=PLANE('NONE',#9549);
#9551=FACE_SURFACE('NONE',(#9546),#9550,.T.);
#9552=POLY_LOOP('NONE',(#1690,#2161,#2160,#1691));
#9553=FACE_OUTER_BOUND('NONE',#9552,.T.);
#9554=DIRECTION('NONE',(-0.535069,0.844809,0));
#9555=DIRECTION('NONE',(0,0,-1));
#9556=AXIS2_PLACEMENT_3D('NONE',#1690,#9554,#9555);
#9557=PLANE('NONE',#9556);
#9558=FACE_SURFACE('NONE',(#9553),#9557,.T.);
#9559=POLY_LOOP('NONE',(#2286,#1810,#1809,#2287));
#9560=FACE_OUTER_BOUND('NONE',#9559,.T.);
#9561=DIRECTION('NONE',(0.265481,-0.964116,0));
#9562=DIRECTION('NONE',(0,0,1));
#9563=AXIS2_PLACEMENT_3D('NONE',#2286,#9561,#9562);
#9564=PLANE('NONE',#9563);
#9565=FACE_SURFACE('NONE',(#9560),#9564,.T.);
#9566=POLY_LOOP('NONE',(#2286,#2285,#1811,#1810));
#9567=FACE_OUTER_BOUND('NONE',#9566,.T.);
#9568=DIRECTION('NONE',(0.222836,-0.974856,0));
#9569=DIRECTION('NONE',(0.974856,0.222836,0));
#9570=AXIS2_PLACEMENT_3D('NONE',#2286,#9568,#9569);
#9571=PLANE('NONE',#9570);
#9572=FACE_SURFACE('NONE',(#9567),#9571,.T.);
#9573=POLY_LOOP('NONE',(#2271,#1825,#1824,#2272));
#9574=FACE_OUTER_BOUND('NONE',#9573,.T.);
#9575=DIRECTION('NONE',(-0.447214,-0.894427,0));
#9576=DIRECTION('NONE',(0,0,1));
#9577=AXIS2_PLACEMENT_3D('NONE',#2271,#9575,#9576);
#9578=PLANE('NONE',#9577);
#9579=FACE_SURFACE('NONE',(#9574),#9578,.T.);
#9580=POLY_LOOP('NONE',(#1825,#2271,#2270,#1826));
#9581=FACE_OUTER_BOUND('NONE',#9580,.T.);
#9582=DIRECTION('NONE',(-0.491601,-0.87082,0));
#9583=DIRECTION('NONE',(0,0,-1));
#9584=AXIS2_PLACEMENT_3D('NONE',#1825,#9582,#9583);
#9585=PLANE('NONE',#9584);
#9586=FACE_SURFACE('NONE',(#9581),#9585,.T.);
#9587=POLY_LOOP('NONE',(#1526,#2054,#2053,#1527));
#9588=FACE_OUTER_BOUND('NONE',#9587,.T.);
#9589=DIRECTION('NONE',(0.028143,-0.999604,0));
#9590=DIRECTION('NONE',(0,0,-1));
#9591=AXIS2_PLACEMENT_3D('NONE',#1526,#9589,#9590);
#9592=PLANE('NONE',#9591);
#9593=FACE_SURFACE('NONE',(#9588),#9592,.T.);
#9594=POLY_LOOP('NONE',(#2175,#1676,#1675,#2176));
#9595=FACE_OUTER_BOUND('NONE',#9594,.T.);
#9596=DIRECTION('NONE',(-0.964112,0.265497,0));
#9597=DIRECTION('NONE',(0,0,1));
#9598=AXIS2_PLACEMENT_3D('NONE',#2175,#9596,#9597);
#9599=PLANE('NONE',#9598);
#9600=FACE_SURFACE('NONE',(#9595),#9599,.T.);
#9601=POLY_LOOP('NONE',(#1841,#1840,#2256,#2255));
#9602=FACE_OUTER_BOUND('NONE',#9601,.T.);
#9603=DIRECTION('NONE',(-0.950094,-0.311965,0));
#9604=DIRECTION('NONE',(-0.311965,0.950094,0));
#9605=AXIS2_PLACEMENT_3D('NONE',#1841,#9603,#9604);
#9606=PLANE('NONE',#9605);
#9607=FACE_SURFACE('NONE',(#9602),#9606,.T.);
#9608=POLY_LOOP('NONE',(#2252,#1844,#1843,#2253));
#9609=FACE_OUTER_BOUND('NONE',#9608,.T.);
#9610=DIRECTION('NONE',(-0.98562,-0.168976,0));
#9611=DIRECTION('NONE',(0,0,1));
#9612=AXIS2_PLACEMENT_3D('NONE',#2252,#9610,#9611);
#9613=PLANE('NONE',#9612);
#9614=FACE_SURFACE('NONE',(#9609),#9613,.T.);
#9615=POLY_LOOP('NONE',(#1845,#1844,#2252,#2251));
#9616=FACE_OUTER_BOUND('NONE',#9615,.T.);
#9617=DIRECTION('NONE',(-0.992063,-0.12574,0));
#9618=DIRECTION('NONE',(-0.12574,0.992063,0));
#9619=AXIS2_PLACEMENT_3D('NONE',#1845,#9617,#9618);
#9620=PLANE('NONE',#9619);
#9621=FACE_SURFACE('NONE',(#9616),#9620,.T.);
#9622=POLY_LOOP('NONE',(#2250,#1846,#1845,#2251));
#9623=FACE_OUTER_BOUND('NONE',#9622,.T.);
#9624=DIRECTION('NONE',(-0.997528,-0.070263,0));
#9625=DIRECTION('NONE',(0,0,1));
#9626=AXIS2_PLACEMENT_3D('NONE',#2250,#9624,#9625);
#9627=PLANE('NONE',#9626);
#9628=FACE_SURFACE('NONE',(#9623),#9627,.T.);
#9629=POLY_LOOP('NONE',(#1846,#2250,#2249,#1847));
#9630=FACE_OUTER_BOUND('NONE',#9629,.T.);
#9631=DIRECTION('NONE',(-0.999901,-0.014075,0));
#9632=DIRECTION('NONE',(0,0,-1));
#9633=AXIS2_PLACEMENT_3D('NONE',#1846,#9631,#9632);
#9634=PLANE('NONE',#9633);
#9635=FACE_SURFACE('NONE',(#9630),#9634,.T.);
#9636=POLY_LOOP('NONE',(#1676,#2175,#2174,#1677));
#9637=FACE_OUTER_BOUND('NONE',#9636,.T.);
#9638=DIRECTION('NONE',(-0.950095,0.311961,0));
#9639=DIRECTION('NONE',(0,0,-1));
#9640=AXIS2_PLACEMENT_3D('NONE',#1676,#9638,#9639);
#9641=PLANE('NONE',#9640);
#9642=FACE_SURFACE('NONE',(#9637),#9641,.T.);
#9643=POLY_LOOP('NONE',(#1836,#2260,#2259,#1837));
#9644=FACE_OUTER_BOUND('NONE',#9643,.T.);
#9645=DIRECTION('NONE',(-0.870826,-0.491591,0));
#9646=DIRECTION('NONE',(0,0,-1));
#9647=AXIS2_PLACEMENT_3D('NONE',#1836,#9645,#9646);
#9648=PLANE('NONE',#9647);
#9649=FACE_SURFACE('NONE',(#9644),#9648,.T.);
#9650=POLY_LOOP('NONE',(#1474,#2509,#2504,#1470));
#9651=FACE_OUTER_BOUND('NONE',#9650,.T.);
#9652=DIRECTION('NONE',(0,-1,0));
#9653=DIRECTION('NONE',(0,0,-1));
#9654=AXIS2_PLACEMENT_3D('NONE',#1474,#9652,#9653);
#9655=PLANE('NONE',#9654);
#9656=FACE_SURFACE('NONE',(#9651),#9655,.T.);
#9657=POLY_LOOP('NONE',(#2041,#2040,#1540,#1539));
#9658=FACE_OUTER_BOUND('NONE',#9657,.T.);
#9659=DIRECTION('NONE',(-0.577248,-0.816569,0));
#9660=DIRECTION('NONE',(0.816569,-0.577248,0));
#9661=AXIS2_PLACEMENT_3D('NONE',#2041,#9659,#9660);
#9662=PLANE('NONE',#9661);
#9663=FACE_SURFACE('NONE',(#9658),#9662,.T.);
#9664=POLY_LOOP('NONE',(#1540,#2040,#2039,#1541));
#9665=FACE_OUTER_BOUND('NONE',#9664,.T.);
#9666=DIRECTION('NONE',(-0.617829,-0.786313,0));
#9667=DIRECTION('NONE',(0,0,-1));
#9668=AXIS2_PLACEMENT_3D('NONE',#1540,#9666,#9667);
#9669=PLANE('NONE',#9668);
#9670=FACE_SURFACE('NONE',(#9665),#9669,.T.);
#9671=POLY_LOOP('NONE',(#1992,#2119,#1589,#1588));
#9672=FACE_OUTER_BOUND('NONE',#9671,.T.);
#9673=DIRECTION('NONE',(-0.125766,0.99206,0));
#9674=DIRECTION('NONE',(-0.99206,-0.125766,0));
#9675=AXIS2_PLACEMENT_3D('NONE',#1992,#9673,#9674);
#9676=PLANE('NONE',#9675);
#9677=FACE_SURFACE('NONE',(#9672),#9676,.T.);
#9678=POLY_LOOP('NONE',(#1589,#2119,#2118,#1590));
#9679=FACE_OUTER_BOUND('NONE',#9678,.T.);
#9680=DIRECTION('NONE',(-0.070238,0.99753,0));
#9681=DIRECTION('NONE',(0,0,-1));
#9682=AXIS2_PLACEMENT_3D('NONE',#1589,#9680,#9681);
#9683=PLANE('NONE',#9682);
#9684=FACE_SURFACE('NONE',(#9679),#9683,.T.);
#9685=POLY_LOOP('NONE',(#2097,#1483,#1482,#2098));
#9686=FACE_OUTER_BOUND('NONE',#9685,.T.);
#9687=DIRECTION('NONE',(0.816569,0.577248,0));
#9688=DIRECTION('NONE',(0,0,1));
#9689=AXIS2_PLACEMENT_3D('NONE',#2097,#9687,#9688);
#9690=PLANE('NONE',#9689);
#9691=FACE_SURFACE('NONE',(#9686),#9690,.T.);
#9692=POLY_LOOP('NONE',(#1484,#1483,#2097,#2096));
#9693=FACE_OUTER_BOUND('NONE',#9692,.T.);
#9694=DIRECTION('NONE',(0.844836,0.535025,0));
#9695=DIRECTION('NONE',(0.535025,-0.844836,0));
#9696=AXIS2_PLACEMENT_3D('NONE',#1484,#9694,#9695);
#9697=PLANE('NONE',#9696);
#9698=FACE_SURFACE('NONE',(#9693),#9697,.T.);
#9699=POLY_LOOP('NONE',(#1556,#2024,#2023,#1557));
#9700=FACE_OUTER_BOUND('NONE',#9699,.T.);
#9701=DIRECTION('NONE',(-0.992057,-0.125793,0));
#9702=DIRECTION('NONE',(0,0,-1));
#9703=AXIS2_PLACEMENT_3D('NONE',#1556,#9701,#9702);
#9704=PLANE('NONE',#9703);
#9705=FACE_SURFACE('NONE',(#9700),#9704,.T.);
#9706=POLY_LOOP('NONE',(#2108,#1600,#1599,#2109));
#9707=FACE_OUTER_BOUND('NONE',#9706,.T.);
#9708=DIRECTION('NONE',(0.407463,0.913222,0));
#9709=DIRECTION('NONE',(0,0,1));
#9710=AXIS2_PLACEMENT_3D('NONE',#2108,#9708,#9709);
#9711=PLANE('NONE',#9710);
#9712=FACE_SURFACE('NONE',(#9707),#9711,.T.);
#9713=POLY_LOOP('NONE',(#2208,#2207,#1644,#1643));
#9714=FACE_OUTER_BOUND('NONE',#9713,.T.);
#9715=DIRECTION('NONE',(-0.265481,-0.964116,0));
#9716=DIRECTION('NONE',(0.964116,-0.265481,0));
#9717=AXIS2_PLACEMENT_3D('NONE',#2208,#9715,#9716);
#9718=PLANE('NONE',#9717);
#9719=FACE_SURFACE('NONE',(#9714),#9718,.T.);
#9720=POLY_LOOP('NONE',(#2036,#1544,#1543,#2037));
#9721=FACE_OUTER_BOUND('NONE',#9720,.T.);
#9722=DIRECTION('NONE',(-0.727791,-0.685799,0));
#9723=DIRECTION('NONE',(0,0,1));
#9724=AXIS2_PLACEMENT_3D('NONE',#2036,#9722,#9723);
#9725=PLANE('NONE',#9724);
#9726=FACE_SURFACE('NONE',(#9721),#9725,.T.);
#9727=POLY_LOOP('NONE',(#2041,#1539,#1538,#2042));
#9728=FACE_OUTER_BOUND('NONE',#9727,.T.);
#9729=DIRECTION('NONE',(-0.535044,-0.844824,0));
#9730=DIRECTION('NONE',(0,0,1));
#9731=AXIS2_PLACEMENT_3D('NONE',#2041,#9729,#9730);
#9732=PLANE('NONE',#9731);
#9733=FACE_SURFACE('NONE',(#9728),#9732,.T.);
#9734=POLY_LOOP('NONE',(#2226,#1625,#1624,#2227));
#9735=FACE_OUTER_BOUND('NONE',#9734,.T.);
#9736=DIRECTION('NONE',(0.61782,-0.786319,0));
#9737=DIRECTION('NONE',(0,0,1));
#9738=AXIS2_PLACEMENT_3D('NONE',#2226,#9736,#9737);
#9739=PLANE('NONE',#9738);
#9740=FACE_SURFACE('NONE',(#9735),#9739,.T.);
#9741=POLY_LOOP('NONE',(#2244,#1607,#1606,#2245));
#9742=FACE_OUTER_BOUND('NONE',#9741,.T.);
#9743=DIRECTION('NONE',(0.999901,-0.014075,0));
#9744=DIRECTION('NONE',(0,0,1));
#9745=AXIS2_PLACEMENT_3D('NONE',#2244,#9743,#9744);
#9746=PLANE('NONE',#9745);
#9747=FACE_SURFACE('NONE',(#9742),#9746,.T.);
#9748=POLY_LOOP('NONE',(#1628,#1627,#2224,#2223));
#9749=FACE_OUTER_BOUND('NONE',#9748,.T.);
#9750=DIRECTION('NONE',(0.491601,-0.87082,0));
#9751=DIRECTION('NONE',(-0.87082,-0.491601,0));
#9752=AXIS2_PLACEMENT_3D('NONE',#1628,#9750,#9751);
#9753=PLANE('NONE',#9752);
#9754=FACE_SURFACE('NONE',(#9749),#9753,.T.);
#9755=POLY_LOOP('NONE',(#1607,#2244,#2243,#1608));
#9756=FACE_OUTER_BOUND('NONE',#9755,.T.);
#9757=DIRECTION('NONE',(0.997528,-0.070263,0));
#9758=DIRECTION('NONE',(0,0,-1));
#9759=AXIS2_PLACEMENT_3D('NONE',#1607,#9757,#9758);
#9760=PLANE('NONE',#9759);
#9761=FACE_SURFACE('NONE',(#9756),#9760,.T.);
#9762=POLY_LOOP('NONE',(#1629,#1628,#2223,#2222));
#9763=FACE_OUTER_BOUND('NONE',#9762,.T.);
#9764=DIRECTION('NONE',(0.447214,-0.894427,0));
#9765=DIRECTION('NONE',(-0.894427,-0.447214,0));
#9766=AXIS2_PLACEMENT_3D('NONE',#1629,#9764,#9765);
#9767=PLANE('NONE',#9766);
#9768=FACE_SURFACE('NONE',(#9763),#9767,.T.);
#9769=POLY_LOOP('NONE',(#1522,#2058,#2057,#1523));
#9770=FACE_OUTER_BOUND('NONE',#9769,.T.);
#9771=DIRECTION('NONE',(0.22281,-0.974862,0));
#9772=DIRECTION('NONE',(0,0,-1));
#9773=AXIS2_PLACEMENT_3D('NONE',#1522,#9771,#9772);
#9774=PLANE('NONE',#9773);
#9775=FACE_SURFACE('NONE',(#9770),#9774,.T.);
#9776=POLY_LOOP('NONE',(#2052,#1528,#1527,#2053));
#9777=FACE_OUTER_BOUND('NONE',#9776,.T.);
#9778=DIRECTION('NONE',(-0.028141,-0.999604,0));
#9779=DIRECTION('NONE',(0,0,1));
#9780=AXIS2_PLACEMENT_3D('NONE',#2052,#9778,#9779);
#9781=PLANE('NONE',#9780);
#9782=FACE_SURFACE('NONE',(#9777),#9781,.T.);
#9783=POLY_LOOP('NONE',(#1528,#2052,#2051,#1529));
#9784=FACE_OUTER_BOUND('NONE',#9783,.T.);
#9785=DIRECTION('NONE',(-0.070264,-0.997528,0));
#9786=DIRECTION('NONE',(0,0,-1));
#9787=AXIS2_PLACEMENT_3D('NONE',#1528,#9785,#9786);
#9788=PLANE('NONE',#9787);
#9789=FACE_SURFACE('NONE',(#9784),#9788,.T.);
#9790=POLY_LOOP('NONE',(#2048,#1532,#1531,#2049));
#9791=FACE_OUTER_BOUND('NONE',#9790,.T.);
#9792=DIRECTION('NONE',(-0.22281,-0.974862,0));
#9793=DIRECTION('NONE',(0,0,1));
#9794=AXIS2_PLACEMENT_3D('NONE',#2048,#9792,#9793);
#9795=PLANE('NONE',#9794);
#9796=FACE_SURFACE('NONE',(#9791),#9795,.T.);
#9797=POLY_LOOP('NONE',(#2318,#1778,#1777,#2319));
#9798=FACE_OUTER_BOUND('NONE',#9797,.T.);
#9799=DIRECTION('NONE',(0.964112,0.265497,0));
#9800=DIRECTION('NONE',(0,0,1));
#9801=AXIS2_PLACEMENT_3D('NONE',#2318,#9799,#9800);
#9802=PLANE('NONE',#9801);
#9803=FACE_SURFACE('NONE',(#9798),#9802,.T.);
#9804=POLY_LOOP('NONE',(#1782,#2314,#2313,#1783));
#9805=FACE_OUTER_BOUND('NONE',#9804,.T.);
#9806=DIRECTION('NONE',(0.999604,0.028142,0));
#9807=DIRECTION('NONE',(0,0,-1));
#9808=AXIS2_PLACEMENT_3D('NONE',#1782,#9806,#9807);
#9809=PLANE('NONE',#9808);
#9810=FACE_SURFACE('NONE',(#9805),#9809,.T.);
#9811=POLY_LOOP('NONE',(#2314,#1782,#1781,#2315));
#9812=FACE_OUTER_BOUND('NONE',#9811,.T.);
#9813=DIRECTION('NONE',(0.997528,0.070263,0));
#9814=DIRECTION('NONE',(0,0,1));
#9815=AXIS2_PLACEMENT_3D('NONE',#2314,#9813,#9814);
#9816=PLANE('NONE',#9815);
#9817=FACE_SURFACE('NONE',(#9812),#9816,.T.);
#9818=POLY_LOOP('NONE',(#1784,#1783,#2313,#2312));
#9819=FACE_OUTER_BOUND('NONE',#9818,.T.);
#9820=DIRECTION('NONE',(0.999604,-0.028142,0));
#9821=DIRECTION('NONE',(-0.028142,-0.999604,0));
#9822=AXIS2_PLACEMENT_3D('NONE',#1784,#9820,#9821);
#9823=PLANE('NONE',#9822);
#9824=FACE_SURFACE('NONE',(#9819),#9823,.T.);
#9825=POLY_LOOP('NONE',(#1621,#1620,#2231,#2230));
#9826=FACE_OUTER_BOUND('NONE',#9825,.T.);
#9827=DIRECTION('NONE',(0.754298,-0.656532,0));
#9828=DIRECTION('NONE',(-0.656532,-0.754298,0));
#9829=AXIS2_PLACEMENT_3D('NONE',#1621,#9827,#9828);
#9830=PLANE('NONE',#9829);
#9831=FACE_SURFACE('NONE',(#9826),#9830,.T.);
#9832=POLY_LOOP('NONE',(#1647,#1646,#2205,#2204));
#9833=FACE_OUTER_BOUND('NONE',#9832,.T.);
#9834=DIRECTION('NONE',(-0.407432,-0.913235,0));
#9835=DIRECTION('NONE',(-0.913235,0.407432,0));
#9836=AXIS2_PLACEMENT_3D('NONE',#1647,#9834,#9835);
#9837=PLANE('NONE',#9836);
#9838=FACE_SURFACE('NONE',(#9833),#9837,.T.);
#9839=POLY_LOOP('NONE',(#2113,#2112,#1596,#1595));
#9840=FACE_OUTER_BOUND('NONE',#9839,.T.);
#9841=DIRECTION('NONE',(0.222836,0.974856,0));
#9842=DIRECTION('NONE',(-0.974856,0.222836,0));
#9843=AXIS2_PLACEMENT_3D('NONE',#2113,#9841,#9842);
#9844=PLANE('NONE',#9843);
#9845=FACE_SURFACE('NONE',(#9840),#9844,.T.);
#9846=POLY_LOOP('NONE',(#1993,#1587,#1586,#1994));
#9847=FACE_OUTER_BOUND('NONE',#9846,.T.);
#9848=DIRECTION('NONE',(-0.222836,0.974856,0));
#9849=DIRECTION('NONE',(0,0,1));
#9850=AXIS2_PLACEMENT_3D('NONE',#1993,#9848,#9849);
#9851=PLANE('NONE',#9850);
#9852=FACE_SURFACE('NONE',(#9847),#9851,.T.);
#9853=POLY_LOOP('NONE',(#1594,#2114,#2113,#1595));
#9854=FACE_OUTER_BOUND('NONE',#9853,.T.);
#9855=DIRECTION('NONE',(0.168953,0.985624,0));
#9856=DIRECTION('NONE',(0,0,-1));
#9857=AXIS2_PLACEMENT_3D('NONE',#1594,#9855,#9856);
#9858=PLANE('NONE',#9857);
#9859=FACE_SURFACE('NONE',(#9854),#9858,.T.);
#9860=POLY_LOOP('NONE',(#2110,#1598,#1597,#2111));
#9861=FACE_OUTER_BOUND('NONE',#9860,.T.);
#9862=DIRECTION('NONE',(0.311981,0.950088,0));
#9863=DIRECTION('NONE',(0,0,1));
#9864=AXIS2_PLACEMENT_3D('NONE',#2110,#9862,#9863);
#9865=PLANE('NONE',#9864);
#9866=FACE_SURFACE('NONE',(#9861),#9865,.T.);
#9867=POLY_LOOP('NONE',(#1665,#1664,#2187,#2186));
#9868=FACE_OUTER_BOUND('NONE',#9867,.T.);
#9869=DIRECTION('NONE',(-0.964113,-0.265493,0));
#9870=DIRECTION('NONE',(-0.265493,0.964113,0));
#9871=AXIS2_PLACEMENT_3D('NONE',#1665,#9869,#9870);
#9872=PLANE('NONE',#9871);
#9873=FACE_SURFACE('NONE',(#9868),#9872,.T.);
#9874=POLY_LOOP('NONE',(#1838,#2258,#2257,#1839));
#9875=FACE_OUTER_BOUND('NONE',#9874,.T.);
#9876=DIRECTION('NONE',(-0.913234,-0.407436,0));
#9877=DIRECTION('NONE',(0,0,-1));
#9878=AXIS2_PLACEMENT_3D('NONE',#1838,#9876,#9877);
#9879=PLANE('NONE',#9878);
#9880=FACE_SURFACE('NONE',(#9875),#9879,.T.);
#9881=POLY_LOOP('NONE',(#1630,#2221,#2220,#1631));
#9882=FACE_OUTER_BOUND('NONE',#9881,.T.);
#9883=DIRECTION('NONE',(0.361769,-0.932268,0));
#9884=DIRECTION('NONE',(0,0,-1));
#9885=AXIS2_PLACEMENT_3D('NONE',#1630,#9883,#9884);
#9886=PLANE('NONE',#9885);
#9887=FACE_SURFACE('NONE',(#9882),#9886,.T.);
#9888=POLY_LOOP('NONE',(#1778,#2318,#2317,#1779));
#9889=FACE_OUTER_BOUND('NONE',#9888,.T.);
#9890=DIRECTION('NONE',(0.974862,0.222807,0));
#9891=DIRECTION('NONE',(0,0,-1));
#9892=AXIS2_PLACEMENT_3D('NONE',#1778,#9890,#9891);
#9893=PLANE('NONE',#9892);
#9894=FACE_SURFACE('NONE',(#9889),#9893,.T.);
#9895=POLY_LOOP('NONE',(#1631,#2220,#2219,#1632));
#9896=FACE_OUTER_BOUND('NONE',#9895,.T.);
#9897=DIRECTION('NONE',(0.311973,-0.950091,0));
#9898=DIRECTION('NONE',(0,0,-1));
#9899=AXIS2_PLACEMENT_3D('NONE',#1631,#9897,#9898);
#9900=PLANE('NONE',#9899);
#9901=FACE_SURFACE('NONE',(#9896),#9900,.T.);
#9902=POLY_LOOP('NONE',(#1781,#1780,#2316,#2315));
#9903=FACE_OUTER_BOUND('NONE',#9902,.T.);
#9904=DIRECTION('NONE',(0.992063,0.125739,0));
#9905=DIRECTION('NONE',(0.125739,-0.992063,0));
#9906=AXIS2_PLACEMENT_3D('NONE',#1781,#9904,#9905);
#9907=PLANE('NONE',#9906);
#9908=FACE_SURFACE('NONE',(#9903),#9907,.T.);
#9909=POLY_LOOP('NONE',(#1787,#1786,#2310,#2309));
#9910=FACE_OUTER_BOUND('NONE',#9909,.T.);
#9911=DIRECTION('NONE',(0.98562,-0.168976,0));
#9912=DIRECTION('NONE',(-0.168976,-0.98562,0));
#9913=AXIS2_PLACEMENT_3D('NONE',#1787,#9911,#9912);
#9914=PLANE('NONE',#9913);
#9915=FACE_SURFACE('NONE',(#9910),#9914,.T.);
#9916=POLY_LOOP('NONE',(#2309,#2308,#1788,#1787));
#9917=FACE_OUTER_BOUND('NONE',#9916,.T.);
#9918=DIRECTION('NONE',(0.974862,-0.22281,0));
#9919=DIRECTION('NONE',(0.22281,0.974862,0));
#9920=AXIS2_PLACEMENT_3D('NONE',#2309,#9918,#9919);
#9921=PLANE('NONE',#9920);
#9922=FACE_SURFACE('NONE',(#9917),#9921,.T.);
#9923=POLY_LOOP('NONE',(#2308,#2307,#1789,#1788));
#9924=FACE_OUTER_BOUND('NONE',#9923,.T.);
#9925=DIRECTION('NONE',(0.964113,-0.265493,0));
#9926=DIRECTION('NONE',(0.265493,0.964113,0));
#9927=AXIS2_PLACEMENT_3D('NONE',#2308,#9925,#9926);
#9928=PLANE('NONE',#9927);
#9929=FACE_SURFACE('NONE',(#9924),#9928,.T.);
#9930=POLY_LOOP('NONE',(#1784,#2312,#2311,#1785));
#9931=FACE_OUTER_BOUND('NONE',#9930,.T.);
#9932=DIRECTION('NONE',(0.997528,-0.070263,0));
#9933=DIRECTION('NONE',(0,0,-1));
#9934=AXIS2_PLACEMENT_3D('NONE',#1784,#9932,#9933);
#9935=PLANE('NONE',#9934);
#9936=FACE_SURFACE('NONE',(#9931),#9935,.T.);
#9937=POLY_LOOP('NONE',(#1779,#2317,#2316,#1780));
#9938=FACE_OUTER_BOUND('NONE',#9937,.T.);
#9939=DIRECTION('NONE',(0.98562,0.168979,0));
#9940=DIRECTION('NONE',(0,0,-1));
#9941=AXIS2_PLACEMENT_3D('NONE',#1779,#9939,#9940);
#9942=PLANE('NONE',#9941);
#9943=FACE_SURFACE('NONE',(#9938),#9942,.T.);
#9944=POLY_LOOP('NONE',(#1494,#1493,#2087,#2086));
#9945=FACE_OUTER_BOUND('NONE',#9944,.T.);
#9946=DIRECTION('NONE',(0.997528,0.070264,0));
#9947=DIRECTION('NONE',(0.070264,-0.997528,0));
#9948=AXIS2_PLACEMENT_3D('NONE',#1494,#9946,#9947);
#9949=PLANE('NONE',#9948);
#9950=FACE_SURFACE('NONE',(#9945),#9949,.T.);
#9951=POLY_LOOP('NONE',(#2310,#1786,#1785,#2311));
#9952=FACE_OUTER_BOUND('NONE',#9951,.T.);
#9953=DIRECTION('NONE',(0.992063,-0.12574,0));
#9954=DIRECTION('NONE',(0,0,1));
#9955=AXIS2_PLACEMENT_3D('NONE',#2310,#9953,#9954);
#9956=PLANE('NONE',#9955);
#9957=FACE_SURFACE('NONE',(#9952),#9956,.T.);
#9958=POLY_LOOP('NONE',(#2079,#2078,#1502,#1501));
#9959=FACE_OUTER_BOUND('NONE',#9958,.T.);
#9960=DIRECTION('NONE',(0.950096,-0.311957,0));
#9961=DIRECTION('NONE',(0.311957,0.950096,0));
#9962=AXIS2_PLACEMENT_3D('NONE',#2079,#9960,#9961);
#9963=PLANE('NONE',#9962);
#9964=FACE_SURFACE('NONE',(#9959),#9963,.T.);
#9965=POLY_LOOP('NONE',(#2077,#1503,#1502,#2078));
#9966=FACE_OUTER_BOUND('NONE',#9965,.T.);
#9967=DIRECTION('NONE',(0.93226,-0.361789,0));
#9968=DIRECTION('NONE',(0,0,1));
#9969=AXIS2_PLACEMENT_3D('NONE',#2077,#9967,#9968);
#9970=PLANE('NONE',#9969);
#9971=FACE_SURFACE('NONE',(#9966),#9970,.T.);
#9972=POLY_LOOP('NONE',(#1774,#1773,#2323,#2322));
#9973=FACE_OUTER_BOUND('NONE',#9972,.T.);
#9974=DIRECTION('NONE',(0.894441,0.447187,0));
#9975=DIRECTION('NONE',(0.447187,-0.894441,0));
#9976=AXIS2_PLACEMENT_3D('NONE',#1774,#9974,#9975);
#9977=PLANE('NONE',#9976);
#9978=FACE_SURFACE('NONE',(#9973),#9977,.T.);
#9979=POLY_LOOP('NONE',(#1996,#1584,#1583,#1997));
#9980=FACE_OUTER_BOUND('NONE',#9979,.T.);
#9981=DIRECTION('NONE',(-0.361775,0.932265,0));
#9982=DIRECTION('NONE',(0,0,1));
#9983=AXIS2_PLACEMENT_3D('NONE',#1996,#9981,#9982);
#9984=PLANE('NONE',#9983);
#9985=FACE_SURFACE('NONE',(#9980),#9984,.T.);
#9986=POLY_LOOP('NONE',(#2321,#1775,#1774,#2322));
#9987=FACE_OUTER_BOUND('NONE',#9986,.T.);
#9988=DIRECTION('NONE',(0.913236,0.407431,0));
#9989=DIRECTION('NONE',(0,0,1));
#9990=AXIS2_PLACEMENT_3D('NONE',#2321,#9988,#9989);
#9991=PLANE('NONE',#9990);
#9992=FACE_SURFACE('NONE',(#9987),#9991,.T.);
#9993=POLY_LOOP('NONE',(#2504,#2509,#2508,#2505));
#9994=FACE_OUTER_BOUND('NONE',#9993,.T.);
#9995=DIRECTION('NONE',(0,0,1));
#9996=DIRECTION('NONE',(-1,0,0));
#9997=AXIS2_PLACEMENT_3D('NONE',#2504,#9995,#9996);
#9998=PLANE('NONE',#9997);
#9999=FACE_SURFACE('NONE',(#9994),#9998,.T.);
#10000=POLY_LOOP('NONE',(#2508,#1472,#1471,#2505));
#10001=FACE_OUTER_BOUND('NONE',#10000,.T.);
#10002=DIRECTION('NONE',(0,1,0));
#10003=DIRECTION('NONE',(0,0,1));
#10004=AXIS2_PLACEMENT_3D('NONE',#2508,#10002,#10003);
#10005=PLANE('NONE',#10004);
#10006=FACE_SURFACE('NONE',(#10001),#10005,.T.);
#10007=POLY_LOOP('NONE',(#2510,#1988,#1991,#2511));
#10008=FACE_OUTER_BOUND('NONE',#10007,.T.);
#10009=DIRECTION('NONE',(-1,0,0));
#10010=DIRECTION('NONE',(0,0,1));
#10011=AXIS2_PLACEMENT_3D('NONE',#2510,#10009,#10010);
#10012=PLANE('NONE',#10011);
#10013=FACE_SURFACE('NONE',(#10008),#10012,.T.);
#10014=POLY_LOOP('NONE',(#2507,#2510,#2511,#2506));
#10015=FACE_OUTER_BOUND('NONE',#10014,.T.);
#10016=DIRECTION('NONE',(0,0,-1));
#10017=DIRECTION('NONE',(-1,0,0));
#10018=AXIS2_PLACEMENT_3D('NONE',#2507,#10016,#10017);
#10019=PLANE('NONE',#10018);
#10020=FACE_SURFACE('NONE',(#10015),#10019,.T.);
#10021=POLY_LOOP('NONE',(#1988,#2510,#2507,#1989));
#10022=FACE_OUTER_BOUND('NONE',#10021,.T.);
#10023=DIRECTION('NONE',(0,-1,0));
#10024=DIRECTION('NONE',(0,0,-1));
#10025=AXIS2_PLACEMENT_3D('NONE',#1988,#10023,#10024);
#10026=PLANE('NONE',#10025);
#10027=FACE_SURFACE('NONE',(#10022),#10026,.T.);
#10028=POLY_LOOP('NONE',(#2245,#1606,#1605,#2246));
#10029=FACE_OUTER_BOUND('NONE',#10028,.T.);
#10030=DIRECTION('NONE',(0.999901,0.014075,0));
#10031=DIRECTION('NONE',(0,0,1));
#10032=AXIS2_PLACEMENT_3D('NONE',#2245,#10030,#10031);
#10033=PLANE('NONE',#10032);
#10034=FACE_SURFACE('NONE',(#10029),#10033,.T.);
#10035=POLY_LOOP('NONE',(#2141,#2140,#1711,#1710));
#10036=FACE_OUTER_BOUND('NONE',#10035,.T.);
#10037=DIRECTION('NONE',(0.407452,0.913227,0));
#10038=DIRECTION('NONE',(-0.913227,0.407452,0));
#10039=AXIS2_PLACEMENT_3D('NONE',#2141,#10037,#10038);
#10040=PLANE('NONE',#10039);
#10041=FACE_SURFACE('NONE',(#10036),#10040,.T.);
#10042=POLY_LOOP('NONE',(#1991,#1990,#2506,#2511));
#10043=FACE_OUTER_BOUND('NONE',#10042,.T.);
#10044=DIRECTION('NONE',(0,1,0));
#10045=DIRECTION('NONE',(1,0,0));
#10046=AXIS2_PLACEMENT_3D('NONE',#1991,#10044,#10045);
#10047=PLANE('NONE',#10046);
#10048=FACE_SURFACE('NONE',(#10043),#10047,.T.);
#10049=POLY_LOOP('NONE',(#2109,#1599,#1598,#2110));
#10050=FACE_OUTER_BOUND('NONE',#10049,.T.);
#10051=DIRECTION('NONE',(0.361757,0.932272,0));
#10052=DIRECTION('NONE',(0,0,1));
#10053=AXIS2_PLACEMENT_3D('NONE',#2109,#10051,#10052);
#10054=PLANE('NONE',#10053);
#10055=FACE_SURFACE('NONE',(#10050),#10054,.T.);
#10056=POLY_LOOP('NONE',(#2073,#2072,#1508,#1507));
#10057=FACE_OUTER_BOUND('NONE',#10056,.T.);
#10058=DIRECTION('NONE',(0.816578,-0.577236,0));
#10059=DIRECTION('NONE',(0.577236,0.816578,0));
#10060=AXIS2_PLACEMENT_3D('NONE',#2073,#10058,#10059);
#10061=PLANE('NONE',#10060);
#10062=FACE_SURFACE('NONE',(#10057),#10061,.T.);
#10063=POLY_LOOP('NONE',(#2072,#2071,#1509,#1508));
#10064=FACE_OUTER_BOUND('NONE',#10063,.T.);
#10065=DIRECTION('NONE',(0.7863,-0.617845,0));
#10066=DIRECTION('NONE',(0.617845,0.7863,0));
#10067=AXIS2_PLACEMENT_3D('NONE',#2072,#10065,#10066);
#10068=PLANE('NONE',#10067);
#10069=FACE_SURFACE('NONE',(#10064),#10068,.T.);
#10070=POLY_LOOP('NONE',(#2471,#1931,#1930,#2472));
#10071=FACE_OUTER_BOUND('NONE',#10070,.T.);
#10072=DIRECTION('NONE',(0.950094,0.311965,0));
#10073=DIRECTION('NONE',(0,0,1));
#10074=AXIS2_PLACEMENT_3D('NONE',#2471,#10072,#10073);
#10075=PLANE('NONE',#10074);
#10076=FACE_SURFACE('NONE',(#10071),#10075,.T.);
#10077=POLY_LOOP('NONE',(#2060,#1520,#1519,#2061));
#10078=FACE_OUTER_BOUND('NONE',#10077,.T.);
#10079=DIRECTION('NONE',(0.36178,-0.932263,0));
#10080=DIRECTION('NONE',(0,0,1));
#10081=AXIS2_PLACEMENT_3D('NONE',#2060,#10079,#10080);
#10082=PLANE('NONE',#10081);
#10083=FACE_SURFACE('NONE',(#10078),#10082,.T.);
#10084=POLY_LOOP('NONE',(#1703,#1702,#2149,#2148));
#10085=FACE_OUTER_BOUND('NONE',#10084,.T.);
#10086=DIRECTION('NONE',(0.028156,0.999604,0));
#10087=DIRECTION('NONE',(0.999604,-0.028156,0));
#10088=AXIS2_PLACEMENT_3D('NONE',#1703,#10086,#10087);
#10089=PLANE('NONE',#10088);
#10090=FACE_SURFACE('NONE',(#10085),#10089,.T.);
#10091=POLY_LOOP('NONE',(#2088,#2087,#1493,#1492));
#10092=FACE_OUTER_BOUND('NONE',#10091,.T.);
#10093=DIRECTION('NONE',(0.992064,0.125737,0));
#10094=DIRECTION('NONE',(-0.125737,0.992064,0));
#10095=AXIS2_PLACEMENT_3D('NONE',#2088,#10093,#10094);
#10096=PLANE('NONE',#10095);
#10097=FACE_SURFACE('NONE',(#10092),#10096,.T.);
#10098=POLY_LOOP('NONE',(#1495,#2085,#2084,#1496));
#10099=FACE_OUTER_BOUND('NONE',#10098,.T.);
#10100=DIRECTION('NONE',(0.999901,-0.014076,0));
#10101=DIRECTION('NONE',(0,0,-1));
#10102=AXIS2_PLACEMENT_3D('NONE',#1495,#10100,#10101);
#10103=PLANE('NONE',#10102);
#10104=FACE_SURFACE('NONE',(#10099),#10103,.T.);
#10105=POLY_LOOP('NONE',(#2095,#2094,#1486,#1485));
#10106=FACE_OUTER_BOUND('NONE',#10105,.T.);
#10107=DIRECTION('NONE',(0.894417,0.447235,0));
#10108=DIRECTION('NONE',(-0.447235,0.894417,0));
#10109=AXIS2_PLACEMENT_3D('NONE',#2095,#10107,#10108);
#10110=PLANE('NONE',#10109);
#10111=FACE_SURFACE('NONE',(#10106),#10110,.T.);
#10112=POLY_LOOP('NONE',(#1486,#2094,#2093,#1487));
#10113=FACE_OUTER_BOUND('NONE',#10112,.T.);
#10114=DIRECTION('NONE',(0.913236,0.407431,0));
#10115=DIRECTION('NONE',(0,0,-1));
#10116=AXIS2_PLACEMENT_3D('NONE',#1486,#10114,#10115);
#10117=PLANE('NONE',#10116);
#10118=FACE_SURFACE('NONE',(#10113),#10117,.T.);
#10119=POLY_LOOP('NONE',(#2093,#2092,#1488,#1487));
#10120=FACE_OUTER_BOUND('NONE',#10119,.T.);
#10121=DIRECTION('NONE',(0.93226,0.361789,0));
#10122=DIRECTION('NONE',(-0.361789,0.93226,0));
#10123=AXIS2_PLACEMENT_3D('NONE',#2093,#10121,#10122);
#10124=PLANE('NONE',#10123);
#10125=FACE_SURFACE('NONE',(#10120),#10124,.T.);
#10126=POLY_LOOP('NONE',(#1488,#2092,#2091,#1489));
#10127=FACE_OUTER_BOUND('NONE',#10126,.T.);
#10128=DIRECTION('NONE',(0.950094,0.311965,0));
#10129=DIRECTION('NONE',(0,0,-1));
#10130=AXIS2_PLACEMENT_3D('NONE',#1488,#10128,#10129);
#10131=PLANE('NONE',#10130);
#10132=FACE_SURFACE('NONE',(#10127),#10131,.T.);
#10133=POLY_LOOP('NONE',(#1500,#1499,#2081,#2080));
#10134=FACE_OUTER_BOUND('NONE',#10133,.T.);
#10135=DIRECTION('NONE',(0.97485,-0.222861,0));
#10136=DIRECTION('NONE',(-0.222861,-0.97485,0));
#10137=AXIS2_PLACEMENT_3D('NONE',#1500,#10135,#10136);
#10138=PLANE('NONE',#10137);
#10139=FACE_SURFACE('NONE',(#10134),#10138,.T.);
#10140=POLY_LOOP('NONE',(#1505,#1504,#2076,#2075));
#10141=FACE_OUTER_BOUND('NONE',#10140,.T.);
#10142=DIRECTION('NONE',(0.894417,-0.447235,0));
#10143=DIRECTION('NONE',(-0.447235,-0.894417,0));
#10144=AXIS2_PLACEMENT_3D('NONE',#1505,#10142,#10143);
#10145=PLANE('NONE',#10144);
#10146=FACE_SURFACE('NONE',(#10141),#10145,.T.);
#10147=POLY_LOOP('NONE',(#2075,#2074,#1506,#1505));
#10148=FACE_OUTER_BOUND('NONE',#10147,.T.);
#10149=DIRECTION('NONE',(0.870826,-0.491591,0));
#10150=DIRECTION('NONE',(0.491591,0.870826,0));
#10151=AXIS2_PLACEMENT_3D('NONE',#2075,#10149,#10150);
#10152=PLANE('NONE',#10151);
#10153=FACE_SURFACE('NONE',(#10148),#10152,.T.);
#10154=POLY_LOOP('NONE',(#2067,#2066,#1514,#1513));
#10155=FACE_OUTER_BOUND('NONE',#10154,.T.);
#10156=DIRECTION('NONE',(0.617829,-0.786313,0));
#10157=DIRECTION('NONE',(0.786313,0.617829,0));
#10158=AXIS2_PLACEMENT_3D('NONE',#2067,#10156,#10157);
#10159=PLANE('NONE',#10158);
#10160=FACE_SURFACE('NONE',(#10155),#10159,.T.);
#10161=POLY_LOOP('NONE',(#2153,#1698,#1697,#2154));
#10162=FACE_OUTER_BOUND('NONE',#10161,.T.);
#10163=DIRECTION('NONE',(-0.222823,0.974859,0));
#10164=DIRECTION('NONE',(0,0,1));
#10165=AXIS2_PLACEMENT_3D('NONE',#2153,#10163,#10164);
#10166=PLANE('NONE',#10165);
#10167=FACE_SURFACE('NONE',(#10162),#10166,.T.);
#10168=POLY_LOOP('NONE',(#1698,#2153,#2152,#1699));
#10169=FACE_OUTER_BOUND('NONE',#10168,.T.);
#10170=DIRECTION('NONE',(-0.168966,0.985622,0));
#10171=DIRECTION('NONE',(0,0,-1));
#10172=AXIS2_PLACEMENT_3D('NONE',#1698,#10170,#10171);
#10173=PLANE('NONE',#10172);
#10174=FACE_SURFACE('NONE',(#10169),#10173,.T.);
#10175=POLY_LOOP('NONE',(#1504,#1503,#2077,#2076));
#10176=FACE_OUTER_BOUND('NONE',#10175,.T.);
#10177=DIRECTION('NONE',(0.913236,-0.407431,0));
#10178=DIRECTION('NONE',(-0.407431,-0.913236,0));
#10179=AXIS2_PLACEMENT_3D('NONE',#1504,#10177,#10178);
#10180=PLANE('NONE',#10179);
#10181=FACE_SURFACE('NONE',(#10176),#10180,.T.);
#10182=POLY_LOOP('NONE',(#2070,#2069,#1511,#1510));
#10183=FACE_OUTER_BOUND('NONE',#10182,.T.);
#10184=DIRECTION('NONE',(0.727764,-0.685828,0));
#10185=DIRECTION('NONE',(0.685828,0.727764,0));
#10186=AXIS2_PLACEMENT_3D('NONE',#2070,#10184,#10185);
#10187=PLANE('NONE',#10186);
#10188=FACE_SURFACE('NONE',(#10183),#10187,.T.);
#10189=POLY_LOOP('NONE',(#1512,#1511,#2069,#2068));
#10190=FACE_OUTER_BOUND('NONE',#10189,.T.);
#10191=DIRECTION('NONE',(0.685813,-0.727778,0));
#10192=DIRECTION('NONE',(-0.727778,-0.685813,0));
#10193=AXIS2_PLACEMENT_3D('NONE',#1512,#10191,#10192);
#10194=PLANE('NONE',#10193);
#10195=FACE_SURFACE('NONE',(#10190),#10194,.T.);
#10196=POLY_LOOP('NONE',(#1512,#2068,#2067,#1513));
#10197=FACE_OUTER_BOUND('NONE',#10196,.T.);
#10198=DIRECTION('NONE',(0.65651,-0.754317,0));
#10199=DIRECTION('NONE',(0,0,-1));
#10200=AXIS2_PLACEMENT_3D('NONE',#1512,#10198,#10199);
#10201=PLANE('NONE',#10200);
#10202=FACE_SURFACE('NONE',(#10197),#10201,.T.);
#10203=POLY_LOOP('NONE',(#2168,#1683,#1682,#2169));
#10204=FACE_OUTER_BOUND('NONE',#10203,.T.);
#10205=DIRECTION('NONE',(-0.816573,0.577242,0));
#10206=DIRECTION('NONE',(0,0,1));
#10207=AXIS2_PLACEMENT_3D('NONE',#2168,#10205,#10206);
#10208=PLANE('NONE',#10207);
#10209=FACE_SURFACE('NONE',(#10204),#10208,.T.);
#10210=POLY_LOOP('NONE',(#1514,#2066,#2065,#1515));
#10211=FACE_OUTER_BOUND('NONE',#10210,.T.);
#10212=DIRECTION('NONE',(0.577248,-0.816569,0));
#10213=DIRECTION('NONE',(0,0,-1));
#10214=AXIS2_PLACEMENT_3D('NONE',#1514,#10212,#10213);
#10215=PLANE('NONE',#10214);
#10216=FACE_SURFACE('NONE',(#10211),#10215,.T.);
#10217=POLY_LOOP('NONE',(#1684,#1683,#2168,#2167));
#10218=FACE_OUTER_BOUND('NONE',#10217,.T.);
#10219=DIRECTION('NONE',(-0.786331,0.617806,0));
#10220=DIRECTION('NONE',(0.617806,0.786331,0));
#10221=AXIS2_PLACEMENT_3D('NONE',#1684,#10219,#10220);
#10222=PLANE('NONE',#10221);
#10223=FACE_SURFACE('NONE',(#10218),#10222,.T.);
#10224=POLY_LOOP('NONE',(#1685,#1684,#2167,#2166));
#10225=FACE_OUTER_BOUND('NONE',#10224,.T.);
#10226=DIRECTION('NONE',(-0.754298,0.656532,0));
#10227=DIRECTION('NONE',(0.656532,0.754298,0));
#10228=AXIS2_PLACEMENT_3D('NONE',#1685,#10226,#10227);
#10229=PLANE('NONE',#10228);
#10230=FACE_SURFACE('NONE',(#10225),#10229,.T.);
#10231=POLY_LOOP('NONE',(#2064,#2063,#1517,#1516));
#10232=FACE_OUTER_BOUND('NONE',#10231,.T.);
#10233=DIRECTION('NONE',(0.491591,-0.870826,0));
#10234=DIRECTION('NONE',(0.870826,0.491591,0));
#10235=AXIS2_PLACEMENT_3D('NONE',#2064,#10233,#10234);
#10236=PLANE('NONE',#10235);
#10237=FACE_SURFACE('NONE',(#10232),#10236,.T.);
#10238=POLY_LOOP('NONE',(#1685,#2166,#2165,#1686));
#10239=FACE_OUTER_BOUND('NONE',#10238,.T.);
#10240=DIRECTION('NONE',(-0.727791,0.685799,0));
#10241=DIRECTION('NONE',(0,0,-1));
#10242=AXIS2_PLACEMENT_3D('NONE',#1685,#10240,#10241);
#10243=PLANE('NONE',#10242);
#10244=FACE_SURFACE('NONE',(#10239),#10243,.T.);
#10245=POLY_LOOP('NONE',(#2061,#1519,#1518,#2062));
#10246=FACE_OUTER_BOUND('NONE',#10245,.T.);
#10247=DIRECTION('NONE',(0.407441,-0.913232,0));
#10248=DIRECTION('NONE',(0,0,1));
#10249=AXIS2_PLACEMENT_3D('NONE',#2061,#10247,#10248);
#10250=PLANE('NONE',#10249);
#10251=FACE_SURFACE('NONE',(#10246),#10250,.T.);
#10252=POLY_LOOP('NONE',(#1520,#2060,#2059,#1521));
#10253=FACE_OUTER_BOUND('NONE',#10252,.T.);
#10254=DIRECTION('NONE',(0.311957,-0.950096,0));
#10255=DIRECTION('NONE',(0,0,-1));
#10256=AXIS2_PLACEMENT_3D('NONE',#1520,#10254,#10255);
#10257=PLANE('NONE',#10256);
#10258=FACE_SURFACE('NONE',(#10253),#10257,.T.);
#10259=POLY_LOOP('NONE',(#2046,#1534,#1533,#2047));
#10260=FACE_OUTER_BOUND('NONE',#10259,.T.);
#10261=DIRECTION('NONE',(-0.311957,-0.950096,0));
#10262=DIRECTION('NONE',(0,0,1));
#10263=AXIS2_PLACEMENT_3D('NONE',#2046,#10261,#10262);
#10264=PLANE('NONE',#10263);
#10265=FACE_SURFACE('NONE',(#10260),#10264,.T.);
#10266=POLY_LOOP('NONE',(#1534,#2046,#2045,#1535));
#10267=FACE_OUTER_BOUND('NONE',#10266,.T.);
#10268=DIRECTION('NONE',(-0.361798,-0.932256,0));
#10269=DIRECTION('NONE',(0,0,-1));
#10270=AXIS2_PLACEMENT_3D('NONE',#1534,#10268,#10269);
#10271=PLANE('NONE',#10270);
#10272=FACE_SURFACE('NONE',(#10267),#10271,.T.);
#10273=POLY_LOOP('NONE',(#2045,#2044,#1536,#1535));
#10274=FACE_OUTER_BOUND('NONE',#10273,.T.);
#10275=DIRECTION('NONE',(-0.407421,-0.91324,0));
#10276=DIRECTION('NONE',(0.91324,-0.407421,0));
#10277=AXIS2_PLACEMENT_3D('NONE',#2045,#10275,#10276);
#10278=PLANE('NONE',#10277);
#10279=FACE_SURFACE('NONE',(#10274),#10278,.T.);
#10280=POLY_LOOP('NONE',(#2213,#2212,#1639,#1638));
#10281=FACE_OUTER_BOUND('NONE',#10280,.T.);
#10282=DIRECTION('NONE',(-0.014076,-0.999901,0));
#10283=DIRECTION('NONE',(0.999901,-0.014076,0));
#10284=AXIS2_PLACEMENT_3D('NONE',#2213,#10282,#10283);
#10285=PLANE('NONE',#10284);
#10286=FACE_SURFACE('NONE',(#10281),#10285,.T.);
#10287=POLY_LOOP('NONE',(#2006,#2005,#1575,#1574));
#10288=FACE_OUTER_BOUND('NONE',#10287,.T.);
#10289=DIRECTION('NONE',(-0.727791,0.685799,0));
#10290=DIRECTION('NONE',(-0.685799,-0.727791,0));
#10291=AXIS2_PLACEMENT_3D('NONE',#2006,#10289,#10290);
#10292=PLANE('NONE',#10291);
#10293=FACE_SURFACE('NONE',(#10288),#10292,.T.);
#10294=POLY_LOOP('NONE',(#1575,#2005,#2004,#1576));
#10295=FACE_OUTER_BOUND('NONE',#10294,.T.);
#10296=DIRECTION('NONE',(-0.685813,0.727778,0));
#10297=DIRECTION('NONE',(0,0,-1));
#10298=AXIS2_PLACEMENT_3D('NONE',#1575,#10296,#10297);
#10299=PLANE('NONE',#10298);
#10300=FACE_SURFACE('NONE',(#10295),#10299,.T.);
#10301=POLY_LOOP('NONE',(#1998,#1997,#1583,#1582));
#10302=FACE_OUTER_BOUND('NONE',#10301,.T.);
#10303=DIRECTION('NONE',(-0.407443,0.91323,0));
#10304=DIRECTION('NONE',(-0.91323,-0.407443,0));
#10305=AXIS2_PLACEMENT_3D('NONE',#1998,#10303,#10304);
#10306=PLANE('NONE',#10305);
#10307=FACE_SURFACE('NONE',(#10302),#10306,.T.);
#10308=POLY_LOOP('NONE',(#2469,#2468,#1934,#1933));
#10309=FACE_OUTER_BOUND('NONE',#10308,.T.);
#10310=DIRECTION('NONE',(0.98562,0.168979,0));
#10311=DIRECTION('NONE',(-0.168979,0.98562,0));
#10312=AXIS2_PLACEMENT_3D('NONE',#2469,#10310,#10311);
#10313=PLANE('NONE',#10312);
#10314=FACE_SURFACE('NONE',(#10309),#10313,.T.);
#10315=POLY_LOOP('NONE',(#1578,#1577,#2003,#2002));
#10316=FACE_OUTER_BOUND('NONE',#10315,.T.);
#10317=DIRECTION('NONE',(-0.617812,0.786326,0));
#10318=DIRECTION('NONE',(0.786326,0.617812,0));
#10319=AXIS2_PLACEMENT_3D('NONE',#1578,#10317,#10318);
#10320=PLANE('NONE',#10319);
#10321=FACE_SURFACE('NONE',(#10316),#10320,.T.);
#10322=POLY_LOOP('NONE',(#2172,#1679,#1678,#2173));
#10323=FACE_OUTER_BOUND('NONE',#10322,.T.);
#10324=DIRECTION('NONE',(-0.913236,0.407431,0));
#10325=DIRECTION('NONE',(0,0,1));
#10326=AXIS2_PLACEMENT_3D('NONE',#2172,#10324,#10325);
#10327=PLANE('NONE',#10326);
#10328=FACE_SURFACE('NONE',(#10323),#10327,.T.);
#10329=POLY_LOOP('NONE',(#2001,#1579,#1578,#2002));
#10330=FACE_OUTER_BOUND('NONE',#10329,.T.);
#10331=DIRECTION('NONE',(-0.577248,0.816569,0));
#10332=DIRECTION('NONE',(0,0,1));
#10333=AXIS2_PLACEMENT_3D('NONE',#2001,#10331,#10332);
#10334=PLANE('NONE',#10333);
#10335=FACE_SURFACE('NONE',(#10330),#10334,.T.);
#10336=POLY_LOOP('NONE',(#2369,#2368,#1856,#1855));
#10337=FACE_OUTER_BOUND('NONE',#10336,.T.);
#10338=DIRECTION('NONE',(-0.913236,0.407431,0));
#10339=DIRECTION('NONE',(-0.407431,-0.913236,0));
#10340=AXIS2_PLACEMENT_3D('NONE',#2369,#10338,#10339);
#10341=PLANE('NONE',#10340);
#10342=FACE_SURFACE('NONE',(#10337),#10341,.T.);
#10343=POLY_LOOP('NONE',(#1679,#2172,#2171,#1680));
#10344=FACE_OUTER_BOUND('NONE',#10343,.T.);
#10345=DIRECTION('NONE',(-0.894441,0.447187,0));
#10346=DIRECTION('NONE',(0,0,-1));
#10347=AXIS2_PLACEMENT_3D('NONE',#1679,#10345,#10346);
#10348=PLANE('NONE',#10347);
#10349=FACE_SURFACE('NONE',(#10344),#10348,.T.);
#10350=POLY_LOOP('NONE',(#2183,#2182,#1669,#1668));
#10351=FACE_OUTER_BOUND('NONE',#10350,.T.);
#10352=DIRECTION('NONE',(-0.997528,-0.070263,0));
#10353=DIRECTION('NONE',(0.070263,-0.997528,0));
#10354=AXIS2_PLACEMENT_3D('NONE',#2183,#10352,#10353);
#10355=PLANE('NONE',#10354);
#10356=FACE_SURFACE('NONE',(#10351),#10355,.T.);
#10357=POLY_LOOP('NONE',(#2180,#2179,#1672,#1671));
#10358=FACE_OUTER_BOUND('NONE',#10357,.T.);
#10359=DIRECTION('NONE',(-0.997528,0.070263,0));
#10360=DIRECTION('NONE',(-0.070263,-0.997528,0));
#10361=AXIS2_PLACEMENT_3D('NONE',#2180,#10359,#10360);
#10362=PLANE('NONE',#10361);
#10363=FACE_SURFACE('NONE',(#10358),#10362,.T.);
#10364=POLY_LOOP('NONE',(#2471,#2470,#1932,#1931));
#10365=FACE_OUTER_BOUND('NONE',#10364,.T.);
#10366=DIRECTION('NONE',(0.964113,0.265493,0));
#10367=DIRECTION('NONE',(-0.265493,0.964113,0));
#10368=AXIS2_PLACEMENT_3D('NONE',#2471,#10366,#10367);
#10369=PLANE('NONE',#10368);
#10370=FACE_SURFACE('NONE',(#10365),#10369,.T.);
#10371=POLY_LOOP('NONE',(#2011,#2010,#1570,#1569));
#10372=FACE_OUTER_BOUND('NONE',#10371,.T.);
#10373=DIRECTION('NONE',(-0.870826,0.491591,0));
#10374=DIRECTION('NONE',(-0.491591,-0.870826,0));
#10375=AXIS2_PLACEMENT_3D('NONE',#2011,#10373,#10374);
#10376=PLANE('NONE',#10375);
#10377=FACE_SURFACE('NONE',(#10372),#10376,.T.);
#10378=POLY_LOOP('NONE',(#1571,#1570,#2010,#2009));
#10379=FACE_OUTER_BOUND('NONE',#10378,.T.);
#10380=DIRECTION('NONE',(-0.844812,0.535064,0));
#10381=DIRECTION('NONE',(0.535064,0.844812,0));
#10382=AXIS2_PLACEMENT_3D('NONE',#1571,#10380,#10381);
#10383=PLANE('NONE',#10382);
#10384=FACE_SURFACE('NONE',(#10379),#10383,.T.);
#10385=POLY_LOOP('NONE',(#2009,#2008,#1572,#1571));
#10386=FACE_OUTER_BOUND('NONE',#10385,.T.);
#10387=DIRECTION('NONE',(-0.816569,0.577248,0));
#10388=DIRECTION('NONE',(-0.577248,-0.816569,0));
#10389=AXIS2_PLACEMENT_3D('NONE',#2009,#10387,#10388);
#10390=PLANE('NONE',#10389);
#10391=FACE_SURFACE('NONE',(#10386),#10390,.T.);
#10392=POLY_LOOP('NONE',(#2242,#1609,#1608,#2243));
#10393=FACE_OUTER_BOUND('NONE',#10392,.T.);
#10394=DIRECTION('NONE',(0.992063,-0.12574,0));
#10395=DIRECTION('NONE',(0,0,1));
#10396=AXIS2_PLACEMENT_3D('NONE',#2242,#10394,#10395);
#10397=PLANE('NONE',#10396);
#10398=FACE_SURFACE('NONE',(#10393),#10397,.T.);
#10399=POLY_LOOP('NONE',(#2238,#1613,#1612,#2239));
#10400=FACE_OUTER_BOUND('NONE',#10399,.T.);
#10401=DIRECTION('NONE',(0.950094,-0.311965,0));
#10402=DIRECTION('NONE',(0,0,1));
#10403=AXIS2_PLACEMENT_3D('NONE',#2238,#10401,#10402);
#10404=PLANE('NONE',#10403);
#10405=FACE_SURFACE('NONE',(#10400),#10404,.T.);
#10406=POLY_LOOP('NONE',(#1614,#1613,#2238,#2237));
#10407=FACE_OUTER_BOUND('NONE',#10406,.T.);
#10408=DIRECTION('NONE',(0.932262,-0.361785,0));
#10409=DIRECTION('NONE',(-0.361785,-0.932262,0));
#10410=AXIS2_PLACEMENT_3D('NONE',#1614,#10408,#10409);
#10411=PLANE('NONE',#10410);
#10412=FACE_SURFACE('NONE',(#10407),#10411,.T.);
#10413=POLY_LOOP('NONE',(#2236,#1615,#1614,#2237));
#10414=FACE_OUTER_BOUND('NONE',#10413,.T.);
#10415=DIRECTION('NONE',(0.913234,-0.407436,0));
#10416=DIRECTION('NONE',(0,0,1));
#10417=AXIS2_PLACEMENT_3D('NONE',#2236,#10415,#10416);
#10418=PLANE('NONE',#10417);
#10419=FACE_SURFACE('NONE',(#10414),#10418,.T.);
#10420=POLY_LOOP('NONE',(#1616,#1615,#2236,#2235));
#10421=FACE_OUTER_BOUND('NONE',#10420,.T.);
#10422=DIRECTION('NONE',(0.894419,-0.44723,0));
#10423=DIRECTION('NONE',(-0.44723,-0.894419,0));
#10424=AXIS2_PLACEMENT_3D('NONE',#1616,#10422,#10423);
#10425=PLANE('NONE',#10424);
#10426=FACE_SURFACE('NONE',(#10421),#10425,.T.);
#10427=POLY_LOOP('NONE',(#2232,#1619,#1618,#2233));
#10428=FACE_OUTER_BOUND('NONE',#10427,.T.);
#10429=DIRECTION('NONE',(0.816573,-0.577242,0));
#10430=DIRECTION('NONE',(0,0,1));
#10431=AXIS2_PLACEMENT_3D('NONE',#2232,#10429,#10430);
#10432=PLANE('NONE',#10431);
#10433=FACE_SURFACE('NONE',(#10428),#10432,.T.);
#10434=POLY_LOOP('NONE',(#1620,#1619,#2232,#2231));
#10435=FACE_OUTER_BOUND('NONE',#10434,.T.);
#10436=DIRECTION('NONE',(0.786326,-0.617812,0));
#10437=DIRECTION('NONE',(-0.617812,-0.786326,0));
#10438=AXIS2_PLACEMENT_3D('NONE',#1620,#10436,#10437);
#10439=PLANE('NONE',#10438);
#10440=FACE_SURFACE('NONE',(#10435),#10439,.T.);
#10441=POLY_LOOP('NONE',(#2229,#1622,#1621,#2230));
#10442=FACE_OUTER_BOUND('NONE',#10441,.T.);
#10443=DIRECTION('NONE',(0.727791,-0.685799,0));
#10444=DIRECTION('NONE',(0,0,1));
#10445=AXIS2_PLACEMENT_3D('NONE',#2229,#10443,#10444);
#10446=PLANE('NONE',#10445);
#10447=FACE_SURFACE('NONE',(#10442),#10446,.T.);
#10448=POLY_LOOP('NONE',(#1623,#1622,#2229,#2228));
#10449=FACE_OUTER_BOUND('NONE',#10448,.T.);
#10450=DIRECTION('NONE',(0.685793,-0.727797,0));
#10451=DIRECTION('NONE',(-0.727797,-0.685793,0));
#10452=AXIS2_PLACEMENT_3D('NONE',#1623,#10450,#10451);
#10453=PLANE('NONE',#10452);
#10454=FACE_SURFACE('NONE',(#10449),#10453,.T.);
#10455=POLY_LOOP('NONE',(#1626,#1625,#2226,#2225));
#10456=FACE_OUTER_BOUND('NONE',#10455,.T.);
#10457=DIRECTION('NONE',(0.577248,-0.816569,0));
#10458=DIRECTION('NONE',(-0.816569,-0.577248,0));
#10459=AXIS2_PLACEMENT_3D('NONE',#1626,#10457,#10458);
#10460=PLANE('NONE',#10459);
#10461=FACE_SURFACE('NONE',(#10456),#10460,.T.);
#10462=POLY_LOOP('NONE',(#1658,#1657,#2194,#2193));
#10463=FACE_OUTER_BOUND('NONE',#10462,.T.);
#10464=DIRECTION('NONE',(-0.816573,-0.577242,0));
#10465=DIRECTION('NONE',(-0.577242,0.816573,0));
#10466=AXIS2_PLACEMENT_3D('NONE',#1658,#10464,#10465);
#10467=PLANE('NONE',#10466);
#10468=FACE_SURFACE('NONE',(#10463),#10467,.T.);
#10469=POLY_LOOP('NONE',(#1889,#2385,#2384,#1890));
#10470=FACE_OUTER_BOUND('NONE',#10469,.T.);
#10471=DIRECTION('NONE',(-0.685786,0.727803,0));
#10472=DIRECTION('NONE',(0,0,-1));
#10473=AXIS2_PLACEMENT_3D('NONE',#1889,#10471,#10472);
#10474=PLANE('NONE',#10473);
#10475=FACE_SURFACE('NONE',(#10470),#10474,.T.);
#10476=POLY_LOOP('NONE',(#2081,#1499,#1498,#2082));
#10477=FACE_OUTER_BOUND('NONE',#10476,.T.);
#10478=DIRECTION('NONE',(0.98562,-0.168979,0));
#10479=DIRECTION('NONE',(0,0,1));
#10480=AXIS2_PLACEMENT_3D('NONE',#2081,#10478,#10479);
#10481=PLANE('NONE',#10480);
#10482=FACE_SURFACE('NONE',(#10477),#10481,.T.);
#10483=POLY_LOOP('NONE',(#1489,#2091,#2090,#1490));
#10484=FACE_OUTER_BOUND('NONE',#10483,.T.);
#10485=DIRECTION('NONE',(0.964126,0.265444,0));
#10486=DIRECTION('NONE',(0,0,-1));
#10487=AXIS2_PLACEMENT_3D('NONE',#1489,#10485,#10486);
#10488=PLANE('NONE',#10487);
#10489=FACE_SURFACE('NONE',(#10484),#10488,.T.);
#10490=POLY_LOOP('NONE',(#1730,#2121,#2120,#1603));
#10491=FACE_OUTER_BOUND('NONE',#10490,.T.);
#10492=DIRECTION('NONE',(0.98562,0.168979,0));
#10493=DIRECTION('NONE',(0,0,-1));
#10494=AXIS2_PLACEMENT_3D('NONE',#1730,#10492,#10493);
#10495=PLANE('NONE',#10494);
#10496=FACE_SURFACE('NONE',(#10491),#10495,.T.);
#10497=POLY_LOOP('NONE',(#1604,#1603,#2120,#2247));
#10498=FACE_OUTER_BOUND('NONE',#10497,.T.);
#10499=DIRECTION('NONE',(0.992063,0.125739,0));
#10500=DIRECTION('NONE',(0.125739,-0.992063,0));
#10501=AXIS2_PLACEMENT_3D('NONE',#1604,#10499,#10500);
#10502=PLANE('NONE',#10501);
#10503=FACE_SURFACE('NONE',(#10498),#10502,.T.);
#10504=POLY_LOOP('NONE',(#1582,#1581,#1999,#1998));
#10505=FACE_OUTER_BOUND('NONE',#10504,.T.);
#10506=DIRECTION('NONE',(-0.447214,0.894427,0));
#10507=DIRECTION('NONE',(0.894427,0.447214,0));
#10508=AXIS2_PLACEMENT_3D('NONE',#1582,#10506,#10507);
#10509=PLANE('NONE',#10508);
#10510=FACE_SURFACE('NONE',(#10505),#10509,.T.);
#10511=POLY_LOOP('NONE',(#2017,#2016,#1564,#1563));
#10512=FACE_OUTER_BOUND('NONE',#10511,.T.);
#10513=DIRECTION('NONE',(-0.97485,0.222861,0));
#10514=DIRECTION('NONE',(-0.222861,-0.97485,0));
#10515=AXIS2_PLACEMENT_3D('NONE',#2017,#10513,#10514);
#10516=PLANE('NONE',#10515);
#10517=FACE_SURFACE('NONE',(#10512),#10516,.T.);
#10518=POLY_LOOP('NONE',(#1564,#2016,#2015,#1565));
#10519=FACE_OUTER_BOUND('NONE',#10518,.T.);
#10520=DIRECTION('NONE',(-0.964126,0.265444,0));
#10521=DIRECTION('NONE',(0,0,-1));
#10522=AXIS2_PLACEMENT_3D('NONE',#1564,#10520,#10521);
#10523=PLANE('NONE',#10522);
#10524=FACE_SURFACE('NONE',(#10519),#10523,.T.);
#10525=POLY_LOOP('NONE',(#1645,#1644,#2207,#2206));
#10526=FACE_OUTER_BOUND('NONE',#10525,.T.);
#10527=DIRECTION('NONE',(-0.311957,-0.950096,0));
#10528=DIRECTION('NONE',(-0.950096,0.311957,0));
#10529=AXIS2_PLACEMENT_3D('NONE',#1645,#10527,#10528);
#10530=PLANE('NONE',#10529);
#10531=FACE_SURFACE('NONE',(#10526),#10530,.T.);
#10532=POLY_LOOP('NONE',(#2217,#1634,#1633,#2218));
#10533=FACE_OUTER_BOUND('NONE',#10532,.T.);
#10534=DIRECTION('NONE',(0.222836,-0.974856,0));
#10535=DIRECTION('NONE',(0,0,1));
#10536=AXIS2_PLACEMENT_3D('NONE',#2217,#10534,#10535);
#10537=PLANE('NONE',#10536);
#10538=FACE_SURFACE('NONE',(#10533),#10537,.T.);
#10539=POLY_LOOP('NONE',(#1635,#1634,#2217,#2216));
#10540=FACE_OUTER_BOUND('NONE',#10539,.T.);
#10541=DIRECTION('NONE',(0.168957,-0.985623,0));
#10542=DIRECTION('NONE',(-0.985623,-0.168957,0));
#10543=AXIS2_PLACEMENT_3D('NONE',#1635,#10541,#10542);
#10544=PLANE('NONE',#10543);
#10545=FACE_SURFACE('NONE',(#10540),#10544,.T.);
#10546=POLY_LOOP('NONE',(#2014,#2013,#1567,#1566));
#10547=FACE_OUTER_BOUND('NONE',#10546,.T.);
#10548=DIRECTION('NONE',(-0.932278,0.361743,0));
#10549=DIRECTION('NONE',(-0.361743,-0.932278,0));
#10550=AXIS2_PLACEMENT_3D('NONE',#2014,#10548,#10549);
#10551=PLANE('NONE',#10550);
#10552=FACE_SURFACE('NONE',(#10547),#10551,.T.);
#10553=POLY_LOOP('NONE',(#2013,#2012,#1568,#1567));
#10554=FACE_OUTER_BOUND('NONE',#10553,.T.);
#10555=DIRECTION('NONE',(-0.913216,0.407476,0));
#10556=DIRECTION('NONE',(-0.407476,-0.913216,0));
#10557=AXIS2_PLACEMENT_3D('NONE',#2013,#10555,#10556);
#10558=PLANE('NONE',#10557);
#10559=FACE_SURFACE('NONE',(#10554),#10558,.T.);
#10560=POLY_LOOP('NONE',(#2208,#1643,#1642,#2209));
#10561=FACE_OUTER_BOUND('NONE',#10560,.T.);
#10562=DIRECTION('NONE',(-0.222836,-0.974856,0));
#10563=DIRECTION('NONE',(0,0,1));
#10564=AXIS2_PLACEMENT_3D('NONE',#2208,#10562,#10563);
#10565=PLANE('NONE',#10564);
#10566=FACE_SURFACE('NONE',(#10561),#10565,.T.);
#10567=POLY_LOOP('NONE',(#1558,#2022,#2021,#1559));
#10568=FACE_OUTER_BOUND('NONE',#10567,.T.);
#10569=DIRECTION('NONE',(-0.999602,-0.028196,0));
#10570=DIRECTION('NONE',(0,0,-1));
#10571=AXIS2_PLACEMENT_3D('NONE',#1558,#10569,#10570);
#10572=PLANE('NONE',#10571);
#10573=FACE_SURFACE('NONE',(#10568),#10572,.T.);
#10574=POLY_LOOP('NONE',(#2021,#2020,#1560,#1559));
#10575=FACE_OUTER_BOUND('NONE',#10574,.T.);
#10576=DIRECTION('NONE',(-0.999602,0.028196,0));
#10577=DIRECTION('NONE',(-0.028196,-0.999602,0));
#10578=AXIS2_PLACEMENT_3D('NONE',#2021,#10576,#10577);
#10579=PLANE('NONE',#10578);
#10580=FACE_SURFACE('NONE',(#10575),#10579,.T.);
#10581=POLY_LOOP('NONE',(#2031,#2030,#1550,#1549));
#10582=FACE_OUTER_BOUND('NONE',#10581,.T.);
#10583=DIRECTION('NONE',(-0.894438,-0.447192,0));
#10584=DIRECTION('NONE',(0.447192,-0.894438,0));
#10585=AXIS2_PLACEMENT_3D('NONE',#2031,#10583,#10584);
#10586=PLANE('NONE',#10585);
#10587=FACE_SURFACE('NONE',(#10582),#10586,.T.);
#10588=POLY_LOOP('NONE',(#1500,#2080,#2079,#1501));
#10589=FACE_OUTER_BOUND('NONE',#10588,.T.);
#10590=DIRECTION('NONE',(0.964126,-0.265444,0));
#10591=DIRECTION('NONE',(0,0,-1));
#10592=AXIS2_PLACEMENT_3D('NONE',#1500,#10590,#10591);
#10593=PLANE('NONE',#10592);
#10594=FACE_SURFACE('NONE',(#10589),#10593,.T.);
#10595=POLY_LOOP('NONE',(#1492,#1491,#2089,#2088));
#10596=FACE_OUTER_BOUND('NONE',#10595,.T.);
#10597=DIRECTION('NONE',(0.98562,0.168979,0));
#10598=DIRECTION('NONE',(0.168979,-0.98562,0));
#10599=AXIS2_PLACEMENT_3D('NONE',#1492,#10597,#10598);
#10600=PLANE('NONE',#10599);
#10601=FACE_SURFACE('NONE',(#10596),#10600,.T.);
#10602=POLY_LOOP('NONE',(#2183,#1668,#1667,#2184));
#10603=FACE_OUTER_BOUND('NONE',#10602,.T.);
#10604=DIRECTION('NONE',(-0.992063,-0.12574,0));
#10605=DIRECTION('NONE',(0,0,1));
#10606=AXIS2_PLACEMENT_3D('NONE',#2183,#10604,#10605);
#10607=PLANE('NONE',#10606);
#10608=FACE_SURFACE('NONE',(#10603),#10607,.T.);
#10609=POLY_LOOP('NONE',(#2034,#2033,#1547,#1546));
#10610=FACE_OUTER_BOUND('NONE',#10609,.T.);
#10611=DIRECTION('NONE',(-0.816578,-0.577236,0));
#10612=DIRECTION('NONE',(0.577236,-0.816578,0));
#10613=AXIS2_PLACEMENT_3D('NONE',#2034,#10611,#10612);
#10614=PLANE('NONE',#10613);
#10615=FACE_SURFACE('NONE',(#10610),#10614,.T.);
#10616=POLY_LOOP('NONE',(#2192,#1659,#1658,#2193));
#10617=FACE_OUTER_BOUND('NONE',#10616,.T.);
#10618=DIRECTION('NONE',(-0.844808,-0.53507,0));
#10619=DIRECTION('NONE',(0,0,1));
#10620=AXIS2_PLACEMENT_3D('NONE',#2192,#10618,#10619);
#10621=PLANE('NONE',#10620);
#10622=FACE_SURFACE('NONE',(#10617),#10621,.T.);
#10623=POLY_LOOP('NONE',(#2084,#2083,#1497,#1496));
#10624=FACE_OUTER_BOUND('NONE',#10623,.T.);
#10625=DIRECTION('NONE',(0.997529,-0.070262,0));
#10626=DIRECTION('NONE',(0.070262,0.997529,0));
#10627=AXIS2_PLACEMENT_3D('NONE',#2084,#10625,#10626);
#10628=PLANE('NONE',#10627);
#10629=FACE_SURFACE('NONE',(#10624),#10628,.T.);
#10630=POLY_LOOP('NONE',(#1659,#2192,#2191,#1660));
#10631=FACE_OUTER_BOUND('NONE',#10630,.T.);
#10632=DIRECTION('NONE',(-0.870826,-0.491591,0));
#10633=DIRECTION('NONE',(0,0,-1));
#10634=AXIS2_PLACEMENT_3D('NONE',#1659,#10632,#10633);
#10635=PLANE('NONE',#10634);
#10636=FACE_SURFACE('NONE',(#10631),#10635,.T.);
#10637=POLY_LOOP('NONE',(#2027,#1553,#1552,#2028));
#10638=FACE_OUTER_BOUND('NONE',#10637,.T.);
#10639=DIRECTION('NONE',(-0.95008,-0.312005,0));
#10640=DIRECTION('NONE',(0,0,1));
#10641=AXIS2_PLACEMENT_3D('NONE',#2027,#10639,#10640);
#10642=PLANE('NONE',#10641);
#10643=FACE_SURFACE('NONE',(#10638),#10642,.T.);
#10644=POLY_LOOP('NONE',(#1553,#2027,#2026,#1554));
#10645=FACE_OUTER_BOUND('NONE',#10644,.T.);
#10646=DIRECTION('NONE',(-0.964126,-0.265444,0));
#10647=DIRECTION('NONE',(0,0,-1));
#10648=AXIS2_PLACEMENT_3D('NONE',#1553,#10646,#10647);
#10649=PLANE('NONE',#10648);
#10650=FACE_SURFACE('NONE',(#10645),#10649,.T.);
#10651=POLY_LOOP('NONE',(#2125,#1726,#1725,#2126));
#10652=FACE_OUTER_BOUND('NONE',#10651,.T.);
#10653=DIRECTION('NONE',(0.913236,0.407431,0));
#10654=DIRECTION('NONE',(0,0,1));
#10655=AXIS2_PLACEMENT_3D('NONE',#2125,#10653,#10654);
#10656=PLANE('NONE',#10655);
#10657=FACE_SURFACE('NONE',(#10652),#10656,.T.);
#10658=POLY_LOOP('NONE',(#2042,#1538,#1537,#2043));
#10659=FACE_OUTER_BOUND('NONE',#10658,.T.);
#10660=DIRECTION('NONE',(-0.491591,-0.870826,0));
#10661=DIRECTION('NONE',(0,0,1));
#10662=AXIS2_PLACEMENT_3D('NONE',#2042,#10660,#10661);
#10663=PLANE('NONE',#10662);
#10664=FACE_SURFACE('NONE',(#10659),#10663,.T.);
#10665=POLY_LOOP('NONE',(#2125,#2124,#1727,#1726));
#10666=FACE_OUTER_BOUND('NONE',#10665,.T.);
#10667=DIRECTION('NONE',(0.93226,0.361789,0));
#10668=DIRECTION('NONE',(-0.361789,0.93226,0));
#10669=AXIS2_PLACEMENT_3D('NONE',#2125,#10667,#10668);
#10670=PLANE('NONE',#10669);
#10671=FACE_SURFACE('NONE',(#10666),#10670,.T.);
#10672=POLY_LOOP('NONE',(#2039,#2038,#1542,#1541));
#10673=FACE_OUTER_BOUND('NONE',#10672,.T.);
#10674=DIRECTION('NONE',(-0.65651,-0.754317,0));
#10675=DIRECTION('NONE',(0.754317,-0.65651,0));
#10676=AXIS2_PLACEMENT_3D('NONE',#2039,#10674,#10675);
#10677=PLANE('NONE',#10676);
#10678=FACE_SURFACE('NONE',(#10673),#10677,.T.);
#10679=POLY_LOOP('NONE',(#1543,#1542,#2038,#2037));
#10680=FACE_OUTER_BOUND('NONE',#10679,.T.);
#10681=DIRECTION('NONE',(-0.685813,-0.727778,0));
#10682=DIRECTION('NONE',(-0.727778,0.685813,0));
#10683=AXIS2_PLACEMENT_3D('NONE',#1543,#10681,#10682);
#10684=PLANE('NONE',#10683);
#10685=FACE_SURFACE('NONE',(#10680),#10684,.T.);
#10686=POLY_LOOP('NONE',(#1515,#2065,#2064,#1516));
#10687=FACE_OUTER_BOUND('NONE',#10686,.T.);
#10688=DIRECTION('NONE',(0.535044,-0.844824,0));
#10689=DIRECTION('NONE',(0,0,-1));
#10690=AXIS2_PLACEMENT_3D('NONE',#1515,#10688,#10689);
#10691=PLANE('NONE',#10690);
#10692=FACE_SURFACE('NONE',(#10687),#10691,.T.);
#10693=POLY_LOOP('NONE',(#2025,#1555,#1554,#2026));
#10694=FACE_OUTER_BOUND('NONE',#10693,.T.);
#10695=DIRECTION('NONE',(-0.97485,-0.222861,0));
#10696=DIRECTION('NONE',(0,0,1));
#10697=AXIS2_PLACEMENT_3D('NONE',#2025,#10695,#10696);
#10698=PLANE('NONE',#10697);
#10699=FACE_SURFACE('NONE',(#10694),#10698,.T.);
#10700=POLY_LOOP('NONE',(#1560,#2020,#2019,#1561));
#10701=FACE_OUTER_BOUND('NONE',#10700,.T.);
#10702=DIRECTION('NONE',(-0.997532,0.070211,0));
#10703=DIRECTION('NONE',(0,0,-1));
#10704=AXIS2_PLACEMENT_3D('NONE',#1560,#10702,#10703);
#10705=PLANE('NONE',#10704);
#10706=FACE_SURFACE('NONE',(#10701),#10705,.T.);
#10707=POLY_LOOP('NONE',(#1568,#2012,#2011,#1569));
#10708=FACE_OUTER_BOUND('NONE',#10707,.T.);
#10709=DIRECTION('NONE',(-0.894438,0.447192,0));
#10710=DIRECTION('NONE',(0,0,-1));
#10711=AXIS2_PLACEMENT_3D('NONE',#1568,#10709,#10710);
#10712=PLANE('NONE',#10711);
#10713=FACE_SURFACE('NONE',(#10708),#10712,.T.);
#10714=POLY_LOOP('NONE',(#2025,#2024,#1556,#1555));
#10715=FACE_OUTER_BOUND('NONE',#10714,.T.);
#10716=DIRECTION('NONE',(-0.985629,-0.168927,0));
#10717=DIRECTION('NONE',(0.168927,-0.985629,0));
#10718=AXIS2_PLACEMENT_3D('NONE',#2025,#10716,#10717);
#10719=PLANE('NONE',#10718);
#10720=FACE_SURFACE('NONE',(#10715),#10719,.T.);
#10721=POLY_LOOP('NONE',(#2023,#2022,#1558,#1557));
#10722=FACE_OUTER_BOUND('NONE',#10721,.T.);
#10723=DIRECTION('NONE',(-0.997532,-0.070209,0));
#10724=DIRECTION('NONE',(0.070209,-0.997532,0));
#10725=AXIS2_PLACEMENT_3D('NONE',#2023,#10723,#10724);
#10726=PLANE('NONE',#10725);
#10727=FACE_SURFACE('NONE',(#10722),#10726,.T.);
#10728=POLY_LOOP('NONE',(#2019,#2018,#1562,#1561));
#10729=FACE_OUTER_BOUND('NONE',#10728,.T.);
#10730=DIRECTION('NONE',(-0.992057,0.125789,0));
#10731=DIRECTION('NONE',(-0.125789,-0.992057,0));
#10732=AXIS2_PLACEMENT_3D('NONE',#2019,#10730,#10731);
#10733=PLANE('NONE',#10732);
#10734=FACE_SURFACE('NONE',(#10729),#10733,.T.);
#10735=POLY_LOOP('NONE',(#1550,#2030,#2029,#1551));
#10736=FACE_OUTER_BOUND('NONE',#10735,.T.);
#10737=DIRECTION('NONE',(-0.913216,-0.407476,0));
#10738=DIRECTION('NONE',(0,0,-1));
#10739=AXIS2_PLACEMENT_3D('NONE',#1550,#10737,#10738);
#10740=PLANE('NONE',#10739);
#10741=FACE_SURFACE('NONE',(#10736),#10740,.T.);
#10742=POLY_LOOP('NONE',(#2139,#2138,#1713,#1712));
#10743=FACE_OUTER_BOUND('NONE',#10742,.T.);
#10744=DIRECTION('NONE',(0.491591,0.870826,0));
#10745=DIRECTION('NONE',(-0.870826,0.491591,0));
#10746=AXIS2_PLACEMENT_3D('NONE',#2139,#10744,#10745);
#10747=PLANE('NONE',#10746);
#10748=FACE_SURFACE('NONE',(#10743),#10747,.T.);
#10749=POLY_LOOP('NONE',(#2374,#1850,#1849,#2375));
#10750=FACE_OUTER_BOUND('NONE',#10749,.T.);
#10751=DIRECTION('NONE',(-0.992063,0.125739,0));
#10752=DIRECTION('NONE',(0,0,1));
#10753=AXIS2_PLACEMENT_3D('NONE',#2374,#10751,#10752);
#10754=PLANE('NONE',#10753);
#10755=FACE_SURFACE('NONE',(#10750),#10754,.T.);
#10756=POLY_LOOP('NONE',(#2033,#2032,#1548,#1547));
#10757=FACE_OUTER_BOUND('NONE',#10756,.T.);
#10758=DIRECTION('NONE',(-0.844804,-0.535076,0));
#10759=DIRECTION('NONE',(0.535076,-0.844804,0));
#10760=AXIS2_PLACEMENT_3D('NONE',#2033,#10758,#10759);
#10761=PLANE('NONE',#10760);
#10762=FACE_SURFACE('NONE',(#10757),#10761,.T.);
#10763=POLY_LOOP('NONE',(#1548,#2032,#2031,#1549));
#10764=FACE_OUTER_BOUND('NONE',#10763,.T.);
#10765=DIRECTION('NONE',(-0.870826,-0.491591,0));
#10766=DIRECTION('NONE',(0,0,-1));
#10767=AXIS2_PLACEMENT_3D('NONE',#1548,#10765,#10766);
#10768=PLANE('NONE',#10767);
#10769=FACE_SURFACE('NONE',(#10764),#10768,.T.);
#10770=POLY_LOOP('NONE',(#2029,#2028,#1552,#1551));
#10771=FACE_OUTER_BOUND('NONE',#10770,.T.);
#10772=DIRECTION('NONE',(-0.932278,-0.361743,0));
#10773=DIRECTION('NONE',(0.361743,-0.932278,0));
#10774=AXIS2_PLACEMENT_3D('NONE',#2029,#10772,#10773);
#10775=PLANE('NONE',#10774);
#10776=FACE_SURFACE('NONE',(#10771),#10775,.T.);
#10777=POLY_LOOP('NONE',(#1536,#2044,#2043,#1537));
#10778=FACE_OUTER_BOUND('NONE',#10777,.T.);
#10779=DIRECTION('NONE',(-0.447214,-0.894427,0));
#10780=DIRECTION('NONE',(0,0,-1));
#10781=AXIS2_PLACEMENT_3D('NONE',#1536,#10779,#10780);
#10782=PLANE('NONE',#10781);
#10783=FACE_SURFACE('NONE',(#10778),#10782,.T.);
#10784=POLY_LOOP('NONE',(#1544,#2036,#2035,#1545));
#10785=FACE_OUTER_BOUND('NONE',#10784,.T.);
#10786=DIRECTION('NONE',(-0.754304,-0.656526,0));
#10787=DIRECTION('NONE',(0,0,-1));
#10788=AXIS2_PLACEMENT_3D('NONE',#1544,#10786,#10787);
#10789=PLANE('NONE',#10788);
#10790=FACE_SURFACE('NONE',(#10785),#10789,.T.);
#10791=POLY_LOOP('NONE',(#1793,#2303,#2302,#1794));
#10792=FACE_OUTER_BOUND('NONE',#10791,.T.);
#10793=DIRECTION('NONE',(0.870826,-0.491591,0));
#10794=DIRECTION('NONE',(0,0,-1));
#10795=AXIS2_PLACEMENT_3D('NONE',#1793,#10793,#10794);
#10796=PLANE('NONE',#10795);
#10797=FACE_SURFACE('NONE',(#10792),#10796,.T.);
#10798=POLY_LOOP('NONE',(#2059,#2058,#1522,#1521));
#10799=FACE_OUTER_BOUND('NONE',#10798,.T.);
#10800=DIRECTION('NONE',(0.265493,-0.964113,0));
#10801=DIRECTION('NONE',(0.964113,0.265493,0));
#10802=AXIS2_PLACEMENT_3D('NONE',#2059,#10800,#10801);
#10803=PLANE('NONE',#10802);
#10804=FACE_SURFACE('NONE',(#10799),#10803,.T.);
#10805=POLY_LOOP('NONE',(#1523,#2057,#2056,#1524));
#10806=FACE_OUTER_BOUND('NONE',#10805,.T.);
#10807=DIRECTION('NONE',(0.168979,-0.98562,0));
#10808=DIRECTION('NONE',(0,0,-1));
#10809=AXIS2_PLACEMENT_3D('NONE',#1523,#10807,#10808);
#10810=PLANE('NONE',#10809);
#10811=FACE_SURFACE('NONE',(#10806),#10810,.T.);
#10812=POLY_LOOP('NONE',(#2055,#2054,#1526,#1525));
#10813=FACE_OUTER_BOUND('NONE',#10812,.T.);
#10814=DIRECTION('NONE',(0.070264,-0.997528,0));
#10815=DIRECTION('NONE',(0.997528,0.070264,0));
#10816=AXIS2_PLACEMENT_3D('NONE',#2055,#10814,#10815);
#10817=PLANE('NONE',#10816);
#10818=FACE_SURFACE('NONE',(#10813),#10817,.T.);
#10819=POLY_LOOP('NONE',(#1507,#1506,#2074,#2073));
#10820=FACE_OUTER_BOUND('NONE',#10819,.T.);
#10821=DIRECTION('NONE',(0.844828,-0.535037,0));
#10822=DIRECTION('NONE',(-0.535037,-0.844828,0));
#10823=AXIS2_PLACEMENT_3D('NONE',#1507,#10821,#10822);
#10824=PLANE('NONE',#10823);
#10825=FACE_SURFACE('NONE',(#10820),#10824,.T.);
#10826=POLY_LOOP('NONE',(#2050,#1530,#1529,#2051));
#10827=FACE_OUTER_BOUND('NONE',#10826,.T.);
#10828=DIRECTION('NONE',(-0.12574,-0.992063,0));
#10829=DIRECTION('NONE',(0,0,1));
#10830=AXIS2_PLACEMENT_3D('NONE',#2050,#10828,#10829);
#10831=PLANE('NONE',#10830);
#10832=FACE_SURFACE('NONE',(#10827),#10831,.T.);
#10833=POLY_LOOP('NONE',(#1530,#2050,#2049,#1531));
#10834=FACE_OUTER_BOUND('NONE',#10833,.T.);
#10835=DIRECTION('NONE',(-0.168979,-0.98562,0));
#10836=DIRECTION('NONE',(0,0,-1));
#10837=AXIS2_PLACEMENT_3D('NONE',#1530,#10835,#10836);
#10838=PLANE('NONE',#10837);
#10839=FACE_SURFACE('NONE',(#10834),#10838,.T.);
#10840=POLY_LOOP('NONE',(#2071,#2070,#1510,#1509));
#10841=FACE_OUTER_BOUND('NONE',#10840,.T.);
#10842=DIRECTION('NONE',(0.75433,-0.656495,0));
#10843=DIRECTION('NONE',(0.656495,0.75433,0));
#10844=AXIS2_PLACEMENT_3D('NONE',#2071,#10842,#10843);
#10845=PLANE('NONE',#10844);
#10846=FACE_SURFACE('NONE',(#10841),#10845,.T.);
#10847=POLY_LOOP('NONE',(#1805,#1804,#2292,#2291));
#10848=FACE_OUTER_BOUND('NONE',#10847,.T.);
#10849=DIRECTION('NONE',(0.491601,-0.87082,0));
#10850=DIRECTION('NONE',(-0.87082,-0.491601,0));
#10851=AXIS2_PLACEMENT_3D('NONE',#1805,#10849,#10850);
#10852=PLANE('NONE',#10851);
#10853=FACE_SURFACE('NONE',(#10848),#10852,.T.);
#10854=POLY_LOOP('NONE',(#1532,#2048,#2047,#1533));
#10855=FACE_OUTER_BOUND('NONE',#10854,.T.);
#10856=DIRECTION('NONE',(-0.265493,-0.964113,0));
#10857=DIRECTION('NONE',(0,0,-1));
#10858=AXIS2_PLACEMENT_3D('NONE',#1532,#10856,#10857);
#10859=PLANE('NONE',#10858);
#10860=FACE_SURFACE('NONE',(#10855),#10859,.T.);
#10861=POLY_LOOP('NONE',(#2007,#2006,#1574,#1573));
#10862=FACE_OUTER_BOUND('NONE',#10861,.T.);
#10863=DIRECTION('NONE',(-0.754304,0.656526,0));
#10864=DIRECTION('NONE',(-0.656526,-0.754304,0));
#10865=AXIS2_PLACEMENT_3D('NONE',#2007,#10863,#10864);
#10866=PLANE('NONE',#10865);
#10867=FACE_SURFACE('NONE',(#10862),#10866,.T.);
#10868=POLY_LOOP('NONE',(#2095,#1485,#1484,#2096));
#10869=FACE_OUTER_BOUND('NONE',#10868,.T.);
#10870=DIRECTION('NONE',(0.870826,0.491591,0));
#10871=DIRECTION('NONE',(0,0,1));
#10872=AXIS2_PLACEMENT_3D('NONE',#2095,#10870,#10871);
#10873=PLANE('NONE',#10872);
#10874=FACE_SURFACE('NONE',(#10869),#10873,.T.);
#10875=POLY_LOOP('NONE',(#2137,#1714,#1713,#2138));
#10876=FACE_OUTER_BOUND('NONE',#10875,.T.);
#10877=DIRECTION('NONE',(0.535044,0.844824,0));
#10878=DIRECTION('NONE',(0,0,1));
#10879=AXIS2_PLACEMENT_3D('NONE',#2137,#10877,#10878);
#10880=PLANE('NONE',#10879);
#10881=FACE_SURFACE('NONE',(#10876),#10880,.T.);
#10882=POLY_LOOP('NONE',(#2104,#1476,#1475,#2105));
#10883=FACE_OUTER_BOUND('NONE',#10882,.T.);
#10884=DIRECTION('NONE',(0.577248,0.816569,0));
#10885=DIRECTION('NONE',(0,0,1));
#10886=AXIS2_PLACEMENT_3D('NONE',#2104,#10884,#10885);
#10887=PLANE('NONE',#10886);
#10888=FACE_SURFACE('NONE',(#10883),#10887,.T.);
#10889=POLY_LOOP('NONE',(#1714,#2137,#2136,#1715));
#10890=FACE_OUTER_BOUND('NONE',#10889,.T.);
#10891=DIRECTION('NONE',(0.577248,0.816569,0));
#10892=DIRECTION('NONE',(0,0,-1));
#10893=AXIS2_PLACEMENT_3D('NONE',#1714,#10891,#10892);
#10894=PLANE('NONE',#10893);
#10895=FACE_SURFACE('NONE',(#10890),#10894,.T.);
#10896=POLY_LOOP('NONE',(#1715,#2136,#2135,#1716));
#10897=FACE_OUTER_BOUND('NONE',#10896,.T.);
#10898=DIRECTION('NONE',(0.61782,0.786319,0));
#10899=DIRECTION('NONE',(0,0,-1));
#10900=AXIS2_PLACEMENT_3D('NONE',#1715,#10898,#10899);
#10901=PLANE('NONE',#10900);
#10902=FACE_SURFACE('NONE',(#10897),#10901,.T.);
#10903=POLY_LOOP('NONE',(#1723,#1722,#2129,#2128));
#10904=FACE_OUTER_BOUND('NONE',#10903,.T.);
#10905=DIRECTION('NONE',(0.844832,0.535031,0));
#10906=DIRECTION('NONE',(0.535031,-0.844832,0));
#10907=AXIS2_PLACEMENT_3D('NONE',#1723,#10905,#10906);
#10908=PLANE('NONE',#10907);
#10909=FACE_SURFACE('NONE',(#10904),#10908,.T.);
#10910=POLY_LOOP('NONE',(#1703,#2148,#2147,#1704));
#10911=FACE_OUTER_BOUND('NONE',#10910,.T.);
#10912=DIRECTION('NONE',(0.070251,0.997529,0));
#10913=DIRECTION('NONE',(0,0,-1));
#10914=AXIS2_PLACEMENT_3D('NONE',#1703,#10912,#10913);
#10915=PLANE('NONE',#10914);
#10916=FACE_SURFACE('NONE',(#10911),#10915,.T.);
#10917=POLY_LOOP('NONE',(#1588,#1587,#1993,#1992));
#10918=FACE_OUTER_BOUND('NONE',#10917,.T.);
#10919=DIRECTION('NONE',(-0.168953,0.985624,0));
#10920=DIRECTION('NONE',(0.985624,0.168953,0));
#10921=AXIS2_PLACEMENT_3D('NONE',#1588,#10919,#10920);
#10922=PLANE('NONE',#10921);
#10923=FACE_SURFACE('NONE',(#10918),#10922,.T.);
#10924=POLY_LOOP('NONE',(#1594,#1593,#2115,#2114));
#10925=FACE_OUTER_BOUND('NONE',#10924,.T.);
#10926=DIRECTION('NONE',(0.125766,0.99206,0));
#10927=DIRECTION('NONE',(0.99206,-0.125766,0));
#10928=AXIS2_PLACEMENT_3D('NONE',#1594,#10926,#10927);
#10929=PLANE('NONE',#10928);
#10930=FACE_SURFACE('NONE',(#10925),#10929,.T.);
#10931=POLY_LOOP('NONE',(#1596,#2112,#2111,#1597));
#10932=FACE_OUTER_BOUND('NONE',#10931,.T.);
#10933=DIRECTION('NONE',(0.265469,0.964119,0));
#10934=DIRECTION('NONE',(0,0,-1));
#10935=AXIS2_PLACEMENT_3D('NONE',#1596,#10933,#10934);
#10936=PLANE('NONE',#10935);
#10937=FACE_SURFACE('NONE',(#10932),#10936,.T.);
#10938=POLY_LOOP('NONE',(#1966,#2436,#2435,#1967));
#10939=FACE_OUTER_BOUND('NONE',#10938,.T.);
#10940=DIRECTION('NONE',(0.125734,-0.992064,0));
#10941=DIRECTION('NONE',(0,0,-1));
#10942=AXIS2_PLACEMENT_3D('NONE',#1966,#10940,#10941);
#10943=PLANE('NONE',#10942);
#10944=FACE_SURFACE('NONE',(#10939),#10943,.T.);
#10945=POLY_LOOP('NONE',(#2147,#2146,#1705,#1704));
#10946=FACE_OUTER_BOUND('NONE',#10945,.T.);
#10947=DIRECTION('NONE',(0.125753,0.992062,0));
#10948=DIRECTION('NONE',(-0.992062,0.125753,0));
#10949=AXIS2_PLACEMENT_3D('NONE',#2147,#10947,#10948);
#10950=PLANE('NONE',#10949);
#10951=FACE_SURFACE('NONE',(#10946),#10950,.T.);
#10952=POLY_LOOP('NONE',(#1590,#2118,#2117,#1591));
#10953=FACE_OUTER_BOUND('NONE',#10952,.T.);
#10954=DIRECTION('NONE',(-0.014075,0.999901,0));
#10955=DIRECTION('NONE',(0,0,-1));
#10956=AXIS2_PLACEMENT_3D('NONE',#1590,#10954,#10955);
#10957=PLANE('NONE',#10956);
#10958=FACE_SURFACE('NONE',(#10953),#10957,.T.);
#10959=POLY_LOOP('NONE',(#1585,#1584,#1996,#1995));
#10960=FACE_OUTER_BOUND('NONE',#10959,.T.);
#10961=DIRECTION('NONE',(-0.311981,0.950088,0));
#10962=DIRECTION('NONE',(0.950088,0.311981,0));
#10963=AXIS2_PLACEMENT_3D('NONE',#1585,#10961,#10962);
#10964=PLANE('NONE',#10963);
#10965=FACE_SURFACE('NONE',(#10960),#10964,.T.);
#10966=POLY_LOOP('NONE',(#1585,#1995,#1994,#1586));
#10967=FACE_OUTER_BOUND('NONE',#10966,.T.);
#10968=DIRECTION('NONE',(-0.265469,0.964119,0));
#10969=DIRECTION('NONE',(0,0,-1));
#10970=AXIS2_PLACEMENT_3D('NONE',#1585,#10968,#10969);
#10971=PLANE('NONE',#10970);
#10972=FACE_SURFACE('NONE',(#10967),#10971,.T.);
#10973=POLY_LOOP('NONE',(#2279,#2278,#1818,#1817));
#10974=FACE_OUTER_BOUND('NONE',#10973,.T.);
#10975=DIRECTION('NONE',(-0.125753,-0.992062,0));
#10976=DIRECTION('NONE',(0.992062,-0.125753,0));
#10977=AXIS2_PLACEMENT_3D('NONE',#2279,#10975,#10976);
#10978=PLANE('NONE',#10977);
#10979=FACE_SURFACE('NONE',(#10974),#10978,.T.);
#10980=POLY_LOOP('NONE',(#1818,#2278,#2277,#1819));
#10981=FACE_OUTER_BOUND('NONE',#10980,.T.);
#10982=DIRECTION('NONE',(-0.168957,-0.985623,0));
#10983=DIRECTION('NONE',(0,0,-1));
#10984=AXIS2_PLACEMENT_3D('NONE',#1818,#10982,#10983);
#10985=PLANE('NONE',#10984);
#10986=FACE_SURFACE('NONE',(#10981),#10985,.T.);
#10987=POLY_LOOP('NONE',(#2476,#1926,#1925,#2477));
#10988=FACE_OUTER_BOUND('NONE',#10987,.T.);
#10989=DIRECTION('NONE',(0.844836,0.535025,0));
#10990=DIRECTION('NONE',(0,0,1));
#10991=AXIS2_PLACEMENT_3D('NONE',#2476,#10989,#10990);
#10992=PLANE('NONE',#10991);
#10993=FACE_SURFACE('NONE',(#10988),#10992,.T.);
#10994=POLY_LOOP('NONE',(#1600,#2108,#2107,#1601));
#10995=FACE_OUTER_BOUND('NONE',#10994,.T.);
#10996=DIRECTION('NONE',(0.447214,0.894427,0));
#10997=DIRECTION('NONE',(0,0,-1));
#10998=AXIS2_PLACEMENT_3D('NONE',#1600,#10996,#10997);
#10999=PLANE('NONE',#10998);
#11000=FACE_SURFACE('NONE',(#10995),#10999,.T.);
#11001=POLY_LOOP('NONE',(#1476,#2104,#2103,#1477));
#11002=FACE_OUTER_BOUND('NONE',#11001,.T.);
#11003=DIRECTION('NONE',(0.617812,0.786326,0));
#11004=DIRECTION('NONE',(0,0,-1));
#11005=AXIS2_PLACEMENT_3D('NONE',#1476,#11003,#11004);
#11006=PLANE('NONE',#11005);
#11007=FACE_SURFACE('NONE',(#11002),#11006,.T.);
#11008=POLY_LOOP('NONE',(#2100,#1480,#1479,#2101));
#11009=FACE_OUTER_BOUND('NONE',#11008,.T.);
#11010=DIRECTION('NONE',(0.727764,0.685828,0));
#11011=DIRECTION('NONE',(0,0,1));
#11012=AXIS2_PLACEMENT_3D('NONE',#2100,#11010,#11011);
#11013=PLANE('NONE',#11012);
#11014=FACE_SURFACE('NONE',(#11009),#11013,.T.);
#11015=POLY_LOOP('NONE',(#2099,#2098,#1482,#1481));
#11016=FACE_OUTER_BOUND('NONE',#11015,.T.);
#11017=DIRECTION('NONE',(0.7863,0.617845,0));
#11018=DIRECTION('NONE',(-0.617845,0.7863,0));
#11019=AXIS2_PLACEMENT_3D('NONE',#2099,#11017,#11018);
#11020=PLANE('NONE',#11019);
#11021=FACE_SURFACE('NONE',(#11016),#11020,.T.);
#11022=POLY_LOOP('NONE',(#1602,#1601,#2107,#2106));
#11023=FACE_OUTER_BOUND('NONE',#11022,.T.);
#11024=DIRECTION('NONE',(0.491591,0.870826,0));
#11025=DIRECTION('NONE',(0.870826,-0.491591,0));
#11026=AXIS2_PLACEMENT_3D('NONE',#1602,#11024,#11025);
#11027=PLANE('NONE',#11026);
#11028=FACE_SURFACE('NONE',(#11023),#11027,.T.);
#11029=POLY_LOOP('NONE',(#2116,#1592,#1591,#2117));
#11030=FACE_OUTER_BOUND('NONE',#11029,.T.);
#11031=DIRECTION('NONE',(0.014076,0.999901,0));
#11032=DIRECTION('NONE',(0,0,1));
#11033=AXIS2_PLACEMENT_3D('NONE',#2116,#11031,#11032);
#11034=PLANE('NONE',#11033);
#11035=FACE_SURFACE('NONE',(#11030),#11034,.T.);
#11036=POLY_LOOP('NONE',(#2115,#1593,#1592,#2116));
#11037=FACE_OUTER_BOUND('NONE',#11036,.T.);
#11038=DIRECTION('NONE',(0.070238,0.99753,0));
#11039=DIRECTION('NONE',(0,0,1));
#11040=AXIS2_PLACEMENT_3D('NONE',#2115,#11038,#11039);
#11041=PLANE('NONE',#11040);
#11042=FACE_SURFACE('NONE',(#11037),#11041,.T.);
#11043=POLY_LOOP('NONE',(#2269,#2268,#1828,#1827));
#11044=FACE_OUTER_BOUND('NONE',#11043,.T.);
#11045=DIRECTION('NONE',(-0.577248,-0.816569,0));
#11046=DIRECTION('NONE',(0.816569,-0.577248,0));
#11047=AXIS2_PLACEMENT_3D('NONE',#2269,#11045,#11046);
#11048=PLANE('NONE',#11047);
#11049=FACE_SURFACE('NONE',(#11044),#11048,.T.);
#11050=POLY_LOOP('NONE',(#2268,#2267,#1829,#1828));
#11051=FACE_OUTER_BOUND('NONE',#11050,.T.);
#11052=DIRECTION('NONE',(-0.61782,-0.786319,0));
#11053=DIRECTION('NONE',(0.786319,-0.61782,0));
#11054=AXIS2_PLACEMENT_3D('NONE',#2268,#11052,#11053);
#11055=PLANE('NONE',#11054);
#11056=FACE_SURFACE('NONE',(#11051),#11055,.T.);
#11057=POLY_LOOP('NONE',(#1565,#2015,#2014,#1566));
#11058=FACE_OUTER_BOUND('NONE',#11057,.T.);
#11059=DIRECTION('NONE',(-0.950078,0.312013,0));
#11060=DIRECTION('NONE',(0,0,-1));
#11061=AXIS2_PLACEMENT_3D('NONE',#1565,#11059,#11060);
#11062=PLANE('NONE',#11061);
#11063=FACE_SURFACE('NONE',(#11058),#11062,.T.);
#11064=POLY_LOOP('NONE',(#2282,#2281,#1815,#1814));
#11065=FACE_OUTER_BOUND('NONE',#11064,.T.);
#11066=DIRECTION('NONE',(0.014076,-0.999901,0));
#11067=DIRECTION('NONE',(0.999901,0.014076,0));
#11068=AXIS2_PLACEMENT_3D('NONE',#2282,#11066,#11067);
#11069=PLANE('NONE',#11068);
#11070=FACE_SURFACE('NONE',(#11065),#11069,.T.);
#11071=POLY_LOOP('NONE',(#1815,#2281,#2280,#1816));
#11072=FACE_OUTER_BOUND('NONE',#11071,.T.);
#11073=DIRECTION('NONE',(-0.014076,-0.999901,0));
#11074=DIRECTION('NONE',(0,0,-1));
#11075=AXIS2_PLACEMENT_3D('NONE',#1815,#11073,#11074);
#11076=PLANE('NONE',#11075);
#11077=FACE_SURFACE('NONE',(#11072),#11076,.T.);
#11078=POLY_LOOP('NONE',(#1820,#1819,#2277,#2276));
#11079=FACE_OUTER_BOUND('NONE',#11078,.T.);
#11080=DIRECTION('NONE',(-0.222836,-0.974856,0));
#11081=DIRECTION('NONE',(-0.974856,0.222836,0));
#11082=AXIS2_PLACEMENT_3D('NONE',#1820,#11080,#11081);
#11083=PLANE('NONE',#11082);
#11084=FACE_SURFACE('NONE',(#11079),#11083,.T.);
#11085=POLY_LOOP('NONE',(#2151,#1700,#1699,#2152));
#11086=FACE_OUTER_BOUND('NONE',#11085,.T.);
#11087=DIRECTION('NONE',(-0.125753,0.992062,0));
#11088=DIRECTION('NONE',(0,0,1));
#11089=AXIS2_PLACEMENT_3D('NONE',#2151,#11087,#11088);
#11090=PLANE('NONE',#11089);
#11091=FACE_SURFACE('NONE',(#11086),#11090,.T.);
#11092=POLY_LOOP('NONE',(#1688,#1687,#2164,#2163));
#11093=FACE_OUTER_BOUND('NONE',#11092,.T.);
#11094=DIRECTION('NONE',(-0.656518,0.75431,0));
#11095=DIRECTION('NONE',(0.75431,0.656518,0));
#11096=AXIS2_PLACEMENT_3D('NONE',#1688,#11094,#11095);
#11097=PLANE('NONE',#11096);
#11098=FACE_SURFACE('NONE',(#11093),#11097,.T.);
#11099=POLY_LOOP('NONE',(#2162,#1689,#1688,#2163));
#11100=FACE_OUTER_BOUND('NONE',#11099,.T.);
#11101=DIRECTION('NONE',(-0.61782,0.786319,0));
#11102=DIRECTION('NONE',(0,0,1));
#11103=AXIS2_PLACEMENT_3D('NONE',#2162,#11101,#11102);
#11104=PLANE('NONE',#11103);
#11105=FACE_SURFACE('NONE',(#11100),#11104,.T.);
#11106=POLY_LOOP('NONE',(#2018,#2017,#1563,#1562));
#11107=FACE_OUTER_BOUND('NONE',#11106,.T.);
#11108=DIRECTION('NONE',(-0.985629,0.168927,0));
#11109=DIRECTION('NONE',(-0.168927,-0.985629,0));
#11110=AXIS2_PLACEMENT_3D('NONE',#2018,#11108,#11109);
#11111=PLANE('NONE',#11110);
#11112=FACE_SURFACE('NONE',(#11107),#11111,.T.);
#11113=POLY_LOOP('NONE',(#1692,#1691,#2160,#2159));
#11114=FACE_OUTER_BOUND('NONE',#11113,.T.);
#11115=DIRECTION('NONE',(-0.491591,0.870826,0));
#11116=DIRECTION('NONE',(0.870826,0.491591,0));
#11117=AXIS2_PLACEMENT_3D('NONE',#1692,#11115,#11116);
#11118=PLANE('NONE',#11117);
#11119=FACE_SURFACE('NONE',(#11114),#11118,.T.);
#11120=POLY_LOOP('NONE',(#1832,#2264,#2263,#1833));
#11121=FACE_OUTER_BOUND('NONE',#11120,.T.);
#11122=DIRECTION('NONE',(-0.754298,-0.656532,0));
#11123=DIRECTION('NONE',(0,0,-1));
#11124=AXIS2_PLACEMENT_3D('NONE',#1832,#11122,#11123);
#11125=PLANE('NONE',#11124);
#11126=FACE_SURFACE('NONE',(#11121),#11125,.T.);
#11127=POLY_LOOP('NONE',(#2170,#1681,#1680,#2171));
#11128=FACE_OUTER_BOUND('NONE',#11127,.T.);
#11129=DIRECTION('NONE',(-0.870823,0.491597,0));
#11130=DIRECTION('NONE',(0,0,1));
#11131=AXIS2_PLACEMENT_3D('NONE',#2170,#11129,#11130);
#11132=PLANE('NONE',#11131);
#11133=FACE_SURFACE('NONE',(#11128),#11132,.T.);
#11134=POLY_LOOP('NONE',(#2338,#1758,#1757,#2339));
#11135=FACE_OUTER_BOUND('NONE',#11134,.T.);
#11136=DIRECTION('NONE',(0.311969,0.950092,0));
#11137=DIRECTION('NONE',(0,0,1));
#11138=AXIS2_PLACEMENT_3D('NONE',#2338,#11136,#11137);
#11139=PLANE('NONE',#11138);
#11140=FACE_SURFACE('NONE',(#11135),#11139,.T.);
#11141=POLY_LOOP('NONE',(#1758,#2338,#2337,#1759));
#11142=FACE_OUTER_BOUND('NONE',#11141,.T.);
#11143=DIRECTION('NONE',(0.361787,0.932261,0));
#11144=DIRECTION('NONE',(0,0,-1));
#11145=AXIS2_PLACEMENT_3D('NONE',#1758,#11143,#11144);
#11146=PLANE('NONE',#11145);
#11147=FACE_SURFACE('NONE',(#11142),#11146,.T.);
#11148=POLY_LOOP('NONE',(#1772,#2324,#2323,#1773));
#11149=FACE_OUTER_BOUND('NONE',#11148,.T.);
#11150=DIRECTION('NONE',(0.870823,0.491597,0));
#11151=DIRECTION('NONE',(0,0,-1));
#11152=AXIS2_PLACEMENT_3D('NONE',#1772,#11150,#11151);
#11153=PLANE('NONE',#11152);
#11154=FACE_SURFACE('NONE',(#11149),#11153,.T.);
#11155=POLY_LOOP('NONE',(#2319,#1777,#1776,#2320));
#11156=FACE_OUTER_BOUND('NONE',#11155,.T.);
#11157=DIRECTION('NONE',(0.950095,0.311961,0));
#11158=DIRECTION('NONE',(0,0,1));
#11159=AXIS2_PLACEMENT_3D('NONE',#2319,#11157,#11158);
#11160=PLANE('NONE',#11159);
#11161=FACE_SURFACE('NONE',(#11156),#11160,.T.);
#11162=POLY_LOOP('NONE',(#2325,#2324,#1772,#1771));
#11163=FACE_OUTER_BOUND('NONE',#11162,.T.);
#11164=DIRECTION('NONE',(0.844808,0.53507,0));
#11165=DIRECTION('NONE',(-0.53507,0.844808,0));
#11166=AXIS2_PLACEMENT_3D('NONE',#2325,#11164,#11165);
#11167=PLANE('NONE',#11166);
#11168=FACE_SURFACE('NONE',(#11163),#11167,.T.);
#11169=POLY_LOOP('NONE',(#1760,#1759,#2337,#2336));
#11170=FACE_OUTER_BOUND('NONE',#11169,.T.);
#11171=DIRECTION('NONE',(0.407432,0.913235,0));
#11172=DIRECTION('NONE',(0.913235,-0.407432,0));
#11173=AXIS2_PLACEMENT_3D('NONE',#1760,#11171,#11172);
#11174=PLANE('NONE',#11173);
#11175=FACE_SURFACE('NONE',(#11170),#11174,.T.);
#11176=POLY_LOOP('NONE',(#1969,#1968,#2434,#2433));
#11177=FACE_OUTER_BOUND('NONE',#11176,.T.);
#11178=DIRECTION('NONE',(0.028143,-0.999604,0));
#11179=DIRECTION('NONE',(-0.999604,-0.028143,0));
#11180=AXIS2_PLACEMENT_3D('NONE',#1969,#11178,#11179);
#11181=PLANE('NONE',#11180);
#11182=FACE_SURFACE('NONE',(#11177),#11181,.T.);
#11183=POLY_LOOP('NONE',(#2333,#1763,#1762,#2334));
#11184=FACE_OUTER_BOUND('NONE',#11183,.T.);
#11185=DIRECTION('NONE',(0.535069,0.844809,0));
#11186=DIRECTION('NONE',(0,0,1));
#11187=AXIS2_PLACEMENT_3D('NONE',#2333,#11185,#11186);
#11188=PLANE('NONE',#11187);
#11189=FACE_SURFACE('NONE',(#11184),#11188,.T.);
#11190=POLY_LOOP('NONE',(#1767,#1766,#2330,#2329));
#11191=FACE_OUTER_BOUND('NONE',#11190,.T.);
#11192=DIRECTION('NONE',(0.685813,0.727778,0));
#11193=DIRECTION('NONE',(0.727778,-0.685813,0));
#11194=AXIS2_PLACEMENT_3D('NONE',#1767,#11192,#11193);
#11195=PLANE('NONE',#11194);
#11196=FACE_SURFACE('NONE',(#11191),#11195,.T.);
#11197=POLY_LOOP('NONE',(#2485,#2484,#1918,#1917));
#11198=FACE_OUTER_BOUND('NONE',#11197,.T.);
#11199=DIRECTION('NONE',(0.577223,0.816587,0));
#11200=DIRECTION('NONE',(-0.816587,0.577223,0));
#11201=AXIS2_PLACEMENT_3D('NONE',#2485,#11199,#11200);
#11202=PLANE('NONE',#11201);
#11203=FACE_SURFACE('NONE',(#11198),#11202,.T.);
#11204=POLY_LOOP('NONE',(#2321,#2320,#1776,#1775));
#11205=FACE_OUTER_BOUND('NONE',#11204,.T.);
#11206=DIRECTION('NONE',(0.93226,0.361789,0));
#11207=DIRECTION('NONE',(-0.361789,0.93226,0));
#11208=AXIS2_PLACEMENT_3D('NONE',#2321,#11206,#11207);
#11209=PLANE('NONE',#11208);
#11210=FACE_SURFACE('NONE',(#11205),#11209,.T.);
#11211=POLY_LOOP('NONE',(#1767,#2329,#2328,#1768));
#11212=FACE_OUTER_BOUND('NONE',#11211,.T.);
#11213=DIRECTION('NONE',(0.727791,0.685799,0));
#11214=DIRECTION('NONE',(0,0,-1));
#11215=AXIS2_PLACEMENT_3D('NONE',#1767,#11213,#11214);
#11216=PLANE('NONE',#11215);
#11217=FACE_SURFACE('NONE',(#11212),#11216,.T.);
#11218=POLY_LOOP('NONE',(#1768,#2328,#2327,#1769));
#11219=FACE_OUTER_BOUND('NONE',#11218,.T.);
#11220=DIRECTION('NONE',(0.754298,0.656532,0));
#11221=DIRECTION('NONE',(0,0,-1));
#11222=AXIS2_PLACEMENT_3D('NONE',#1768,#11220,#11221);
#11223=PLANE('NONE',#11222);
#11224=FACE_SURFACE('NONE',(#11219),#11223,.T.);
#11225=POLY_LOOP('NONE',(#1769,#2327,#2326,#1770));
#11226=FACE_OUTER_BOUND('NONE',#11225,.T.);
#11227=DIRECTION('NONE',(0.786331,0.617806,0));
#11228=DIRECTION('NONE',(0,0,-1));
#11229=AXIS2_PLACEMENT_3D('NONE',#1769,#11227,#11228);
#11230=PLANE('NONE',#11229);
#11231=FACE_SURFACE('NONE',(#11226),#11230,.T.);
#11232=POLY_LOOP('NONE',(#2326,#2325,#1771,#1770));
#11233=FACE_OUTER_BOUND('NONE',#11232,.T.);
#11234=DIRECTION('NONE',(0.816573,0.577242,0));
#11235=DIRECTION('NONE',(-0.577242,0.816573,0));
#11236=AXIS2_PLACEMENT_3D('NONE',#2326,#11234,#11235);
#11237=PLANE('NONE',#11236);
#11238=FACE_SURFACE('NONE',(#11233),#11237,.T.);
#11239=POLY_LOOP('NONE',(#2447,#2446,#1956,#1955));
#11240=FACE_OUTER_BOUND('NONE',#11239,.T.);
#11241=DIRECTION('NONE',(0.617829,-0.786313,0));
#11242=DIRECTION('NONE',(0.786313,0.617829,0));
#11243=AXIS2_PLACEMENT_3D('NONE',#2447,#11241,#11242);
#11244=PLANE('NONE',#11243);
#11245=FACE_SURFACE('NONE',(#11240),#11244,.T.);
#11246=POLY_LOOP('NONE',(#1674,#1673,#2178,#2177));
#11247=FACE_OUTER_BOUND('NONE',#11246,.T.);
#11248=DIRECTION('NONE',(-0.98562,0.168979,0));
#11249=DIRECTION('NONE',(0.168979,0.98562,0));
#11250=AXIS2_PLACEMENT_3D('NONE',#1674,#11248,#11249);
#11251=PLANE('NONE',#11250);
#11252=FACE_SURFACE('NONE',(#11247),#11251,.T.);
#11253=POLY_LOOP('NONE',(#2165,#2164,#1687,#1686));
#11254=FACE_OUTER_BOUND('NONE',#11253,.T.);
#11255=DIRECTION('NONE',(-0.685813,0.727778,0));
#11256=DIRECTION('NONE',(-0.727778,-0.685813,0));
#11257=AXIS2_PLACEMENT_3D('NONE',#2165,#11255,#11256);
#11258=PLANE('NONE',#11257);
#11259=FACE_SURFACE('NONE',(#11254),#11258,.T.);
#11260=POLY_LOOP('NONE',(#1911,#2491,#2490,#1912));
#11261=FACE_OUTER_BOUND('NONE',#11260,.T.);
#11262=DIRECTION('NONE',(0.311997,0.950083,0));
#11263=DIRECTION('NONE',(0,0,-1));
#11264=AXIS2_PLACEMENT_3D('NONE',#1911,#11262,#11263);
#11265=PLANE('NONE',#11264);
#11266=FACE_SURFACE('NONE',(#11261),#11265,.T.);
#11267=POLY_LOOP('NONE',(#1741,#1740,#2356,#2355));
#11268=FACE_OUTER_BOUND('NONE',#11267,.T.);
#11269=DIRECTION('NONE',(-0.491591,0.870826,0));
#11270=DIRECTION('NONE',(0.870826,0.491591,0));
#11271=AXIS2_PLACEMENT_3D('NONE',#1741,#11269,#11270);
#11272=PLANE('NONE',#11271);
#11273=FACE_SURFACE('NONE',(#11268),#11272,.T.);
#11274=POLY_LOOP('NONE',(#1918,#2484,#2483,#1919));
#11275=FACE_OUTER_BOUND('NONE',#11274,.T.);
#11276=DIRECTION('NONE',(0.617812,0.786326,0));
#11277=DIRECTION('NONE',(0,0,-1));
#11278=AXIS2_PLACEMENT_3D('NONE',#1918,#11276,#11277);
#11279=PLANE('NONE',#11278);
#11280=FACE_SURFACE('NONE',(#11275),#11279,.T.);
#11281=POLY_LOOP('NONE',(#2353,#2352,#1744,#1743));
#11282=FACE_OUTER_BOUND('NONE',#11281,.T.);
#11283=DIRECTION('NONE',(-0.361769,0.932268,0));
#11284=DIRECTION('NONE',(-0.932268,-0.361769,0));
#11285=AXIS2_PLACEMENT_3D('NONE',#2353,#11283,#11284);
#11286=PLANE('NONE',#11285);
#11287=FACE_SURFACE('NONE',(#11282),#11286,.T.);
#11288=POLY_LOOP('NONE',(#2480,#2479,#1923,#1922));
#11289=FACE_OUTER_BOUND('NONE',#11288,.T.);
#11290=DIRECTION('NONE',(0.754304,0.656526,0));
#11291=DIRECTION('NONE',(-0.656526,0.754304,0));
#11292=AXIS2_PLACEMENT_3D('NONE',#2480,#11290,#11291);
#11293=PLANE('NONE',#11292);
#11294=FACE_SURFACE('NONE',(#11289),#11293,.T.);
#11295=POLY_LOOP('NONE',(#1681,#2170,#2169,#1682));
#11296=FACE_OUTER_BOUND('NONE',#11295,.T.);
#11297=DIRECTION('NONE',(-0.844808,0.53507,0));
#11298=DIRECTION('NONE',(0,0,-1));
#11299=AXIS2_PLACEMENT_3D('NONE',#1681,#11297,#11298);
#11300=PLANE('NONE',#11299);
#11301=FACE_SURFACE('NONE',(#11296),#11300,.T.);
#11302=POLY_LOOP('NONE',(#1923,#2479,#2478,#1924));
#11303=FACE_OUTER_BOUND('NONE',#11302,.T.);
#11304=DIRECTION('NONE',(0.786326,0.617812,0));
#11305=DIRECTION('NONE',(0,0,-1));
#11306=AXIS2_PLACEMENT_3D('NONE',#1923,#11304,#11305);
#11307=PLANE('NONE',#11306);
#11308=FACE_SURFACE('NONE',(#11303),#11307,.T.);
#11309=POLY_LOOP('NONE',(#1744,#2352,#2351,#1745));
#11310=FACE_OUTER_BOUND('NONE',#11309,.T.);
#11311=DIRECTION('NONE',(-0.311985,0.950087,0));
#11312=DIRECTION('NONE',(0,0,-1));
#11313=AXIS2_PLACEMENT_3D('NONE',#1744,#11311,#11312);
#11314=PLANE('NONE',#11313);
#11315=FACE_SURFACE('NONE',(#11310),#11314,.T.);
#11316=POLY_LOOP('NONE',(#1745,#2351,#2350,#1746));
#11317=FACE_OUTER_BOUND('NONE',#11316,.T.);
#11318=DIRECTION('NONE',(-0.265481,0.964116,0));
#11319=DIRECTION('NONE',(0,0,-1));
#11320=AXIS2_PLACEMENT_3D('NONE',#1745,#11318,#11319);
#11321=PLANE('NONE',#11320);
#11322=FACE_SURFACE('NONE',(#11317),#11321,.T.);
#11323=POLY_LOOP('NONE',(#2488,#2487,#1915,#1914));
#11324=FACE_OUTER_BOUND('NONE',#11323,.T.);
#11325=DIRECTION('NONE',(0.447192,0.894438,0));
#11326=DIRECTION('NONE',(-0.894438,0.447192,0));
#11327=AXIS2_PLACEMENT_3D('NONE',#2488,#11325,#11326);
#11328=PLANE('NONE',#11327);
#11329=FACE_SURFACE('NONE',(#11324),#11328,.T.);
#11330=POLY_LOOP('NONE',(#2487,#2486,#1916,#1915));
#11331=FACE_OUTER_BOUND('NONE',#11330,.T.);
#11332=DIRECTION('NONE',(0.491591,0.870826,0));
#11333=DIRECTION('NONE',(-0.870826,0.491591,0));
#11334=AXIS2_PLACEMENT_3D('NONE',#2487,#11332,#11333);
#11335=PLANE('NONE',#11334);
#11336=FACE_SURFACE('NONE',(#11331),#11335,.T.);
#11337=POLY_LOOP('NONE',(#2180,#1671,#1670,#2181));
#11338=FACE_OUTER_BOUND('NONE',#11337,.T.);
#11339=DIRECTION('NONE',(-0.999604,0.028142,0));
#11340=DIRECTION('NONE',(0,0,1));
#11341=AXIS2_PLACEMENT_3D('NONE',#2180,#11339,#11340);
#11342=PLANE('NONE',#11341);
#11343=FACE_SURFACE('NONE',(#11338),#11342,.T.);
#11344=POLY_LOOP('NONE',(#1940,#2462,#2461,#1941));
#11345=FACE_OUTER_BOUND('NONE',#11344,.T.);
#11346=DIRECTION('NONE',(0.98562,-0.168979,0));
#11347=DIRECTION('NONE',(0,0,-1));
#11348=AXIS2_PLACEMENT_3D('NONE',#1940,#11346,#11347);
#11349=PLANE('NONE',#11348);
#11350=FACE_SURFACE('NONE',(#11345),#11349,.T.);
#11351=POLY_LOOP('NONE',(#2477,#1925,#1924,#2478));
#11352=FACE_OUTER_BOUND('NONE',#11351,.T.);
#11353=DIRECTION('NONE',(0.816569,0.577248,0));
#11354=DIRECTION('NONE',(0,0,1));
#11355=AXIS2_PLACEMENT_3D('NONE',#2477,#11353,#11354);
#11356=PLANE('NONE',#11355);
#11357=FACE_SURFACE('NONE',(#11352),#11356,.T.);
#11358=POLY_LOOP('NONE',(#2178,#1673,#1672,#2179));
#11359=FACE_OUTER_BOUND('NONE',#11358,.T.);
#11360=DIRECTION('NONE',(-0.992063,0.125739,0));
#11361=DIRECTION('NONE',(0,0,1));
#11362=AXIS2_PLACEMENT_3D('NONE',#2178,#11360,#11361);
#11363=PLANE('NONE',#11362);
#11364=FACE_SURFACE('NONE',(#11359),#11363,.T.);
#11365=POLY_LOOP('NONE',(#2176,#1675,#1674,#2177));
#11366=FACE_OUTER_BOUND('NONE',#11365,.T.);
#11367=DIRECTION('NONE',(-0.974862,0.222807,0));
#11368=DIRECTION('NONE',(0,0,1));
#11369=AXIS2_PLACEMENT_3D('NONE',#2176,#11367,#11368);
#11370=PLANE('NONE',#11369);
#11371=FACE_SURFACE('NONE',(#11366),#11370,.T.);
#11372=POLY_LOOP('NONE',(#1610,#1609,#2242,#2241));
#11373=FACE_OUTER_BOUND('NONE',#11372,.T.);
#11374=DIRECTION('NONE',(0.98562,-0.168976,0));
#11375=DIRECTION('NONE',(-0.168976,-0.98562,0));
#11376=AXIS2_PLACEMENT_3D('NONE',#1610,#11374,#11375);
#11377=PLANE('NONE',#11376);
#11378=FACE_SURFACE('NONE',(#11373),#11377,.T.);
#11379=POLY_LOOP('NONE',(#1611,#1610,#2241,#2240));
#11380=FACE_OUTER_BOUND('NONE',#11379,.T.);
#11381=DIRECTION('NONE',(0.974862,-0.22281,0));
#11382=DIRECTION('NONE',(-0.22281,-0.974862,0));
#11383=AXIS2_PLACEMENT_3D('NONE',#1611,#11381,#11382);
#11384=PLANE('NONE',#11383);
#11385=FACE_SURFACE('NONE',(#11380),#11384,.T.);
#11386=POLY_LOOP('NONE',(#1617,#2234,#2233,#1618));
#11387=FACE_OUTER_BOUND('NONE',#11386,.T.);
#11388=DIRECTION('NONE',(0.844832,-0.535031,0));
#11389=DIRECTION('NONE',(0,0,-1));
#11390=AXIS2_PLACEMENT_3D('NONE',#1617,#11388,#11389);
#11391=PLANE('NONE',#11390);
#11392=FACE_SURFACE('NONE',(#11387),#11391,.T.);
#11393=POLY_LOOP('NONE',(#2492,#2491,#1911,#1910));
#11394=FACE_OUTER_BOUND('NONE',#11393,.T.);
#11395=DIRECTION('NONE',(0.265469,0.964119,0));
#11396=DIRECTION('NONE',(-0.964119,0.265469,0));
#11397=AXIS2_PLACEMENT_3D('NONE',#2492,#11395,#11396);
#11398=PLANE('NONE',#11397);
#11399=FACE_SURFACE('NONE',(#11394),#11398,.T.);
#11400=POLY_LOOP('NONE',(#1545,#2035,#2034,#1546));
#11401=FACE_OUTER_BOUND('NONE',#11400,.T.);
#11402=DIRECTION('NONE',(-0.786326,-0.617812,0));
#11403=DIRECTION('NONE',(0,0,-1));
#11404=AXIS2_PLACEMENT_3D('NONE',#1545,#11402,#11403);
#11405=PLANE('NONE',#11404);
#11406=FACE_SURFACE('NONE',(#11401),#11405,.T.);
#11407=POLY_LOOP('NONE',(#1478,#2102,#2101,#1479));
#11408=FACE_OUTER_BOUND('NONE',#11407,.T.);
#11409=DIRECTION('NONE',(0.685813,0.727778,0));
#11410=DIRECTION('NONE',(0,0,-1));
#11411=AXIS2_PLACEMENT_3D('NONE',#1478,#11409,#11410);
#11412=PLANE('NONE',#11411);
#11413=FACE_SURFACE('NONE',(#11408),#11412,.T.);
#11414=POLY_LOOP('NONE',(#2451,#1951,#1950,#2452));
#11415=FACE_OUTER_BOUND('NONE',#11414,.T.);
#11416=DIRECTION('NONE',(0.786326,-0.617812,0));
#11417=DIRECTION('NONE',(0,0,1));
#11418=AXIS2_PLACEMENT_3D('NONE',#2451,#11416,#11417);
#11419=PLANE('NONE',#11418);
#11420=FACE_SURFACE('NONE',(#11415),#11419,.T.);
#11421=POLY_LOOP('NONE',(#2105,#1475,#1602,#2106));
#11422=FACE_OUTER_BOUND('NONE',#11421,.T.);
#11423=DIRECTION('NONE',(0.535044,0.844824,0));
#11424=DIRECTION('NONE',(0,0,1));
#11425=AXIS2_PLACEMENT_3D('NONE',#2105,#11423,#11424);
#11426=PLANE('NONE',#11425);
#11427=FACE_SURFACE('NONE',(#11422),#11426,.T.);
#11428=POLY_LOOP('NONE',(#2103,#2102,#1478,#1477));
#11429=FACE_OUTER_BOUND('NONE',#11428,.T.);
#11430=DIRECTION('NONE',(0.656526,0.754304,0));
#11431=DIRECTION('NONE',(-0.754304,0.656526,0));
#11432=AXIS2_PLACEMENT_3D('NONE',#2103,#11430,#11431);
#11433=PLANE('NONE',#11432);
#11434=FACE_SURFACE('NONE',(#11429),#11433,.T.);
#11435=POLY_LOOP('NONE',(#2460,#2459,#1943,#1942));
#11436=FACE_OUTER_BOUND('NONE',#11435,.T.);
#11437=DIRECTION('NONE',(0.964113,-0.265493,0));
#11438=DIRECTION('NONE',(0.265493,0.964113,0));
#11439=AXIS2_PLACEMENT_3D('NONE',#2460,#11437,#11438);
#11440=PLANE('NONE',#11439);
#11441=FACE_SURFACE('NONE',(#11436),#11440,.T.);
#11442=POLY_LOOP('NONE',(#2458,#1944,#1943,#2459));
#11443=FACE_OUTER_BOUND('NONE',#11442,.T.);
#11444=DIRECTION('NONE',(0.950096,-0.311957,0));
#11445=DIRECTION('NONE',(0,0,1));
#11446=AXIS2_PLACEMENT_3D('NONE',#2458,#11444,#11445);
#11447=PLANE('NONE',#11446);
#11448=FACE_SURFACE('NONE',(#11443),#11447,.T.);
#11449=POLY_LOOP('NONE',(#2055,#1525,#1524,#2056));
#11450=FACE_OUTER_BOUND('NONE',#11449,.T.);
#11451=DIRECTION('NONE',(0.12574,-0.992063,0));
#11452=DIRECTION('NONE',(0,0,1));
#11453=AXIS2_PLACEMENT_3D('NONE',#2055,#11451,#11452);
#11454=PLANE('NONE',#11453);
#11455=FACE_SURFACE('NONE',(#11450),#11454,.T.);
#11456=POLY_LOOP('NONE',(#1953,#2449,#2448,#1954));
#11457=FACE_OUTER_BOUND('NONE',#11456,.T.);
#11458=DIRECTION('NONE',(0.685786,-0.727803,0));
#11459=DIRECTION('NONE',(0,0,-1));
#11460=AXIS2_PLACEMENT_3D('NONE',#1953,#11458,#11459);
#11461=PLANE('NONE',#11460);
#11462=FACE_SURFACE('NONE',(#11457),#11461,.T.);
#11463=POLY_LOOP('NONE',(#2444,#1958,#1957,#2445));
#11464=FACE_OUTER_BOUND('NONE',#11463,.T.);
#11465=DIRECTION('NONE',(0.535069,-0.844809,0));
#11466=DIRECTION('NONE',(0,0,1));
#11467=AXIS2_PLACEMENT_3D('NONE',#2444,#11465,#11466);
#11468=PLANE('NONE',#11467);
#11469=FACE_SURFACE('NONE',(#11464),#11468,.T.);
#11470=POLY_LOOP('NONE',(#1481,#1480,#2100,#2099));
#11471=FACE_OUTER_BOUND('NONE',#11470,.T.);
#11472=DIRECTION('NONE',(0.75433,0.656495,0));
#11473=DIRECTION('NONE',(0.656495,-0.75433,0));
#11474=AXIS2_PLACEMENT_3D('NONE',#1481,#11472,#11473);
#11475=PLANE('NONE',#11474);
#11476=FACE_SURFACE('NONE',(#11471),#11475,.T.);
#11477=POLY_LOOP('NONE',(#2493,#1909,#1908,#2494));
#11478=FACE_OUTER_BOUND('NONE',#11477,.T.);
#11479=DIRECTION('NONE',(0.168953,0.985624,0));
#11480=DIRECTION('NONE',(0,0,1));
#11481=AXIS2_PLACEMENT_3D('NONE',#2493,#11479,#11480);
#11482=PLANE('NONE',#11481);
#11483=FACE_SURFACE('NONE',(#11478),#11482,.T.);
#11484=POLY_LOOP('NONE',(#2450,#2449,#1953,#1952));
#11485=FACE_OUTER_BOUND('NONE',#11484,.T.);
#11486=DIRECTION('NONE',(0.727791,-0.685799,0));
#11487=DIRECTION('NONE',(0.685799,0.727791,0));
#11488=AXIS2_PLACEMENT_3D('NONE',#2450,#11486,#11487);
#11489=PLANE('NONE',#11488);
#11490=FACE_SURFACE('NONE',(#11485),#11489,.T.);
#11491=POLY_LOOP('NONE',(#2492,#1910,#1909,#2493));
#11492=FACE_OUTER_BOUND('NONE',#11491,.T.);
#11493=DIRECTION('NONE',(0.222836,0.974856,0));
#11494=DIRECTION('NONE',(0,0,1));
#11495=AXIS2_PLACEMENT_3D('NONE',#2492,#11493,#11494);
#11496=PLANE('NONE',#11495);
#11497=FACE_SURFACE('NONE',(#11492),#11496,.T.);
#11498=POLY_LOOP('NONE',(#1904,#2498,#2497,#1905));
#11499=FACE_OUTER_BOUND('NONE',#11498,.T.);
#11500=DIRECTION('NONE',(-0.014076,0.999901,0));
#11501=DIRECTION('NONE',(0,0,-1));
#11502=AXIS2_PLACEMENT_3D('NONE',#1904,#11500,#11501);
#11503=PLANE('NONE',#11502);
#11504=FACE_SURFACE('NONE',(#11499),#11503,.T.);
#11505=POLY_LOOP('NONE',(#2465,#2464,#1938,#1937));
#11506=FACE_OUTER_BOUND('NONE',#11505,.T.);
#11507=DIRECTION('NONE',(0.999604,-0.028143,0));
#11508=DIRECTION('NONE',(0.028143,0.999604,0));
#11509=AXIS2_PLACEMENT_3D('NONE',#2465,#11507,#11508);
#11510=PLANE('NONE',#11509);
#11511=FACE_SURFACE('NONE',(#11506),#11510,.T.);
#11512=POLY_LOOP('NONE',(#2463,#1939,#1938,#2464));
#11513=FACE_OUTER_BOUND('NONE',#11512,.T.);
#11514=DIRECTION('NONE',(0.997529,-0.070262,0));
#11515=DIRECTION('NONE',(0,0,1));
#11516=AXIS2_PLACEMENT_3D('NONE',#2463,#11514,#11515);
#11517=PLANE('NONE',#11516);
#11518=FACE_SURFACE('NONE',(#11513),#11517,.T.);
#11519=POLY_LOOP('NONE',(#1939,#2463,#2462,#1940));
#11520=FACE_OUTER_BOUND('NONE',#11519,.T.);
#11521=DIRECTION('NONE',(0.992063,-0.12574,0));
#11522=DIRECTION('NONE',(0,0,-1));
#11523=AXIS2_PLACEMENT_3D('NONE',#1939,#11521,#11522);
#11524=PLANE('NONE',#11523);
#11525=FACE_SURFACE('NONE',(#11520),#11524,.T.);
#11526=POLY_LOOP('NONE',(#2384,#2383,#1891,#1890));
#11527=FACE_OUTER_BOUND('NONE',#11526,.T.);
#11528=DIRECTION('NONE',(-0.656552,0.754281,0));
#11529=DIRECTION('NONE',(-0.754281,-0.656552,0));
#11530=AXIS2_PLACEMENT_3D('NONE',#2384,#11528,#11529);
#11531=PLANE('NONE',#11530);
#11532=FACE_SURFACE('NONE',(#11527),#11531,.T.);
#11533=POLY_LOOP('NONE',(#2382,#1892,#1891,#2383));
#11534=FACE_OUTER_BOUND('NONE',#11533,.T.);
#11535=DIRECTION('NONE',(-0.617812,0.786326,0));
#11536=DIRECTION('NONE',(0,0,1));
#11537=AXIS2_PLACEMENT_3D('NONE',#2382,#11535,#11536);
#11538=PLANE('NONE',#11537);
#11539=FACE_SURFACE('NONE',(#11534),#11538,.T.);
#11540=POLY_LOOP('NONE',(#2381,#1893,#1892,#2382));
#11541=FACE_OUTER_BOUND('NONE',#11540,.T.);
#11542=DIRECTION('NONE',(-0.577223,0.816587,0));
#11543=DIRECTION('NONE',(0,0,1));
#11544=AXIS2_PLACEMENT_3D('NONE',#2381,#11542,#11543);
#11545=PLANE('NONE',#11544);
#11546=FACE_SURFACE('NONE',(#11541),#11545,.T.);
#11547=POLY_LOOP('NONE',(#2224,#1627,#1626,#2225));
#11548=FACE_OUTER_BOUND('NONE',#11547,.T.);
#11549=DIRECTION('NONE',(0.535035,-0.84483,0));
#11550=DIRECTION('NONE',(0,0,1));
#11551=AXIS2_PLACEMENT_3D('NONE',#2224,#11549,#11550);
#11552=PLANE('NONE',#11551);
#11553=FACE_SURFACE('NONE',(#11548),#11552,.T.);
#11554=POLY_LOOP('NONE',(#1629,#2222,#2221,#1630));
#11555=FACE_OUTER_BOUND('NONE',#11554,.T.);
#11556=DIRECTION('NONE',(0.407452,-0.913227,0));
#11557=DIRECTION('NONE',(0,0,-1));
#11558=AXIS2_PLACEMENT_3D('NONE',#1629,#11556,#11557);
#11559=PLANE('NONE',#11558);
#11560=FACE_SURFACE('NONE',(#11555),#11559,.T.);
#11561=POLY_LOOP('NONE',(#2378,#1896,#1895,#2379));
#11562=FACE_OUTER_BOUND('NONE',#11561,.T.);
#11563=DIRECTION('NONE',(-0.447192,0.894438,0));
#11564=DIRECTION('NONE',(0,0,1));
#11565=AXIS2_PLACEMENT_3D('NONE',#2378,#11563,#11564);
#11566=PLANE('NONE',#11565);
#11567=FACE_SURFACE('NONE',(#11562),#11566,.T.);
#11568=POLY_LOOP('NONE',(#2211,#1640,#1639,#2212));
#11569=FACE_OUTER_BOUND('NONE',#11568,.T.);
#11570=DIRECTION('NONE',(-0.070247,-0.99753,0));
#11571=DIRECTION('NONE',(0,0,1));
#11572=AXIS2_PLACEMENT_3D('NONE',#2211,#11570,#11571);
#11573=PLANE('NONE',#11572);
#11574=FACE_SURFACE('NONE',(#11569),#11573,.T.);
#11575=POLY_LOOP('NONE',(#1640,#2211,#2210,#1641));
#11576=FACE_OUTER_BOUND('NONE',#11575,.T.);
#11577=DIRECTION('NONE',(-0.125753,-0.992062,0));
#11578=DIRECTION('NONE',(0,0,-1));
#11579=AXIS2_PLACEMENT_3D('NONE',#1640,#11577,#11578);
#11580=PLANE('NONE',#11579);
#11581=FACE_SURFACE('NONE',(#11576),#11580,.T.);
#11582=POLY_LOOP('NONE',(#2089,#1491,#1490,#2090));
#11583=FACE_OUTER_BOUND('NONE',#11582,.T.);
#11584=DIRECTION('NONE',(0.97485,0.222861,0));
#11585=DIRECTION('NONE',(0,0,1));
#11586=AXIS2_PLACEMENT_3D('NONE',#2089,#11584,#11585);
#11587=PLANE('NONE',#11586);
#11588=FACE_SURFACE('NONE',(#11583),#11587,.T.);
#11589=POLY_LOOP('NONE',(#2215,#2214,#1637,#1636));
#11590=FACE_OUTER_BOUND('NONE',#11589,.T.);
#11591=DIRECTION('NONE',(0.070251,-0.997529,0));
#11592=DIRECTION('NONE',(0.997529,0.070251,0));
#11593=AXIS2_PLACEMENT_3D('NONE',#2215,#11591,#11592);
#11594=PLANE('NONE',#11593);
#11595=FACE_SURFACE('NONE',(#11590),#11594,.T.);
#11596=POLY_LOOP('NONE',(#2214,#2213,#1638,#1637));
#11597=FACE_OUTER_BOUND('NONE',#11596,.T.);
#11598=DIRECTION('NONE',(0.014076,-0.999901,0));
#11599=DIRECTION('NONE',(0.999901,0.014076,0));
#11600=AXIS2_PLACEMENT_3D('NONE',#2214,#11598,#11599);
#11601=PLANE('NONE',#11600);
#11602=FACE_SURFACE('NONE',(#11597),#11601,.T.);
#11603=POLY_LOOP('NONE',(#1497,#2083,#2082,#1498));
#11604=FACE_OUTER_BOUND('NONE',#11603,.T.);
#11605=DIRECTION('NONE',(0.992063,-0.12574,0));
#11606=DIRECTION('NONE',(0,0,-1));
#11607=AXIS2_PLACEMENT_3D('NONE',#1497,#11605,#11606);
#11608=PLANE('NONE',#11607);
#11609=FACE_SURFACE('NONE',(#11604),#11608,.T.);
#11610=POLY_LOOP('NONE',(#1612,#1611,#2240,#2239));
#11611=FACE_OUTER_BOUND('NONE',#11610,.T.);
#11612=DIRECTION('NONE',(0.964113,-0.265493,0));
#11613=DIRECTION('NONE',(-0.265493,-0.964113,0));
#11614=AXIS2_PLACEMENT_3D('NONE',#1612,#11612,#11613);
#11615=PLANE('NONE',#11614);
#11616=FACE_SURFACE('NONE',(#11611),#11615,.T.);
#11617=POLY_LOOP('NONE',(#1850,#2374,#2373,#1851));
#11618=FACE_OUTER_BOUND('NONE',#11617,.T.);
#11619=DIRECTION('NONE',(-0.98562,0.168979,0));
#11620=DIRECTION('NONE',(0,0,-1));
#11621=AXIS2_PLACEMENT_3D('NONE',#1850,#11619,#11620);
#11622=PLANE('NONE',#11621);
#11623=FACE_SURFACE('NONE',(#11618),#11622,.T.);
#11624=POLY_LOOP('NONE',(#2234,#1617,#1616,#2235));
#11625=FACE_OUTER_BOUND('NONE',#11624,.T.);
#11626=DIRECTION('NONE',(0.870826,-0.491591,0));
#11627=DIRECTION('NONE',(0,0,1));
#11628=AXIS2_PLACEMENT_3D('NONE',#2234,#11626,#11627);
#11629=PLANE('NONE',#11628);
#11630=FACE_SURFACE('NONE',(#11625),#11629,.T.);
#11631=POLY_LOOP('NONE',(#2368,#2367,#1857,#1856));
#11632=FACE_OUTER_BOUND('NONE',#11631,.T.);
#11633=DIRECTION('NONE',(-0.894419,0.44723,0));
#11634=DIRECTION('NONE',(-0.44723,-0.894419,0));
#11635=AXIS2_PLACEMENT_3D('NONE',#2368,#11633,#11634);
#11636=PLANE('NONE',#11635);
#11637=FACE_SURFACE('NONE',(#11632),#11636,.T.);
#11638=POLY_LOOP('NONE',(#1733,#2363,#2362,#1734));
#11639=FACE_OUTER_BOUND('NONE',#11638,.T.);
#11640=DIRECTION('NONE',(-0.754298,0.656532,0));
#11641=DIRECTION('NONE',(0,0,-1));
#11642=AXIS2_PLACEMENT_3D('NONE',#1733,#11640,#11641);
#11643=PLANE('NONE',#11642);
#11644=FACE_SURFACE('NONE',(#11639),#11643,.T.);
#11645=POLY_LOOP('NONE',(#1734,#2362,#2361,#1735));
#11646=FACE_OUTER_BOUND('NONE',#11645,.T.);
#11647=DIRECTION('NONE',(-0.727791,0.685799,0));
#11648=DIRECTION('NONE',(0,0,-1));
#11649=AXIS2_PLACEMENT_3D('NONE',#1734,#11647,#11648);
#11650=PLANE('NONE',#11649);
#11651=FACE_SURFACE('NONE',(#11646),#11650,.T.);
#11652=POLY_LOOP('NONE',(#2500,#1902,#1901,#2501));
#11653=FACE_OUTER_BOUND('NONE',#11652,.T.);
#11654=DIRECTION('NONE',(-0.168953,0.985624,0));
#11655=DIRECTION('NONE',(0,0,1));
#11656=AXIS2_PLACEMENT_3D('NONE',#2500,#11654,#11655);
#11657=PLANE('NONE',#11656);
#11658=FACE_SURFACE('NONE',(#11653),#11657,.T.);
#11659=POLY_LOOP('NONE',(#2372,#1852,#1851,#2373));
#11660=FACE_OUTER_BOUND('NONE',#11659,.T.);
#11661=DIRECTION('NONE',(-0.974862,0.222807,0));
#11662=DIRECTION('NONE',(0,0,1));
#11663=AXIS2_PLACEMENT_3D('NONE',#2372,#11661,#11662);
#11664=PLANE('NONE',#11663);
#11665=FACE_SURFACE('NONE',(#11660),#11664,.T.);
#11666=POLY_LOOP('NONE',(#2343,#1753,#1752,#2344));
#11667=FACE_OUTER_BOUND('NONE',#11666,.T.);
#11668=DIRECTION('NONE',(0.070247,0.99753,0));
#11669=DIRECTION('NONE',(0,0,1));
#11670=AXIS2_PLACEMENT_3D('NONE',#2343,#11668,#11669);
#11671=PLANE('NONE',#11670);
#11672=FACE_SURFACE('NONE',(#11667),#11671,.T.);
#11673=POLY_LOOP('NONE',(#1898,#1897,#2377,#2376));
#11674=FACE_OUTER_BOUND('NONE',#11673,.T.);
#11675=DIRECTION('NONE',(-0.361757,0.932272,0));
#11676=DIRECTION('NONE',(0.932272,0.361757,0));
#11677=AXIS2_PLACEMENT_3D('NONE',#1898,#11675,#11676);
#11678=PLANE('NONE',#11677);
#11679=FACE_SURFACE('NONE',(#11674),#11678,.T.);
#11680=POLY_LOOP('NONE',(#1899,#2503,#2502,#1900));
#11681=FACE_OUTER_BOUND('NONE',#11680,.T.);
#11682=DIRECTION('NONE',(-0.265469,0.964119,0));
#11683=DIRECTION('NONE',(0,0,-1));
#11684=AXIS2_PLACEMENT_3D('NONE',#1899,#11682,#11683);
#11685=PLANE('NONE',#11684);
#11686=FACE_SURFACE('NONE',(#11681),#11685,.T.);
#11687=POLY_LOOP('NONE',(#1883,#2391,#2390,#1884));
#11688=FACE_OUTER_BOUND('NONE',#11687,.T.);
#11689=DIRECTION('NONE',(-0.870826,0.491591,0));
#11690=DIRECTION('NONE',(0,0,-1));
#11691=AXIS2_PLACEMENT_3D('NONE',#1883,#11689,#11690);
#11692=PLANE('NONE',#11691);
#11693=FACE_SURFACE('NONE',(#11688),#11692,.T.);
#11694=POLY_LOOP('NONE',(#1885,#1884,#2390,#2389));
#11695=FACE_OUTER_BOUND('NONE',#11694,.T.);
#11696=DIRECTION('NONE',(-0.844836,0.535025,0));
#11697=DIRECTION('NONE',(0.535025,0.844836,0));
#11698=AXIS2_PLACEMENT_3D('NONE',#1885,#11696,#11697);
#11699=PLANE('NONE',#11698);
#11700=FACE_SURFACE('NONE',(#11695),#11699,.T.);
#11701=POLY_LOOP('NONE',(#2386,#1888,#1887,#2387));
#11702=FACE_OUTER_BOUND('NONE',#11701,.T.);
#11703=DIRECTION('NONE',(-0.754304,0.656526,0));
#11704=DIRECTION('NONE',(0,0,1));
#11705=AXIS2_PLACEMENT_3D('NONE',#2386,#11703,#11704);
#11706=PLANE('NONE',#11705);
#11707=FACE_SURFACE('NONE',(#11702),#11706,.T.);
#11708=POLY_LOOP('NONE',(#1888,#2386,#2385,#1889));
#11709=FACE_OUTER_BOUND('NONE',#11708,.T.);
#11710=DIRECTION('NONE',(-0.727791,0.685799,0));
#11711=DIRECTION('NONE',(0,0,-1));
#11712=AXIS2_PLACEMENT_3D('NONE',#1888,#11710,#11711);
#11713=PLANE('NONE',#11712);
#11714=FACE_SURFACE('NONE',(#11709),#11713,.T.);
#11715=POLY_LOOP('NONE',(#2348,#1748,#1747,#2349));
#11716=FACE_OUTER_BOUND('NONE',#11715,.T.);
#11717=DIRECTION('NONE',(-0.168957,0.985623,0));
#11718=DIRECTION('NONE',(0,0,1));
#11719=AXIS2_PLACEMENT_3D('NONE',#2348,#11717,#11718);
#11720=PLANE('NONE',#11719);
#11721=FACE_SURFACE('NONE',(#11716),#11720,.T.);
#11722=POLY_LOOP('NONE',(#1894,#1893,#2381,#2380));
#11723=FACE_OUTER_BOUND('NONE',#11722,.T.);
#11724=DIRECTION('NONE',(-0.535069,0.844809,0));
#11725=DIRECTION('NONE',(0.844809,0.535069,0));
#11726=AXIS2_PLACEMENT_3D('NONE',#1894,#11724,#11725);
#11727=PLANE('NONE',#11726);
#11728=FACE_SURFACE('NONE',(#11723),#11727,.T.);
#11729=POLY_LOOP('NONE',(#1880,#1879,#2395,#2394));
#11730=FACE_OUTER_BOUND('NONE',#11729,.T.);
#11731=DIRECTION('NONE',(-0.950094,0.311965,0));
#11732=DIRECTION('NONE',(0.311965,0.950094,0));
#11733=AXIS2_PLACEMENT_3D('NONE',#1880,#11731,#11732);
#11734=PLANE('NONE',#11733);
#11735=FACE_SURFACE('NONE',(#11730),#11734,.T.);
#11736=POLY_LOOP('NONE',(#1880,#2394,#2393,#1881));
#11737=FACE_OUTER_BOUND('NONE',#11736,.T.);
#11738=DIRECTION('NONE',(-0.93226,0.361789,0));
#11739=DIRECTION('NONE',(0,0,-1));
#11740=AXIS2_PLACEMENT_3D('NONE',#1880,#11738,#11739);
#11741=PLANE('NONE',#11740);
#11742=FACE_SURFACE('NONE',(#11737),#11741,.T.);
#11743=POLY_LOOP('NONE',(#2359,#1737,#1736,#2360));
#11744=FACE_OUTER_BOUND('NONE',#11743,.T.);
#11745=DIRECTION('NONE',(-0.656518,0.75431,0));
#11746=DIRECTION('NONE',(0,0,1));
#11747=AXIS2_PLACEMENT_3D('NONE',#2359,#11745,#11746);
#11748=PLANE('NONE',#11747);
#11749=FACE_SURFACE('NONE',(#11744),#11748,.T.);
#11750=POLY_LOOP('NONE',(#2402,#1872,#1871,#2403));
#11751=FACE_OUTER_BOUND('NONE',#11750,.T.);
#11752=DIRECTION('NONE',(-0.997529,-0.070262,0));
#11753=DIRECTION('NONE',(0,0,1));
#11754=AXIS2_PLACEMENT_3D('NONE',#2402,#11752,#11753);
#11755=PLANE('NONE',#11754);
#11756=FACE_SURFACE('NONE',(#11751),#11755,.T.);
#11757=POLY_LOOP('NONE',(#1732,#2364,#2363,#1733));
#11758=FACE_OUTER_BOUND('NONE',#11757,.T.);
#11759=DIRECTION('NONE',(-0.786331,0.617806,0));
#11760=DIRECTION('NONE',(0,0,-1));
#11761=AXIS2_PLACEMENT_3D('NONE',#1732,#11759,#11760);
#11762=PLANE('NONE',#11761);
#11763=FACE_SURFACE('NONE',(#11758),#11762,.T.);
#11764=POLY_LOOP('NONE',(#2228,#2227,#1624,#1623));
#11765=FACE_OUTER_BOUND('NONE',#11764,.T.);
#11766=DIRECTION('NONE',(0.656518,-0.75431,0));
#11767=DIRECTION('NONE',(0.75431,0.656518,0));
#11768=AXIS2_PLACEMENT_3D('NONE',#2228,#11766,#11767);
#11769=PLANE('NONE',#11768);
#11770=FACE_SURFACE('NONE',(#11765),#11769,.T.);
#11771=POLY_LOOP('NONE',(#1857,#2367,#2366,#1858));
#11772=FACE_OUTER_BOUND('NONE',#11771,.T.);
#11773=DIRECTION('NONE',(-0.870823,0.491597,0));
#11774=DIRECTION('NONE',(0,0,-1));
#11775=AXIS2_PLACEMENT_3D('NONE',#1857,#11773,#11774);
#11776=PLANE('NONE',#11775);
#11777=FACE_SURFACE('NONE',(#11772),#11776,.T.);
#11778=POLY_LOOP('NONE',(#1873,#1872,#2402,#2401));
#11779=FACE_OUTER_BOUND('NONE',#11778,.T.);
#11780=DIRECTION('NONE',(-0.999901,-0.014076,0));
#11781=DIRECTION('NONE',(-0.014076,0.999901,0));
#11782=AXIS2_PLACEMENT_3D('NONE',#1873,#11780,#11781);
#11783=PLANE('NONE',#11782);
#11784=FACE_SURFACE('NONE',(#11779),#11783,.T.);
#11785=POLY_LOOP('NONE',(#2365,#1731,#1858,#2366));
#11786=FACE_OUTER_BOUND('NONE',#11785,.T.);
#11787=DIRECTION('NONE',(-0.844832,0.535031,0));
#11788=DIRECTION('NONE',(0,0,1));
#11789=AXIS2_PLACEMENT_3D('NONE',#2365,#11787,#11788);
#11790=PLANE('NONE',#11789);
#11791=FACE_SURFACE('NONE',(#11786),#11790,.T.);
#11792=POLY_LOOP('NONE',(#1732,#1731,#2365,#2364));
#11793=FACE_OUTER_BOUND('NONE',#11792,.T.);
#11794=DIRECTION('NONE',(-0.816573,0.577242,0));
#11795=DIRECTION('NONE',(0.577242,0.816573,0));
#11796=AXIS2_PLACEMENT_3D('NONE',#1732,#11794,#11795);
#11797=PLANE('NONE',#11796);
#11798=FACE_SURFACE('NONE',(#11793),#11797,.T.);
#11799=POLY_LOOP('NONE',(#2424,#1978,#1977,#2425));
#11800=FACE_OUTER_BOUND('NONE',#11799,.T.);
#11801=DIRECTION('NONE',(-0.407441,-0.913232,0));
#11802=DIRECTION('NONE',(0,0,1));
#11803=AXIS2_PLACEMENT_3D('NONE',#2424,#11801,#11802);
#11804=PLANE('NONE',#11803);
#11805=FACE_SURFACE('NONE',(#11800),#11804,.T.);
#11806=POLY_LOOP('NONE',(#1849,#1848,#2248,#2375));
#11807=FACE_OUTER_BOUND('NONE',#11806,.T.);
#11808=DIRECTION('NONE',(-0.997528,0.070263,0));
#11809=DIRECTION('NONE',(0.070263,0.997528,0));
#11810=AXIS2_PLACEMENT_3D('NONE',#1849,#11808,#11809);
#11811=PLANE('NONE',#11810);
#11812=FACE_SURFACE('NONE',(#11807),#11811,.T.);
#11813=POLY_LOOP('NONE',(#1852,#2372,#2371,#1853));
#11814=FACE_OUTER_BOUND('NONE',#11813,.T.);
#11815=DIRECTION('NONE',(-0.964112,0.265497,0));
#11816=DIRECTION('NONE',(0,0,-1));
#11817=AXIS2_PLACEMENT_3D('NONE',#1852,#11815,#11816);
#11818=PLANE('NONE',#11817);
#11819=FACE_SURFACE('NONE',(#11814),#11818,.T.);
#11820=POLY_LOOP('NONE',(#1854,#1853,#2371,#2370));
#11821=FACE_OUTER_BOUND('NONE',#11820,.T.);
#11822=DIRECTION('NONE',(-0.950095,0.311961,0));
#11823=DIRECTION('NONE',(0.311961,0.950095,0));
#11824=AXIS2_PLACEMENT_3D('NONE',#1854,#11822,#11823);
#11825=PLANE('NONE',#11824);
#11826=FACE_SURFACE('NONE',(#11821),#11825,.T.);
#11827=POLY_LOOP('NONE',(#1792,#2304,#2303,#1793));
#11828=FACE_OUTER_BOUND('NONE',#11827,.T.);
#11829=DIRECTION('NONE',(0.894441,-0.447187,0));
#11830=DIRECTION('NONE',(0,0,-1));
#11831=AXIS2_PLACEMENT_3D('NONE',#1792,#11829,#11830);
#11832=PLANE('NONE',#11831);
#11833=FACE_SURFACE('NONE',(#11828),#11832,.T.);
#11834=POLY_LOOP('NONE',(#2299,#1797,#1796,#2300));
#11835=FACE_OUTER_BOUND('NONE',#11834,.T.);
#11836=DIRECTION('NONE',(0.786326,-0.617812,0));
#11837=DIRECTION('NONE',(0,0,1));
#11838=AXIS2_PLACEMENT_3D('NONE',#2299,#11836,#11837);
#11839=PLANE('NONE',#11838);
#11840=FACE_SURFACE('NONE',(#11835),#11839,.T.);
#11841=POLY_LOOP('NONE',(#1798,#1797,#2299,#2298));
#11842=FACE_OUTER_BOUND('NONE',#11841,.T.);
#11843=DIRECTION('NONE',(0.754298,-0.656532,0));
#11844=DIRECTION('NONE',(-0.656532,-0.754298,0));
#11845=AXIS2_PLACEMENT_3D('NONE',#1798,#11843,#11844);
#11846=PLANE('NONE',#11845);
#11847=FACE_SURFACE('NONE',(#11842),#11846,.T.);
#11848=POLY_LOOP('NONE',(#1803,#2293,#2292,#1804));
#11849=FACE_OUTER_BOUND('NONE',#11848,.T.);
#11850=DIRECTION('NONE',(0.535059,-0.844815,0));
#11851=DIRECTION('NONE',(0,0,-1));
#11852=AXIS2_PLACEMENT_3D('NONE',#1803,#11850,#11851);
#11853=PLANE('NONE',#11852);
#11854=FACE_SURFACE('NONE',(#11849),#11853,.T.);
#11855=POLY_LOOP('NONE',(#1805,#2291,#2290,#1806));
#11856=FACE_OUTER_BOUND('NONE',#11855,.T.);
#11857=DIRECTION('NONE',(0.447214,-0.894427,0));
#11858=DIRECTION('NONE',(0,0,-1));
#11859=AXIS2_PLACEMENT_3D('NONE',#1805,#11857,#11858);
#11860=PLANE('NONE',#11859);
#11861=FACE_SURFACE('NONE',(#11856),#11860,.T.);
#11862=POLY_LOOP('NONE',(#2421,#1981,#1980,#2422));
#11863=FACE_OUTER_BOUND('NONE',#11862,.T.);
#11864=DIRECTION('NONE',(-0.535069,-0.844809,0));
#11865=DIRECTION('NONE',(0,0,1));
#11866=AXIS2_PLACEMENT_3D('NONE',#2421,#11864,#11865);
#11867=PLANE('NONE',#11866);
#11868=FACE_SURFACE('NONE',(#11863),#11867,.T.);
#11869=POLY_LOOP('NONE',(#1982,#1981,#2421,#2420));
#11870=FACE_OUTER_BOUND('NONE',#11869,.T.);
#11871=DIRECTION('NONE',(-0.577223,-0.816587,0));
#11872=DIRECTION('NONE',(-0.816587,0.577223,0));
#11873=AXIS2_PLACEMENT_3D('NONE',#1982,#11871,#11872);
#11874=PLANE('NONE',#11873);
#11875=FACE_SURFACE('NONE',(#11870),#11874,.T.);
#11876=POLY_LOOP('NONE',(#2219,#2218,#1633,#1632));
#11877=FACE_OUTER_BOUND('NONE',#11876,.T.);
#11878=DIRECTION('NONE',(0.265481,-0.964116,0));
#11879=DIRECTION('NONE',(0.964116,0.265481,0));
#11880=AXIS2_PLACEMENT_3D('NONE',#2219,#11878,#11879);
#11881=PLANE('NONE',#11880);
#11882=FACE_SURFACE('NONE',(#11877),#11881,.T.);
#11883=POLY_LOOP('NONE',(#1798,#2298,#2297,#1799));
#11884=FACE_OUTER_BOUND('NONE',#11883,.T.);
#11885=DIRECTION('NONE',(0.727791,-0.685799,0));
#11886=DIRECTION('NONE',(0,0,-1));
#11887=AXIS2_PLACEMENT_3D('NONE',#1798,#11885,#11886);
#11888=PLANE('NONE',#11887);
#11889=FACE_SURFACE('NONE',(#11884),#11888,.T.);
#11890=POLY_LOOP('NONE',(#1879,#1878,#2396,#2395));
#11891=FACE_OUTER_BOUND('NONE',#11890,.T.);
#11892=DIRECTION('NONE',(-0.964113,0.265493,0));
#11893=DIRECTION('NONE',(0.265493,0.964113,0));
#11894=AXIS2_PLACEMENT_3D('NONE',#1879,#11892,#11893);
#11895=PLANE('NONE',#11894);
#11896=FACE_SURFACE('NONE',(#11891),#11895,.T.);
#11897=POLY_LOOP('NONE',(#1800,#1799,#2297,#2296));
#11898=FACE_OUTER_BOUND('NONE',#11897,.T.);
#11899=DIRECTION('NONE',(0.68582,-0.727772,0));
#11900=DIRECTION('NONE',(-0.727772,-0.68582,0));
#11901=AXIS2_PLACEMENT_3D('NONE',#1800,#11899,#11900);
#11902=PLANE('NONE',#11901);
#11903=FACE_SURFACE('NONE',(#11898),#11902,.T.);
#11904=POLY_LOOP('NONE',(#1800,#2296,#2295,#1801));
#11905=FACE_OUTER_BOUND('NONE',#11904,.T.);
#11906=DIRECTION('NONE',(0.656518,-0.75431,0));
#11907=DIRECTION('NONE',(0,0,-1));
#11908=AXIS2_PLACEMENT_3D('NONE',#1800,#11906,#11907);
#11909=PLANE('NONE',#11908);
#11910=FACE_SURFACE('NONE',(#11905),#11909,.T.);
#11911=POLY_LOOP('NONE',(#2295,#2294,#1802,#1801));
#11912=FACE_OUTER_BOUND('NONE',#11911,.T.);
#11913=DIRECTION('NONE',(0.61782,-0.786319,0));
#11914=DIRECTION('NONE',(0.786319,0.61782,0));
#11915=AXIS2_PLACEMENT_3D('NONE',#2295,#11913,#11914);
#11916=PLANE('NONE',#11915);
#11917=FACE_SURFACE('NONE',(#11912),#11916,.T.);
#11918=POLY_LOOP('NONE',(#2391,#1883,#1882,#2392));
#11919=FACE_OUTER_BOUND('NONE',#11918,.T.);
#11920=DIRECTION('NONE',(-0.894417,0.447235,0));
#11921=DIRECTION('NONE',(0,0,1));
#11922=AXIS2_PLACEMENT_3D('NONE',#2391,#11920,#11921);
#11923=PLANE('NONE',#11922);
#11924=FACE_SURFACE('NONE',(#11919),#11923,.T.);
#11925=POLY_LOOP('NONE',(#1802,#2294,#2293,#1803));
#11926=FACE_OUTER_BOUND('NONE',#11925,.T.);
#11927=DIRECTION('NONE',(0.577223,-0.816587,0));
#11928=DIRECTION('NONE',(0,0,-1));
#11929=AXIS2_PLACEMENT_3D('NONE',#1802,#11927,#11928);
#11930=PLANE('NONE',#11929);
#11931=FACE_SURFACE('NONE',(#11926),#11930,.T.);
#11932=POLY_LOOP('NONE',(#1806,#2290,#2289,#1807));
#11933=FACE_OUTER_BOUND('NONE',#11932,.T.);
#11934=DIRECTION('NONE',(0.407432,-0.913235,0));
#11935=DIRECTION('NONE',(0,0,-1));
#11936=AXIS2_PLACEMENT_3D('NONE',#1806,#11934,#11935);
#11937=PLANE('NONE',#11936);
#11938=FACE_SURFACE('NONE',(#11933),#11937,.T.);
#11939=POLY_LOOP('NONE',(#2288,#1808,#1807,#2289));
#11940=FACE_OUTER_BOUND('NONE',#11939,.T.);
#11941=DIRECTION('NONE',(0.361787,-0.932261,0));
#11942=DIRECTION('NONE',(0,0,1));
#11943=AXIS2_PLACEMENT_3D('NONE',#2288,#11941,#11942);
#11944=PLANE('NONE',#11943);
#11945=FACE_SURFACE('NONE',(#11940),#11944,.T.);
#11946=POLY_LOOP('NONE',(#2205,#1646,#1645,#2206));
#11947=FACE_OUTER_BOUND('NONE',#11946,.T.);
#11948=DIRECTION('NONE',(-0.361787,-0.932261,0));
#11949=DIRECTION('NONE',(0,0,1));
#11950=AXIS2_PLACEMENT_3D('NONE',#2205,#11948,#11949);
#11951=PLANE('NONE',#11950);
#11952=FACE_SURFACE('NONE',(#11947),#11951,.T.);
#11953=POLY_LOOP('NONE',(#2287,#1809,#1808,#2288));
#11954=FACE_OUTER_BOUND('NONE',#11953,.T.);
#11955=DIRECTION('NONE',(0.311957,-0.950096,0));
#11956=DIRECTION('NONE',(0,0,1));
#11957=AXIS2_PLACEMENT_3D('NONE',#2287,#11955,#11956);
#11958=PLANE('NONE',#11957);
#11959=FACE_SURFACE('NONE',(#11954),#11958,.T.);
#11960=POLY_LOOP('NONE',(#2399,#1875,#1874,#2400));
#11961=FACE_OUTER_BOUND('NONE',#11960,.T.);
#11962=DIRECTION('NONE',(-0.997528,0.070264,0));
#11963=DIRECTION('NONE',(0,0,1));
#11964=AXIS2_PLACEMENT_3D('NONE',#2399,#11962,#11963);
#11965=PLANE('NONE',#11964);
#11966=FACE_SURFACE('NONE',(#11961),#11965,.T.);
#11967=POLY_LOOP('NONE',(#2203,#1648,#1647,#2204));
#11968=FACE_OUTER_BOUND('NONE',#11967,.T.);
#11969=DIRECTION('NONE',(-0.447214,-0.894427,0));
#11970=DIRECTION('NONE',(0,0,1));
#11971=AXIS2_PLACEMENT_3D('NONE',#2203,#11969,#11970);
#11972=PLANE('NONE',#11971);
#11973=FACE_SURFACE('NONE',(#11968),#11972,.T.);
#11974=POLY_LOOP('NONE',(#1876,#1875,#2399,#2398));
#11975=FACE_OUTER_BOUND('NONE',#11974,.T.);
#11976=DIRECTION('NONE',(-0.992064,0.125737,0));
#11977=DIRECTION('NONE',(0.125737,0.992064,0));
#11978=AXIS2_PLACEMENT_3D('NONE',#1876,#11976,#11977);
#11979=PLANE('NONE',#11978);
#11980=FACE_SURFACE('NONE',(#11975),#11979,.T.);
#11981=POLY_LOOP('NONE',(#2284,#1812,#1811,#2285));
#11982=FACE_OUTER_BOUND('NONE',#11981,.T.);
#11983=DIRECTION('NONE',(0.168966,-0.985622,0));
#11984=DIRECTION('NONE',(0,0,1));
#11985=AXIS2_PLACEMENT_3D('NONE',#2284,#11983,#11984);
#11986=PLANE('NONE',#11985);
#11987=FACE_SURFACE('NONE',(#11982),#11986,.T.);
#11988=POLY_LOOP('NONE',(#2397,#1877,#1876,#2398));
#11989=FACE_OUTER_BOUND('NONE',#11988,.T.);
#11990=DIRECTION('NONE',(-0.98562,0.168979,0));
#11991=DIRECTION('NONE',(0,0,1));
#11992=AXIS2_PLACEMENT_3D('NONE',#2397,#11990,#11991);
#11993=PLANE('NONE',#11992);
#11994=FACE_SURFACE('NONE',(#11989),#11993,.T.);
#11995=POLY_LOOP('NONE',(#1877,#2397,#2396,#1878));
#11996=FACE_OUTER_BOUND('NONE',#11995,.T.);
#11997=DIRECTION('NONE',(-0.974862,0.22281,0));
#11998=DIRECTION('NONE',(0,0,-1));
#11999=AXIS2_PLACEMENT_3D('NONE',#1877,#11997,#11998);
#12000=PLANE('NONE',#11999);
#12001=FACE_SURFACE('NONE',(#11996),#12000,.T.);
#12002=POLY_LOOP('NONE',(#2216,#2215,#1636,#1635));
#12003=FACE_OUTER_BOUND('NONE',#12002,.T.);
#12004=DIRECTION('NONE',(0.125753,-0.992062,0));
#12005=DIRECTION('NONE',(0.992062,0.125753,0));
#12006=AXIS2_PLACEMENT_3D('NONE',#2216,#12004,#12005);
#12007=PLANE('NONE',#12006);
#12008=FACE_SURFACE('NONE',(#12003),#12007,.T.);
#12009=POLY_LOOP('NONE',(#2406,#2405,#1869,#1868));
#12010=FACE_OUTER_BOUND('NONE',#12009,.T.);
#12011=DIRECTION('NONE',(-0.974862,-0.22281,0));
#12012=DIRECTION('NONE',(0.22281,-0.974862,0));
#12013=AXIS2_PLACEMENT_3D('NONE',#2406,#12011,#12012);
#12014=PLANE('NONE',#12013);
#12015=FACE_SURFACE('NONE',(#12010),#12014,.T.);
#12016=POLY_LOOP('NONE',(#1870,#1869,#2405,#2404));
#12017=FACE_OUTER_BOUND('NONE',#12016,.T.);
#12018=DIRECTION('NONE',(-0.98562,-0.168979,0));
#12019=DIRECTION('NONE',(-0.168979,0.98562,0));
#12020=AXIS2_PLACEMENT_3D('NONE',#1870,#12018,#12019);
#12021=PLANE('NONE',#12020);
#12022=FACE_SURFACE('NONE',(#12017),#12021,.T.);
#12023=POLY_LOOP('NONE',(#2210,#2209,#1642,#1641));
#12024=FACE_OUTER_BOUND('NONE',#12023,.T.);
#12025=DIRECTION('NONE',(-0.168966,-0.985622,0));
#12026=DIRECTION('NONE',(0.985622,-0.168966,0));
#12027=AXIS2_PLACEMENT_3D('NONE',#2210,#12025,#12026);
#12028=PLANE('NONE',#12027);
#12029=FACE_SURFACE('NONE',(#12024),#12028,.T.);
#12030=POLY_LOOP('NONE',(#1979,#1978,#2424,#2423));
#12031=FACE_OUTER_BOUND('NONE',#12030,.T.);
#12032=DIRECTION('NONE',(-0.447192,-0.894438,0));
#12033=DIRECTION('NONE',(-0.894438,0.447192,0));
#12034=AXIS2_PLACEMENT_3D('NONE',#1979,#12032,#12033);
#12035=PLANE('NONE',#12034);
#12036=FACE_SURFACE('NONE',(#12031),#12035,.T.);
#12037=POLY_LOOP('NONE',(#1816,#2280,#2279,#1817));
#12038=FACE_OUTER_BOUND('NONE',#12037,.T.);
#12039=DIRECTION('NONE',(-0.070251,-0.997529,0));
#12040=DIRECTION('NONE',(0,0,-1));
#12041=AXIS2_PLACEMENT_3D('NONE',#1816,#12039,#12040);
#12042=PLANE('NONE',#12041);
#12043=FACE_SURFACE('NONE',(#12038),#12042,.T.);
#12044=POLY_LOOP('NONE',(#2274,#2273,#1823,#1822));
#12045=FACE_OUTER_BOUND('NONE',#12044,.T.);
#12046=DIRECTION('NONE',(-0.361769,-0.932268,0));
#12047=DIRECTION('NONE',(0.932268,-0.361769,0));
#12048=AXIS2_PLACEMENT_3D('NONE',#2274,#12046,#12047);
#12049=PLANE('NONE',#12048);
#12050=FACE_SURFACE('NONE',(#12045),#12049,.T.);
#12051=POLY_LOOP('NONE',(#1657,#1656,#2195,#2194));
#12052=FACE_OUTER_BOUND('NONE',#12051,.T.);
#12053=DIRECTION('NONE',(-0.786326,-0.617812,0));
#12054=DIRECTION('NONE',(-0.617812,0.786326,0));
#12055=AXIS2_PLACEMENT_3D('NONE',#1657,#12053,#12054);
#12056=PLANE('NONE',#12055);
#12057=FACE_SURFACE('NONE',(#12052),#12056,.T.);
#12058=POLY_LOOP('NONE',(#2418,#1984,#1983,#2419));
#12059=FACE_OUTER_BOUND('NONE',#12058,.T.);
#12060=DIRECTION('NONE',(-0.656537,-0.754294,0));
#12061=DIRECTION('NONE',(0,0,1));
#12062=AXIS2_PLACEMENT_3D('NONE',#2418,#12060,#12061);
#12063=PLANE('NONE',#12062);
#12064=FACE_SURFACE('NONE',(#12059),#12063,.T.);
#12065=POLY_LOOP('NONE',(#2188,#1663,#1662,#2189));
#12066=FACE_OUTER_BOUND('NONE',#12065,.T.);
#12067=DIRECTION('NONE',(-0.932262,-0.361785,0));
#12068=DIRECTION('NONE',(0,0,1));
#12069=AXIS2_PLACEMENT_3D('NONE',#2188,#12067,#12068);
#12070=PLANE('NONE',#12069);
#12071=FACE_SURFACE('NONE',(#12066),#12070,.T.);
#12072=POLY_LOOP('NONE',(#1985,#1984,#2418,#2417));
#12073=FACE_OUTER_BOUND('NONE',#12072,.T.);
#12074=DIRECTION('NONE',(-0.685786,-0.727803,0));
#12075=DIRECTION('NONE',(-0.727803,0.685786,0));
#12076=AXIS2_PLACEMENT_3D('NONE',#1985,#12074,#12075);
#12077=PLANE('NONE',#12076);
#12078=FACE_SURFACE('NONE',(#12073),#12077,.T.);
#12079=POLY_LOOP('NONE',(#1986,#2416,#2415,#1859));
#12080=FACE_OUTER_BOUND('NONE',#12079,.T.);
#12081=DIRECTION('NONE',(-0.754304,-0.656526,0));
#12082=DIRECTION('NONE',(0,0,-1));
#12083=AXIS2_PLACEMENT_3D('NONE',#1986,#12081,#12082);
#12084=PLANE('NONE',#12083);
#12085=FACE_SURFACE('NONE',(#12080),#12084,.T.);
#12086=POLY_LOOP('NONE',(#2185,#1666,#1665,#2186));
#12087=FACE_OUTER_BOUND('NONE',#12086,.T.);
#12088=DIRECTION('NONE',(-0.974862,-0.22281,0));
#12089=DIRECTION('NONE',(0,0,1));
#12090=AXIS2_PLACEMENT_3D('NONE',#2185,#12088,#12089);
#12091=PLANE('NONE',#12090);
#12092=FACE_SURFACE('NONE',(#12087),#12091,.T.);
#12093=POLY_LOOP('NONE',(#1859,#2415,#2414,#1860));
#12094=FACE_OUTER_BOUND('NONE',#12093,.T.);
#12095=DIRECTION('NONE',(-0.786326,-0.617812,0));
#12096=DIRECTION('NONE',(0,0,-1));
#12097=AXIS2_PLACEMENT_3D('NONE',#1859,#12095,#12096);
#12098=PLANE('NONE',#12097);
#12099=FACE_SURFACE('NONE',(#12094),#12098,.T.);
#12100=POLY_LOOP('NONE',(#2412,#1862,#1861,#2413));
#12101=FACE_OUTER_BOUND('NONE',#12100,.T.);
#12102=DIRECTION('NONE',(-0.844828,-0.535037,0));
#12103=DIRECTION('NONE',(0,0,1));
#12104=AXIS2_PLACEMENT_3D('NONE',#2412,#12102,#12103);
#12105=PLANE('NONE',#12104);
#12106=FACE_SURFACE('NONE',(#12101),#12105,.T.);
#12107=POLY_LOOP('NONE',(#2412,#2411,#1863,#1862));
#12108=FACE_OUTER_BOUND('NONE',#12107,.T.);
#12109=DIRECTION('NONE',(-0.870826,-0.491591,0));
#12110=DIRECTION('NONE',(0.491591,-0.870826,0));
#12111=AXIS2_PLACEMENT_3D('NONE',#2412,#12109,#12110);
#12112=PLANE('NONE',#12111);
#12113=FACE_SURFACE('NONE',(#12108),#12112,.T.);
#12114=POLY_LOOP('NONE',(#2181,#1670,#1669,#2182));
#12115=FACE_OUTER_BOUND('NONE',#12114,.T.);
#12116=DIRECTION('NONE',(-0.999604,-0.028142,0));
#12117=DIRECTION('NONE',(0,0,1));
#12118=AXIS2_PLACEMENT_3D('NONE',#2181,#12116,#12117);
#12119=PLANE('NONE',#12118);
#12120=FACE_SURFACE('NONE',(#12115),#12119,.T.);
#12121=POLY_LOOP('NONE',(#1865,#1864,#2410,#2409));
#12122=FACE_OUTER_BOUND('NONE',#12121,.T.);
#12123=DIRECTION('NONE',(-0.913236,-0.407431,0));
#12124=DIRECTION('NONE',(-0.407431,0.913236,0));
#12125=AXIS2_PLACEMENT_3D('NONE',#1865,#12123,#12124);
#12126=PLANE('NONE',#12125);
#12127=FACE_SURFACE('NONE',(#12122),#12126,.T.);
#12128=POLY_LOOP('NONE',(#1866,#1865,#2409,#2408));
#12129=FACE_OUTER_BOUND('NONE',#12128,.T.);
#12130=DIRECTION('NONE',(-0.93226,-0.361789,0));
#12131=DIRECTION('NONE',(-0.361789,0.93226,0));
#12132=AXIS2_PLACEMENT_3D('NONE',#1866,#12130,#12131);
#12133=PLANE('NONE',#12132);
#12134=FACE_SURFACE('NONE',(#12129),#12133,.T.);
#12135=POLY_LOOP('NONE',(#1842,#2254,#2253,#1843));
#12136=FACE_OUTER_BOUND('NONE',#12135,.T.);
#12137=DIRECTION('NONE',(-0.974862,-0.22281,0));
#12138=DIRECTION('NONE',(0,0,-1));
#12139=AXIS2_PLACEMENT_3D('NONE',#1842,#12137,#12138);
#12140=PLANE('NONE',#12139);
#12141=FACE_SURFACE('NONE',(#12136),#12140,.T.);
#12142=POLY_LOOP('NONE',(#2419,#1983,#1982,#2420));
#12143=FACE_OUTER_BOUND('NONE',#12142,.T.);
#12144=DIRECTION('NONE',(-0.617829,-0.786313,0));
#12145=DIRECTION('NONE',(0,0,1));
#12146=AXIS2_PLACEMENT_3D('NONE',#2419,#12144,#12145);
#12147=PLANE('NONE',#12146);
#12148=FACE_SURFACE('NONE',(#12143),#12147,.T.);
#12149=POLY_LOOP('NONE',(#1648,#2203,#2202,#1649));
#12150=FACE_OUTER_BOUND('NONE',#12149,.T.);
#12151=DIRECTION('NONE',(-0.491601,-0.87082,0));
#12152=DIRECTION('NONE',(0,0,-1));
#12153=AXIS2_PLACEMENT_3D('NONE',#1648,#12151,#12152);
#12154=PLANE('NONE',#12153);
#12155=FACE_SURFACE('NONE',(#12150),#12154,.T.);
#12156=POLY_LOOP('NONE',(#2265,#2264,#1832,#1831));
#12157=FACE_OUTER_BOUND('NONE',#12156,.T.);
#12158=DIRECTION('NONE',(-0.727791,-0.685799,0));
#12159=DIRECTION('NONE',(0.685799,-0.727791,0));
#12160=AXIS2_PLACEMENT_3D('NONE',#2265,#12158,#12159);
#12161=PLANE('NONE',#12160);
#12162=FACE_SURFACE('NONE',(#12157),#12161,.T.);
#12163=POLY_LOOP('NONE',(#1650,#2201,#2200,#1651));
#12164=FACE_OUTER_BOUND('NONE',#12163,.T.);
#12165=DIRECTION('NONE',(-0.577223,-0.816587,0));
#12166=DIRECTION('NONE',(0,0,-1));
#12167=AXIS2_PLACEMENT_3D('NONE',#1650,#12165,#12166);
#12168=PLANE('NONE',#12167);
#12169=FACE_SURFACE('NONE',(#12164),#12168,.T.);
#12170=POLY_LOOP('NONE',(#2200,#2199,#1652,#1651));
#12171=FACE_OUTER_BOUND('NONE',#12170,.T.);
#12172=DIRECTION('NONE',(-0.61782,-0.786319,0));
#12173=DIRECTION('NONE',(0.786319,-0.61782,0));
#12174=AXIS2_PLACEMENT_3D('NONE',#2200,#12172,#12173);
#12175=PLANE('NONE',#12174);
#12176=FACE_SURFACE('NONE',(#12171),#12175,.T.);
#12177=POLY_LOOP('NONE',(#1964,#1963,#2439,#2438));
#12178=FACE_OUTER_BOUND('NONE',#12177,.T.);
#12179=DIRECTION('NONE',(0.265493,-0.964113,0));
#12180=DIRECTION('NONE',(-0.964113,-0.265493,0));
#12181=AXIS2_PLACEMENT_3D('NONE',#1964,#12179,#12180);
#12182=PLANE('NONE',#12181);
#12183=FACE_SURFACE('NONE',(#12178),#12182,.T.);
#12184=POLY_LOOP('NONE',(#1834,#2262,#2261,#1835));
#12185=FACE_OUTER_BOUND('NONE',#12184,.T.);
#12186=DIRECTION('NONE',(-0.816573,-0.577242,0));
#12187=DIRECTION('NONE',(0,0,-1));
#12188=AXIS2_PLACEMENT_3D('NONE',#1834,#12186,#12187);
#12189=PLANE('NONE',#12188);
#12190=FACE_SURFACE('NONE',(#12185),#12189,.T.);
#12191=POLY_LOOP('NONE',(#1654,#2197,#2196,#1655));
#12192=FACE_OUTER_BOUND('NONE',#12191,.T.);
#12193=DIRECTION('NONE',(-0.727791,-0.685799,0));
#12194=DIRECTION('NONE',(0,0,-1));
#12195=AXIS2_PLACEMENT_3D('NONE',#1654,#12193,#12194);
#12196=PLANE('NONE',#12195);
#12197=FACE_SURFACE('NONE',(#12192),#12196,.T.);
#12198=POLY_LOOP('NONE',(#1837,#2259,#2258,#1838));
#12199=FACE_OUTER_BOUND('NONE',#12198,.T.);
#12200=DIRECTION('NONE',(-0.894419,-0.44723,0));
#12201=DIRECTION('NONE',(0,0,-1));
#12202=AXIS2_PLACEMENT_3D('NONE',#1837,#12200,#12201);
#12203=PLANE('NONE',#12202);
#12204=FACE_SURFACE('NONE',(#12199),#12203,.T.);
#12205=POLY_LOOP('NONE',(#1968,#1967,#2435,#2434));
#12206=FACE_OUTER_BOUND('NONE',#12205,.T.);
#12207=DIRECTION('NONE',(0.070264,-0.997528,0));
#12208=DIRECTION('NONE',(-0.997528,-0.070264,0));
#12209=AXIS2_PLACEMENT_3D('NONE',#1968,#12207,#12208);
#12210=PLANE('NONE',#12209);
#12211=FACE_SURFACE('NONE',(#12206),#12210,.T.);
#12212=POLY_LOOP('NONE',(#1839,#2257,#2256,#1840));
#12213=FACE_OUTER_BOUND('NONE',#12212,.T.);
#12214=DIRECTION('NONE',(-0.932262,-0.361785,0));
#12215=DIRECTION('NONE',(0,0,-1));
#12216=AXIS2_PLACEMENT_3D('NONE',#1839,#12214,#12215);
#12217=PLANE('NONE',#12216);
#12218=FACE_SURFACE('NONE',(#12213),#12217,.T.);
#12219=POLY_LOOP('NONE',(#2432,#1970,#1969,#2433));
#12220=FACE_OUTER_BOUND('NONE',#12219,.T.);
#12221=DIRECTION('NONE',(-0.028143,-0.999604,0));
#12222=DIRECTION('NONE',(0,0,1));
#12223=AXIS2_PLACEMENT_3D('NONE',#2432,#12221,#12222);
#12224=PLANE('NONE',#12223);
#12225=FACE_SURFACE('NONE',(#12220),#12224,.T.);
#12226=POLY_LOOP('NONE',(#1666,#2185,#2184,#1667));
#12227=FACE_OUTER_BOUND('NONE',#12226,.T.);
#12228=DIRECTION('NONE',(-0.98562,-0.168976,0));
#12229=DIRECTION('NONE',(0,0,-1));
#12230=AXIS2_PLACEMENT_3D('NONE',#1666,#12228,#12229);
#12231=PLANE('NONE',#12230);
#12232=FACE_SURFACE('NONE',(#12227),#12231,.T.);
#12233=POLY_LOOP('NONE',(#1971,#1970,#2432,#2431));
#12234=FACE_OUTER_BOUND('NONE',#12233,.T.);
#12235=DIRECTION('NONE',(-0.070264,-0.997528,0));
#12236=DIRECTION('NONE',(-0.997528,0.070264,0));
#12237=AXIS2_PLACEMENT_3D('NONE',#1971,#12235,#12236);
#12238=PLANE('NONE',#12237);
#12239=FACE_SURFACE('NONE',(#12234),#12238,.T.);
#12240=POLY_LOOP('NONE',(#1826,#2270,#2269,#1827));
#12241=FACE_OUTER_BOUND('NONE',#12240,.T.);
#12242=DIRECTION('NONE',(-0.535035,-0.84483,0));
#12243=DIRECTION('NONE',(0,0,-1));
#12244=AXIS2_PLACEMENT_3D('NONE',#1826,#12242,#12243);
#12245=PLANE('NONE',#12244);
#12246=FACE_SURFACE('NONE',(#12241),#12245,.T.);
#12247=POLY_LOOP('NONE',(#1929,#2473,#2472,#1930));
#12248=FACE_OUTER_BOUND('NONE',#12247,.T.);
#12249=DIRECTION('NONE',(0.93226,0.361789,0));
#12250=DIRECTION('NONE',(0,0,-1));
#12251=AXIS2_PLACEMENT_3D('NONE',#1929,#12249,#12250);
#12252=PLANE('NONE',#12251);
#12253=FACE_SURFACE('NONE',(#12248),#12252,.T.);
#12254=POLY_LOOP('NONE',(#2428,#1974,#1973,#2429));
#12255=FACE_OUTER_BOUND('NONE',#12254,.T.);
#12256=DIRECTION('NONE',(-0.22281,-0.974862,0));
#12257=DIRECTION('NONE',(0,0,1));
#12258=AXIS2_PLACEMENT_3D('NONE',#2428,#12256,#12257);
#12259=PLANE('NONE',#12258);
#12260=FACE_SURFACE('NONE',(#12255),#12259,.T.);
#12261=POLY_LOOP('NONE',(#2265,#1831,#1830,#2266));
#12262=FACE_OUTER_BOUND('NONE',#12261,.T.);
#12263=DIRECTION('NONE',(-0.685793,-0.727797,0));
#12264=DIRECTION('NONE',(0,0,1));
#12265=AXIS2_PLACEMENT_3D('NONE',#2265,#12263,#12264);
#12266=PLANE('NONE',#12265);
#12267=FACE_SURFACE('NONE',(#12262),#12266,.T.);
#12268=POLY_LOOP('NONE',(#2428,#2427,#1975,#1974));
#12269=FACE_OUTER_BOUND('NONE',#12268,.T.);
#12270=DIRECTION('NONE',(-0.265493,-0.964113,0));
#12271=DIRECTION('NONE',(0.964113,-0.265493,0));
#12272=AXIS2_PLACEMENT_3D('NONE',#2428,#12270,#12271);
#12273=PLANE('NONE',#12272);
#12274=FACE_SURFACE('NONE',(#12269),#12273,.T.);
#12275=POLY_LOOP('NONE',(#1932,#2470,#2469,#1933));
#12276=FACE_OUTER_BOUND('NONE',#12275,.T.);
#12277=DIRECTION('NONE',(0.974862,0.22281,0));
#12278=DIRECTION('NONE',(0,0,-1));
#12279=AXIS2_PLACEMENT_3D('NONE',#1932,#12277,#12278);
#12280=PLANE('NONE',#12279);
#12281=FACE_SURFACE('NONE',(#12276),#12280,.T.);
#12282=POLY_LOOP('NONE',(#1976,#1975,#2427,#2426));
#12283=FACE_OUTER_BOUND('NONE',#12282,.T.);
#12284=DIRECTION('NONE',(-0.311973,-0.950091,0));
#12285=DIRECTION('NONE',(-0.950091,0.311973,0));
#12286=AXIS2_PLACEMENT_3D('NONE',#1976,#12284,#12285);
#12287=PLANE('NONE',#12286);
#12288=FACE_SURFACE('NONE',(#12283),#12287,.T.);
#12289=POLY_LOOP('NONE',(#2195,#1656,#1655,#2196));
#12290=FACE_OUTER_BOUND('NONE',#12289,.T.);
#12291=DIRECTION('NONE',(-0.754298,-0.656532,0));
#12292=DIRECTION('NONE',(0,0,1));
#12293=AXIS2_PLACEMENT_3D('NONE',#2195,#12291,#12292);
#12294=PLANE('NONE',#12293);
#12295=FACE_SURFACE('NONE',(#12290),#12294,.T.);
#12296=POLY_LOOP('NONE',(#2283,#1813,#1812,#2284));
#12297=FACE_OUTER_BOUND('NONE',#12296,.T.);
#12298=DIRECTION('NONE',(0.125753,-0.992062,0));
#12299=DIRECTION('NONE',(0,0,1));
#12300=AXIS2_PLACEMENT_3D('NONE',#2283,#12298,#12299);
#12301=PLANE('NONE',#12300);
#12302=FACE_SURFACE('NONE',(#12297),#12301,.T.);
#12303=POLY_LOOP('NONE',(#2190,#1661,#1660,#2191));
#12304=FACE_OUTER_BOUND('NONE',#12303,.T.);
#12305=DIRECTION('NONE',(-0.894441,-0.447187,0));
#12306=DIRECTION('NONE',(0,0,1));
#12307=AXIS2_PLACEMENT_3D('NONE',#2190,#12305,#12306);
#12308=PLANE('NONE',#12307);
#12309=FACE_SURFACE('NONE',(#12304),#12308,.T.);
#12310=POLY_LOOP('NONE',(#2189,#1662,#1661,#2190));
#12311=FACE_OUTER_BOUND('NONE',#12310,.T.);
#12312=DIRECTION('NONE',(-0.913234,-0.407436,0));
#12313=DIRECTION('NONE',(0,0,1));
#12314=AXIS2_PLACEMENT_3D('NONE',#2189,#12312,#12313);
#12315=PLANE('NONE',#12314);
#12316=FACE_SURFACE('NONE',(#12311),#12315,.T.);
#12317=POLY_LOOP('NONE',(#2187,#1664,#1663,#2188));
#12318=FACE_OUTER_BOUND('NONE',#12317,.T.);
#12319=DIRECTION('NONE',(-0.950094,-0.311965,0));
#12320=DIRECTION('NONE',(0,0,1));
#12321=AXIS2_PLACEMENT_3D('NONE',#2187,#12319,#12320);
#12322=PLANE('NONE',#12321);
#12323=FACE_SURFACE('NONE',(#12318),#12322,.T.);
#12324=POLY_LOOP('NONE',(#1823,#2273,#2272,#1824));
#12325=FACE_OUTER_BOUND('NONE',#12324,.T.);
#12326=DIRECTION('NONE',(-0.407452,-0.913227,0));
#12327=DIRECTION('NONE',(0,0,-1));
#12328=AXIS2_PLACEMENT_3D('NONE',#1823,#12326,#12327);
#12329=PLANE('NONE',#12328);
#12330=FACE_SURFACE('NONE',(#12325),#12329,.T.);
#12331=POLY_LOOP('NONE',(#2283,#2282,#1814,#1813));
#12332=FACE_OUTER_BOUND('NONE',#12331,.T.);
#12333=DIRECTION('NONE',(0.070247,-0.99753,0));
#12334=DIRECTION('NONE',(0.99753,0.070247,0));
#12335=AXIS2_PLACEMENT_3D('NONE',#2283,#12333,#12334);
#12336=PLANE('NONE',#12335);
#12337=FACE_SURFACE('NONE',(#12332),#12336,.T.);
#12338=POLY_LOOP('NONE',(#1934,#2468,#2467,#1935));
#12339=FACE_OUTER_BOUND('NONE',#12338,.T.);
#12340=DIRECTION('NONE',(0.992064,0.125737,0));
#12341=DIRECTION('NONE',(0,0,-1));
#12342=AXIS2_PLACEMENT_3D('NONE',#1934,#12340,#12341);
#12343=PLANE('NONE',#12342);
#12344=FACE_SURFACE('NONE',(#12339),#12343,.T.);
#12345=POLY_LOOP('NONE',(#2467,#2466,#1936,#1935));
#12346=FACE_OUTER_BOUND('NONE',#12345,.T.);
#12347=DIRECTION('NONE',(0.997528,0.070264,0));
#12348=DIRECTION('NONE',(-0.070264,0.997528,0));
#12349=AXIS2_PLACEMENT_3D('NONE',#2467,#12347,#12348);
#12350=PLANE('NONE',#12349);
#12351=FACE_SURFACE('NONE',(#12346),#12350,.T.);
#12352=POLY_LOOP('NONE',(#2465,#1937,#1936,#2466));
#12353=FACE_OUTER_BOUND('NONE',#12352,.T.);
#12354=DIRECTION('NONE',(0.999604,0.028142,0));
#12355=DIRECTION('NONE',(0,0,1));
#12356=AXIS2_PLACEMENT_3D('NONE',#2465,#12354,#12355);
#12357=PLANE('NONE',#12356);
#12358=FACE_SURFACE('NONE',(#12353),#12357,.T.);
#12359=POLY_LOOP('NONE',(#2461,#2460,#1942,#1941));
#12360=FACE_OUTER_BOUND('NONE',#12359,.T.);
#12361=DIRECTION('NONE',(0.974862,-0.22281,0));
#12362=DIRECTION('NONE',(0.22281,0.974862,0));
#12363=AXIS2_PLACEMENT_3D('NONE',#2461,#12361,#12362);
#12364=PLANE('NONE',#12363);
#12365=FACE_SURFACE('NONE',(#12360),#12364,.T.);
#12366=POLY_LOOP('NONE',(#2474,#1928,#1927,#2475));
#12367=FACE_OUTER_BOUND('NONE',#12366,.T.);
#12368=DIRECTION('NONE',(0.894417,0.447235,0));
#12369=DIRECTION('NONE',(0,0,1));
#12370=AXIS2_PLACEMENT_3D('NONE',#2474,#12368,#12369);
#12371=PLANE('NONE',#12370);
#12372=FACE_SURFACE('NONE',(#12367),#12371,.T.);
#12373=POLY_LOOP('NONE',(#1929,#1928,#2474,#2473));
#12374=FACE_OUTER_BOUND('NONE',#12373,.T.);
#12375=DIRECTION('NONE',(0.913236,0.407431,0));
#12376=DIRECTION('NONE',(0.407431,-0.913236,0));
#12377=AXIS2_PLACEMENT_3D('NONE',#1929,#12375,#12376);
#12378=PLANE('NONE',#12377);
#12379=FACE_SURFACE('NONE',(#12374),#12378,.T.);
#12380=POLY_LOOP('NONE',(#2458,#2457,#1945,#1944));
#12381=FACE_OUTER_BOUND('NONE',#12380,.T.);
#12382=DIRECTION('NONE',(0.93226,-0.361789,0));
#12383=DIRECTION('NONE',(0.361789,0.93226,0));
#12384=AXIS2_PLACEMENT_3D('NONE',#2458,#12382,#12383);
#12385=PLANE('NONE',#12384);
#12386=FACE_SURFACE('NONE',(#12381),#12385,.T.);
#12387=POLY_LOOP('NONE',(#1946,#1945,#2457,#2456));
#12388=FACE_OUTER_BOUND('NONE',#12387,.T.);
#12389=DIRECTION('NONE',(0.913236,-0.407431,0));
#12390=DIRECTION('NONE',(-0.407431,-0.913236,0));
#12391=AXIS2_PLACEMENT_3D('NONE',#1946,#12389,#12390);
#12392=PLANE('NONE',#12391);
#12393=FACE_SURFACE('NONE',(#12388),#12392,.T.);
#12394=POLY_LOOP('NONE',(#1729,#2122,#2121,#1730));
#12395=FACE_OUTER_BOUND('NONE',#12394,.T.);
#12396=DIRECTION('NONE',(0.974862,0.222807,0));
#12397=DIRECTION('NONE',(0,0,-1));
#12398=AXIS2_PLACEMENT_3D('NONE',#1729,#12396,#12397);
#12399=PLANE('NONE',#12398);
#12400=FACE_SURFACE('NONE',(#12395),#12399,.T.);
#12401=POLY_LOOP('NONE',(#1913,#2489,#2488,#1914));
#12402=FACE_OUTER_BOUND('NONE',#12401,.T.);
#12403=DIRECTION('NONE',(0.407463,0.913222,0));
#12404=DIRECTION('NONE',(0,0,-1));
#12405=AXIS2_PLACEMENT_3D('NONE',#1913,#12403,#12404);
#12406=PLANE('NONE',#12405);
#12407=FACE_SURFACE('NONE',(#12402),#12406,.T.);
#12408=POLY_LOOP('NONE',(#2246,#1605,#1604,#2247));
#12409=FACE_OUTER_BOUND('NONE',#12408,.T.);
#12410=DIRECTION('NONE',(0.997528,0.070263,0));
#12411=DIRECTION('NONE',(0,0,1));
#12412=AXIS2_PLACEMENT_3D('NONE',#2246,#12410,#12411);
#12413=PLANE('NONE',#12412);
#12414=FACE_SURFACE('NONE',(#12409),#12413,.T.);
#12415=POLY_LOOP('NONE',(#2248,#1848,#1847,#2249));
#12416=FACE_OUTER_BOUND('NONE',#12415,.T.);
#12417=DIRECTION('NONE',(-0.999901,0.014075,0));
#12418=DIRECTION('NONE',(0,0,1));
#12419=AXIS2_PLACEMENT_3D('NONE',#2248,#12417,#12418);
#12420=PLANE('NONE',#12419);
#12421=FACE_SURFACE('NONE',(#12416),#12420,.T.);
#12422=POLY_LOOP('NONE',(#2485,#1917,#1916,#2486));
#12423=FACE_OUTER_BOUND('NONE',#12422,.T.);
#12424=DIRECTION('NONE',(0.535069,0.844809,0));
#12425=DIRECTION('NONE',(0,0,1));
#12426=AXIS2_PLACEMENT_3D('NONE',#2485,#12424,#12425);
#12427=PLANE('NONE',#12426);
#12428=FACE_SURFACE('NONE',(#12423),#12427,.T.);
#12429=POLY_LOOP('NONE',(#2142,#2141,#1710,#1709));
#12430=FACE_OUTER_BOUND('NONE',#12429,.T.);
#12431=DIRECTION('NONE',(0.361769,0.932268,0));
#12432=DIRECTION('NONE',(-0.932268,0.361769,0));
#12433=AXIS2_PLACEMENT_3D('NONE',#2142,#12431,#12432);
#12434=PLANE('NONE',#12433);
#12435=FACE_SURFACE('NONE',(#12430),#12434,.T.);
#12436=POLY_LOOP('NONE',(#1921,#2481,#2480,#1922));
#12437=FACE_OUTER_BOUND('NONE',#12436,.T.);
#12438=DIRECTION('NONE',(0.727791,0.685799,0));
#12439=DIRECTION('NONE',(0,0,-1));
#12440=AXIS2_PLACEMENT_3D('NONE',#1921,#12438,#12439);
#12441=PLANE('NONE',#12440);
#12442=FACE_SURFACE('NONE',(#12437),#12441,.T.);
#12443=POLY_LOOP('NONE',(#2139,#1712,#1711,#2140));
#12444=FACE_OUTER_BOUND('NONE',#12443,.T.);
#12445=DIRECTION('NONE',(0.447214,0.894427,0));
#12446=DIRECTION('NONE',(0,0,1));
#12447=AXIS2_PLACEMENT_3D('NONE',#2139,#12445,#12446);
#12448=PLANE('NONE',#12447);
#12449=FACE_SURFACE('NONE',(#12444),#12448,.T.);
#12450=POLY_LOOP('NONE',(#1717,#1716,#2135,#2134));
#12451=FACE_OUTER_BOUND('NONE',#12450,.T.);
#12452=DIRECTION('NONE',(0.656518,0.75431,0));
#12453=DIRECTION('NONE',(0.75431,-0.656518,0));
#12454=AXIS2_PLACEMENT_3D('NONE',#1717,#12452,#12453);
#12455=PLANE('NONE',#12454);
#12456=FACE_SURFACE('NONE',(#12451),#12455,.T.);
#12457=POLY_LOOP('NONE',(#2443,#2442,#1960,#1959));
#12458=FACE_OUTER_BOUND('NONE',#12457,.T.);
#12459=DIRECTION('NONE',(0.447192,-0.894438,0));
#12460=DIRECTION('NONE',(0.894438,0.447192,0));
#12461=AXIS2_PLACEMENT_3D('NONE',#2443,#12459,#12460);
#12462=PLANE('NONE',#12461);
#12463=FACE_SURFACE('NONE',(#12458),#12462,.T.);
#12464=POLY_LOOP('NONE',(#1946,#2456,#2455,#1947));
#12465=FACE_OUTER_BOUND('NONE',#12464,.T.);
#12466=DIRECTION('NONE',(0.894417,-0.447235,0));
#12467=DIRECTION('NONE',(0,0,-1));
#12468=AXIS2_PLACEMENT_3D('NONE',#1946,#12466,#12467);
#12469=PLANE('NONE',#12468);
#12470=FACE_SURFACE('NONE',(#12465),#12469,.T.);
#12471=POLY_LOOP('NONE',(#1720,#2131,#2130,#1721));
#12472=FACE_OUTER_BOUND('NONE',#12471,.T.);
#12473=DIRECTION('NONE',(0.786331,0.617806,0));
#12474=DIRECTION('NONE',(0,0,-1));
#12475=AXIS2_PLACEMENT_3D('NONE',#1720,#12473,#12474);
#12476=PLANE('NONE',#12475);
#12477=FACE_SURFACE('NONE',(#12472),#12476,.T.);
#12478=POLY_LOOP('NONE',(#2130,#2129,#1722,#1721));
#12479=FACE_OUTER_BOUND('NONE',#12478,.T.);
#12480=DIRECTION('NONE',(0.816573,0.577242,0));
#12481=DIRECTION('NONE',(-0.577242,0.816573,0));
#12482=AXIS2_PLACEMENT_3D('NONE',#2130,#12480,#12481);
#12483=PLANE('NONE',#12482);
#12484=FACE_SURFACE('NONE',(#12479),#12483,.T.);
#12485=POLY_LOOP('NONE',(#1834,#1833,#2263,#2262));
#12486=FACE_OUTER_BOUND('NONE',#12485,.T.);
#12487=DIRECTION('NONE',(-0.786326,-0.617812,0));
#12488=DIRECTION('NONE',(-0.617812,0.786326,0));
#12489=AXIS2_PLACEMENT_3D('NONE',#1834,#12487,#12488);
#12490=PLANE('NONE',#12489);
#12491=FACE_SURFACE('NONE',(#12486),#12490,.T.);
#12492=POLY_LOOP('NONE',(#2127,#1724,#1723,#2128));
#12493=FACE_OUTER_BOUND('NONE',#12492,.T.);
#12494=DIRECTION('NONE',(0.870823,0.491597,0));
#12495=DIRECTION('NONE',(0,0,1));
#12496=AXIS2_PLACEMENT_3D('NONE',#2127,#12494,#12495);
#12497=PLANE('NONE',#12496);
#12498=FACE_SURFACE('NONE',(#12493),#12497,.T.);
#12499=POLY_LOOP('NONE',(#2482,#2481,#1921,#1920));
#12500=FACE_OUTER_BOUND('NONE',#12499,.T.);
#12501=DIRECTION('NONE',(0.685786,0.727803,0));
#12502=DIRECTION('NONE',(-0.727803,0.685786,0));
#12503=AXIS2_PLACEMENT_3D('NONE',#2482,#12501,#12502);
#12504=PLANE('NONE',#12503);
#12505=FACE_SURFACE('NONE',(#12500),#12504,.T.);
#12506=POLY_LOOP('NONE',(#1727,#2124,#2123,#1728));
#12507=FACE_OUTER_BOUND('NONE',#12506,.T.);
#12508=DIRECTION('NONE',(0.950095,0.311961,0));
#12509=DIRECTION('NONE',(0,0,-1));
#12510=AXIS2_PLACEMENT_3D('NONE',#1727,#12508,#12509);
#12511=PLANE('NONE',#12510);
#12512=FACE_SURFACE('NONE',(#12507),#12511,.T.);
#12513=POLY_LOOP('NONE',(#2446,#2445,#1957,#1956));
#12514=FACE_OUTER_BOUND('NONE',#12513,.T.);
#12515=DIRECTION('NONE',(0.577223,-0.816587,0));
#12516=DIRECTION('NONE',(0.816587,0.577223,0));
#12517=AXIS2_PLACEMENT_3D('NONE',#2446,#12515,#12516);
#12518=PLANE('NONE',#12517);
#12519=FACE_SURFACE('NONE',(#12514),#12518,.T.);
#12520=POLY_LOOP('NONE',(#2442,#2441,#1961,#1960));
#12521=FACE_OUTER_BOUND('NONE',#12520,.T.);
#12522=DIRECTION('NONE',(0.407441,-0.913232,0));
#12523=DIRECTION('NONE',(0.913232,0.407441,0));
#12524=AXIS2_PLACEMENT_3D('NONE',#2442,#12522,#12523);
#12525=PLANE('NONE',#12524);
#12526=FACE_SURFACE('NONE',(#12521),#12525,.T.);
#12527=POLY_LOOP('NONE',(#2143,#1708,#1707,#2144));
#12528=FACE_OUTER_BOUND('NONE',#12527,.T.);
#12529=DIRECTION('NONE',(0.265481,0.964116,0));
#12530=DIRECTION('NONE',(0,0,1));
#12531=AXIS2_PLACEMENT_3D('NONE',#2143,#12529,#12530);
#12532=PLANE('NONE',#12531);
#12533=FACE_SURFACE('NONE',(#12528),#12532,.T.);
#12534=POLY_LOOP('NONE',(#1706,#1705,#2146,#2145));
#12535=FACE_OUTER_BOUND('NONE',#12534,.T.);
#12536=DIRECTION('NONE',(0.168957,0.985623,0));
#12537=DIRECTION('NONE',(0.985623,-0.168957,0));
#12538=AXIS2_PLACEMENT_3D('NONE',#1706,#12536,#12537);
#12539=PLANE('NONE',#12538);
#12540=FACE_SURFACE('NONE',(#12535),#12539,.T.);
#12541=POLY_LOOP('NONE',(#2502,#2501,#1901,#1900));
#12542=FACE_OUTER_BOUND('NONE',#12541,.T.);
#12543=DIRECTION('NONE',(-0.222836,0.974856,0));
#12544=DIRECTION('NONE',(-0.974856,-0.222836,0));
#12545=AXIS2_PLACEMENT_3D('NONE',#2502,#12543,#12544);
#12546=PLANE('NONE',#12545);
#12547=FACE_SURFACE('NONE',(#12542),#12546,.T.);
#12548=POLY_LOOP('NONE',(#1693,#2158,#2157,#1694));
#12549=FACE_OUTER_BOUND('NONE',#12548,.T.);
#12550=DIRECTION('NONE',(-0.407432,0.913235,0));
#12551=DIRECTION('NONE',(0,0,-1));
#12552=AXIS2_PLACEMENT_3D('NONE',#1693,#12550,#12551);
#12553=PLANE('NONE',#12552);
#12554=FACE_SURFACE('NONE',(#12549),#12553,.T.);
#12555=POLY_LOOP('NONE',(#2157,#2156,#1695,#1694));
#12556=FACE_OUTER_BOUND('NONE',#12555,.T.);
#12557=DIRECTION('NONE',(-0.361787,0.932261,0));
#12558=DIRECTION('NONE',(-0.932261,-0.361787,0));
#12559=AXIS2_PLACEMENT_3D('NONE',#2157,#12557,#12558);
#12560=PLANE('NONE',#12559);
#12561=FACE_SURFACE('NONE',(#12556),#12560,.T.);
#12562=POLY_LOOP('NONE',(#1697,#1696,#2155,#2154));
#12563=FACE_OUTER_BOUND('NONE',#12562,.T.);
#12564=DIRECTION('NONE',(-0.265481,0.964116,0));
#12565=DIRECTION('NONE',(0.964116,0.265481,0));
#12566=AXIS2_PLACEMENT_3D('NONE',#1697,#12564,#12565);
#12567=PLANE('NONE',#12566);
#12568=FACE_SURFACE('NONE',(#12563),#12567,.T.);
#12569=POLY_LOOP('NONE',(#2151,#2150,#1701,#1700));
#12570=FACE_OUTER_BOUND('NONE',#12569,.T.);
#12571=DIRECTION('NONE',(-0.070247,0.99753,0));
#12572=DIRECTION('NONE',(-0.99753,-0.070247,0));
#12573=AXIS2_PLACEMENT_3D('NONE',#2151,#12571,#12572);
#12574=PLANE('NONE',#12573);
#12575=FACE_SURFACE('NONE',(#12570),#12574,.T.);
#12576=POLY_LOOP('NONE',(#2447,#1955,#1954,#2448));
#12577=FACE_OUTER_BOUND('NONE',#12576,.T.);
#12578=DIRECTION('NONE',(0.656537,-0.754294,0));
#12579=DIRECTION('NONE',(0,0,1));
#12580=AXIS2_PLACEMENT_3D('NONE',#2447,#12578,#12579);
#12581=PLANE('NONE',#12580);
#12582=FACE_SURFACE('NONE',(#12577),#12581,.T.);
#12583=POLY_LOOP('NONE',(#2133,#1718,#1717,#2134));
#12584=FACE_OUTER_BOUND('NONE',#12583,.T.);
#12585=DIRECTION('NONE',(0.685786,0.727803,0));
#12586=DIRECTION('NONE',(0,0,1));
#12587=AXIS2_PLACEMENT_3D('NONE',#2133,#12585,#12586);
#12588=PLANE('NONE',#12587);
#12589=FACE_SURFACE('NONE',(#12584),#12588,.T.);
#12590=POLY_LOOP('NONE',(#1963,#1962,#2440,#2439));
#12591=FACE_OUTER_BOUND('NONE',#12590,.T.);
#12592=DIRECTION('NONE',(0.311973,-0.950091,0));
#12593=DIRECTION('NONE',(-0.950091,-0.311973,0));
#12594=AXIS2_PLACEMENT_3D('NONE',#1963,#12592,#12593);
#12595=PLANE('NONE',#12594);
#12596=FACE_SURFACE('NONE',(#12591),#12595,.T.);
#12597=POLY_LOOP('NONE',(#1906,#2496,#2495,#1907));
#12598=FACE_OUTER_BOUND('NONE',#12597,.T.);
#12599=DIRECTION('NONE',(0.070238,0.99753,0));
#12600=DIRECTION('NONE',(0,0,-1));
#12601=AXIS2_PLACEMENT_3D('NONE',#1906,#12599,#12600);
#12602=PLANE('NONE',#12601);
#12603=FACE_SURFACE('NONE',(#12598),#12602,.T.);
#12604=POLY_LOOP('NONE',(#2126,#1725,#1724,#2127));
#12605=FACE_OUTER_BOUND('NONE',#12604,.T.);
#12606=DIRECTION('NONE',(0.894419,0.44723,0));
#12607=DIRECTION('NONE',(0,0,1));
#12608=AXIS2_PLACEMENT_3D('NONE',#2126,#12606,#12607);
#12609=PLANE('NONE',#12608);
#12610=FACE_SURFACE('NONE',(#12605),#12609,.T.);
#12611=POLY_LOOP('NONE',(#1948,#1947,#2455,#2454));
#12612=FACE_OUTER_BOUND('NONE',#12611,.T.);
#12613=DIRECTION('NONE',(0.870826,-0.491591,0));
#12614=DIRECTION('NONE',(-0.491591,-0.870826,0));
#12615=AXIS2_PLACEMENT_3D('NONE',#1948,#12613,#12614);
#12616=PLANE('NONE',#12615);
#12617=FACE_SURFACE('NONE',(#12612),#12616,.T.);
#12618=POLY_LOOP('NONE',(#2453,#1949,#1948,#2454));
#12619=FACE_OUTER_BOUND('NONE',#12618,.T.);
#12620=DIRECTION('NONE',(0.844828,-0.535037,0));
#12621=DIRECTION('NONE',(0,0,1));
#12622=AXIS2_PLACEMENT_3D('NONE',#2453,#12620,#12621);
#12623=PLANE('NONE',#12622);
#12624=FACE_SURFACE('NONE',(#12619),#12623,.T.);
#12625=POLY_LOOP('NONE',(#1950,#1949,#2453,#2452));
#12626=FACE_OUTER_BOUND('NONE',#12625,.T.);
#12627=DIRECTION('NONE',(0.816578,-0.577236,0));
#12628=DIRECTION('NONE',(-0.577236,-0.816578,0));
#12629=AXIS2_PLACEMENT_3D('NONE',#1950,#12627,#12628);
#12630=PLANE('NONE',#12629);
#12631=FACE_SURFACE('NONE',(#12626),#12630,.T.);
#12632=POLY_LOOP('NONE',(#2123,#2122,#1729,#1728));
#12633=FACE_OUTER_BOUND('NONE',#12632,.T.);
#12634=DIRECTION('NONE',(0.964112,0.265497,0));
#12635=DIRECTION('NONE',(-0.265497,0.964112,0));
#12636=AXIS2_PLACEMENT_3D('NONE',#2123,#12634,#12635);
#12637=PLANE('NONE',#12636);
#12638=FACE_SURFACE('NONE',(#12633),#12637,.T.);
#12639=POLY_LOOP('NONE',(#2376,#2503,#1899,#1898));
#12640=FACE_OUTER_BOUND('NONE',#12639,.T.);
#12641=DIRECTION('NONE',(-0.311997,0.950083,0));
#12642=DIRECTION('NONE',(-0.950083,-0.311997,0));
#12643=AXIS2_PLACEMENT_3D('NONE',#2376,#12641,#12642);
#12644=PLANE('NONE',#12643);
#12645=FACE_SURFACE('NONE',(#12640),#12644,.T.);
#12646=POLY_LOOP('NONE',(#2444,#2443,#1959,#1958));
#12647=FACE_OUTER_BOUND('NONE',#12646,.T.);
#12648=DIRECTION('NONE',(0.491591,-0.870826,0));
#12649=DIRECTION('NONE',(0.870826,0.491591,0));
#12650=AXIS2_PLACEMENT_3D('NONE',#2444,#12648,#12649);
#12651=PLANE('NONE',#12650);
#12652=FACE_SURFACE('NONE',(#12647),#12651,.T.);
#12653=POLY_LOOP('NONE',(#1693,#1692,#2159,#2158));
#12654=FACE_OUTER_BOUND('NONE',#12653,.T.);
#12655=DIRECTION('NONE',(-0.447214,0.894427,0));
#12656=DIRECTION('NONE',(0.894427,0.447214,0));
#12657=AXIS2_PLACEMENT_3D('NONE',#1693,#12655,#12656);
#12658=PLANE('NONE',#12657);
#12659=FACE_SURFACE('NONE',(#12654),#12658,.T.);
#12660=POLY_LOOP('NONE',(#2497,#2496,#1906,#1905));
#12661=FACE_OUTER_BOUND('NONE',#12660,.T.);
#12662=DIRECTION('NONE',(0.014076,0.999901,0));
#12663=DIRECTION('NONE',(-0.999901,0.014076,0));
#12664=AXIS2_PLACEMENT_3D('NONE',#2497,#12662,#12663);
#12665=PLANE('NONE',#12664);
#12666=FACE_SURFACE('NONE',(#12661),#12665,.T.);
#12667=POLY_LOOP('NONE',(#2441,#2440,#1962,#1961));
#12668=FACE_OUTER_BOUND('NONE',#12667,.T.);
#12669=DIRECTION('NONE',(0.36178,-0.932263,0));
#12670=DIRECTION('NONE',(0.932263,0.36178,0));
#12671=AXIS2_PLACEMENT_3D('NONE',#2441,#12669,#12670);
#12672=PLANE('NONE',#12671);
#12673=FACE_SURFACE('NONE',(#12668),#12672,.T.);
#12674=POLY_LOOP('NONE',(#2495,#2494,#1908,#1907));
#12675=FACE_OUTER_BOUND('NONE',#12674,.T.);
#12676=DIRECTION('NONE',(0.12576,0.992061,0));
#12677=DIRECTION('NONE',(-0.992061,0.12576,0));
#12678=AXIS2_PLACEMENT_3D('NONE',#2495,#12676,#12677);
#12679=PLANE('NONE',#12678);
#12680=FACE_SURFACE('NONE',(#12675),#12679,.T.);
#12681=POLY_LOOP('NONE',(#1695,#2156,#2155,#1696));
#12682=FACE_OUTER_BOUND('NONE',#12681,.T.);
#12683=DIRECTION('NONE',(-0.311969,0.950092,0));
#12684=DIRECTION('NONE',(0,0,-1));
#12685=AXIS2_PLACEMENT_3D('NONE',#1695,#12683,#12684);
#12686=PLANE('NONE',#12685);
#12687=FACE_SURFACE('NONE',(#12682),#12686,.T.);
#12688=POLY_LOOP('NONE',(#1904,#1903,#2499,#2498));
#12689=FACE_OUTER_BOUND('NONE',#12688,.T.);
#12690=DIRECTION('NONE',(-0.070238,0.99753,0));
#12691=DIRECTION('NONE',(0.99753,0.070238,0));
#12692=AXIS2_PLACEMENT_3D('NONE',#1904,#12690,#12691);
#12693=PLANE('NONE',#12692);
#12694=FACE_SURFACE('NONE',(#12689),#12693,.T.);
#12695=POLY_LOOP('NONE',(#2379,#1895,#1894,#2380));
#12696=FACE_OUTER_BOUND('NONE',#12695,.T.);
#12697=DIRECTION('NONE',(-0.491591,0.870826,0));
#12698=DIRECTION('NONE',(0,0,1));
#12699=AXIS2_PLACEMENT_3D('NONE',#2379,#12697,#12698);
#12700=PLANE('NONE',#12699);
#12701=FACE_SURFACE('NONE',(#12696),#12700,.T.);
#12702=POLY_LOOP('NONE',(#2145,#2144,#1707,#1706));
#12703=FACE_OUTER_BOUND('NONE',#12702,.T.);
#12704=DIRECTION('NONE',(0.222823,0.974859,0));
#12705=DIRECTION('NONE',(-0.974859,0.222823,0));
#12706=AXIS2_PLACEMENT_3D('NONE',#2145,#12704,#12705);
#12707=PLANE('NONE',#12706);
#12708=FACE_SURFACE('NONE',(#12703),#12707,.T.);
#12709=POLY_LOOP('NONE',(#2500,#2499,#1903,#1902));
#12710=FACE_OUTER_BOUND('NONE',#12709,.T.);
#12711=DIRECTION('NONE',(-0.12576,0.992061,0));
#12712=DIRECTION('NONE',(-0.992061,-0.12576,0));
#12713=AXIS2_PLACEMENT_3D('NONE',#2500,#12711,#12712);
#12714=PLANE('NONE',#12713);
#12715=FACE_SURFACE('NONE',(#12710),#12714,.T.);
#12716=POLY_LOOP('NONE',(#1886,#1885,#2389,#2388));
#12717=FACE_OUTER_BOUND('NONE',#12716,.T.);
#12718=DIRECTION('NONE',(-0.816569,0.577248,0));
#12719=DIRECTION('NONE',(0.577248,0.816569,0));
#12720=AXIS2_PLACEMENT_3D('NONE',#1886,#12718,#12719);
#12721=PLANE('NONE',#12720);
#12722=FACE_SURFACE('NONE',(#12717),#12721,.T.);
#12723=POLY_LOOP('NONE',(#2387,#1887,#1886,#2388));
#12724=FACE_OUTER_BOUND('NONE',#12723,.T.);
#12725=DIRECTION('NONE',(-0.786326,0.617812,0));
#12726=DIRECTION('NONE',(0,0,1));
#12727=AXIS2_PLACEMENT_3D('NONE',#2387,#12725,#12726);
#12728=PLANE('NONE',#12727);
#12729=FACE_SURFACE('NONE',(#12724),#12728,.T.);
#12730=POLY_LOOP('NONE',(#2403,#1871,#1870,#2404));
#12731=FACE_OUTER_BOUND('NONE',#12730,.T.);
#12732=DIRECTION('NONE',(-0.992063,-0.12574,0));
#12733=DIRECTION('NONE',(0,0,1));
#12734=AXIS2_PLACEMENT_3D('NONE',#2403,#12732,#12733);
#12735=PLANE('NONE',#12734);
#12736=FACE_SURFACE('NONE',(#12731),#12735,.T.);
#12737=POLY_LOOP('NONE',(#1977,#1976,#2426,#2425));
#12738=FACE_OUTER_BOUND('NONE',#12737,.T.);
#12739=DIRECTION('NONE',(-0.36178,-0.932263,0));
#12740=DIRECTION('NONE',(-0.932263,0.36178,0));
#12741=AXIS2_PLACEMENT_3D('NONE',#1977,#12739,#12740);
#12742=PLANE('NONE',#12741);
#12743=FACE_SURFACE('NONE',(#12738),#12742,.T.);
#12744=POLY_LOOP('NONE',(#2451,#2450,#1952,#1951));
#12745=FACE_OUTER_BOUND('NONE',#12744,.T.);
#12746=DIRECTION('NONE',(0.754304,-0.656526,0));
#12747=DIRECTION('NONE',(0.656526,0.754304,0));
#12748=AXIS2_PLACEMENT_3D('NONE',#2451,#12746,#12747);
#12749=PLANE('NONE',#12748);
#12750=FACE_SURFACE('NONE',(#12745),#12749,.T.);
#12751=POLY_LOOP('NONE',(#1986,#1985,#2417,#2416));
#12752=FACE_OUTER_BOUND('NONE',#12751,.T.);
#12753=DIRECTION('NONE',(-0.727791,-0.685799,0));
#12754=DIRECTION('NONE',(-0.685799,0.727791,0));
#12755=AXIS2_PLACEMENT_3D('NONE',#1986,#12753,#12754);
#12756=PLANE('NONE',#12755);
#12757=FACE_SURFACE('NONE',(#12752),#12756,.T.);
#12758=POLY_LOOP('NONE',(#1882,#1881,#2393,#2392));
#12759=FACE_OUTER_BOUND('NONE',#12758,.T.);
#12760=DIRECTION('NONE',(-0.913236,0.407431,0));
#12761=DIRECTION('NONE',(0.407431,0.913236,0));
#12762=AXIS2_PLACEMENT_3D('NONE',#1882,#12760,#12761);
#12763=PLANE('NONE',#12762);
#12764=FACE_SURFACE('NONE',(#12759),#12763,.T.);
#12765=POLY_LOOP('NONE',(#2400,#1874,#1873,#2401));
#12766=FACE_OUTER_BOUND('NONE',#12765,.T.);
#12767=DIRECTION('NONE',(-0.999901,0.014075,0));
#12768=DIRECTION('NONE',(0,0,1));
#12769=AXIS2_PLACEMENT_3D('NONE',#2400,#12767,#12768);
#12770=PLANE('NONE',#12769);
#12771=FACE_SURFACE('NONE',(#12766),#12770,.T.);
#12772=POLY_LOOP('NONE',(#2378,#2377,#1897,#1896));
#12773=FACE_OUTER_BOUND('NONE',#12772,.T.);
#12774=DIRECTION('NONE',(-0.407463,0.913222,0));
#12775=DIRECTION('NONE',(-0.913222,-0.407463,0));
#12776=AXIS2_PLACEMENT_3D('NONE',#2378,#12774,#12775);
#12777=PLANE('NONE',#12776);
#12778=FACE_SURFACE('NONE',(#12773),#12777,.T.);
#12779=POLY_LOOP('NONE',(#2406,#1868,#1867,#2407));
#12780=FACE_OUTER_BOUND('NONE',#12779,.T.);
#12781=DIRECTION('NONE',(-0.964113,-0.265493,0));
#12782=DIRECTION('NONE',(0,0,1));
#12783=AXIS2_PLACEMENT_3D('NONE',#2406,#12781,#12782);
#12784=PLANE('NONE',#12783);
#12785=FACE_SURFACE('NONE',(#12780),#12784,.T.);
#12786=POLY_LOOP('NONE',(#2407,#1867,#1866,#2408));
#12787=FACE_OUTER_BOUND('NONE',#12786,.T.);
#12788=DIRECTION('NONE',(-0.950096,-0.311957,0));
#12789=DIRECTION('NONE',(0,0,1));
#12790=AXIS2_PLACEMENT_3D('NONE',#2407,#12788,#12789);
#12791=PLANE('NONE',#12790);
#12792=FACE_SURFACE('NONE',(#12787),#12791,.T.);
#12793=POLY_LOOP('NONE',(#2422,#1980,#1979,#2423));
#12794=FACE_OUTER_BOUND('NONE',#12793,.T.);
#12795=DIRECTION('NONE',(-0.491591,-0.870826,0));
#12796=DIRECTION('NONE',(0,0,1));
#12797=AXIS2_PLACEMENT_3D('NONE',#2422,#12795,#12796);
#12798=PLANE('NONE',#12797);
#12799=FACE_SURFACE('NONE',(#12794),#12798,.T.);
#12800=POLY_LOOP('NONE',(#1860,#2414,#2413,#1861));
#12801=FACE_OUTER_BOUND('NONE',#12800,.T.);
#12802=DIRECTION('NONE',(-0.816578,-0.577236,0));
#12803=DIRECTION('NONE',(0,0,-1));
#12804=AXIS2_PLACEMENT_3D('NONE',#1860,#12802,#12803);
#12805=PLANE('NONE',#12804);
#12806=FACE_SURFACE('NONE',(#12801),#12805,.T.);
#12807=POLY_LOOP('NONE',(#1863,#2411,#2410,#1864));
#12808=FACE_OUTER_BOUND('NONE',#12807,.T.);
#12809=DIRECTION('NONE',(-0.894417,-0.447235,0));
#12810=DIRECTION('NONE',(0,0,-1));
#12811=AXIS2_PLACEMENT_3D('NONE',#1863,#12809,#12810);
#12812=PLANE('NONE',#12811);
#12813=FACE_SURFACE('NONE',(#12808),#12812,.T.);
#12814=POLY_LOOP('NONE',(#2437,#1965,#1964,#2438));
#12815=FACE_OUTER_BOUND('NONE',#12814,.T.);
#12816=DIRECTION('NONE',(0.22281,-0.974862,0));
#12817=DIRECTION('NONE',(0,0,1));
#12818=AXIS2_PLACEMENT_3D('NONE',#2437,#12816,#12817);
#12819=PLANE('NONE',#12818);
#12820=FACE_SURFACE('NONE',(#12815),#12819,.T.);
#12821=POLY_LOOP('NONE',(#2437,#2436,#1966,#1965));
#12822=FACE_OUTER_BOUND('NONE',#12821,.T.);
#12823=DIRECTION('NONE',(0.168979,-0.98562,0));
#12824=DIRECTION('NONE',(0.98562,0.168979,0));
#12825=AXIS2_PLACEMENT_3D('NONE',#2437,#12823,#12824);
#12826=PLANE('NONE',#12825);
#12827=FACE_SURFACE('NONE',(#12822),#12826,.T.);
#12828=POLY_LOOP('NONE',(#2430,#1972,#1971,#2431));
#12829=FACE_OUTER_BOUND('NONE',#12828,.T.);
#12830=DIRECTION('NONE',(-0.125734,-0.992064,0));
#12831=DIRECTION('NONE',(0,0,1));
#12832=AXIS2_PLACEMENT_3D('NONE',#2430,#12830,#12831);
#12833=PLANE('NONE',#12832);
#12834=FACE_SURFACE('NONE',(#12829),#12833,.T.);
#12835=POLY_LOOP('NONE',(#2430,#2429,#1973,#1972));
#12836=FACE_OUTER_BOUND('NONE',#12835,.T.);
#12837=DIRECTION('NONE',(-0.168979,-0.98562,0));
#12838=DIRECTION('NONE',(0.98562,-0.168979,0));
#12839=AXIS2_PLACEMENT_3D('NONE',#2430,#12837,#12838);
#12840=PLANE('NONE',#12839);
#12841=FACE_SURFACE('NONE',(#12836),#12840,.T.);
#12842=POLY_LOOP('NONE',(#2512,#2513,#2514,#2515));
#12843=FACE_OUTER_BOUND('NONE',#12842,.T.);
#12844=DIRECTION('NONE',(0,1,0));
#12845=DIRECTION('NONE',(0,0,-1));
#12846=AXIS2_PLACEMENT_3D('NONE',#2512,#12844,#12845);
#12847=PLANE('NONE',#12846);
#12848=FACE_SURFACE('NONE',(#12843),#12847,.T.);
#12849=POLY_LOOP('NONE',(#2513,#2516,#2517,#2514));
#12850=FACE_OUTER_BOUND('NONE',#12849,.T.);
#12851=POLY_LOOP('NONE',(#2518,#2519,#2520,#2521,#2522,#2523,#2524,#2525,#2526,#2527,#2528,#2529,#2530,#2531,#2532,#2533,#2534,#2535,#2536,#2537,#2538,#2539,#2540,#2541));
#12852=FACE_BOUND('NONE',#12851,.T.);
#12853=POLY_LOOP('NONE',(#2542,#2543,#2544,#2545,#2546,#2547,#2548,#2549,#2550,#2551,#2552,#2553,#2554,#2555,#2556,#2557,#2558,#2559,#2560,#2561,#2562,#2563,#2564,#2565));
#12854=FACE_BOUND('NONE',#12853,.T.);
#12855=POLY_LOOP('NONE',(#2566,#2567,#2568,#2569,#2570,#2571,#2572,#2573,#2574,#2575,#2576,#2577,#2578,#2579,#2580,#2581,#2582,#2583,#2584,#2585,#2586,#2587,#2588,#2589));
#12856=FACE_BOUND('NONE',#12855,.T.);
#12857=POLY_LOOP('NONE',(#2590,#2591,#2592,#2593,#2594,#2595,#2596,#2597,#2598,#2599,#2600,#2601,#2602,#2603,#2604,#2605,#2606,#2607,#2608,#2609,#2610,#2611,#2612,#2613));
#12858=FACE_BOUND('NONE',#12857,.T.);
#12859=POLY_LOOP('NONE',(#2614,#2615,#2616,#2617,#2618,#2619,#2620,#2621,#2622,#2623,#2624,#2625,#2626,#2627,#2628,#2629,#2630,#2631,#2632,#2633,#2634,#2635,#2636,#2637));
#12860=FACE_BOUND('NONE',#12859,.T.);
#12861=POLY_LOOP('NONE',(#2638,#2639,#2640,#2641,#2642,#2643,#2644,#2645,#2646,#2647,#2648,#2649,#2650,#2651,#2652,#2653,#2654,#2655,#2656,#2657,#2658,#2659,#2660,#2661));
#12862=FACE_BOUND('NONE',#12861,.T.);
#12863=POLY_LOOP('NONE',(#2662,#2663,#2664,#2665,#2666,#2667,#2668,#2669,#2670,#2671,#2672,#2673,#2674,#2675,#2676,#2677,#2678,#2679,#2680,#2681,#2682,#2683,#2684,#2685));
#12864=FACE_BOUND('NONE',#12863,.T.);
#12865=POLY_LOOP('NONE',(#2686,#2687,#2688,#2689,#2690,#2691,#2692,#2693,#2694,#2695,#2696,#2697,#2698,#2699,#2700,#2701,#2702,#2703,#2704,#2705,#2706,#2707,#2708,#2709));
#12866=FACE_BOUND('NONE',#12865,.T.);
#12867=POLY_LOOP('NONE',(#2710,#2711,#2712,#2713,#2714,#2715,#2716,#2717,#2718,#2719,#2720,#2721,#2722,#2723,#2724,#2725,#2726,#2727,#2728,#2729,#2730,#2731,#2732,#2733));
#12868=FACE_BOUND('NONE',#12867,.T.);
#12869=POLY_LOOP('NONE',(#2734,#2735,#2736,#2737,#2738,#2739,#2740,#2741,#2742,#2743,#2744,#2745,#2746,#2747,#2748,#2749,#2750,#2751,#2752,#2753,#2754,#2755,#2756,#2757));
#12870=FACE_BOUND('NONE',#12869,.T.);
#12871=POLY_LOOP('NONE',(#2758,#2759,#2760,#2761,#2762,#2763,#2764,#2765,#2766,#2767,#2768,#2769,#2770,#2771,#2772,#2773,#2774,#2775,#2776,#2777,#2778,#2779,#2780,#2781));
#12872=FACE_BOUND('NONE',#12871,.T.);
#12873=POLY_LOOP('NONE',(#2782,#2783,#2784,#2785,#2786,#2787,#2788,#2789,#2790,#2791,#2792,#2793,#2794,#2795,#2796,#2797,#2798,#2799,#2800,#2801,#2802,#2803,#2804,#2805));
#12874=FACE_BOUND('NONE',#12873,.T.);
#12875=POLY_LOOP('NONE',(#2806,#2807,#2808,#2809,#2810,#2811,#2812,#2813,#2814,#2815,#2816,#2817,#2818,#2819,#2820,#2821,#2822,#2823,#2824,#2825,#2826,#2827,#2828,#2829));
#12876=FACE_BOUND('NONE',#12875,.T.);
#12877=POLY_LOOP('NONE',(#2830,#2831,#2832,#2833,#2834,#2835,#2836,#2837,#2838,#2839,#2840,#2841,#2842,#2843,#2844,#2845,#2846,#2847,#2848,#2849,#2850,#2851,#2852,#2853));
#12878=FACE_BOUND('NONE',#12877,.T.);
#12879=POLY_LOOP('NONE',(#2854,#2855,#2856,#2857,#2858,#2859,#2860,#2861,#2862,#2863,#2864,#2865,#2866,#2867,#2868,#2869,#2870,#2871,#2872,#2873,#2874,#2875,#2876,#2877));
#12880=FACE_BOUND('NONE',#12879,.T.);
#12881=POLY_LOOP('NONE',(#2878,#2879,#2880,#2881,#2882,#2883,#2884,#2885,#2886,#2887,#2888,#2889,#2890,#2891,#2892,#2893,#2894,#2895,#2896,#2897,#2898,#2899,#2900,#2901));
#12882=FACE_BOUND('NONE',#12881,.T.);
#12883=POLY_LOOP('NONE',(#2902,#2903,#2904,#2905,#2906,#2907,#2908,#2909,#2910,#2911,#2912,#2913,#2914,#2915,#2916,#2917,#2918,#2919,#2920,#2921,#2922,#2923,#2924,#2925));
#12884=FACE_BOUND('NONE',#12883,.T.);
#12885=POLY_LOOP('NONE',(#2926,#2927,#2928,#2929,#2930,#2931,#2932,#2933,#2934,#2935,#2936,#2937,#2938,#2939,#2940,#2941,#2942,#2943,#2944,#2945,#2946,#2947,#2948,#2949));
#12886=FACE_BOUND('NONE',#12885,.T.);
#12887=POLY_LOOP('NONE',(#2950,#2951,#2952,#2953,#2954,#2955,#2956,#2957,#2958,#2959,#2960,#2961,#2962,#2963,#2964,#2965,#2966,#2967,#2968,#2969,#2970,#2971,#2972,#2973));
#12888=FACE_BOUND('NONE',#12887,.T.);
#12889=POLY_LOOP('NONE',(#2974,#2975,#2976,#2977,#2978,#2979,#2980,#2981,#2982,#2983,#2984,#2985,#2986,#2987,#2988,#2989,#2990,#2991,#2992,#2993,#2994,#2995,#2996,#2997));
#12890=FACE_BOUND('NONE',#12889,.T.);
#12891=POLY_LOOP('NONE',(#2998,#2999,#3000,#3001,#3002,#3003,#3004,#3005,#3006,#3007,#3008,#3009,#3010,#3011,#3012,#3013,#3014,#3015,#3016,#3017,#3018,#3019,#3020,#3021));
#12892=FACE_BOUND('NONE',#12891,.T.);
#12893=POLY_LOOP('NONE',(#3022,#3023,#3024,#3025,#3026,#3027,#3028,#3029,#3030,#3031,#3032,#3033,#3034,#3035,#3036,#3037,#3038,#3039,#3040,#3041,#3042,#3043,#3044,#3045));
#12894=FACE_BOUND('NONE',#12893,.T.);
#12895=POLY_LOOP('NONE',(#3046,#3047,#3048,#3049,#3050,#3051,#3052,#3053,#3054,#3055,#3056,#3057,#3058,#3059,#3060,#3061,#3062,#3063,#3064,#3065,#3066,#3067,#3068,#3069));
#12896=FACE_BOUND('NONE',#12895,.T.);
#12897=POLY_LOOP('NONE',(#3070,#3071,#3072,#3073,#3074,#3075,#3076,#3077,#3078,#3079,#3080,#3081,#3082,#3083,#3084,#3085,#3086,#3087,#3088,#3089,#3090,#3091,#3092,#3093));
#12898=FACE_BOUND('NONE',#12897,.T.);
#12899=POLY_LOOP('NONE',(#3094,#3095,#3096,#3097,#3098,#3099,#3100,#3101,#3102,#3103,#3104,#3105,#3106,#3107,#3108,#3109,#3110,#3111,#3112,#3113,#3114,#3115,#3116,#3117));
#12900=FACE_BOUND('NONE',#12899,.T.);
#12901=POLY_LOOP('NONE',(#3118,#3119,#3120,#3121,#3122,#3123,#3124,#3125,#3126,#3127,#3128,#3129,#3130,#3131,#3132,#3133,#3134,#3135,#3136,#3137,#3138,#3139,#3140,#3141));
#12902=FACE_BOUND('NONE',#12901,.T.);
#12903=POLY_LOOP('NONE',(#3142,#3143,#3144,#3145,#3146,#3147,#3148,#3149,#3150,#3151,#3152,#3153,#3154,#3155,#3156,#3157,#3158,#3159,#3160,#3161,#3162,#3163,#3164,#3165));
#12904=FACE_BOUND('NONE',#12903,.T.);
#12905=POLY_LOOP('NONE',(#3166,#3167,#3168,#3169,#3170,#3171,#3172,#3173,#3174,#3175,#3176,#3177,#3178,#3179,#3180,#3181,#3182,#3183,#3184,#3185,#3186,#3187,#3188,#3189));
#12906=FACE_BOUND('NONE',#12905,.T.);
#12907=POLY_LOOP('NONE',(#3190,#3191,#3192,#3193,#3194,#3195,#3196,#3197,#3198,#3199,#3200,#3201,#3202,#3203,#3204,#3205,#3206,#3207,#3208,#3209,#3210,#3211,#3212,#3213));
#12908=FACE_BOUND('NONE',#12907,.T.);
#12909=POLY_LOOP('NONE',(#3214,#3215,#3216,#3217,#3218,#3219,#3220,#3221,#3222,#3223,#3224,#3225,#3226,#3227,#3228,#3229,#3230,#3231,#3232,#3233,#3234,#3235,#3236,#3237));
#12910=FACE_BOUND('NONE',#12909,.T.);
#12911=POLY_LOOP('NONE',(#3238,#3239,#3240,#3241,#3242,#3243,#3244,#3245,#3246,#3247,#3248,#3249,#3250,#3251,#3252,#3253,#3254,#3255,#3256,#3257,#3258,#3259,#3260,#3261));
#12912=FACE_BOUND('NONE',#12911,.T.);
#12913=POLY_LOOP('NONE',(#3262,#3263,#3264,#3265,#3266,#3267,#3268,#3269,#3270,#3271,#3272,#3273,#3274,#3275,#3276,#3277,#3278,#3279,#3280,#3281,#3282,#3283,#3284,#3285));
#12914=FACE_BOUND('NONE',#12913,.T.);
#12915=POLY_LOOP('NONE',(#3286,#3287,#3288,#3289,#3290,#3291,#3292,#3293,#3294,#3295,#3296,#3297,#3298,#3299,#3300,#3301,#3302,#3303,#3304,#3305,#3306,#3307,#3308,#3309));
#12916=FACE_BOUND('NONE',#12915,.T.);
#12917=POLY_LOOP('NONE',(#3310,#3311,#3312,#3313,#3314,#3315,#3316,#3317,#3318,#3319,#3320,#3321,#3322,#3323,#3324,#3325,#3326,#3327,#3328,#3329,#3330,#3331,#3332,#3333));
#12918=FACE_BOUND('NONE',#12917,.T.);
#12919=DIRECTION('NONE',(0,0,-1));
#12920=DIRECTION('NONE',(0,-1,0));
#12921=AXIS2_PLACEMENT_3D('NONE',#2513,#12919,#12920);
#12922=PLANE('NONE',#12921);
#12923=FACE_SURFACE('NONE',(#12850,#12852,#12854,#12856,#12858,#12860,#12862,#12864,#12866,#12868,#12870,#12872,#12874,#12876,#12878,#12880,#12882,#12884,#12886,#12888,#12890,#12892,#12894,#12896,#12898,#12900,#12902,#12904,#12906,#12908,#12910,#12912,#12914,#12916,#12918),#12922,.T.);
#12924=POLY_LOOP('NONE',(#3334,#2515,#2514,#2517));
#12925=FACE_OUTER_BOUND('NONE',#12924,.T.);
#12926=DIRECTION('NONE',(-1,0,0));
#12927=DIRECTION('NONE',(0,1,0));
#12928=AXIS2_PLACEMENT_3D('NONE',#3334,#12926,#12927);
#12929=PLANE('NONE',#12928);
#12930=FACE_SURFACE('NONE',(#12925),#12929,.T.);
#12931=POLY_LOOP('NONE',(#2748,#2747,#3335,#3336));
#12932=FACE_OUTER_BOUND('NONE',#12931,.T.);
#12933=DIRECTION('NONE',(0.991424,-0.130686,0));
#12934=DIRECTION('NONE',(0.130686,0.991424,0));
#12935=AXIS2_PLACEMENT_3D('NONE',#2748,#12933,#12934);
#12936=PLANE('NONE',#12935);
#12937=FACE_SURFACE('NONE',(#12932),#12936,.T.);
#12938=POLY_LOOP('NONE',(#2512,#2515,#3334,#3337));
#12939=FACE_OUTER_BOUND('NONE',#12938,.T.);
#12940=POLY_LOOP('NONE',(#3338,#3339,#3340,#3341,#3342,#3343,#3344,#3345,#3346,#3347,#3348,#3349,#3350,#3351,#3352,#3353,#3354,#3355,#3356,#3357,#3358,#3359,#3360,#3361));
#12941=FACE_BOUND('NONE',#12940,.T.);
#12942=POLY_LOOP('NONE',(#3362,#3363,#3364,#3365,#3366,#3367,#3368,#3369,#3370,#3371,#3372,#3373,#3374,#3375,#3376,#3377,#3378,#3379,#3380,#3381,#3382,#3383,#3384,#3385));
#12943=FACE_BOUND('NONE',#12942,.T.);
#12944=POLY_LOOP('NONE',(#3386,#3387,#3388,#3389,#3390,#3391,#3392,#3393,#3394,#3395,#3396,#3397,#3398,#3399,#3400,#3401,#3402,#3403,#3404,#3405,#3406,#3407,#3408,#3409));
#12945=FACE_BOUND('NONE',#12944,.T.);
#12946=POLY_LOOP('NONE',(#3410,#3411,#3412,#3413,#3414,#3415,#3416,#3417,#3418,#3419,#3420,#3421,#3422,#3423,#3424,#3425,#3426,#3427,#3428,#3429,#3430,#3431,#3432,#3433));
#12947=FACE_BOUND('NONE',#12946,.T.);
#12948=POLY_LOOP('NONE',(#3434,#3435,#3436,#3437,#3438,#3439,#3440,#3441,#3442,#3443,#3444,#3445,#3446,#3447,#3448,#3449,#3450,#3451,#3452,#3453,#3454,#3455,#3456,#3457));
#12949=FACE_BOUND('NONE',#12948,.T.);
#12950=POLY_LOOP('NONE',(#3458,#3459,#3460,#3461,#3462,#3463,#3464,#3465,#3466,#3467,#3468,#3469,#3470,#3471,#3472,#3473,#3474,#3475,#3476,#3477,#3478,#3479,#3480,#3481));
#12951=FACE_BOUND('NONE',#12950,.T.);
#12952=POLY_LOOP('NONE',(#3482,#3483,#3484,#3485,#3486,#3487,#3488,#3489,#3490,#3491,#3492,#3493,#3494,#3495,#3496,#3497,#3498,#3499,#3500,#3501,#3502,#3503,#3504,#3505));
#12953=FACE_BOUND('NONE',#12952,.T.);
#12954=POLY_LOOP('NONE',(#3506,#3507,#3508,#3509,#3510,#3511,#3512,#3513,#3514,#3515,#3516,#3517,#3518,#3519,#3520,#3521,#3522,#3523,#3524,#3525,#3526,#3527,#3528,#3529));
#12955=FACE_BOUND('NONE',#12954,.T.);
#12956=POLY_LOOP('NONE',(#3530,#3531,#3532,#3533,#3534,#3535,#3536,#3537,#3538,#3539,#3540,#3541,#3542,#3543,#3544,#3545,#3546,#3547,#3548,#3549,#3550,#3551,#3552,#3553));
#12957=FACE_BOUND('NONE',#12956,.T.);
#12958=POLY_LOOP('NONE',(#3554,#3555,#3556,#3557,#3558,#3559,#3560,#3561,#3562,#3563,#3564,#3565,#3336,#3335,#3566,#3567,#3568,#3569,#3570,#3571,#3572,#3573,#3574,#3575));
#12959=FACE_BOUND('NONE',#12958,.T.);
#12960=POLY_LOOP('NONE',(#3576,#3577,#3578,#3579,#3580,#3581,#3582,#3583,#3584,#3585,#3586,#3587,#3588,#3589,#3590,#3591,#3592,#3593,#3594,#3595,#3596,#3597,#3598,#3599));
#12961=FACE_BOUND('NONE',#12960,.T.);
#12962=POLY_LOOP('NONE',(#3600,#3601,#3602,#3603,#3604,#3605,#3606,#3607,#3608,#3609,#3610,#3611,#3612,#3613,#3614,#3615,#3616,#3617,#3618,#3619,#3620,#3621,#3622,#3623));
#12963=FACE_BOUND('NONE',#12962,.T.);
#12964=POLY_LOOP('NONE',(#3624,#3625,#3626,#3627,#3628,#3629,#3630,#3631,#3632,#3633,#3634,#3635,#3636,#3637,#3638,#3639,#3640,#3641,#3642,#3643,#3644,#3645,#3646,#3647));
#12965=FACE_BOUND('NONE',#12964,.T.);
#12966=POLY_LOOP('NONE',(#3648,#3649,#3650,#3651,#3652,#3653,#3654,#3655,#3656,#3657,#3658,#3659,#3660,#3661,#3662,#3663,#3664,#3665,#3666,#3667,#3668,#3669,#3670,#3671));
#12967=FACE_BOUND('NONE',#12966,.T.);
#12968=POLY_LOOP('NONE',(#3672,#3673,#3674,#3675,#3676,#3677,#3678,#3679,#3680,#3681,#3682,#3683,#3684,#3685,#3686,#3687,#3688,#3689,#3690,#3691,#3692,#3693,#3694,#3695));
#12969=FACE_BOUND('NONE',#12968,.T.);
#12970=POLY_LOOP('NONE',(#3696,#3697,#3698,#3699,#3700,#3701,#3702,#3703,#3704,#3705,#3706,#3707,#3708,#3709,#3710,#3711,#3712,#3713,#3714,#3715,#3716,#3717,#3718,#3719));
#12971=FACE_BOUND('NONE',#12970,.T.);
#12972=POLY_LOOP('NONE',(#3720,#3721,#3722,#3723,#3724,#3725,#3726,#3727,#3728,#3729,#3730,#3731,#3732,#3733,#3734,#3735,#3736,#3737,#3738,#3739,#3740,#3741,#3742,#3743));
#12973=FACE_BOUND('NONE',#12972,.T.);
#12974=POLY_LOOP('NONE',(#3744,#3745,#3746,#3747,#3748,#3749,#3750,#3751,#3752,#3753,#3754,#3755,#3756,#3757,#3758,#3759,#3760,#3761,#3762,#3763,#3764,#3765,#3766,#3767));
#12975=FACE_BOUND('NONE',#12974,.T.);
#12976=POLY_LOOP('NONE',(#3768,#3769,#3770,#3771,#3772,#3773,#3774,#3775,#3776,#3777,#3778,#3779,#3780,#3781,#3782,#3783,#3784,#3785,#3786,#3787,#3788,#3789,#3790,#3791));
#12977=FACE_BOUND('NONE',#12976,.T.);
#12978=POLY_LOOP('NONE',(#3792,#3793,#3794,#3795,#3796,#3797,#3798,#3799,#3800,#3801,#3802,#3803,#3804,#3805,#3806,#3807,#3808,#3809,#3810,#3811,#3812,#3813,#3814,#3815));
#12979=FACE_BOUND('NONE',#12978,.T.);
#12980=POLY_LOOP('NONE',(#3816,#3817,#3818,#3819,#3820,#3821,#3822,#3823,#3824,#3825,#3826,#3827,#3828,#3829,#3830,#3831,#3832,#3833,#3834,#3835,#3836,#3837,#3838,#3839));
#12981=FACE_BOUND('NONE',#12980,.T.);
#12982=POLY_LOOP('NONE',(#3840,#3841,#3842,#3843,#3844,#3845,#3846,#3847,#3848,#3849,#3850,#3851,#3852,#3853,#3854,#3855,#3856,#3857,#3858,#3859,#3860,#3861,#3862,#3863));
#12983=FACE_BOUND('NONE',#12982,.T.);
#12984=POLY_LOOP('NONE',(#3864,#3865,#3866,#3867,#3868,#3869,#3870,#3871,#3872,#3873,#3874,#3875,#3876,#3877,#3878,#3879,#3880,#3881,#3882,#3883,#3884,#3885,#3886,#3887));
#12985=FACE_BOUND('NONE',#12984,.T.);
#12986=POLY_LOOP('NONE',(#3888,#3889,#3890,#3891,#3892,#3893,#3894,#3895,#3896,#3897,#3898,#3899,#3900,#3901,#3902,#3903,#3904,#3905,#3906,#3907,#3908,#3909,#3910,#3911));
#12987=FACE_BOUND('NONE',#12986,.T.);
#12988=POLY_LOOP('NONE',(#3912,#3913,#3914,#3915,#3916,#3917,#3918,#3919,#3920,#3921,#3922,#3923,#3924,#3925,#3926,#3927,#3928,#3929,#3930,#3931,#3932,#3933,#3934,#3935));
#12989=FACE_BOUND('NONE',#12988,.T.);
#12990=POLY_LOOP('NONE',(#3936,#3937,#3938,#3939,#3940,#3941,#3942,#3943,#3944,#3945,#3946,#3947,#3948,#3949,#3950,#3951,#3952,#3953,#3954,#3955,#3956,#3957,#3958,#3959));
#12991=FACE_BOUND('NONE',#12990,.T.);
#12992=POLY_LOOP('NONE',(#3960,#3961,#3962,#3963,#3964,#3965,#3966,#3967,#3968,#3969,#3970,#3971,#3972,#3973,#3974,#3975,#3976,#3977,#3978,#3979,#3980,#3981,#3982,#3983));
#12993=FACE_BOUND('NONE',#12992,.T.);
#12994=POLY_LOOP('NONE',(#3984,#3985,#3986,#3987,#3988,#3989,#3990,#3991,#3992,#3993,#3994,#3995,#3996,#3997,#3998,#3999,#4000,#4001,#4002,#4003,#4004,#4005,#4006,#4007));
#12995=FACE_BOUND('NONE',#12994,.T.);
#12996=POLY_LOOP('NONE',(#4008,#4009,#4010,#4011,#4012,#4013,#4014,#4015,#4016,#4017,#4018,#4019,#4020,#4021,#4022,#4023,#4024,#4025,#4026,#4027,#4028,#4029,#4030,#4031));
#12997=FACE_BOUND('NONE',#12996,.T.);
#12998=POLY_LOOP('NONE',(#4032,#4033,#4034,#4035,#4036,#4037,#4038,#4039,#4040,#4041,#4042,#4043,#4044,#4045,#4046,#4047,#4048,#4049,#4050,#4051,#4052,#4053,#4054,#4055));
#12999=FACE_BOUND('NONE',#12998,.T.);
#13000=POLY_LOOP('NONE',(#4056,#4057,#4058,#4059,#4060,#4061,#4062,#4063,#4064,#4065,#4066,#4067,#4068,#4069,#4070,#4071,#4072,#4073,#4074,#4075,#4076,#4077,#4078,#4079));
#13001=FACE_BOUND('NONE',#13000,.T.);
#13002=POLY_LOOP('NONE',(#4080,#4081,#4082,#4083,#4084,#4085,#4086,#4087,#4088,#4089,#4090,#4091,#4092,#4093,#4094,#4095,#4096,#4097,#4098,#4099,#4100,#4101,#4102,#4103));
#13003=FACE_BOUND('NONE',#13002,.T.);
#13004=POLY_LOOP('NONE',(#4104,#4105,#4106,#4107,#4108,#4109,#4110,#4111,#4112,#4113,#4114,#4115,#4116,#4117,#4118,#4119,#4120,#4121,#4122,#4123,#4124,#4125,#4126,#4127));
#13005=FACE_BOUND('NONE',#13004,.T.);
#13006=POLY_LOOP('NONE',(#4128,#4129,#4130,#4131,#4132,#4133,#4134,#4135,#4136,#4137,#4138,#4139,#4140,#4141,#4142,#4143,#4144,#4145,#4146,#4147,#4148,#4149,#4150,#4151));
#13007=FACE_BOUND('NONE',#13006,.T.);
#13008=DIRECTION('NONE',(0,0,1));
#13009=DIRECTION('NONE',(-1,0,0));
#13010=AXIS2_PLACEMENT_3D('NONE',#2512,#13008,#13009);
#13011=PLANE('NONE',#13010);
#13012=FACE_SURFACE('NONE',(#12939,#12941,#12943,#12945,#12947,#12949,#12951,#12953,#12955,#12957,#12959,#12961,#12963,#12965,#12967,#12969,#12971,#12973,#12975,#12977,#12979,#12981,#12983,#12985,#12987,#12989,#12991,#12993,#12995,#12997,#12999,#13001,#13003,#13005,#13007),#13011,.T.);
#13013=POLY_LOOP('NONE',(#3335,#2747,#2746,#3566));
#13014=FACE_OUTER_BOUND('NONE',#13013,.T.);
#13015=DIRECTION('NONE',(0.923741,-0.383018,0));
#13016=DIRECTION('NONE',(0,0,-1));
#13017=AXIS2_PLACEMENT_3D('NONE',#3335,#13015,#13016);
#13018=PLANE('NONE',#13017);
#13019=FACE_SURFACE('NONE',(#13014),#13018,.T.);
#13020=POLY_LOOP('NONE',(#3568,#3567,#2745,#2744));
#13021=FACE_OUTER_BOUND('NONE',#13020,.T.);
#13022=DIRECTION('NONE',(0.608616,-0.793465,0));
#13023=DIRECTION('NONE',(-0.793465,-0.608616,0));
#13024=AXIS2_PLACEMENT_3D('NONE',#3568,#13022,#13023);
#13025=PLANE('NONE',#13024);
#13026=FACE_SURFACE('NONE',(#13021),#13025,.T.);
#13027=POLY_LOOP('NONE',(#3566,#2746,#2745,#3567));
#13028=FACE_OUTER_BOUND('NONE',#13027,.T.);
#13029=DIRECTION('NONE',(0.793465,-0.608616,0));
#13030=DIRECTION('NONE',(0,0,-1));
#13031=AXIS2_PLACEMENT_3D('NONE',#3566,#13029,#13030);
#13032=PLANE('NONE',#13031);
#13033=FACE_SURFACE('NONE',(#13028),#13032,.T.);
#13034=POLY_LOOP('NONE',(#3569,#3568,#2744,#2743));
#13035=FACE_OUTER_BOUND('NONE',#13034,.T.);
#13036=DIRECTION('NONE',(0.383012,-0.923744,0));
#13037=DIRECTION('NONE',(-0.923744,-0.383012,0));
#13038=AXIS2_PLACEMENT_3D('NONE',#3569,#13036,#13037);
#13039=PLANE('NONE',#13038);
#13040=FACE_SURFACE('NONE',(#13035),#13039,.T.);
#13041=POLY_LOOP('NONE',(#3871,#3870,#3046,#3069));
#13042=FACE_OUTER_BOUND('NONE',#13041,.T.);
#13043=DIRECTION('NONE',(-0.924203,-0.381901,0));
#13044=DIRECTION('NONE',(-0.381901,0.924203,0));
#13045=AXIS2_PLACEMENT_3D('NONE',#3871,#13043,#13044);
#13046=PLANE('NONE',#13045);
#13047=FACE_SURFACE('NONE',(#13042),#13046,.T.);
#13048=POLY_LOOP('NONE',(#3561,#2753,#2752,#3562));
#13049=FACE_OUTER_BOUND('NONE',#13048,.T.);
#13050=DIRECTION('NONE',(0.383012,0.923744,0));
#13051=DIRECTION('NONE',(0,0,-1));
#13052=AXIS2_PLACEMENT_3D('NONE',#3561,#13050,#13051);
#13053=PLANE('NONE',#13052);
#13054=FACE_SURFACE('NONE',(#13049),#13053,.T.);
#13055=POLY_LOOP('NONE',(#3562,#2752,#2751,#3563));
#13056=FACE_OUTER_BOUND('NONE',#13055,.T.);
#13057=DIRECTION('NONE',(0.608616,0.793465,0));
#13058=DIRECTION('NONE',(0,0,-1));
#13059=AXIS2_PLACEMENT_3D('NONE',#3562,#13057,#13058);
#13060=PLANE('NONE',#13059);
#13061=FACE_SURFACE('NONE',(#13056),#13060,.T.);
#13062=POLY_LOOP('NONE',(#3563,#2751,#2750,#3564));
#13063=FACE_OUTER_BOUND('NONE',#13062,.T.);
#13064=DIRECTION('NONE',(0.793465,0.608616,0));
#13065=DIRECTION('NONE',(0,0,-1));
#13066=AXIS2_PLACEMENT_3D('NONE',#3563,#13064,#13065);
#13067=PLANE('NONE',#13066);
#13068=FACE_SURFACE('NONE',(#13063),#13067,.T.);
#13069=POLY_LOOP('NONE',(#3872,#3871,#3069,#3068));
#13070=FACE_OUTER_BOUND('NONE',#13069,.T.);
#13071=DIRECTION('NONE',(-0.991428,-0.130653,0));
#13072=DIRECTION('NONE',(-0.130653,0.991428,0));
#13073=AXIS2_PLACEMENT_3D('NONE',#3872,#13071,#13072);
#13074=PLANE('NONE',#13073);
#13075=FACE_SURFACE('NONE',(#13070),#13074,.T.);
#13076=POLY_LOOP('NONE',(#3564,#2750,#2749,#3565));
#13077=FACE_OUTER_BOUND('NONE',#13076,.T.);
#13078=DIRECTION('NONE',(0.923741,0.383018,0));
#13079=DIRECTION('NONE',(0,0,-1));
#13080=AXIS2_PLACEMENT_3D('NONE',#3564,#13078,#13079);
#13081=PLANE('NONE',#13080);
#13082=FACE_SURFACE('NONE',(#13077),#13081,.T.);
#13083=POLY_LOOP('NONE',(#3873,#3872,#3068,#3067));
#13084=FACE_OUTER_BOUND('NONE',#13083,.T.);
#13085=DIRECTION('NONE',(-0.991428,0.130653,0));
#13086=DIRECTION('NONE',(0.130653,0.991428,0));
#13087=AXIS2_PLACEMENT_3D('NONE',#3873,#13085,#13086);
#13088=PLANE('NONE',#13087);
#13089=FACE_SURFACE('NONE',(#13084),#13088,.T.);
#13090=POLY_LOOP('NONE',(#3565,#2749,#2748,#3336));
#13091=FACE_OUTER_BOUND('NONE',#13090,.T.);
#13092=DIRECTION('NONE',(0.991424,0.130686,0));
#13093=DIRECTION('NONE',(0,0,-1));
#13094=AXIS2_PLACEMENT_3D('NONE',#3565,#13092,#13093);
#13095=PLANE('NONE',#13094);
#13096=FACE_SURFACE('NONE',(#13091),#13095,.T.);
#13097=POLY_LOOP('NONE',(#3874,#3873,#3067,#3066));
#13098=FACE_OUTER_BOUND('NONE',#13097,.T.);
#13099=DIRECTION('NONE',(-0.924203,0.381901,0));
#13100=DIRECTION('NONE',(0.381901,0.924203,0));
#13101=AXIS2_PLACEMENT_3D('NONE',#3874,#13099,#13100);
#13102=PLANE('NONE',#13101);
#13103=FACE_SURFACE('NONE',(#13098),#13102,.T.);
#13104=POLY_LOOP('NONE',(#2543,#2542,#3363,#3362));
#13105=FACE_OUTER_BOUND('NONE',#13104,.T.);
#13106=DIRECTION('NONE',(-0.991493,-0.130158,0));
#13107=DIRECTION('NONE',(0.130158,-0.991493,0));
#13108=AXIS2_PLACEMENT_3D('NONE',#2543,#13106,#13107);
#13109=PLANE('NONE',#13108);
#13110=FACE_SURFACE('NONE',(#13105),#13109,.T.);
#13111=POLY_LOOP('NONE',(#3364,#3363,#2542,#2565));
#13112=FACE_OUTER_BOUND('NONE',#13111,.T.);
#13113=DIRECTION('NONE',(-0.991493,0.130157,0));
#13114=DIRECTION('NONE',(0.130157,0.991493,0));
#13115=AXIS2_PLACEMENT_3D('NONE',#3364,#13113,#13114);
#13116=PLANE('NONE',#13115);
#13117=FACE_SURFACE('NONE',(#13112),#13116,.T.);
#13118=POLY_LOOP('NONE',(#3875,#3874,#3066,#3065));
#13119=FACE_OUTER_BOUND('NONE',#13118,.T.);
#13120=DIRECTION('NONE',(-0.796308,0.604891,0));
#13121=DIRECTION('NONE',(0.604891,0.796308,0));
#13122=AXIS2_PLACEMENT_3D('NONE',#3875,#13120,#13121);
#13123=PLANE('NONE',#13122);
#13124=FACE_SURFACE('NONE',(#13119),#13123,.T.);
#13125=POLY_LOOP('NONE',(#3365,#3364,#2565,#2564));
#13126=FACE_OUTER_BOUND('NONE',#13125,.T.);
#13127=DIRECTION('NONE',(-0.923643,0.383255,0));
#13128=DIRECTION('NONE',(0.383255,0.923643,0));
#13129=AXIS2_PLACEMENT_3D('NONE',#3365,#13127,#13128);
#13130=PLANE('NONE',#13129);
#13131=FACE_SURFACE('NONE',(#13126),#13130,.T.);
#13132=POLY_LOOP('NONE',(#3875,#3065,#3064,#3876));
#13133=FACE_OUTER_BOUND('NONE',#13132,.T.);
#13134=DIRECTION('NONE',(-0.604882,0.796315,0));
#13135=DIRECTION('NONE',(0,0,-1));
#13136=AXIS2_PLACEMENT_3D('NONE',#3875,#13134,#13135);
#13137=PLANE('NONE',#13136);
#13138=FACE_SURFACE('NONE',(#13133),#13137,.T.);
#13139=POLY_LOOP('NONE',(#3366,#3365,#2564,#2563));
#13140=FACE_OUTER_BOUND('NONE',#13139,.T.);
#13141=DIRECTION('NONE',(-0.793052,0.609154,0));
#13142=DIRECTION('NONE',(0.609154,0.793052,0));
#13143=AXIS2_PLACEMENT_3D('NONE',#3366,#13141,#13142);
#13144=PLANE('NONE',#13143);
#13145=FACE_SURFACE('NONE',(#13140),#13144,.T.);
#13146=POLY_LOOP('NONE',(#3876,#3064,#3063,#3877));
#13147=FACE_OUTER_BOUND('NONE',#13146,.T.);
#13148=DIRECTION('NONE',(-0.381921,0.924195,0));
#13149=DIRECTION('NONE',(0,0,-1));
#13150=AXIS2_PLACEMENT_3D('NONE',#3876,#13148,#13149);
#13151=PLANE('NONE',#13150);
#13152=FACE_SURFACE('NONE',(#13147),#13151,.T.);
#13153=POLY_LOOP('NONE',(#3366,#2563,#2562,#3367));
#13154=FACE_OUTER_BOUND('NONE',#13153,.T.);
#13155=DIRECTION('NONE',(-0.609156,0.793051,0));
#13156=DIRECTION('NONE',(0,0,-1));
#13157=AXIS2_PLACEMENT_3D('NONE',#3366,#13155,#13156);
#13158=PLANE('NONE',#13157);
#13159=FACE_SURFACE('NONE',(#13154),#13158,.T.);
#13160=POLY_LOOP('NONE',(#3877,#3063,#3062,#3878));
#13161=FACE_OUTER_BOUND('NONE',#13160,.T.);
#13162=DIRECTION('NONE',(-0.130641,0.99143,0));
#13163=DIRECTION('NONE',(0,0,-1));
#13164=AXIS2_PLACEMENT_3D('NONE',#3877,#13162,#13163);
#13165=PLANE('NONE',#13164);
#13166=FACE_SURFACE('NONE',(#13161),#13165,.T.);
#13167=POLY_LOOP('NONE',(#3367,#2562,#2561,#3368));
#13168=FACE_OUTER_BOUND('NONE',#13167,.T.);
#13169=DIRECTION('NONE',(-0.383255,0.923642,0));
#13170=DIRECTION('NONE',(0,0,-1));
#13171=AXIS2_PLACEMENT_3D('NONE',#3367,#13169,#13170);
#13172=PLANE('NONE',#13171);
#13173=FACE_SURFACE('NONE',(#13168),#13172,.T.);
#13174=POLY_LOOP('NONE',(#3368,#2561,#2560,#3369));
#13175=FACE_OUTER_BOUND('NONE',#13174,.T.);
#13176=DIRECTION('NONE',(-0.130152,0.991494,0));
#13177=DIRECTION('NONE',(0,0,-1));
#13178=AXIS2_PLACEMENT_3D('NONE',#3368,#13176,#13177);
#13179=PLANE('NONE',#13178);
#13180=FACE_SURFACE('NONE',(#13175),#13179,.T.);
#13181=POLY_LOOP('NONE',(#3878,#3062,#3061,#3879));
#13182=FACE_OUTER_BOUND('NONE',#13181,.T.);
#13183=DIRECTION('NONE',(0.130641,0.99143,0));
#13184=DIRECTION('NONE',(0,0,-1));
#13185=AXIS2_PLACEMENT_3D('NONE',#3878,#13183,#13184);
#13186=PLANE('NONE',#13185);
#13187=FACE_SURFACE('NONE',(#13182),#13186,.T.);
#13188=POLY_LOOP('NONE',(#3369,#2560,#2559,#3370));
#13189=FACE_OUTER_BOUND('NONE',#13188,.T.);
#13190=DIRECTION('NONE',(0.130152,0.991494,0));
#13191=DIRECTION('NONE',(0,0,-1));
#13192=AXIS2_PLACEMENT_3D('NONE',#3369,#13190,#13191);
#13193=PLANE('NONE',#13192);
#13194=FACE_SURFACE('NONE',(#13189),#13193,.T.);
#13195=POLY_LOOP('NONE',(#3879,#3061,#3060,#3880));
#13196=FACE_OUTER_BOUND('NONE',#13195,.T.);
#13197=DIRECTION('NONE',(0.381921,0.924195,0));
#13198=DIRECTION('NONE',(0,0,-1));
#13199=AXIS2_PLACEMENT_3D('NONE',#3879,#13197,#13198);
#13200=PLANE('NONE',#13199);
#13201=FACE_SURFACE('NONE',(#13196),#13200,.T.);
#13202=POLY_LOOP('NONE',(#3370,#2559,#2558,#3371));
#13203=FACE_OUTER_BOUND('NONE',#13202,.T.);
#13204=DIRECTION('NONE',(0.383255,0.923642,0));
#13205=DIRECTION('NONE',(0,0,-1));
#13206=AXIS2_PLACEMENT_3D('NONE',#3370,#13204,#13205);
#13207=PLANE('NONE',#13206);
#13208=FACE_SURFACE('NONE',(#13203),#13207,.T.);
#13209=POLY_LOOP('NONE',(#3880,#3060,#3059,#3881));
#13210=FACE_OUTER_BOUND('NONE',#13209,.T.);
#13211=DIRECTION('NONE',(0.604882,0.796315,0));
#13212=DIRECTION('NONE',(0,0,-1));
#13213=AXIS2_PLACEMENT_3D('NONE',#3880,#13211,#13212);
#13214=PLANE('NONE',#13213);
#13215=FACE_SURFACE('NONE',(#13210),#13214,.T.);
#13216=POLY_LOOP('NONE',(#3372,#3371,#2558,#2557));
#13217=FACE_OUTER_BOUND('NONE',#13216,.T.);
#13218=DIRECTION('NONE',(0.609156,0.79305,0));
#13219=DIRECTION('NONE',(0.79305,-0.609156,0));
#13220=AXIS2_PLACEMENT_3D('NONE',#3372,#13218,#13219);
#13221=PLANE('NONE',#13220);
#13222=FACE_SURFACE('NONE',(#13217),#13221,.T.);
#13223=POLY_LOOP('NONE',(#3372,#2557,#2556,#3373));
#13224=FACE_OUTER_BOUND('NONE',#13223,.T.);
#13225=DIRECTION('NONE',(0.793052,0.609154,0));
#13226=DIRECTION('NONE',(0,0,-1));
#13227=AXIS2_PLACEMENT_3D('NONE',#3372,#13225,#13226);
#13228=PLANE('NONE',#13227);
#13229=FACE_SURFACE('NONE',(#13224),#13228,.T.);
#13230=POLY_LOOP('NONE',(#3864,#3887,#3053,#3052));
#13231=FACE_OUTER_BOUND('NONE',#13230,.T.);
#13232=DIRECTION('NONE',(0.604882,-0.796315,0));
#13233=DIRECTION('NONE',(-0.796315,-0.604882,0));
#13234=AXIS2_PLACEMENT_3D('NONE',#3864,#13232,#13233);
#13235=PLANE('NONE',#13234);
#13236=FACE_SURFACE('NONE',(#13231),#13235,.T.);
#13237=POLY_LOOP('NONE',(#3373,#2556,#2555,#3374));
#13238=FACE_OUTER_BOUND('NONE',#13237,.T.);
#13239=DIRECTION('NONE',(0.923643,0.383255,0));
#13240=DIRECTION('NONE',(0,0,-1));
#13241=AXIS2_PLACEMENT_3D('NONE',#3373,#13239,#13240);
#13242=PLANE('NONE',#13241);
#13243=FACE_SURFACE('NONE',(#13238),#13242,.T.);
#13244=POLY_LOOP('NONE',(#3374,#2555,#2554,#3375));
#13245=FACE_OUTER_BOUND('NONE',#13244,.T.);
#13246=DIRECTION('NONE',(0.991493,0.130158,0));
#13247=DIRECTION('NONE',(0,0,-1));
#13248=AXIS2_PLACEMENT_3D('NONE',#3374,#13246,#13247);
#13249=PLANE('NONE',#13248);
#13250=FACE_SURFACE('NONE',(#13245),#13249,.T.);
#13251=POLY_LOOP('NONE',(#2831,#2830,#3669,#3668));
#13252=FACE_OUTER_BOUND('NONE',#13251,.T.);
#13253=DIRECTION('NONE',(-0.612177,-0.790721,0));
#13254=DIRECTION('NONE',(0.790721,-0.612177,0));
#13255=AXIS2_PLACEMENT_3D('NONE',#2831,#13253,#13254);
#13256=PLANE('NONE',#13255);
#13257=FACE_SURFACE('NONE',(#13252),#13256,.T.);
#13258=POLY_LOOP('NONE',(#3865,#3864,#3052,#3051));
#13259=FACE_OUTER_BOUND('NONE',#13258,.T.);
#13260=DIRECTION('NONE',(0.381921,-0.924195,0));
#13261=DIRECTION('NONE',(-0.924195,-0.381921,0));
#13262=AXIS2_PLACEMENT_3D('NONE',#3865,#13260,#13261);
#13263=PLANE('NONE',#13262);
#13264=FACE_SURFACE('NONE',(#13259),#13263,.T.);
#13265=POLY_LOOP('NONE',(#3866,#3865,#3051,#3050));
#13266=FACE_OUTER_BOUND('NONE',#13265,.T.);
#13267=DIRECTION('NONE',(0.130641,-0.99143,0));
#13268=DIRECTION('NONE',(-0.99143,-0.130641,0));
#13269=AXIS2_PLACEMENT_3D('NONE',#3866,#13267,#13268);
#13270=PLANE('NONE',#13269);
#13271=FACE_SURFACE('NONE',(#13266),#13270,.T.);
#13272=POLY_LOOP('NONE',(#3670,#3669,#2830,#2853));
#13273=FACE_OUTER_BOUND('NONE',#13272,.T.);
#13274=DIRECTION('NONE',(-0.790723,-0.612174,0));
#13275=DIRECTION('NONE',(-0.612174,0.790723,0));
#13276=AXIS2_PLACEMENT_3D('NONE',#3670,#13274,#13275);
#13277=PLANE('NONE',#13276);
#13278=FACE_SURFACE('NONE',(#13273),#13277,.T.);
#13279=POLY_LOOP('NONE',(#3867,#3866,#3050,#3049));
#13280=FACE_OUTER_BOUND('NONE',#13279,.T.);
#13281=DIRECTION('NONE',(-0.130641,-0.99143,0));
#13282=DIRECTION('NONE',(-0.99143,0.130641,0));
#13283=AXIS2_PLACEMENT_3D('NONE',#3867,#13281,#13282);
#13284=PLANE('NONE',#13283);
#13285=FACE_SURFACE('NONE',(#13280),#13284,.T.);
#13286=POLY_LOOP('NONE',(#3671,#3670,#2853,#2852));
#13287=FACE_OUTER_BOUND('NONE',#13286,.T.);
#13288=DIRECTION('NONE',(-0.925629,-0.378432,0));
#13289=DIRECTION('NONE',(-0.378432,0.925629,0));
#13290=AXIS2_PLACEMENT_3D('NONE',#3671,#13288,#13289);
#13291=PLANE('NONE',#13290);
#13292=FACE_SURFACE('NONE',(#13287),#13291,.T.);
#13293=POLY_LOOP('NONE',(#3648,#3671,#2852,#2851));
#13294=FACE_OUTER_BOUND('NONE',#13293,.T.);
#13295=DIRECTION('NONE',(-0.991138,-0.132833,0));
#13296=DIRECTION('NONE',(-0.132833,0.991138,0));
#13297=AXIS2_PLACEMENT_3D('NONE',#3648,#13295,#13296);
#13298=PLANE('NONE',#13297);
#13299=FACE_SURFACE('NONE',(#13294),#13298,.T.);
#13300=POLY_LOOP('NONE',(#3868,#3867,#3049,#3048));
#13301=FACE_OUTER_BOUND('NONE',#13300,.T.);
#13302=DIRECTION('NONE',(-0.381921,-0.924195,0));
#13303=DIRECTION('NONE',(-0.924195,0.381921,0));
#13304=AXIS2_PLACEMENT_3D('NONE',#3868,#13302,#13303);
#13305=PLANE('NONE',#13304);
#13306=FACE_SURFACE('NONE',(#13301),#13305,.T.);
#13307=POLY_LOOP('NONE',(#3649,#3648,#2851,#2850));
#13308=FACE_OUTER_BOUND('NONE',#13307,.T.);
#13309=DIRECTION('NONE',(-0.991138,0.132833,0));
#13310=DIRECTION('NONE',(0.132833,0.991138,0));
#13311=AXIS2_PLACEMENT_3D('NONE',#3649,#13309,#13310);
#13312=PLANE('NONE',#13311);
#13313=FACE_SURFACE('NONE',(#13308),#13312,.T.);
#13314=POLY_LOOP('NONE',(#3650,#3649,#2850,#2849));
#13315=FACE_OUTER_BOUND('NONE',#13314,.T.);
#13316=DIRECTION('NONE',(-0.925629,0.378432,0));
#13317=DIRECTION('NONE',(0.378432,0.925629,0));
#13318=AXIS2_PLACEMENT_3D('NONE',#3650,#13316,#13317);
#13319=PLANE('NONE',#13318);
#13320=FACE_SURFACE('NONE',(#13315),#13319,.T.);
#13321=POLY_LOOP('NONE',(#3869,#3868,#3048,#3047));
#13322=FACE_OUTER_BOUND('NONE',#13321,.T.);
#13323=DIRECTION('NONE',(-0.604882,-0.796315,0));
#13324=DIRECTION('NONE',(-0.796315,0.604882,0));
#13325=AXIS2_PLACEMENT_3D('NONE',#3869,#13323,#13324);
#13326=PLANE('NONE',#13325);
#13327=FACE_SURFACE('NONE',(#13322),#13326,.T.);
#13328=POLY_LOOP('NONE',(#3651,#3650,#2849,#2848));
#13329=FACE_OUTER_BOUND('NONE',#13328,.T.);
#13330=DIRECTION('NONE',(-0.790719,0.612179,0));
#13331=DIRECTION('NONE',(0.612179,0.790719,0));
#13332=AXIS2_PLACEMENT_3D('NONE',#3651,#13330,#13331);
#13333=PLANE('NONE',#13332);
#13334=FACE_SURFACE('NONE',(#13329),#13333,.T.);
#13335=POLY_LOOP('NONE',(#3869,#3047,#3046,#3870));
#13336=FACE_OUTER_BOUND('NONE',#13335,.T.);
#13337=DIRECTION('NONE',(-0.796308,-0.604891,0));
#13338=DIRECTION('NONE',(0,0,-1));
#13339=AXIS2_PLACEMENT_3D('NONE',#3869,#13337,#13338);
#13340=PLANE('NONE',#13339);
#13341=FACE_SURFACE('NONE',(#13336),#13340,.T.);
#13342=POLY_LOOP('NONE',(#3024,#3023,#3818,#3817));
#13343=FACE_OUTER_BOUND('NONE',#13342,.T.);
#13344=DIRECTION('NONE',(-0.381926,-0.924193,0));
#13345=DIRECTION('NONE',(0.924193,-0.381926,0));
#13346=AXIS2_PLACEMENT_3D('NONE',#3024,#13344,#13345);
#13347=PLANE('NONE',#13346);
#13348=FACE_SURFACE('NONE',(#13343),#13347,.T.);
#13349=POLY_LOOP('NONE',(#2839,#2838,#3661,#3660));
#13350=FACE_OUTER_BOUND('NONE',#13349,.T.);
#13351=DIRECTION('NONE',(0.991138,-0.132833,0));
#13352=DIRECTION('NONE',(0.132833,0.991138,0));
#13353=AXIS2_PLACEMENT_3D('NONE',#2839,#13351,#13352);
#13354=PLANE('NONE',#13353);
#13355=FACE_SURFACE('NONE',(#13350),#13354,.T.);
#13356=POLY_LOOP('NONE',(#3819,#3818,#3023,#3022));
#13357=FACE_OUTER_BOUND('NONE',#13356,.T.);
#13358=DIRECTION('NONE',(-0.604882,-0.796315,0));
#13359=DIRECTION('NONE',(-0.796315,0.604882,0));
#13360=AXIS2_PLACEMENT_3D('NONE',#3819,#13358,#13359);
#13361=PLANE('NONE',#13360);
#13362=FACE_SURFACE('NONE',(#13357),#13361,.T.);
#13363=POLY_LOOP('NONE',(#3820,#3819,#3022,#3045));
#13364=FACE_OUTER_BOUND('NONE',#13363,.T.);
#13365=DIRECTION('NONE',(-0.796308,-0.604891,0));
#13366=DIRECTION('NONE',(-0.604891,0.796308,0));
#13367=AXIS2_PLACEMENT_3D('NONE',#3820,#13365,#13366);
#13368=PLANE('NONE',#13367);
#13369=FACE_SURFACE('NONE',(#13364),#13368,.T.);
#13370=POLY_LOOP('NONE',(#3652,#3651,#2848,#2847));
#13371=FACE_OUTER_BOUND('NONE',#13370,.T.);
#13372=DIRECTION('NONE',(-0.61217,0.790726,0));
#13373=DIRECTION('NONE',(0.790726,0.61217,0));
#13374=AXIS2_PLACEMENT_3D('NONE',#3652,#13372,#13373);
#13375=PLANE('NONE',#13374);
#13376=FACE_SURFACE('NONE',(#13371),#13375,.T.);
#13377=POLY_LOOP('NONE',(#3821,#3820,#3045,#3044));
#13378=FACE_OUTER_BOUND('NONE',#13377,.T.);
#13379=DIRECTION('NONE',(-0.924198,-0.381914,0));
#13380=DIRECTION('NONE',(-0.381914,0.924198,0));
#13381=AXIS2_PLACEMENT_3D('NONE',#3821,#13379,#13380);
#13382=PLANE('NONE',#13381);
#13383=FACE_SURFACE('NONE',(#13378),#13382,.T.);
#13384=POLY_LOOP('NONE',(#3652,#2847,#2846,#3653));
#13385=FACE_OUTER_BOUND('NONE',#13384,.T.);
#13386=DIRECTION('NONE',(-0.37844,0.925626,0));
#13387=DIRECTION('NONE',(0,0,-1));
#13388=AXIS2_PLACEMENT_3D('NONE',#3652,#13386,#13387);
#13389=PLANE('NONE',#13388);
#13390=FACE_SURFACE('NONE',(#13385),#13389,.T.);
#13391=POLY_LOOP('NONE',(#3822,#3821,#3044,#3043));
#13392=FACE_OUTER_BOUND('NONE',#13391,.T.);
#13393=DIRECTION('NONE',(-0.99143,-0.130639,0));
#13394=DIRECTION('NONE',(-0.130639,0.99143,0));
#13395=AXIS2_PLACEMENT_3D('NONE',#3822,#13393,#13394);
#13396=PLANE('NONE',#13395);
#13397=FACE_SURFACE('NONE',(#13392),#13396,.T.);
#13398=POLY_LOOP('NONE',(#3653,#2846,#2845,#3654));
#13399=FACE_OUTER_BOUND('NONE',#13398,.T.);
#13400=DIRECTION('NONE',(-0.132838,0.991138,0));
#13401=DIRECTION('NONE',(0,0,-1));
#13402=AXIS2_PLACEMENT_3D('NONE',#3653,#13400,#13401);
#13403=PLANE('NONE',#13402);
#13404=FACE_SURFACE('NONE',(#13399),#13403,.T.);
#13405=POLY_LOOP('NONE',(#3823,#3822,#3043,#3042));
#13406=FACE_OUTER_BOUND('NONE',#13405,.T.);
#13407=DIRECTION('NONE',(-0.99143,0.130639,0));
#13408=DIRECTION('NONE',(0.130639,0.99143,0));
#13409=AXIS2_PLACEMENT_3D('NONE',#3823,#13407,#13408);
#13410=PLANE('NONE',#13409);
#13411=FACE_SURFACE('NONE',(#13406),#13410,.T.);
#13412=POLY_LOOP('NONE',(#3654,#2845,#2844,#3655));
#13413=FACE_OUTER_BOUND('NONE',#13412,.T.);
#13414=DIRECTION('NONE',(0.132838,0.991138,0));
#13415=DIRECTION('NONE',(0,0,-1));
#13416=AXIS2_PLACEMENT_3D('NONE',#3654,#13414,#13415);
#13417=PLANE('NONE',#13416);
#13418=FACE_SURFACE('NONE',(#13413),#13417,.T.);
#13419=POLY_LOOP('NONE',(#3824,#3823,#3042,#3041));
#13420=FACE_OUTER_BOUND('NONE',#13419,.T.);
#13421=DIRECTION('NONE',(-0.924198,0.381914,0));
#13422=DIRECTION('NONE',(0.381914,0.924198,0));
#13423=AXIS2_PLACEMENT_3D('NONE',#3824,#13421,#13422);
#13424=PLANE('NONE',#13423);
#13425=FACE_SURFACE('NONE',(#13420),#13424,.T.);
#13426=POLY_LOOP('NONE',(#3825,#3824,#3041,#3040));
#13427=FACE_OUTER_BOUND('NONE',#13426,.T.);
#13428=DIRECTION('NONE',(-0.796308,0.604891,0));
#13429=DIRECTION('NONE',(0.604891,0.796308,0));
#13430=AXIS2_PLACEMENT_3D('NONE',#3825,#13428,#13429);
#13431=PLANE('NONE',#13430);
#13432=FACE_SURFACE('NONE',(#13427),#13431,.T.);
#13433=POLY_LOOP('NONE',(#3825,#3040,#3039,#3826));
#13434=FACE_OUTER_BOUND('NONE',#13433,.T.);
#13435=DIRECTION('NONE',(-0.604882,0.796315,0));
#13436=DIRECTION('NONE',(0,0,-1));
#13437=AXIS2_PLACEMENT_3D('NONE',#3825,#13435,#13436);
#13438=PLANE('NONE',#13437);
#13439=FACE_SURFACE('NONE',(#13434),#13438,.T.);
#13440=POLY_LOOP('NONE',(#3056,#3055,#3885,#3884));
#13441=FACE_OUTER_BOUND('NONE',#13440,.T.);
#13442=DIRECTION('NONE',(0.991428,-0.130653,0));
#13443=DIRECTION('NONE',(0.130653,0.991428,0));
#13444=AXIS2_PLACEMENT_3D('NONE',#3056,#13442,#13443);
#13445=PLANE('NONE',#13444);
#13446=FACE_SURFACE('NONE',(#13441),#13445,.T.);
#13447=POLY_LOOP('NONE',(#3885,#3055,#3054,#3886));
#13448=FACE_OUTER_BOUND('NONE',#13447,.T.);
#13449=DIRECTION('NONE',(0.924203,-0.381901,0));
#13450=DIRECTION('NONE',(0,0,-1));
#13451=AXIS2_PLACEMENT_3D('NONE',#3885,#13449,#13450);
#13452=PLANE('NONE',#13451);
#13453=FACE_SURFACE('NONE',(#13448),#13452,.T.);
#13454=POLY_LOOP('NONE',(#3053,#3887,#3886,#3054));
#13455=FACE_OUTER_BOUND('NONE',#13454,.T.);
#13456=DIRECTION('NONE',(0.796308,-0.604891,0));
#13457=DIRECTION('NONE',(0,0,1));
#13458=AXIS2_PLACEMENT_3D('NONE',#3053,#13456,#13457);
#13459=PLANE('NONE',#13458);
#13460=FACE_SURFACE('NONE',(#13455),#13459,.T.);
#13461=POLY_LOOP('NONE',(#3882,#3881,#3059,#3058));
#13462=FACE_OUTER_BOUND('NONE',#13461,.T.);
#13463=DIRECTION('NONE',(0.796308,0.604891,0));
#13464=DIRECTION('NONE',(0.604891,-0.796308,0));
#13465=AXIS2_PLACEMENT_3D('NONE',#3882,#13463,#13464);
#13466=PLANE('NONE',#13465);
#13467=FACE_SURFACE('NONE',(#13462),#13466,.T.);
#13468=POLY_LOOP('NONE',(#3882,#3058,#3057,#3883));
#13469=FACE_OUTER_BOUND('NONE',#13468,.T.);
#13470=DIRECTION('NONE',(0.924203,0.381901,0));
#13471=DIRECTION('NONE',(0,0,-1));
#13472=AXIS2_PLACEMENT_3D('NONE',#3882,#13470,#13471);
#13473=PLANE('NONE',#13472);
#13474=FACE_SURFACE('NONE',(#13469),#13473,.T.);
#13475=POLY_LOOP('NONE',(#3883,#3057,#3056,#3884));
#13476=FACE_OUTER_BOUND('NONE',#13475,.T.);
#13477=DIRECTION('NONE',(0.991428,0.130653,0));
#13478=DIRECTION('NONE',(0,0,-1));
#13479=AXIS2_PLACEMENT_3D('NONE',#3883,#13477,#13478);
#13480=PLANE('NONE',#13479);
#13481=FACE_SURFACE('NONE',(#13476),#13480,.T.);
#13482=POLY_LOOP('NONE',(#3031,#3030,#3835,#3834));
#13483=FACE_OUTER_BOUND('NONE',#13482,.T.);
#13484=DIRECTION('NONE',(0.991428,-0.130653,0));
#13485=DIRECTION('NONE',(0.130653,0.991428,0));
#13486=AXIS2_PLACEMENT_3D('NONE',#3031,#13484,#13485);
#13487=PLANE('NONE',#13486);
#13488=FACE_SURFACE('NONE',(#13483),#13487,.T.);
#13489=POLY_LOOP('NONE',(#3835,#3030,#3029,#3836));
#13490=FACE_OUTER_BOUND('NONE',#13489,.T.);
#13491=DIRECTION('NONE',(0.924198,-0.381914,0));
#13492=DIRECTION('NONE',(0,0,-1));
#13493=AXIS2_PLACEMENT_3D('NONE',#3835,#13491,#13492);
#13494=PLANE('NONE',#13493);
#13495=FACE_SURFACE('NONE',(#13490),#13494,.T.);
#13496=POLY_LOOP('NONE',(#3838,#3837,#3028,#3027));
#13497=FACE_OUTER_BOUND('NONE',#13496,.T.);
#13498=DIRECTION('NONE',(0.604882,-0.796315,0));
#13499=DIRECTION('NONE',(-0.796315,-0.604882,0));
#13500=AXIS2_PLACEMENT_3D('NONE',#3838,#13498,#13499);
#13501=PLANE('NONE',#13500);
#13502=FACE_SURFACE('NONE',(#13497),#13501,.T.);
#13503=POLY_LOOP('NONE',(#3836,#3029,#3028,#3837));
#13504=FACE_OUTER_BOUND('NONE',#13503,.T.);
#13505=DIRECTION('NONE',(0.796315,-0.604882,0));
#13506=DIRECTION('NONE',(0,0,-1));
#13507=AXIS2_PLACEMENT_3D('NONE',#3836,#13505,#13506);
#13508=PLANE('NONE',#13507);
#13509=FACE_SURFACE('NONE',(#13504),#13508,.T.);
#13510=POLY_LOOP('NONE',(#3839,#3838,#3027,#3026));
#13511=FACE_OUTER_BOUND('NONE',#13510,.T.);
#13512=DIRECTION('NONE',(0.381921,-0.924195,0));
#13513=DIRECTION('NONE',(-0.924195,-0.381921,0));
#13514=AXIS2_PLACEMENT_3D('NONE',#3839,#13512,#13513);
#13515=PLANE('NONE',#13514);
#13516=FACE_SURFACE('NONE',(#13511),#13515,.T.);
#13517=POLY_LOOP('NONE',(#3816,#3839,#3026,#3025));
#13518=FACE_OUTER_BOUND('NONE',#13517,.T.);
#13519=DIRECTION('NONE',(0.130641,-0.99143,0));
#13520=DIRECTION('NONE',(-0.99143,-0.130641,0));
#13521=AXIS2_PLACEMENT_3D('NONE',#3816,#13519,#13520);
#13522=PLANE('NONE',#13521);
#13523=FACE_SURFACE('NONE',(#13518),#13522,.T.);
#13524=POLY_LOOP('NONE',(#3817,#3816,#3025,#3024));
#13525=FACE_OUTER_BOUND('NONE',#13524,.T.);
#13526=DIRECTION('NONE',(-0.130639,-0.99143,0));
#13527=DIRECTION('NONE',(-0.99143,0.130639,0));
#13528=AXIS2_PLACEMENT_3D('NONE',#3817,#13526,#13527);
#13529=PLANE('NONE',#13528);
#13530=FACE_SURFACE('NONE',(#13525),#13529,.T.);
#13531=POLY_LOOP('NONE',(#3827,#3826,#3039,#3038));
#13532=FACE_OUTER_BOUND('NONE',#13531,.T.);
#13533=DIRECTION('NONE',(-0.381926,0.924193,0));
#13534=DIRECTION('NONE',(0.924193,0.381926,0));
#13535=AXIS2_PLACEMENT_3D('NONE',#3827,#13533,#13534);
#13536=PLANE('NONE',#13535);
#13537=FACE_SURFACE('NONE',(#13532),#13536,.T.);
#13538=POLY_LOOP('NONE',(#3827,#3038,#3037,#3828));
#13539=FACE_OUTER_BOUND('NONE',#13538,.T.);
#13540=DIRECTION('NONE',(-0.130639,0.99143,0));
#13541=DIRECTION('NONE',(0,0,-1));
#13542=AXIS2_PLACEMENT_3D('NONE',#3827,#13540,#13541);
#13543=PLANE('NONE',#13542);
#13544=FACE_SURFACE('NONE',(#13539),#13543,.T.);
#13545=POLY_LOOP('NONE',(#3828,#3037,#3036,#3829));
#13546=FACE_OUTER_BOUND('NONE',#13545,.T.);
#13547=DIRECTION('NONE',(0.130641,0.99143,0));
#13548=DIRECTION('NONE',(0,0,-1));
#13549=AXIS2_PLACEMENT_3D('NONE',#3828,#13547,#13548);
#13550=PLANE('NONE',#13549);
#13551=FACE_SURFACE('NONE',(#13546),#13550,.T.);
#13552=POLY_LOOP('NONE',(#3829,#3036,#3035,#3830));
#13553=FACE_OUTER_BOUND('NONE',#13552,.T.);
#13554=DIRECTION('NONE',(0.381921,0.924195,0));
#13555=DIRECTION('NONE',(0,0,-1));
#13556=AXIS2_PLACEMENT_3D('NONE',#3829,#13554,#13555);
#13557=PLANE('NONE',#13556);
#13558=FACE_SURFACE('NONE',(#13553),#13557,.T.);
#13559=POLY_LOOP('NONE',(#3830,#3035,#3034,#3831));
#13560=FACE_OUTER_BOUND('NONE',#13559,.T.);
#13561=DIRECTION('NONE',(0.604882,0.796315,0));
#13562=DIRECTION('NONE',(0,0,-1));
#13563=AXIS2_PLACEMENT_3D('NONE',#3830,#13561,#13562);
#13564=PLANE('NONE',#13563);
#13565=FACE_SURFACE('NONE',(#13560),#13564,.T.);
#13566=POLY_LOOP('NONE',(#3831,#3034,#3033,#3832));
#13567=FACE_OUTER_BOUND('NONE',#13566,.T.);
#13568=DIRECTION('NONE',(0.796315,0.604882,0));
#13569=DIRECTION('NONE',(0,0,-1));
#13570=AXIS2_PLACEMENT_3D('NONE',#3831,#13568,#13569);
#13571=PLANE('NONE',#13570);
#13572=FACE_SURFACE('NONE',(#13567),#13571,.T.);
#13573=POLY_LOOP('NONE',(#3832,#3033,#3032,#3833));
#13574=FACE_OUTER_BOUND('NONE',#13573,.T.);
#13575=DIRECTION('NONE',(0.924198,0.381914,0));
#13576=DIRECTION('NONE',(0,0,-1));
#13577=AXIS2_PLACEMENT_3D('NONE',#3832,#13575,#13576);
#13578=PLANE('NONE',#13577);
#13579=FACE_SURFACE('NONE',(#13574),#13578,.T.);
#13580=POLY_LOOP('NONE',(#3655,#2844,#2843,#3656));
#13581=FACE_OUTER_BOUND('NONE',#13580,.T.);
#13582=DIRECTION('NONE',(0.37844,0.925626,0));
#13583=DIRECTION('NONE',(0,0,-1));
#13584=AXIS2_PLACEMENT_3D('NONE',#3655,#13582,#13583);
#13585=PLANE('NONE',#13584);
#13586=FACE_SURFACE('NONE',(#13581),#13585,.T.);
#13587=POLY_LOOP('NONE',(#3833,#3032,#3031,#3834));
#13588=FACE_OUTER_BOUND('NONE',#13587,.T.);
#13589=DIRECTION('NONE',(0.991428,0.130653,0));
#13590=DIRECTION('NONE',(0,0,-1));
#13591=AXIS2_PLACEMENT_3D('NONE',#3833,#13589,#13590);
#13592=PLANE('NONE',#13591);
#13593=FACE_SURFACE('NONE',(#13588),#13592,.T.);
#13594=POLY_LOOP('NONE',(#3656,#2843,#2842,#3657));
#13595=FACE_OUTER_BOUND('NONE',#13594,.T.);
#13596=DIRECTION('NONE',(0.61217,0.790726,0));
#13597=DIRECTION('NONE',(0,0,-1));
#13598=AXIS2_PLACEMENT_3D('NONE',#3656,#13596,#13597);
#13599=PLANE('NONE',#13598);
#13600=FACE_SURFACE('NONE',(#13595),#13599,.T.);
#13601=POLY_LOOP('NONE',(#3657,#2842,#2841,#3658));
#13602=FACE_OUTER_BOUND('NONE',#13601,.T.);
#13603=DIRECTION('NONE',(0.790722,0.612176,0));
#13604=DIRECTION('NONE',(0,0,-1));
#13605=AXIS2_PLACEMENT_3D('NONE',#3657,#13603,#13604);
#13606=PLANE('NONE',#13605);
#13607=FACE_SURFACE('NONE',(#13602),#13606,.T.);
#13608=POLY_LOOP('NONE',(#3638,#3637,#2824,#2823));
#13609=FACE_OUTER_BOUND('NONE',#13608,.T.);
#13610=DIRECTION('NONE',(-0.991138,-0.132838,0));
#13611=DIRECTION('NONE',(-0.132838,0.991138,0));
#13612=AXIS2_PLACEMENT_3D('NONE',#3638,#13610,#13611);
#13613=PLANE('NONE',#13612);
#13614=FACE_SURFACE('NONE',(#13609),#13613,.T.);
#13615=POLY_LOOP('NONE',(#3658,#2841,#2840,#3659));
#13616=FACE_OUTER_BOUND('NONE',#13615,.T.);
#13617=DIRECTION('NONE',(0.925628,0.378436,0));
#13618=DIRECTION('NONE',(0,0,-1));
#13619=AXIS2_PLACEMENT_3D('NONE',#3658,#13617,#13618);
#13620=PLANE('NONE',#13619);
#13621=FACE_SURFACE('NONE',(#13616),#13620,.T.);
#13622=POLY_LOOP('NONE',(#3639,#3638,#2823,#2822));
#13623=FACE_OUTER_BOUND('NONE',#13622,.T.);
#13624=DIRECTION('NONE',(-0.991138,0.132838,0));
#13625=DIRECTION('NONE',(0.132838,0.991138,0));
#13626=AXIS2_PLACEMENT_3D('NONE',#3639,#13624,#13625);
#13627=PLANE('NONE',#13626);
#13628=FACE_SURFACE('NONE',(#13623),#13627,.T.);
#13629=POLY_LOOP('NONE',(#3659,#2840,#2839,#3660));
#13630=FACE_OUTER_BOUND('NONE',#13629,.T.);
#13631=DIRECTION('NONE',(0.991138,0.132833,0));
#13632=DIRECTION('NONE',(0,0,-1));
#13633=AXIS2_PLACEMENT_3D('NONE',#3659,#13631,#13632);
#13634=PLANE('NONE',#13633);
#13635=FACE_SURFACE('NONE',(#13630),#13634,.T.);
#13636=POLY_LOOP('NONE',(#3640,#3639,#2822,#2821));
#13637=FACE_OUTER_BOUND('NONE',#13636,.T.);
#13638=DIRECTION('NONE',(-0.925629,0.378432,0));
#13639=DIRECTION('NONE',(0.378432,0.925629,0));
#13640=AXIS2_PLACEMENT_3D('NONE',#3640,#13638,#13639);
#13641=PLANE('NONE',#13640);
#13642=FACE_SURFACE('NONE',(#13637),#13641,.T.);
#13643=POLY_LOOP('NONE',(#3384,#3383,#2546,#2545));
#13644=FACE_OUTER_BOUND('NONE',#13643,.T.);
#13645=DIRECTION('NONE',(-0.609156,-0.793051,0));
#13646=DIRECTION('NONE',(-0.793051,0.609156,0));
#13647=AXIS2_PLACEMENT_3D('NONE',#3384,#13645,#13646);
#13648=PLANE('NONE',#13647);
#13649=FACE_SURFACE('NONE',(#13644),#13648,.T.);
#13650=POLY_LOOP('NONE',(#3385,#3384,#2545,#2544));
#13651=FACE_OUTER_BOUND('NONE',#13650,.T.);
#13652=DIRECTION('NONE',(-0.79305,-0.609157,0));
#13653=DIRECTION('NONE',(-0.609157,0.79305,0));
#13654=AXIS2_PLACEMENT_3D('NONE',#3385,#13652,#13653);
#13655=PLANE('NONE',#13654);
#13656=FACE_SURFACE('NONE',(#13651),#13655,.T.);
#13657=POLY_LOOP('NONE',(#3362,#3385,#2544,#2543));
#13658=FACE_OUTER_BOUND('NONE',#13657,.T.);
#13659=DIRECTION('NONE',(-0.923644,-0.383252,0));
#13660=DIRECTION('NONE',(-0.383252,0.923644,0));
#13661=AXIS2_PLACEMENT_3D('NONE',#3362,#13659,#13660);
#13662=PLANE('NONE',#13661);
#13663=FACE_SURFACE('NONE',(#13658),#13662,.T.);
#13664=POLY_LOOP('NONE',(#3641,#3640,#2821,#2820));
#13665=FACE_OUTER_BOUND('NONE',#13664,.T.);
#13666=DIRECTION('NONE',(-0.790724,0.612173,0));
#13667=DIRECTION('NONE',(0.612173,0.790724,0));
#13668=AXIS2_PLACEMENT_3D('NONE',#3641,#13666,#13667);
#13669=PLANE('NONE',#13668);
#13670=FACE_SURFACE('NONE',(#13665),#13669,.T.);
#13671=POLY_LOOP('NONE',(#3641,#2820,#2819,#3642));
#13672=FACE_OUTER_BOUND('NONE',#13671,.T.);
#13673=DIRECTION('NONE',(-0.612168,0.790728,0));
#13674=DIRECTION('NONE',(0,0,-1));
#13675=AXIS2_PLACEMENT_3D('NONE',#3641,#13673,#13674);
#13676=PLANE('NONE',#13675);
#13677=FACE_SURFACE('NONE',(#13672),#13676,.T.);
#13678=POLY_LOOP('NONE',(#3642,#2819,#2818,#3643));
#13679=FACE_OUTER_BOUND('NONE',#13678,.T.);
#13680=DIRECTION('NONE',(-0.37844,0.925626,0));
#13681=DIRECTION('NONE',(0,0,-1));
#13682=AXIS2_PLACEMENT_3D('NONE',#3642,#13680,#13681);
#13683=PLANE('NONE',#13682);
#13684=FACE_SURFACE('NONE',(#13679),#13683,.T.);
#13685=POLY_LOOP('NONE',(#3380,#3379,#2550,#2549));
#13686=FACE_OUTER_BOUND('NONE',#13685,.T.);
#13687=DIRECTION('NONE',(0.383255,-0.923642,0));
#13688=DIRECTION('NONE',(-0.923642,-0.383255,0));
#13689=AXIS2_PLACEMENT_3D('NONE',#3380,#13687,#13688);
#13690=PLANE('NONE',#13689);
#13691=FACE_SURFACE('NONE',(#13686),#13690,.T.);
#13692=POLY_LOOP('NONE',(#3643,#2818,#2817,#3644));
#13693=FACE_OUTER_BOUND('NONE',#13692,.T.);
#13694=DIRECTION('NONE',(-0.132838,0.991138,0));
#13695=DIRECTION('NONE',(0,0,-1));
#13696=AXIS2_PLACEMENT_3D('NONE',#3643,#13694,#13695);
#13697=PLANE('NONE',#13696);
#13698=FACE_SURFACE('NONE',(#13693),#13697,.T.);
#13699=POLY_LOOP('NONE',(#3381,#3380,#2549,#2548));
#13700=FACE_OUTER_BOUND('NONE',#13699,.T.);
#13701=DIRECTION('NONE',(0.130159,-0.991493,0));
#13702=DIRECTION('NONE',(-0.991493,-0.130159,0));
#13703=AXIS2_PLACEMENT_3D('NONE',#3381,#13701,#13702);
#13704=PLANE('NONE',#13703);
#13705=FACE_SURFACE('NONE',(#13700),#13704,.T.);
#13706=POLY_LOOP('NONE',(#3644,#2817,#2816,#3645));
#13707=FACE_OUTER_BOUND('NONE',#13706,.T.);
#13708=DIRECTION('NONE',(0.132838,0.991138,0));
#13709=DIRECTION('NONE',(0,0,-1));
#13710=AXIS2_PLACEMENT_3D('NONE',#3644,#13708,#13709);
#13711=PLANE('NONE',#13710);
#13712=FACE_SURFACE('NONE',(#13707),#13711,.T.);
#13713=POLY_LOOP('NONE',(#3382,#3381,#2548,#2547));
#13714=FACE_OUTER_BOUND('NONE',#13713,.T.);
#13715=DIRECTION('NONE',(-0.130159,-0.991493,0));
#13716=DIRECTION('NONE',(-0.991493,0.130159,0));
#13717=AXIS2_PLACEMENT_3D('NONE',#3382,#13715,#13716);
#13718=PLANE('NONE',#13717);
#13719=FACE_SURFACE('NONE',(#13714),#13718,.T.);
#13720=POLY_LOOP('NONE',(#2811,#2810,#3627,#3626));
#13721=FACE_OUTER_BOUND('NONE',#13720,.T.);
#13722=DIRECTION('NONE',(0.991139,-0.132828,0));
#13723=DIRECTION('NONE',(0.132828,0.991139,0));
#13724=AXIS2_PLACEMENT_3D('NONE',#2811,#13722,#13723);
#13725=PLANE('NONE',#13724);
#13726=FACE_SURFACE('NONE',(#13721),#13725,.T.);
#13727=POLY_LOOP('NONE',(#3646,#3645,#2816,#2815));
#13728=FACE_OUTER_BOUND('NONE',#13727,.T.);
#13729=DIRECTION('NONE',(0.37844,0.925626,0));
#13730=DIRECTION('NONE',(0.925626,-0.37844,0));
#13731=AXIS2_PLACEMENT_3D('NONE',#3646,#13729,#13730);
#13732=PLANE('NONE',#13731);
#13733=FACE_SURFACE('NONE',(#13728),#13732,.T.);
#13734=POLY_LOOP('NONE',(#3646,#2815,#2814,#3647));
#13735=FACE_OUTER_BOUND('NONE',#13734,.T.);
#13736=DIRECTION('NONE',(0.612168,0.790728,0));
#13737=DIRECTION('NONE',(0,0,-1));
#13738=AXIS2_PLACEMENT_3D('NONE',#3646,#13736,#13737);
#13739=PLANE('NONE',#13738);
#13740=FACE_SURFACE('NONE',(#13735),#13739,.T.);
#13741=POLY_LOOP('NONE',(#3647,#2814,#2813,#3624));
#13742=FACE_OUTER_BOUND('NONE',#13741,.T.);
#13743=DIRECTION('NONE',(0.790724,0.612173,0));
#13744=DIRECTION('NONE',(0,0,-1));
#13745=AXIS2_PLACEMENT_3D('NONE',#3647,#13743,#13744);
#13746=PLANE('NONE',#13745);
#13747=FACE_SURFACE('NONE',(#13742),#13746,.T.);
#13748=POLY_LOOP('NONE',(#3624,#2813,#2812,#3625));
#13749=FACE_OUTER_BOUND('NONE',#13748,.T.);
#13750=DIRECTION('NONE',(0.925626,0.37844,0));
#13751=DIRECTION('NONE',(0,0,-1));
#13752=AXIS2_PLACEMENT_3D('NONE',#3624,#13750,#13751);
#13753=PLANE('NONE',#13752);
#13754=FACE_SURFACE('NONE',(#13749),#13753,.T.);
#13755=POLY_LOOP('NONE',(#2547,#2546,#3383,#3382));
#13756=FACE_OUTER_BOUND('NONE',#13755,.T.);
#13757=DIRECTION('NONE',(-0.383255,-0.923642,0));
#13758=DIRECTION('NONE',(0.923642,-0.383255,0));
#13759=AXIS2_PLACEMENT_3D('NONE',#2547,#13757,#13758);
#13760=PLANE('NONE',#13759);
#13761=FACE_SURFACE('NONE',(#13756),#13760,.T.);
#13762=POLY_LOOP('NONE',(#3662,#3661,#2838,#2837));
#13763=FACE_OUTER_BOUND('NONE',#13762,.T.);
#13764=DIRECTION('NONE',(0.925628,-0.378436,0));
#13765=DIRECTION('NONE',(-0.378436,-0.925628,0));
#13766=AXIS2_PLACEMENT_3D('NONE',#3662,#13764,#13765);
#13767=PLANE('NONE',#13766);
#13768=FACE_SURFACE('NONE',(#13763),#13767,.T.);
#13769=POLY_LOOP('NONE',(#3664,#3663,#2836,#2835));
#13770=FACE_OUTER_BOUND('NONE',#13769,.T.);
#13771=DIRECTION('NONE',(0.612177,-0.790721,0));
#13772=DIRECTION('NONE',(-0.790721,-0.612177,0));
#13773=AXIS2_PLACEMENT_3D('NONE',#3664,#13771,#13772);
#13774=PLANE('NONE',#13773);
#13775=FACE_SURFACE('NONE',(#13770),#13774,.T.);
#13776=POLY_LOOP('NONE',(#3625,#2812,#2811,#3626));
#13777=FACE_OUTER_BOUND('NONE',#13776,.T.);
#13778=DIRECTION('NONE',(0.991139,0.132828,0));
#13779=DIRECTION('NONE',(0,0,-1));
#13780=AXIS2_PLACEMENT_3D('NONE',#3625,#13778,#13779);
#13781=PLANE('NONE',#13780);
#13782=FACE_SURFACE('NONE',(#13777),#13781,.T.);
#13783=POLY_LOOP('NONE',(#3662,#2837,#2836,#3663));
#13784=FACE_OUTER_BOUND('NONE',#13783,.T.);
#13785=DIRECTION('NONE',(0.790725,-0.612171,0));
#13786=DIRECTION('NONE',(0,0,-1));
#13787=AXIS2_PLACEMENT_3D('NONE',#3662,#13785,#13786);
#13788=PLANE('NONE',#13787);
#13789=FACE_SURFACE('NONE',(#13784),#13788,.T.);
#13790=POLY_LOOP('NONE',(#3665,#3664,#2835,#2834));
#13791=FACE_OUTER_BOUND('NONE',#13790,.T.);
#13792=DIRECTION('NONE',(0.378432,-0.925629,0));
#13793=DIRECTION('NONE',(-0.925629,-0.378432,0));
#13794=AXIS2_PLACEMENT_3D('NONE',#3665,#13792,#13793);
#13795=PLANE('NONE',#13794);
#13796=FACE_SURFACE('NONE',(#13791),#13795,.T.);
#13797=POLY_LOOP('NONE',(#3666,#3665,#2834,#2833));
#13798=FACE_OUTER_BOUND('NONE',#13797,.T.);
#13799=DIRECTION('NONE',(0.132828,-0.991139,0));
#13800=DIRECTION('NONE',(-0.991139,-0.132828,0));
#13801=AXIS2_PLACEMENT_3D('NONE',#3666,#13799,#13800);
#13802=PLANE('NONE',#13801);
#13803=FACE_SURFACE('NONE',(#13798),#13802,.T.);
#13804=POLY_LOOP('NONE',(#3667,#3666,#2833,#2832));
#13805=FACE_OUTER_BOUND('NONE',#13804,.T.);
#13806=DIRECTION('NONE',(-0.132828,-0.991139,0));
#13807=DIRECTION('NONE',(-0.991139,0.132828,0));
#13808=AXIS2_PLACEMENT_3D('NONE',#3667,#13806,#13807);
#13809=PLANE('NONE',#13808);
#13810=FACE_SURFACE('NONE',(#13805),#13809,.T.);
#13811=POLY_LOOP('NONE',(#3668,#3667,#2832,#2831));
#13812=FACE_OUTER_BOUND('NONE',#13811,.T.);
#13813=DIRECTION('NONE',(-0.378432,-0.925629,0));
#13814=DIRECTION('NONE',(-0.925629,0.378432,0));
#13815=AXIS2_PLACEMENT_3D('NONE',#3668,#13813,#13814);
#13816=PLANE('NONE',#13815);
#13817=FACE_SURFACE('NONE',(#13812),#13816,.T.);
#13818=POLY_LOOP('NONE',(#2519,#2518,#3343,#3342));
#13819=FACE_OUTER_BOUND('NONE',#13818,.T.);
#13820=DIRECTION('NONE',(-0.130159,-0.991493,0));
#13821=DIRECTION('NONE',(0.991493,-0.130159,0));
#13822=AXIS2_PLACEMENT_3D('NONE',#2519,#13820,#13821);
#13823=PLANE('NONE',#13822);
#13824=FACE_SURFACE('NONE',(#13819),#13823,.T.);
#13825=POLY_LOOP('NONE',(#2716,#2715,#3530,#3553));
#13826=FACE_OUTER_BOUND('NONE',#13825,.T.);
#13827=DIRECTION('NONE',(0.130685,-0.991424,0));
#13828=DIRECTION('NONE',(0.991424,0.130685,0));
#13829=AXIS2_PLACEMENT_3D('NONE',#2716,#13827,#13828);
#13830=PLANE('NONE',#13829);
#13831=FACE_SURFACE('NONE',(#13826),#13830,.T.);
#13832=POLY_LOOP('NONE',(#3344,#3343,#2518,#2541));
#13833=FACE_OUTER_BOUND('NONE',#13832,.T.);
#13834=DIRECTION('NONE',(-0.383257,-0.923642,0));
#13835=DIRECTION('NONE',(-0.923642,0.383257,0));
#13836=AXIS2_PLACEMENT_3D('NONE',#3344,#13834,#13835);
#13837=PLANE('NONE',#13836);
#13838=FACE_SURFACE('NONE',(#13833),#13837,.T.);
#13839=POLY_LOOP('NONE',(#3345,#3344,#2541,#2540));
#13840=FACE_OUTER_BOUND('NONE',#13839,.T.);
#13841=DIRECTION('NONE',(-0.609155,-0.793051,0));
#13842=DIRECTION('NONE',(-0.793051,0.609155,0));
#13843=AXIS2_PLACEMENT_3D('NONE',#3345,#13841,#13842);
#13844=PLANE('NONE',#13843);
#13845=FACE_SURFACE('NONE',(#13840),#13844,.T.);
#13846=POLY_LOOP('NONE',(#3531,#3530,#2715,#2714));
#13847=FACE_OUTER_BOUND('NONE',#13846,.T.);
#13848=DIRECTION('NONE',(-0.130685,-0.991424,0));
#13849=DIRECTION('NONE',(-0.991424,0.130685,0));
#13850=AXIS2_PLACEMENT_3D('NONE',#3531,#13848,#13849);
#13851=PLANE('NONE',#13850);
#13852=FACE_SURFACE('NONE',(#13847),#13851,.T.);
#13853=POLY_LOOP('NONE',(#3346,#3345,#2540,#2539));
#13854=FACE_OUTER_BOUND('NONE',#13853,.T.);
#13855=DIRECTION('NONE',(-0.79305,-0.609156,0));
#13856=DIRECTION('NONE',(-0.609156,0.79305,0));
#13857=AXIS2_PLACEMENT_3D('NONE',#3346,#13855,#13856);
#13858=PLANE('NONE',#13857);
#13859=FACE_SURFACE('NONE',(#13854),#13858,.T.);
#13860=POLY_LOOP('NONE',(#3532,#3531,#2714,#2713));
#13861=FACE_OUTER_BOUND('NONE',#13860,.T.);
#13862=DIRECTION('NONE',(-0.383019,-0.92374,0));
#13863=DIRECTION('NONE',(-0.92374,0.383019,0));
#13864=AXIS2_PLACEMENT_3D('NONE',#3532,#13862,#13863);
#13865=PLANE('NONE',#13864);
#13866=FACE_SURFACE('NONE',(#13861),#13865,.T.);
#13867=POLY_LOOP('NONE',(#3347,#3346,#2539,#2538));
#13868=FACE_OUTER_BOUND('NONE',#13867,.T.);
#13869=DIRECTION('NONE',(-0.923643,-0.383254,0));
#13870=DIRECTION('NONE',(-0.383254,0.923643,0));
#13871=AXIS2_PLACEMENT_3D('NONE',#3347,#13869,#13870);
#13872=PLANE('NONE',#13871);
#13873=FACE_SURFACE('NONE',(#13868),#13872,.T.);
#13874=POLY_LOOP('NONE',(#3348,#3347,#2538,#2537));
#13875=FACE_OUTER_BOUND('NONE',#13874,.T.);
#13876=DIRECTION('NONE',(-0.991494,-0.130156,0));
#13877=DIRECTION('NONE',(-0.130156,0.991494,0));
#13878=AXIS2_PLACEMENT_3D('NONE',#3348,#13876,#13877);
#13879=PLANE('NONE',#13878);
#13880=FACE_SURFACE('NONE',(#13875),#13879,.T.);
#13881=POLY_LOOP('NONE',(#3533,#3532,#2713,#2712));
#13882=FACE_OUTER_BOUND('NONE',#13881,.T.);
#13883=DIRECTION('NONE',(-0.608622,-0.79346,0));
#13884=DIRECTION('NONE',(-0.79346,0.608622,0));
#13885=AXIS2_PLACEMENT_3D('NONE',#3533,#13883,#13884);
#13886=PLANE('NONE',#13885);
#13887=FACE_SURFACE('NONE',(#13882),#13886,.T.);
#13888=POLY_LOOP('NONE',(#3534,#3533,#2712,#2711));
#13889=FACE_OUTER_BOUND('NONE',#13888,.T.);
#13890=DIRECTION('NONE',(-0.793462,-0.60862,0));
#13891=DIRECTION('NONE',(-0.60862,0.793462,0));
#13892=AXIS2_PLACEMENT_3D('NONE',#3534,#13890,#13891);
#13893=PLANE('NONE',#13892);
#13894=FACE_SURFACE('NONE',(#13889),#13893,.T.);
#13895=POLY_LOOP('NONE',(#3535,#3534,#2711,#2710));
#13896=FACE_OUTER_BOUND('NONE',#13895,.T.);
#13897=DIRECTION('NONE',(-0.923742,-0.383015,0));
#13898=DIRECTION('NONE',(-0.383015,0.923742,0));
#13899=AXIS2_PLACEMENT_3D('NONE',#3535,#13897,#13898);
#13900=PLANE('NONE',#13899);
#13901=FACE_SURFACE('NONE',(#13896),#13900,.T.);
#13902=POLY_LOOP('NONE',(#3536,#3535,#2710,#2733));
#13903=FACE_OUTER_BOUND('NONE',#13902,.T.);
#13904=DIRECTION('NONE',(-0.991423,-0.130689,0));
#13905=DIRECTION('NONE',(-0.130689,0.991423,0));
#13906=AXIS2_PLACEMENT_3D('NONE',#3536,#13904,#13905);
#13907=PLANE('NONE',#13906);
#13908=FACE_SURFACE('NONE',(#13903),#13907,.T.);
#13909=POLY_LOOP('NONE',(#2807,#2806,#3631,#3630));
#13910=FACE_OUTER_BOUND('NONE',#13909,.T.);
#13911=DIRECTION('NONE',(0.378432,-0.925629,0));
#13912=DIRECTION('NONE',(0.925629,0.378432,0));
#13913=AXIS2_PLACEMENT_3D('NONE',#2807,#13911,#13912);
#13914=PLANE('NONE',#13913);
#13915=FACE_SURFACE('NONE',(#13910),#13914,.T.);
#13916=POLY_LOOP('NONE',(#3537,#3536,#2733,#2732));
#13917=FACE_OUTER_BOUND('NONE',#13916,.T.);
#13918=DIRECTION('NONE',(-0.991423,0.130689,0));
#13919=DIRECTION('NONE',(0.130689,0.991423,0));
#13920=AXIS2_PLACEMENT_3D('NONE',#3537,#13918,#13919);
#13921=PLANE('NONE',#13920);
#13922=FACE_SURFACE('NONE',(#13917),#13921,.T.);
#13923=POLY_LOOP('NONE',(#3538,#3537,#2732,#2731));
#13924=FACE_OUTER_BOUND('NONE',#13923,.T.);
#13925=DIRECTION('NONE',(-0.923742,0.383015,0));
#13926=DIRECTION('NONE',(0.383015,0.923742,0));
#13927=AXIS2_PLACEMENT_3D('NONE',#3538,#13925,#13926);
#13928=PLANE('NONE',#13927);
#13929=FACE_SURFACE('NONE',(#13924),#13928,.T.);
#13930=POLY_LOOP('NONE',(#3539,#3538,#2731,#2730));
#13931=FACE_OUTER_BOUND('NONE',#13930,.T.);
#13932=DIRECTION('NONE',(-0.793462,0.60862,0));
#13933=DIRECTION('NONE',(0.60862,0.793462,0));
#13934=AXIS2_PLACEMENT_3D('NONE',#3539,#13932,#13933);
#13935=PLANE('NONE',#13934);
#13936=FACE_SURFACE('NONE',(#13931),#13935,.T.);
#13937=POLY_LOOP('NONE',(#3539,#2730,#2729,#3540));
#13938=FACE_OUTER_BOUND('NONE',#13937,.T.);
#13939=DIRECTION('NONE',(-0.608622,0.79346,0));
#13940=DIRECTION('NONE',(0,0,-1));
#13941=AXIS2_PLACEMENT_3D('NONE',#3539,#13939,#13940);
#13942=PLANE('NONE',#13941);
#13943=FACE_SURFACE('NONE',(#13938),#13942,.T.);
#13944=POLY_LOOP('NONE',(#3540,#2729,#2728,#3541));
#13945=FACE_OUTER_BOUND('NONE',#13944,.T.);
#13946=DIRECTION('NONE',(-0.383012,0.923744,0));
#13947=DIRECTION('NONE',(0,0,-1));
#13948=AXIS2_PLACEMENT_3D('NONE',#3540,#13946,#13947);
#13949=PLANE('NONE',#13948);
#13950=FACE_SURFACE('NONE',(#13945),#13949,.T.);
#13951=POLY_LOOP('NONE',(#3541,#2728,#2727,#3542));
#13952=FACE_OUTER_BOUND('NONE',#13951,.T.);
#13953=DIRECTION('NONE',(-0.130693,0.991423,0));
#13954=DIRECTION('NONE',(0,0,-1));
#13955=AXIS2_PLACEMENT_3D('NONE',#3541,#13953,#13954);
#13956=PLANE('NONE',#13955);
#13957=FACE_SURFACE('NONE',(#13952),#13956,.T.);
#13958=POLY_LOOP('NONE',(#2721,#2720,#3549,#3548));
#13959=FACE_OUTER_BOUND('NONE',#13958,.T.);
#13960=DIRECTION('NONE',(0.991424,-0.130687,0));
#13961=DIRECTION('NONE',(0.130687,0.991424,0));
#13962=AXIS2_PLACEMENT_3D('NONE',#2721,#13960,#13961);
#13963=PLANE('NONE',#13962);
#13964=FACE_SURFACE('NONE',(#13959),#13963,.T.);
#13965=POLY_LOOP('NONE',(#3549,#2720,#2719,#3550));
#13966=FACE_OUTER_BOUND('NONE',#13965,.T.);
#13967=DIRECTION('NONE',(0.923742,-0.383015,0));
#13968=DIRECTION('NONE',(0,0,-1));
#13969=AXIS2_PLACEMENT_3D('NONE',#3549,#13967,#13968);
#13970=PLANE('NONE',#13969);
#13971=FACE_SURFACE('NONE',(#13966),#13970,.T.);
#13972=POLY_LOOP('NONE',(#3552,#3551,#2718,#2717));
#13973=FACE_OUTER_BOUND('NONE',#13972,.T.);
#13974=DIRECTION('NONE',(0.608621,-0.793461,0));
#13975=DIRECTION('NONE',(-0.793461,-0.608621,0));
#13976=AXIS2_PLACEMENT_3D('NONE',#3552,#13974,#13975);
#13977=PLANE('NONE',#13976);
#13978=FACE_SURFACE('NONE',(#13973),#13977,.T.);
#13979=POLY_LOOP('NONE',(#3550,#2719,#2718,#3551));
#13980=FACE_OUTER_BOUND('NONE',#13979,.T.);
#13981=DIRECTION('NONE',(0.793462,-0.60862,0));
#13982=DIRECTION('NONE',(0,0,-1));
#13983=AXIS2_PLACEMENT_3D('NONE',#3550,#13981,#13982);
#13984=PLANE('NONE',#13983);
#13985=FACE_SURFACE('NONE',(#13980),#13984,.T.);
#13986=POLY_LOOP('NONE',(#3632,#3631,#2806,#2829));
#13987=FACE_OUTER_BOUND('NONE',#13986,.T.);
#13988=DIRECTION('NONE',(0.132828,-0.991139,0));
#13989=DIRECTION('NONE',(-0.991139,-0.132828,0));
#13990=AXIS2_PLACEMENT_3D('NONE',#3632,#13988,#13989);
#13991=PLANE('NONE',#13990);
#13992=FACE_SURFACE('NONE',(#13987),#13991,.T.);
#13993=POLY_LOOP('NONE',(#3553,#3552,#2717,#2716));
#13994=FACE_OUTER_BOUND('NONE',#13993,.T.);
#13995=DIRECTION('NONE',(0.383019,-0.92374,0));
#13996=DIRECTION('NONE',(-0.92374,-0.383019,0));
#13997=AXIS2_PLACEMENT_3D('NONE',#3553,#13995,#13996);
#13998=PLANE('NONE',#13997);
#13999=FACE_SURFACE('NONE',(#13994),#13998,.T.);
#14000=POLY_LOOP('NONE',(#3633,#3632,#2829,#2828));
#14001=FACE_OUTER_BOUND('NONE',#14000,.T.);
#14002=DIRECTION('NONE',(-0.132828,-0.991139,0));
#14003=DIRECTION('NONE',(-0.991139,0.132828,0));
#14004=AXIS2_PLACEMENT_3D('NONE',#3633,#14002,#14003);
#14005=PLANE('NONE',#14004);
#14006=FACE_SURFACE('NONE',(#14001),#14005,.T.);
#14007=POLY_LOOP('NONE',(#3543,#3542,#2727,#2726));
#14008=FACE_OUTER_BOUND('NONE',#14007,.T.);
#14009=DIRECTION('NONE',(0.130693,0.991423,0));
#14010=DIRECTION('NONE',(0.991423,-0.130693,0));
#14011=AXIS2_PLACEMENT_3D('NONE',#3543,#14009,#14010);
#14012=PLANE('NONE',#14011);
#14013=FACE_SURFACE('NONE',(#14008),#14012,.T.);
#14014=POLY_LOOP('NONE',(#3543,#2726,#2725,#3544));
#14015=FACE_OUTER_BOUND('NONE',#14014,.T.);
#14016=DIRECTION('NONE',(0.383012,0.923744,0));
#14017=DIRECTION('NONE',(0,0,-1));
#14018=AXIS2_PLACEMENT_3D('NONE',#3543,#14016,#14017);
#14019=PLANE('NONE',#14018);
#14020=FACE_SURFACE('NONE',(#14015),#14019,.T.);
#14021=POLY_LOOP('NONE',(#3544,#2725,#2724,#3545));
#14022=FACE_OUTER_BOUND('NONE',#14021,.T.);
#14023=DIRECTION('NONE',(0.608621,0.793461,0));
#14024=DIRECTION('NONE',(0,0,-1));
#14025=AXIS2_PLACEMENT_3D('NONE',#3544,#14023,#14024);
#14026=PLANE('NONE',#14025);
#14027=FACE_SURFACE('NONE',(#14022),#14026,.T.);
#14028=POLY_LOOP('NONE',(#3545,#2724,#2723,#3546));
#14029=FACE_OUTER_BOUND('NONE',#14028,.T.);
#14030=DIRECTION('NONE',(0.793462,0.60862,0));
#14031=DIRECTION('NONE',(0,0,-1));
#14032=AXIS2_PLACEMENT_3D('NONE',#3545,#14030,#14031);
#14033=PLANE('NONE',#14032);
#14034=FACE_SURFACE('NONE',(#14029),#14033,.T.);
#14035=POLY_LOOP('NONE',(#3546,#2723,#2722,#3547));
#14036=FACE_OUTER_BOUND('NONE',#14035,.T.);
#14037=DIRECTION('NONE',(0.923742,0.383015,0));
#14038=DIRECTION('NONE',(0,0,-1));
#14039=AXIS2_PLACEMENT_3D('NONE',#3546,#14037,#14038);
#14040=PLANE('NONE',#14039);
#14041=FACE_SURFACE('NONE',(#14036),#14040,.T.);
#14042=POLY_LOOP('NONE',(#3547,#2722,#2721,#3548));
#14043=FACE_OUTER_BOUND('NONE',#14042,.T.);
#14044=DIRECTION('NONE',(0.991424,0.130687,0));
#14045=DIRECTION('NONE',(0,0,-1));
#14046=AXIS2_PLACEMENT_3D('NONE',#3547,#14044,#14045);
#14047=PLANE('NONE',#14046);
#14048=FACE_SURFACE('NONE',(#14043),#14047,.T.);
#14049=POLY_LOOP('NONE',(#3376,#3375,#2554,#2553));
#14050=FACE_OUTER_BOUND('NONE',#14049,.T.);
#14051=DIRECTION('NONE',(0.991493,-0.130159,0));
#14052=DIRECTION('NONE',(-0.130159,-0.991493,0));
#14053=AXIS2_PLACEMENT_3D('NONE',#3376,#14051,#14052);
#14054=PLANE('NONE',#14053);
#14055=FACE_SURFACE('NONE',(#14050),#14054,.T.);
#14056=POLY_LOOP('NONE',(#3634,#3633,#2828,#2827));
#14057=FACE_OUTER_BOUND('NONE',#14056,.T.);
#14058=DIRECTION('NONE',(-0.378432,-0.925629,0));
#14059=DIRECTION('NONE',(-0.925629,0.378432,0));
#14060=AXIS2_PLACEMENT_3D('NONE',#3634,#14058,#14059);
#14061=PLANE('NONE',#14060);
#14062=FACE_SURFACE('NONE',(#14057),#14061,.T.);
#14063=POLY_LOOP('NONE',(#3376,#2553,#2552,#3377));
#14064=FACE_OUTER_BOUND('NONE',#14063,.T.);
#14065=DIRECTION('NONE',(0.923644,-0.383252,0));
#14066=DIRECTION('NONE',(0,0,-1));
#14067=AXIS2_PLACEMENT_3D('NONE',#3376,#14065,#14066);
#14068=PLANE('NONE',#14067);
#14069=FACE_SURFACE('NONE',(#14064),#14068,.T.);
#14070=POLY_LOOP('NONE',(#2551,#2550,#3379,#3378));
#14071=FACE_OUTER_BOUND('NONE',#14070,.T.);
#14072=DIRECTION('NONE',(0.609156,-0.79305,0));
#14073=DIRECTION('NONE',(0.79305,0.609156,0));
#14074=AXIS2_PLACEMENT_3D('NONE',#2551,#14072,#14073);
#14075=PLANE('NONE',#14074);
#14076=FACE_SURFACE('NONE',(#14071),#14075,.T.);
#14077=POLY_LOOP('NONE',(#3377,#2552,#2551,#3378));
#14078=FACE_OUTER_BOUND('NONE',#14077,.T.);
#14079=DIRECTION('NONE',(0.79305,-0.609157,0));
#14080=DIRECTION('NONE',(0,0,-1));
#14081=AXIS2_PLACEMENT_3D('NONE',#3377,#14079,#14080);
#14082=PLANE('NONE',#14081);
#14083=FACE_SURFACE('NONE',(#14078),#14082,.T.);
#14084=POLY_LOOP('NONE',(#3722,#3721,#2910,#2909));
#14085=FACE_OUTER_BOUND('NONE',#14084,.T.);
#14086=DIRECTION('NONE',(-0.790728,-0.612168,0));
#14087=DIRECTION('NONE',(-0.612168,0.790728,0));
#14088=AXIS2_PLACEMENT_3D('NONE',#3722,#14086,#14087);
#14089=PLANE('NONE',#14088);
#14090=FACE_SURFACE('NONE',(#14085),#14089,.T.);
#14091=POLY_LOOP('NONE',(#3723,#3722,#2909,#2908));
#14092=FACE_OUTER_BOUND('NONE',#14091,.T.);
#14093=DIRECTION('NONE',(-0.925628,-0.378434,0));
#14094=DIRECTION('NONE',(-0.378434,0.925628,0));
#14095=AXIS2_PLACEMENT_3D('NONE',#3723,#14093,#14094);
#14096=PLANE('NONE',#14095);
#14097=FACE_SURFACE('NONE',(#14092),#14096,.T.);
#14098=POLY_LOOP('NONE',(#3724,#3723,#2908,#2907));
#14099=FACE_OUTER_BOUND('NONE',#14098,.T.);
#14100=DIRECTION('NONE',(-0.991138,-0.132833,0));
#14101=DIRECTION('NONE',(-0.132833,0.991138,0));
#14102=AXIS2_PLACEMENT_3D('NONE',#3724,#14100,#14101);
#14103=PLANE('NONE',#14102);
#14104=FACE_SURFACE('NONE',(#14099),#14103,.T.);
#14105=POLY_LOOP('NONE',(#3725,#3724,#2907,#2906));
#14106=FACE_OUTER_BOUND('NONE',#14105,.T.);
#14107=DIRECTION('NONE',(-0.991138,0.132833,0));
#14108=DIRECTION('NONE',(0.132833,0.991138,0));
#14109=AXIS2_PLACEMENT_3D('NONE',#3725,#14107,#14108);
#14110=PLANE('NONE',#14109);
#14111=FACE_SURFACE('NONE',(#14106),#14110,.T.);
#14112=POLY_LOOP('NONE',(#3726,#3725,#2906,#2905));
#14113=FACE_OUTER_BOUND('NONE',#14112,.T.);
#14114=DIRECTION('NONE',(-0.925628,0.378434,0));
#14115=DIRECTION('NONE',(0.378434,0.925628,0));
#14116=AXIS2_PLACEMENT_3D('NONE',#3726,#14114,#14115);
#14117=PLANE('NONE',#14116);
#14118=FACE_SURFACE('NONE',(#14113),#14117,.T.);
#14119=POLY_LOOP('NONE',(#3727,#3726,#2905,#2904));
#14120=FACE_OUTER_BOUND('NONE',#14119,.T.);
#14121=DIRECTION('NONE',(-0.79072,0.612177,0));
#14122=DIRECTION('NONE',(0.612177,0.79072,0));
#14123=AXIS2_PLACEMENT_3D('NONE',#3727,#14121,#14122);
#14124=PLANE('NONE',#14123);
#14125=FACE_SURFACE('NONE',(#14120),#14124,.T.);
#14126=POLY_LOOP('NONE',(#2919,#2918,#3737,#3736));
#14127=FACE_OUTER_BOUND('NONE',#14126,.T.);
#14128=DIRECTION('NONE',(0.991138,-0.132833,0));
#14129=DIRECTION('NONE',(0.132833,0.991138,0));
#14130=AXIS2_PLACEMENT_3D('NONE',#2919,#14128,#14129);
#14131=PLANE('NONE',#14130);
#14132=FACE_SURFACE('NONE',(#14127),#14131,.T.);
#14133=POLY_LOOP('NONE',(#3635,#3634,#2827,#2826));
#14134=FACE_OUTER_BOUND('NONE',#14133,.T.);
#14135=DIRECTION('NONE',(-0.612174,-0.790723,0));
#14136=DIRECTION('NONE',(-0.790723,0.612174,0));
#14137=AXIS2_PLACEMENT_3D('NONE',#3635,#14135,#14136);
#14138=PLANE('NONE',#14137);
#14139=FACE_SURFACE('NONE',(#14134),#14138,.T.);
#14140=POLY_LOOP('NONE',(#3737,#2918,#2917,#3738));
#14141=FACE_OUTER_BOUND('NONE',#14140,.T.);
#14142=DIRECTION('NONE',(0.925628,-0.378434,0));
#14143=DIRECTION('NONE',(0,0,-1));
#14144=AXIS2_PLACEMENT_3D('NONE',#3737,#14142,#14143);
#14145=PLANE('NONE',#14144);
#14146=FACE_SURFACE('NONE',(#14141),#14145,.T.);
#14147=POLY_LOOP('NONE',(#3636,#3635,#2826,#2825));
#14148=FACE_OUTER_BOUND('NONE',#14147,.T.);
#14149=DIRECTION('NONE',(-0.790728,-0.612168,0));
#14150=DIRECTION('NONE',(-0.612168,0.790728,0));
#14151=AXIS2_PLACEMENT_3D('NONE',#3636,#14149,#14150);
#14152=PLANE('NONE',#14151);
#14153=FACE_SURFACE('NONE',(#14148),#14152,.T.);
#14154=POLY_LOOP('NONE',(#2825,#2824,#3637,#3636));
#14155=FACE_OUTER_BOUND('NONE',#14154,.T.);
#14156=DIRECTION('NONE',(-0.925629,-0.378432,0));
#14157=DIRECTION('NONE',(0.378432,-0.925629,0));
#14158=AXIS2_PLACEMENT_3D('NONE',#2825,#14156,#14157);
#14159=PLANE('NONE',#14158);
#14160=FACE_SURFACE('NONE',(#14155),#14159,.T.);
#14161=POLY_LOOP('NONE',(#3728,#3727,#2904,#2903));
#14162=FACE_OUTER_BOUND('NONE',#14161,.T.);
#14163=DIRECTION('NONE',(-0.608968,0.793195,0));
#14164=DIRECTION('NONE',(0.793195,0.608968,0));
#14165=AXIS2_PLACEMENT_3D('NONE',#3728,#14163,#14164);
#14166=PLANE('NONE',#14165);
#14167=FACE_SURFACE('NONE',(#14162),#14166,.T.);
#14168=POLY_LOOP('NONE',(#3208,#3207,#4056,#4079));
#14169=FACE_OUTER_BOUND('NONE',#14168,.T.);
#14170=DIRECTION('NONE',(0.604891,-0.796308,0));
#14171=DIRECTION('NONE',(0.796308,0.604891,0));
#14172=AXIS2_PLACEMENT_3D('NONE',#3208,#14170,#14171);
#14173=PLANE('NONE',#14172);
#14174=FACE_SURFACE('NONE',(#14169),#14173,.T.);
#14175=POLY_LOOP('NONE',(#3728,#2903,#2902,#3729));
#14176=FACE_OUTER_BOUND('NONE',#14175,.T.);
#14177=DIRECTION('NONE',(-0.382805,0.923829,0));
#14178=DIRECTION('NONE',(0,0,-1));
#14179=AXIS2_PLACEMENT_3D('NONE',#3728,#14177,#14178);
#14180=PLANE('NONE',#14179);
#14181=FACE_SURFACE('NONE',(#14176),#14180,.T.);
#14182=POLY_LOOP('NONE',(#3729,#2902,#2925,#3730));
#14183=FACE_OUTER_BOUND('NONE',#14182,.T.);
#14184=DIRECTION('NONE',(-0.132838,0.991138,0));
#14185=DIRECTION('NONE',(0,0,-1));
#14186=AXIS2_PLACEMENT_3D('NONE',#3729,#14184,#14185);
#14187=PLANE('NONE',#14186);
#14188=FACE_SURFACE('NONE',(#14183),#14187,.T.);
#14189=POLY_LOOP('NONE',(#4057,#4056,#3207,#3206));
#14190=FACE_OUTER_BOUND('NONE',#14189,.T.);
#14191=DIRECTION('NONE',(0.381896,-0.924205,0));
#14192=DIRECTION('NONE',(-0.924205,-0.381896,0));
#14193=AXIS2_PLACEMENT_3D('NONE',#4057,#14191,#14192);
#14194=PLANE('NONE',#14193);
#14195=FACE_SURFACE('NONE',(#14190),#14194,.T.);
#14196=POLY_LOOP('NONE',(#3730,#2925,#2924,#3731));
#14197=FACE_OUTER_BOUND('NONE',#14196,.T.);
#14198=DIRECTION('NONE',(0.132838,0.991138,0));
#14199=DIRECTION('NONE',(0,0,-1));
#14200=AXIS2_PLACEMENT_3D('NONE',#3730,#14198,#14199);
#14201=PLANE('NONE',#14200);
#14202=FACE_SURFACE('NONE',(#14197),#14201,.T.);
#14203=POLY_LOOP('NONE',(#3204,#3203,#4060,#4059));
#14204=FACE_OUTER_BOUND('NONE',#14203,.T.);
#14205=DIRECTION('NONE',(-0.381896,-0.924205,0));
#14206=DIRECTION('NONE',(0.924205,-0.381896,0));
#14207=AXIS2_PLACEMENT_3D('NONE',#3204,#14205,#14206);
#14208=PLANE('NONE',#14207);
#14209=FACE_SURFACE('NONE',(#14204),#14208,.T.);
#14210=POLY_LOOP('NONE',(#3731,#2924,#2923,#3732));
#14211=FACE_OUTER_BOUND('NONE',#14210,.T.);
#14212=DIRECTION('NONE',(0.382806,0.923829,0));
#14213=DIRECTION('NONE',(0,0,-1));
#14214=AXIS2_PLACEMENT_3D('NONE',#3731,#14212,#14213);
#14215=PLANE('NONE',#14214);
#14216=FACE_SURFACE('NONE',(#14211),#14215,.T.);
#14217=POLY_LOOP('NONE',(#4061,#4060,#3203,#3202));
#14218=FACE_OUTER_BOUND('NONE',#14217,.T.);
#14219=DIRECTION('NONE',(-0.604891,-0.796308,0));
#14220=DIRECTION('NONE',(-0.796308,0.604891,0));
#14221=AXIS2_PLACEMENT_3D('NONE',#4061,#14219,#14220);
#14222=PLANE('NONE',#14221);
#14223=FACE_SURFACE('NONE',(#14218),#14222,.T.);
#14224=POLY_LOOP('NONE',(#3732,#2923,#2922,#3733));
#14225=FACE_OUTER_BOUND('NONE',#14224,.T.);
#14226=DIRECTION('NONE',(0.608966,0.793196,0));
#14227=DIRECTION('NONE',(0,0,-1));
#14228=AXIS2_PLACEMENT_3D('NONE',#3732,#14226,#14227);
#14229=PLANE('NONE',#14228);
#14230=FACE_SURFACE('NONE',(#14225),#14229,.T.);
#14231=POLY_LOOP('NONE',(#3733,#2922,#2921,#3734));
#14232=FACE_OUTER_BOUND('NONE',#14231,.T.);
#14233=DIRECTION('NONE',(0.790722,0.612176,0));
#14234=DIRECTION('NONE',(0,0,-1));
#14235=AXIS2_PLACEMENT_3D('NONE',#3733,#14233,#14234);
#14236=PLANE('NONE',#14235);
#14237=FACE_SURFACE('NONE',(#14232),#14236,.T.);
#14238=POLY_LOOP('NONE',(#4062,#4061,#3202,#3201));
#14239=FACE_OUTER_BOUND('NONE',#14238,.T.);
#14240=DIRECTION('NONE',(-0.796308,-0.604891,0));
#14241=DIRECTION('NONE',(-0.604891,0.796308,0));
#14242=AXIS2_PLACEMENT_3D('NONE',#4062,#14240,#14241);
#14243=PLANE('NONE',#14242);
#14244=FACE_SURFACE('NONE',(#14239),#14243,.T.);
#14245=POLY_LOOP('NONE',(#4063,#4062,#3201,#3200));
#14246=FACE_OUTER_BOUND('NONE',#14245,.T.);
#14247=DIRECTION('NONE',(-0.924205,-0.381896,0));
#14248=DIRECTION('NONE',(-0.381896,0.924205,0));
#14249=AXIS2_PLACEMENT_3D('NONE',#4063,#14247,#14248);
#14250=PLANE('NONE',#14249);
#14251=FACE_SURFACE('NONE',(#14246),#14250,.T.);
#14252=POLY_LOOP('NONE',(#3734,#2921,#2920,#3735));
#14253=FACE_OUTER_BOUND('NONE',#14252,.T.);
#14254=DIRECTION('NONE',(0.925628,0.378434,0));
#14255=DIRECTION('NONE',(0,0,-1));
#14256=AXIS2_PLACEMENT_3D('NONE',#3734,#14254,#14255);
#14257=PLANE('NONE',#14256);
#14258=FACE_SURFACE('NONE',(#14253),#14257,.T.);
#14259=POLY_LOOP('NONE',(#3735,#2920,#2919,#3736));
#14260=FACE_OUTER_BOUND('NONE',#14259,.T.);
#14261=DIRECTION('NONE',(0.991138,0.132833,0));
#14262=DIRECTION('NONE',(0,0,-1));
#14263=AXIS2_PLACEMENT_3D('NONE',#3735,#14261,#14262);
#14264=PLANE('NONE',#14263);
#14265=FACE_SURFACE('NONE',(#14260),#14264,.T.);
#14266=POLY_LOOP('NONE',(#4064,#4063,#3200,#3199));
#14267=FACE_OUTER_BOUND('NONE',#14266,.T.);
#14268=DIRECTION('NONE',(-0.991428,-0.130655,0));
#14269=DIRECTION('NONE',(-0.130655,0.991428,0));
#14270=AXIS2_PLACEMENT_3D('NONE',#4064,#14268,#14269);
#14271=PLANE('NONE',#14270);
#14272=FACE_SURFACE('NONE',(#14267),#14271,.T.);
#14273=POLY_LOOP('NONE',(#3740,#3739,#2916,#2915));
#14274=FACE_OUTER_BOUND('NONE',#14273,.T.);
#14275=DIRECTION('NONE',(0.608966,-0.793196,0));
#14276=DIRECTION('NONE',(-0.793196,-0.608966,0));
#14277=AXIS2_PLACEMENT_3D('NONE',#3740,#14275,#14276);
#14278=PLANE('NONE',#14277);
#14279=FACE_SURFACE('NONE',(#14274),#14278,.T.);
#14280=POLY_LOOP('NONE',(#4065,#4064,#3199,#3198));
#14281=FACE_OUTER_BOUND('NONE',#14280,.T.);
#14282=DIRECTION('NONE',(-0.991428,0.130655,0));
#14283=DIRECTION('NONE',(0.130655,0.991428,0));
#14284=AXIS2_PLACEMENT_3D('NONE',#4065,#14282,#14283);
#14285=PLANE('NONE',#14284);
#14286=FACE_SURFACE('NONE',(#14281),#14285,.T.);
#14287=POLY_LOOP('NONE',(#3739,#3738,#2917,#2916));
#14288=FACE_OUTER_BOUND('NONE',#14287,.T.);
#14289=DIRECTION('NONE',(0.790729,-0.612166,0));
#14290=DIRECTION('NONE',(-0.612166,-0.790729,0));
#14291=AXIS2_PLACEMENT_3D('NONE',#3739,#14289,#14290);
#14292=PLANE('NONE',#14291);
#14293=FACE_SURFACE('NONE',(#14288),#14292,.T.);
#14294=POLY_LOOP('NONE',(#4066,#4065,#3198,#3197));
#14295=FACE_OUTER_BOUND('NONE',#14294,.T.);
#14296=DIRECTION('NONE',(-0.924205,0.381896,0));
#14297=DIRECTION('NONE',(0.381896,0.924205,0));
#14298=AXIS2_PLACEMENT_3D('NONE',#4066,#14296,#14297);
#14299=PLANE('NONE',#14298);
#14300=FACE_SURFACE('NONE',(#14295),#14299,.T.);
#14301=POLY_LOOP('NONE',(#3741,#3740,#2915,#2914));
#14302=FACE_OUTER_BOUND('NONE',#14301,.T.);
#14303=DIRECTION('NONE',(0.38279,-0.923836,0));
#14304=DIRECTION('NONE',(-0.923836,-0.38279,0));
#14305=AXIS2_PLACEMENT_3D('NONE',#3741,#14303,#14304);
#14306=PLANE('NONE',#14305);
#14307=FACE_SURFACE('NONE',(#14302),#14306,.T.);
#14308=POLY_LOOP('NONE',(#4067,#4066,#3197,#3196));
#14309=FACE_OUTER_BOUND('NONE',#14308,.T.);
#14310=DIRECTION('NONE',(-0.796308,0.604891,0));
#14311=DIRECTION('NONE',(0.604891,0.796308,0));
#14312=AXIS2_PLACEMENT_3D('NONE',#4067,#14310,#14311);
#14313=PLANE('NONE',#14312);
#14314=FACE_SURFACE('NONE',(#14309),#14313,.T.);
#14315=POLY_LOOP('NONE',(#3742,#3741,#2914,#2913));
#14316=FACE_OUTER_BOUND('NONE',#14315,.T.);
#14317=DIRECTION('NONE',(0.132838,-0.991138,0));
#14318=DIRECTION('NONE',(-0.991138,-0.132838,0));
#14319=AXIS2_PLACEMENT_3D('NONE',#3742,#14317,#14318);
#14320=PLANE('NONE',#14319);
#14321=FACE_SURFACE('NONE',(#14316),#14320,.T.);
#14322=POLY_LOOP('NONE',(#4067,#3196,#3195,#4068));
#14323=FACE_OUTER_BOUND('NONE',#14322,.T.);
#14324=DIRECTION('NONE',(-0.604891,0.796308,0));
#14325=DIRECTION('NONE',(0,0,-1));
#14326=AXIS2_PLACEMENT_3D('NONE',#4067,#14324,#14325);
#14327=PLANE('NONE',#14326);
#14328=FACE_SURFACE('NONE',(#14323),#14327,.T.);
#14329=POLY_LOOP('NONE',(#3743,#3742,#2913,#2912));
#14330=FACE_OUTER_BOUND('NONE',#14329,.T.);
#14331=DIRECTION('NONE',(-0.132838,-0.991138,0));
#14332=DIRECTION('NONE',(-0.991138,0.132838,0));
#14333=AXIS2_PLACEMENT_3D('NONE',#3743,#14331,#14332);
#14334=PLANE('NONE',#14333);
#14335=FACE_SURFACE('NONE',(#14330),#14334,.T.);
#14336=POLY_LOOP('NONE',(#3720,#3743,#2912,#2911));
#14337=FACE_OUTER_BOUND('NONE',#14336,.T.);
#14338=DIRECTION('NONE',(-0.382789,-0.923836,0));
#14339=DIRECTION('NONE',(-0.923836,0.382789,0));
#14340=AXIS2_PLACEMENT_3D('NONE',#3720,#14338,#14339);
#14341=PLANE('NONE',#14340);
#14342=FACE_SURFACE('NONE',(#14337),#14341,.T.);
#14343=POLY_LOOP('NONE',(#4068,#3195,#3194,#4069));
#14344=FACE_OUTER_BOUND('NONE',#14343,.T.);
#14345=DIRECTION('NONE',(-0.381896,0.924205,0));
#14346=DIRECTION('NONE',(0,0,-1));
#14347=AXIS2_PLACEMENT_3D('NONE',#4068,#14345,#14346);
#14348=PLANE('NONE',#14347);
#14349=FACE_SURFACE('NONE',(#14344),#14348,.T.);
#14350=POLY_LOOP('NONE',(#2911,#2910,#3721,#3720));
#14351=FACE_OUTER_BOUND('NONE',#14350,.T.);
#14352=DIRECTION('NONE',(-0.608968,-0.793195,0));
#14353=DIRECTION('NONE',(0.793195,-0.608968,0));
#14354=AXIS2_PLACEMENT_3D('NONE',#2911,#14352,#14353);
#14355=PLANE('NONE',#14354);
#14356=FACE_SURFACE('NONE',(#14351),#14355,.T.);
#14357=POLY_LOOP('NONE',(#3396,#3395,#2589,#2588));
#14358=FACE_OUTER_BOUND('NONE',#14357,.T.);
#14359=DIRECTION('NONE',(-0.991493,0.130157,0));
#14360=DIRECTION('NONE',(0.130157,0.991493,0));
#14361=AXIS2_PLACEMENT_3D('NONE',#3396,#14359,#14360);
#14362=PLANE('NONE',#14361);
#14363=FACE_SURFACE('NONE',(#14358),#14362,.T.);
#14364=POLY_LOOP('NONE',(#3397,#3396,#2588,#2587));
#14365=FACE_OUTER_BOUND('NONE',#14364,.T.);
#14366=DIRECTION('NONE',(-0.923642,0.383257,0));
#14367=DIRECTION('NONE',(0.383257,0.923642,0));
#14368=AXIS2_PLACEMENT_3D('NONE',#3397,#14366,#14367);
#14369=PLANE('NONE',#14368);
#14370=FACE_SURFACE('NONE',(#14365),#14369,.T.);
#14371=POLY_LOOP('NONE',(#2645,#2644,#3474,#3473));
#14372=FACE_OUTER_BOUND('NONE',#14371,.T.);
#14373=DIRECTION('NONE',(-0.608617,-0.793464,0));
#14374=DIRECTION('NONE',(0.793464,-0.608617,0));
#14375=AXIS2_PLACEMENT_3D('NONE',#2645,#14373,#14374);
#14376=PLANE('NONE',#14375);
#14377=FACE_SURFACE('NONE',(#14372),#14376,.T.);
#14378=POLY_LOOP('NONE',(#3475,#3474,#2644,#2643));
#14379=FACE_OUTER_BOUND('NONE',#14378,.T.);
#14380=DIRECTION('NONE',(-0.793459,-0.608624,0));
#14381=DIRECTION('NONE',(-0.608624,0.793459,0));
#14382=AXIS2_PLACEMENT_3D('NONE',#3475,#14380,#14381);
#14383=PLANE('NONE',#14382);
#14384=FACE_SURFACE('NONE',(#14379),#14383,.T.);
#14385=POLY_LOOP('NONE',(#3476,#3475,#2643,#2642));
#14386=FACE_OUTER_BOUND('NONE',#14385,.T.);
#14387=DIRECTION('NONE',(-0.923743,-0.383012,0));
#14388=DIRECTION('NONE',(-0.383012,0.923743,0));
#14389=AXIS2_PLACEMENT_3D('NONE',#3476,#14387,#14388);
#14390=PLANE('NONE',#14389);
#14391=FACE_SURFACE('NONE',(#14386),#14390,.T.);
#14392=POLY_LOOP('NONE',(#3477,#3476,#2642,#2641));
#14393=FACE_OUTER_BOUND('NONE',#14392,.T.);
#14394=DIRECTION('NONE',(-0.991424,-0.130684,0));
#14395=DIRECTION('NONE',(-0.130684,0.991424,0));
#14396=AXIS2_PLACEMENT_3D('NONE',#3477,#14394,#14395);
#14397=PLANE('NONE',#14396);
#14398=FACE_SURFACE('NONE',(#14393),#14397,.T.);
#14399=POLY_LOOP('NONE',(#3478,#3477,#2641,#2640));
#14400=FACE_OUTER_BOUND('NONE',#14399,.T.);
#14401=DIRECTION('NONE',(-0.991424,0.130686,0));
#14402=DIRECTION('NONE',(0.130686,0.991424,0));
#14403=AXIS2_PLACEMENT_3D('NONE',#3478,#14401,#14402);
#14404=PLANE('NONE',#14403);
#14405=FACE_SURFACE('NONE',(#14400),#14404,.T.);
#14406=POLY_LOOP('NONE',(#3479,#3478,#2640,#2639));
#14407=FACE_OUTER_BOUND('NONE',#14406,.T.);
#14408=DIRECTION('NONE',(-0.923743,0.383012,0));
#14409=DIRECTION('NONE',(0.383012,0.923743,0));
#14410=AXIS2_PLACEMENT_3D('NONE',#3479,#14408,#14409);
#14411=PLANE('NONE',#14410);
#14412=FACE_SURFACE('NONE',(#14407),#14411,.T.);
#14413=POLY_LOOP('NONE',(#3480,#3479,#2639,#2638));
#14414=FACE_OUTER_BOUND('NONE',#14413,.T.);
#14415=DIRECTION('NONE',(-0.793459,0.608624,0));
#14416=DIRECTION('NONE',(0.608624,0.793459,0));
#14417=AXIS2_PLACEMENT_3D('NONE',#3480,#14415,#14416);
#14418=PLANE('NONE',#14417);
#14419=FACE_SURFACE('NONE',(#14414),#14418,.T.);
#14420=POLY_LOOP('NONE',(#3480,#2638,#2661,#3481));
#14421=FACE_OUTER_BOUND('NONE',#14420,.T.);
#14422=DIRECTION('NONE',(-0.608628,0.793456,0));
#14423=DIRECTION('NONE',(0,0,-1));
#14424=AXIS2_PLACEMENT_3D('NONE',#3480,#14422,#14423);
#14425=PLANE('NONE',#14424);
#14426=FACE_SURFACE('NONE',(#14421),#14425,.T.);
#14427=POLY_LOOP('NONE',(#3469,#3468,#2650,#2649));
#14428=FACE_OUTER_BOUND('NONE',#14427,.T.);
#14429=DIRECTION('NONE',(0.608617,-0.793464,0));
#14430=DIRECTION('NONE',(-0.793464,-0.608617,0));
#14431=AXIS2_PLACEMENT_3D('NONE',#3469,#14429,#14430);
#14432=PLANE('NONE',#14431);
#14433=FACE_SURFACE('NONE',(#14428),#14432,.T.);
#14434=POLY_LOOP('NONE',(#4069,#3194,#3193,#4070));
#14435=FACE_OUTER_BOUND('NONE',#14434,.T.);
#14436=DIRECTION('NONE',(-0.130655,0.991428,0));
#14437=DIRECTION('NONE',(0,0,-1));
#14438=AXIS2_PLACEMENT_3D('NONE',#4069,#14436,#14437);
#14439=PLANE('NONE',#14438);
#14440=FACE_SURFACE('NONE',(#14435),#14439,.T.);
#14441=POLY_LOOP('NONE',(#3470,#3469,#2649,#2648));
#14442=FACE_OUTER_BOUND('NONE',#14441,.T.);
#14443=DIRECTION('NONE',(0.383026,-0.923737,0));
#14444=DIRECTION('NONE',(-0.923737,-0.383026,0));
#14445=AXIS2_PLACEMENT_3D('NONE',#3470,#14443,#14444);
#14446=PLANE('NONE',#14445);
#14447=FACE_SURFACE('NONE',(#14442),#14446,.T.);
#14448=POLY_LOOP('NONE',(#4070,#3193,#3192,#4071));
#14449=FACE_OUTER_BOUND('NONE',#14448,.T.);
#14450=DIRECTION('NONE',(0.130655,0.991428,0));
#14451=DIRECTION('NONE',(0,0,-1));
#14452=AXIS2_PLACEMENT_3D('NONE',#4070,#14450,#14451);
#14453=PLANE('NONE',#14452);
#14454=FACE_SURFACE('NONE',(#14449),#14453,.T.);
#14455=POLY_LOOP('NONE',(#3471,#3470,#2648,#2647));
#14456=FACE_OUTER_BOUND('NONE',#14455,.T.);
#14457=DIRECTION('NONE',(0.130685,-0.991424,0));
#14458=DIRECTION('NONE',(-0.991424,-0.130685,0));
#14459=AXIS2_PLACEMENT_3D('NONE',#3471,#14457,#14458);
#14460=PLANE('NONE',#14459);
#14461=FACE_SURFACE('NONE',(#14456),#14460,.T.);
#14462=POLY_LOOP('NONE',(#4071,#3192,#3191,#4072));
#14463=FACE_OUTER_BOUND('NONE',#14462,.T.);
#14464=DIRECTION('NONE',(0.381896,0.924205,0));
#14465=DIRECTION('NONE',(0,0,-1));
#14466=AXIS2_PLACEMENT_3D('NONE',#4071,#14464,#14465);
#14467=PLANE('NONE',#14466);
#14468=FACE_SURFACE('NONE',(#14463),#14467,.T.);
#14469=POLY_LOOP('NONE',(#3472,#3471,#2647,#2646));
#14470=FACE_OUTER_BOUND('NONE',#14469,.T.);
#14471=DIRECTION('NONE',(-0.130685,-0.991424,0));
#14472=DIRECTION('NONE',(-0.991424,0.130685,0));
#14473=AXIS2_PLACEMENT_3D('NONE',#3472,#14471,#14472);
#14474=PLANE('NONE',#14473);
#14475=FACE_SURFACE('NONE',(#14470),#14474,.T.);
#14476=POLY_LOOP('NONE',(#4072,#3191,#3190,#4073));
#14477=FACE_OUTER_BOUND('NONE',#14476,.T.);
#14478=DIRECTION('NONE',(0.604891,0.796308,0));
#14479=DIRECTION('NONE',(0,0,-1));
#14480=AXIS2_PLACEMENT_3D('NONE',#4072,#14478,#14479);
#14481=PLANE('NONE',#14480);
#14482=FACE_SURFACE('NONE',(#14477),#14481,.T.);
#14483=POLY_LOOP('NONE',(#2667,#2666,#3492,#3491));
#14484=FACE_OUTER_BOUND('NONE',#14483,.T.);
#14485=DIRECTION('NONE',(-0.383019,-0.92374,0));
#14486=DIRECTION('NONE',(0.92374,-0.383019,0));
#14487=AXIS2_PLACEMENT_3D('NONE',#2667,#14485,#14486);
#14488=PLANE('NONE',#14487);
#14489=FACE_SURFACE('NONE',(#14484),#14488,.T.);
#14490=POLY_LOOP('NONE',(#3493,#3492,#2666,#2665));
#14491=FACE_OUTER_BOUND('NONE',#14490,.T.);
#14492=DIRECTION('NONE',(-0.60862,-0.793462,0));
#14493=DIRECTION('NONE',(-0.793462,0.60862,0));
#14494=AXIS2_PLACEMENT_3D('NONE',#3493,#14492,#14493);
#14495=PLANE('NONE',#14494);
#14496=FACE_SURFACE('NONE',(#14491),#14495,.T.);
#14497=POLY_LOOP('NONE',(#3494,#3493,#2665,#2664));
#14498=FACE_OUTER_BOUND('NONE',#14497,.T.);
#14499=DIRECTION('NONE',(-0.793466,-0.608615,0));
#14500=DIRECTION('NONE',(-0.608615,0.793466,0));
#14501=AXIS2_PLACEMENT_3D('NONE',#3494,#14499,#14500);
#14502=PLANE('NONE',#14501);
#14503=FACE_SURFACE('NONE',(#14498),#14502,.T.);
#14504=POLY_LOOP('NONE',(#3495,#3494,#2664,#2663));
#14505=FACE_OUTER_BOUND('NONE',#14504,.T.);
#14506=DIRECTION('NONE',(-0.92374,-0.383019,0));
#14507=DIRECTION('NONE',(-0.383019,0.92374,0));
#14508=AXIS2_PLACEMENT_3D('NONE',#3495,#14506,#14507);
#14509=PLANE('NONE',#14508);
#14510=FACE_SURFACE('NONE',(#14505),#14509,.T.);
#14511=POLY_LOOP('NONE',(#3496,#3495,#2663,#2662));
#14512=FACE_OUTER_BOUND('NONE',#14511,.T.);
#14513=DIRECTION('NONE',(-0.991424,-0.130685,0));
#14514=DIRECTION('NONE',(-0.130685,0.991424,0));
#14515=AXIS2_PLACEMENT_3D('NONE',#3496,#14513,#14514);
#14516=PLANE('NONE',#14515);
#14517=FACE_SURFACE('NONE',(#14512),#14516,.T.);
#14518=POLY_LOOP('NONE',(#3497,#3496,#2662,#2685));
#14519=FACE_OUTER_BOUND('NONE',#14518,.T.);
#14520=DIRECTION('NONE',(-0.991424,0.130685,0));
#14521=DIRECTION('NONE',(0.130685,0.991424,0));
#14522=AXIS2_PLACEMENT_3D('NONE',#3497,#14520,#14521);
#14523=PLANE('NONE',#14522);
#14524=FACE_SURFACE('NONE',(#14519),#14523,.T.);
#14525=POLY_LOOP('NONE',(#3498,#3497,#2685,#2684));
#14526=FACE_OUTER_BOUND('NONE',#14525,.T.);
#14527=DIRECTION('NONE',(-0.92374,0.383019,0));
#14528=DIRECTION('NONE',(0.383019,0.92374,0));
#14529=AXIS2_PLACEMENT_3D('NONE',#3498,#14527,#14528);
#14530=PLANE('NONE',#14529);
#14531=FACE_SURFACE('NONE',(#14526),#14530,.T.);
#14532=POLY_LOOP('NONE',(#3499,#3498,#2684,#2683));
#14533=FACE_OUTER_BOUND('NONE',#14532,.T.);
#14534=DIRECTION('NONE',(-0.793466,0.608615,0));
#14535=DIRECTION('NONE',(0.608615,0.793466,0));
#14536=AXIS2_PLACEMENT_3D('NONE',#3499,#14534,#14535);
#14537=PLANE('NONE',#14536);
#14538=FACE_SURFACE('NONE',(#14533),#14537,.T.);
#14539=POLY_LOOP('NONE',(#3499,#2683,#2682,#3500));
#14540=FACE_OUTER_BOUND('NONE',#14539,.T.);
#14541=DIRECTION('NONE',(-0.60862,0.793462,0));
#14542=DIRECTION('NONE',(0,0,-1));
#14543=AXIS2_PLACEMENT_3D('NONE',#3499,#14541,#14542);
#14544=PLANE('NONE',#14543);
#14545=FACE_SURFACE('NONE',(#14540),#14544,.T.);
#14546=POLY_LOOP('NONE',(#3500,#2682,#2681,#3501));
#14547=FACE_OUTER_BOUND('NONE',#14546,.T.);
#14548=DIRECTION('NONE',(-0.383012,0.923744,0));
#14549=DIRECTION('NONE',(0,0,-1));
#14550=AXIS2_PLACEMENT_3D('NONE',#3500,#14548,#14549);
#14551=PLANE('NONE',#14550);
#14552=FACE_SURFACE('NONE',(#14547),#14551,.T.);
#14553=POLY_LOOP('NONE',(#2810,#2809,#3628,#3627));
#14554=FACE_OUTER_BOUND('NONE',#14553,.T.);
#14555=DIRECTION('NONE',(0.925626,-0.37844,0));
#14556=DIRECTION('NONE',(0.37844,0.925626,0));
#14557=AXIS2_PLACEMENT_3D('NONE',#2810,#14555,#14556);
#14558=PLANE('NONE',#14557);
#14559=FACE_SURFACE('NONE',(#14554),#14558,.T.);
#14560=POLY_LOOP('NONE',(#3630,#3629,#2808,#2807));
#14561=FACE_OUTER_BOUND('NONE',#14560,.T.);
#14562=DIRECTION('NONE',(0.612174,-0.790723,0));
#14563=DIRECTION('NONE',(-0.790723,-0.612174,0));
#14564=AXIS2_PLACEMENT_3D('NONE',#3630,#14562,#14563);
#14565=PLANE('NONE',#14564);
#14566=FACE_SURFACE('NONE',(#14561),#14565,.T.);
#14567=POLY_LOOP('NONE',(#3628,#2809,#2808,#3629));
#14568=FACE_OUTER_BOUND('NONE',#14567,.T.);
#14569=DIRECTION('NONE',(0.790728,-0.612168,0));
#14570=DIRECTION('NONE',(0,0,-1));
#14571=AXIS2_PLACEMENT_3D('NONE',#3628,#14569,#14570);
#14572=PLANE('NONE',#14571);
#14573=FACE_SURFACE('NONE',(#14568),#14572,.T.);
#14574=POLY_LOOP('NONE',(#3211,#3210,#4077,#4076));
#14575=FACE_OUTER_BOUND('NONE',#14574,.T.);
#14576=DIRECTION('NONE',(0.991428,-0.130655,0));
#14577=DIRECTION('NONE',(0.130655,0.991428,0));
#14578=AXIS2_PLACEMENT_3D('NONE',#3211,#14576,#14577);
#14579=PLANE('NONE',#14578);
#14580=FACE_SURFACE('NONE',(#14575),#14579,.T.);
#14581=POLY_LOOP('NONE',(#4077,#3210,#3209,#4078));
#14582=FACE_OUTER_BOUND('NONE',#14581,.T.);
#14583=DIRECTION('NONE',(0.924205,-0.381896,0));
#14584=DIRECTION('NONE',(0,0,-1));
#14585=AXIS2_PLACEMENT_3D('NONE',#4077,#14583,#14584);
#14586=PLANE('NONE',#14585);
#14587=FACE_SURFACE('NONE',(#14582),#14586,.T.);
#14588=POLY_LOOP('NONE',(#4078,#3209,#3208,#4079));
#14589=FACE_OUTER_BOUND('NONE',#14588,.T.);
#14590=DIRECTION('NONE',(0.796308,-0.604891,0));
#14591=DIRECTION('NONE',(0,0,-1));
#14592=AXIS2_PLACEMENT_3D('NONE',#4078,#14590,#14591);
#14593=PLANE('NONE',#14592);
#14594=FACE_SURFACE('NONE',(#14589),#14593,.T.);
#14595=POLY_LOOP('NONE',(#4073,#3190,#3213,#4074));
#14596=FACE_OUTER_BOUND('NONE',#14595,.T.);
#14597=DIRECTION('NONE',(0.796308,0.604891,0));
#14598=DIRECTION('NONE',(0,0,-1));
#14599=AXIS2_PLACEMENT_3D('NONE',#4073,#14597,#14598);
#14600=PLANE('NONE',#14599);
#14601=FACE_SURFACE('NONE',(#14596),#14600,.T.);
#14602=POLY_LOOP('NONE',(#4074,#3213,#3212,#4075));
#14603=FACE_OUTER_BOUND('NONE',#14602,.T.);
#14604=DIRECTION('NONE',(0.924205,0.381896,0));
#14605=DIRECTION('NONE',(0,0,-1));
#14606=AXIS2_PLACEMENT_3D('NONE',#4074,#14604,#14605);
#14607=PLANE('NONE',#14606);
#14608=FACE_SURFACE('NONE',(#14603),#14607,.T.);
#14609=POLY_LOOP('NONE',(#4075,#3212,#3211,#4076));
#14610=FACE_OUTER_BOUND('NONE',#14609,.T.);
#14611=DIRECTION('NONE',(0.991428,0.130655,0));
#14612=DIRECTION('NONE',(0,0,-1));
#14613=AXIS2_PLACEMENT_3D('NONE',#4075,#14611,#14612);
#14614=PLANE('NONE',#14613);
#14615=FACE_SURFACE('NONE',(#14610),#14614,.T.);
#14616=POLY_LOOP('NONE',(#4115,#4114,#3294,#3293));
#14617=FACE_OUTER_BOUND('NONE',#14616,.T.);
#14618=DIRECTION('NONE',(-0.381901,-0.924203,0));
#14619=DIRECTION('NONE',(-0.924203,0.381901,0));
#14620=AXIS2_PLACEMENT_3D('NONE',#4115,#14618,#14619);
#14621=PLANE('NONE',#14620);
#14622=FACE_SURFACE('NONE',(#14617),#14621,.T.);
#14623=POLY_LOOP('NONE',(#4116,#4115,#3293,#3292));
#14624=FACE_OUTER_BOUND('NONE',#14623,.T.);
#14625=DIRECTION('NONE',(-0.604891,-0.796308,0));
#14626=DIRECTION('NONE',(-0.796308,0.604891,0));
#14627=AXIS2_PLACEMENT_3D('NONE',#4116,#14625,#14626);
#14628=PLANE('NONE',#14627);
#14629=FACE_SURFACE('NONE',(#14624),#14628,.T.);
#14630=POLY_LOOP('NONE',(#4117,#4116,#3292,#3291));
#14631=FACE_OUTER_BOUND('NONE',#14630,.T.);
#14632=DIRECTION('NONE',(-0.796308,-0.604891,0));
#14633=DIRECTION('NONE',(-0.604891,0.796308,0));
#14634=AXIS2_PLACEMENT_3D('NONE',#4117,#14632,#14633);
#14635=PLANE('NONE',#14634);
#14636=FACE_SURFACE('NONE',(#14631),#14635,.T.);
#14637=POLY_LOOP('NONE',(#4118,#4117,#3291,#3290));
#14638=FACE_OUTER_BOUND('NONE',#14637,.T.);
#14639=DIRECTION('NONE',(-0.9242,-0.381909,0));
#14640=DIRECTION('NONE',(-0.381909,0.9242,0));
#14641=AXIS2_PLACEMENT_3D('NONE',#4118,#14639,#14640);
#14642=PLANE('NONE',#14641);
#14643=FACE_SURFACE('NONE',(#14638),#14642,.T.);
#14644=POLY_LOOP('NONE',(#4119,#4118,#3290,#3289));
#14645=FACE_OUTER_BOUND('NONE',#14644,.T.);
#14646=DIRECTION('NONE',(-0.99143,-0.130641,0));
#14647=DIRECTION('NONE',(-0.130641,0.99143,0));
#14648=AXIS2_PLACEMENT_3D('NONE',#4119,#14646,#14647);
#14649=PLANE('NONE',#14648);
#14650=FACE_SURFACE('NONE',(#14645),#14649,.T.);
#14651=POLY_LOOP('NONE',(#4120,#4119,#3289,#3288));
#14652=FACE_OUTER_BOUND('NONE',#14651,.T.);
#14653=DIRECTION('NONE',(-0.99143,0.130641,0));
#14654=DIRECTION('NONE',(0.130641,0.99143,0));
#14655=AXIS2_PLACEMENT_3D('NONE',#4120,#14653,#14654);
#14656=PLANE('NONE',#14655);
#14657=FACE_SURFACE('NONE',(#14652),#14656,.T.);
#14658=POLY_LOOP('NONE',(#4121,#4120,#3288,#3287));
#14659=FACE_OUTER_BOUND('NONE',#14658,.T.);
#14660=DIRECTION('NONE',(-0.9242,0.381909,0));
#14661=DIRECTION('NONE',(0.381909,0.9242,0));
#14662=AXIS2_PLACEMENT_3D('NONE',#4121,#14660,#14661);
#14663=PLANE('NONE',#14662);
#14664=FACE_SURFACE('NONE',(#14659),#14663,.T.);
#14665=POLY_LOOP('NONE',(#4122,#4121,#3287,#3286));
#14666=FACE_OUTER_BOUND('NONE',#14665,.T.);
#14667=DIRECTION('NONE',(-0.796308,0.604891,0));
#14668=DIRECTION('NONE',(0.604891,0.796308,0));
#14669=AXIS2_PLACEMENT_3D('NONE',#4122,#14667,#14668);
#14670=PLANE('NONE',#14669);
#14671=FACE_SURFACE('NONE',(#14666),#14670,.T.);
#14672=POLY_LOOP('NONE',(#3473,#3472,#2646,#2645));
#14673=FACE_OUTER_BOUND('NONE',#14672,.T.);
#14674=DIRECTION('NONE',(-0.383026,-0.923737,0));
#14675=DIRECTION('NONE',(-0.923737,0.383026,0));
#14676=AXIS2_PLACEMENT_3D('NONE',#3473,#14674,#14675);
#14677=PLANE('NONE',#14676);
#14678=FACE_SURFACE('NONE',(#14673),#14677,.T.);
#14679=POLY_LOOP('NONE',(#3481,#2661,#2660,#3458));
#14680=FACE_OUTER_BOUND('NONE',#14679,.T.);
#14681=DIRECTION('NONE',(-0.383012,0.923744,0));
#14682=DIRECTION('NONE',(0,0,-1));
#14683=AXIS2_PLACEMENT_3D('NONE',#3481,#14681,#14682);
#14684=PLANE('NONE',#14683);
#14685=FACE_SURFACE('NONE',(#14680),#14684,.T.);
#14686=POLY_LOOP('NONE',(#3458,#2660,#2659,#3459));
#14687=FACE_OUTER_BOUND('NONE',#14686,.T.);
#14688=DIRECTION('NONE',(-0.130685,0.991424,0));
#14689=DIRECTION('NONE',(0,0,-1));
#14690=AXIS2_PLACEMENT_3D('NONE',#3458,#14688,#14689);
#14691=PLANE('NONE',#14690);
#14692=FACE_SURFACE('NONE',(#14687),#14691,.T.);
#14693=POLY_LOOP('NONE',(#3459,#2659,#2658,#3460));
#14694=FACE_OUTER_BOUND('NONE',#14693,.T.);
#14695=DIRECTION('NONE',(0.130685,0.991424,0));
#14696=DIRECTION('NONE',(0,0,-1));
#14697=AXIS2_PLACEMENT_3D('NONE',#3459,#14695,#14696);
#14698=PLANE('NONE',#14697);
#14699=FACE_SURFACE('NONE',(#14694),#14698,.T.);
#14700=POLY_LOOP('NONE',(#3460,#2658,#2657,#3461));
#14701=FACE_OUTER_BOUND('NONE',#14700,.T.);
#14702=DIRECTION('NONE',(0.383012,0.923744,0));
#14703=DIRECTION('NONE',(0,0,-1));
#14704=AXIS2_PLACEMENT_3D('NONE',#3460,#14702,#14703);
#14705=PLANE('NONE',#14704);
#14706=FACE_SURFACE('NONE',(#14701),#14705,.T.);
#14707=POLY_LOOP('NONE',(#2653,#2652,#3466,#3465));
#14708=FACE_OUTER_BOUND('NONE',#14707,.T.);
#14709=DIRECTION('NONE',(0.991424,-0.130688,0));
#14710=DIRECTION('NONE',(0.130688,0.991424,0));
#14711=AXIS2_PLACEMENT_3D('NONE',#2653,#14709,#14710);
#14712=PLANE('NONE',#14711);
#14713=FACE_SURFACE('NONE',(#14708),#14712,.T.);
#14714=POLY_LOOP('NONE',(#3466,#2652,#2651,#3467));
#14715=FACE_OUTER_BOUND('NONE',#14714,.T.);
#14716=DIRECTION('NONE',(0.923743,-0.383012,0));
#14717=DIRECTION('NONE',(0,0,-1));
#14718=AXIS2_PLACEMENT_3D('NONE',#3466,#14716,#14717);
#14719=PLANE('NONE',#14718);
#14720=FACE_SURFACE('NONE',(#14715),#14719,.T.);
#14721=POLY_LOOP('NONE',(#3467,#2651,#2650,#3468));
#14722=FACE_OUTER_BOUND('NONE',#14721,.T.);
#14723=DIRECTION('NONE',(0.793459,-0.608624,0));
#14724=DIRECTION('NONE',(0,0,-1));
#14725=AXIS2_PLACEMENT_3D('NONE',#3467,#14723,#14724);
#14726=PLANE('NONE',#14725);
#14727=FACE_SURFACE('NONE',(#14722),#14726,.T.);
#14728=POLY_LOOP('NONE',(#3462,#3461,#2657,#2656));
#14729=FACE_OUTER_BOUND('NONE',#14728,.T.);
#14730=DIRECTION('NONE',(0.608628,0.793456,0));
#14731=DIRECTION('NONE',(0.793456,-0.608628,0));
#14732=AXIS2_PLACEMENT_3D('NONE',#3462,#14730,#14731);
#14733=PLANE('NONE',#14732);
#14734=FACE_SURFACE('NONE',(#14729),#14733,.T.);
#14735=POLY_LOOP('NONE',(#3462,#2656,#2655,#3463));
#14736=FACE_OUTER_BOUND('NONE',#14735,.T.);
#14737=DIRECTION('NONE',(0.793459,0.608624,0));
#14738=DIRECTION('NONE',(0,0,-1));
#14739=AXIS2_PLACEMENT_3D('NONE',#3462,#14737,#14738);
#14740=PLANE('NONE',#14739);
#14741=FACE_SURFACE('NONE',(#14736),#14740,.T.);
#14742=POLY_LOOP('NONE',(#3463,#2655,#2654,#3464));
#14743=FACE_OUTER_BOUND('NONE',#14742,.T.);
#14744=DIRECTION('NONE',(0.923743,0.383012,0));
#14745=DIRECTION('NONE',(0,0,-1));
#14746=AXIS2_PLACEMENT_3D('NONE',#3463,#14744,#14745);
#14747=PLANE('NONE',#14746);
#14748=FACE_SURFACE('NONE',(#14743),#14747,.T.);
#14749=POLY_LOOP('NONE',(#3464,#2654,#2653,#3465));
#14750=FACE_OUTER_BOUND('NONE',#14749,.T.);
#14751=DIRECTION('NONE',(0.991423,0.13069,0));
#14752=DIRECTION('NONE',(0,0,-1));
#14753=AXIS2_PLACEMENT_3D('NONE',#3464,#14751,#14752);
#14754=PLANE('NONE',#14753);
#14755=FACE_SURFACE('NONE',(#14750),#14754,.T.);
#14756=POLY_LOOP('NONE',(#3398,#3397,#2587,#2586));
#14757=FACE_OUTER_BOUND('NONE',#14756,.T.);
#14758=DIRECTION('NONE',(-0.793052,0.609154,0));
#14759=DIRECTION('NONE',(0.609154,0.793052,0));
#14760=AXIS2_PLACEMENT_3D('NONE',#3398,#14758,#14759);
#14761=PLANE('NONE',#14760);
#14762=FACE_SURFACE('NONE',(#14757),#14761,.T.);
#14763=POLY_LOOP('NONE',(#3398,#2586,#2585,#3399));
#14764=FACE_OUTER_BOUND('NONE',#14763,.T.);
#14765=DIRECTION('NONE',(-0.609152,0.793054,0));
#14766=DIRECTION('NONE',(0,0,-1));
#14767=AXIS2_PLACEMENT_3D('NONE',#3398,#14765,#14766);
#14768=PLANE('NONE',#14767);
#14769=FACE_SURFACE('NONE',(#14764),#14768,.T.);
#14770=POLY_LOOP('NONE',(#3399,#2585,#2584,#3400));
#14771=FACE_OUTER_BOUND('NONE',#14770,.T.);
#14772=DIRECTION('NONE',(-0.383255,0.923642,0));
#14773=DIRECTION('NONE',(0,0,-1));
#14774=AXIS2_PLACEMENT_3D('NONE',#3399,#14772,#14773);
#14775=PLANE('NONE',#14774);
#14776=FACE_SURFACE('NONE',(#14771),#14775,.T.);
#14777=POLY_LOOP('NONE',(#3400,#2584,#2583,#3401));
#14778=FACE_OUTER_BOUND('NONE',#14777,.T.);
#14779=DIRECTION('NONE',(-0.130159,0.991493,0));
#14780=DIRECTION('NONE',(0,0,-1));
#14781=AXIS2_PLACEMENT_3D('NONE',#3400,#14779,#14780);
#14782=PLANE('NONE',#14781);
#14783=FACE_SURFACE('NONE',(#14778),#14782,.T.);
#14784=POLY_LOOP('NONE',(#3401,#2583,#2582,#3402));
#14785=FACE_OUTER_BOUND('NONE',#14784,.T.);
#14786=DIRECTION('NONE',(0.130159,0.991493,0));
#14787=DIRECTION('NONE',(0,0,-1));
#14788=AXIS2_PLACEMENT_3D('NONE',#3401,#14786,#14787);
#14789=PLANE('NONE',#14788);
#14790=FACE_SURFACE('NONE',(#14785),#14789,.T.);
#14791=POLY_LOOP('NONE',(#3402,#2582,#2581,#3403));
#14792=FACE_OUTER_BOUND('NONE',#14791,.T.);
#14793=DIRECTION('NONE',(0.383256,0.923642,0));
#14794=DIRECTION('NONE',(0,0,-1));
#14795=AXIS2_PLACEMENT_3D('NONE',#3402,#14793,#14794);
#14796=PLANE('NONE',#14795);
#14797=FACE_SURFACE('NONE',(#14792),#14796,.T.);
#14798=POLY_LOOP('NONE',(#3403,#2581,#2580,#3404));
#14799=FACE_OUTER_BOUND('NONE',#14798,.T.);
#14800=DIRECTION('NONE',(0.609151,0.793054,0));
#14801=DIRECTION('NONE',(0,0,-1));
#14802=AXIS2_PLACEMENT_3D('NONE',#3403,#14800,#14801);
#14803=PLANE('NONE',#14802);
#14804=FACE_SURFACE('NONE',(#14799),#14803,.T.);
#14805=POLY_LOOP('NONE',(#3404,#2580,#2579,#3405));
#14806=FACE_OUTER_BOUND('NONE',#14805,.T.);
#14807=DIRECTION('NONE',(0.793052,0.609154,0));
#14808=DIRECTION('NONE',(0,0,-1));
#14809=AXIS2_PLACEMENT_3D('NONE',#3404,#14807,#14808);
#14810=PLANE('NONE',#14809);
#14811=FACE_SURFACE('NONE',(#14806),#14810,.T.);
#14812=POLY_LOOP('NONE',(#3405,#2579,#2578,#3406));
#14813=FACE_OUTER_BOUND('NONE',#14812,.T.);
#14814=DIRECTION('NONE',(0.923643,0.383255,0));
#14815=DIRECTION('NONE',(0,0,-1));
#14816=AXIS2_PLACEMENT_3D('NONE',#3405,#14814,#14815);
#14817=PLANE('NONE',#14816);
#14818=FACE_SURFACE('NONE',(#14813),#14817,.T.);
#14819=POLY_LOOP('NONE',(#3406,#2578,#2577,#3407));
#14820=FACE_OUTER_BOUND('NONE',#14819,.T.);
#14821=DIRECTION('NONE',(0.991493,0.130157,0));
#14822=DIRECTION('NONE',(0,0,-1));
#14823=AXIS2_PLACEMENT_3D('NONE',#3406,#14821,#14822);
#14824=PLANE('NONE',#14823);
#14825=FACE_SURFACE('NONE',(#14820),#14824,.T.);
#14826=POLY_LOOP('NONE',(#3394,#3393,#2567,#2566));
#14827=FACE_OUTER_BOUND('NONE',#14826,.T.);
#14828=DIRECTION('NONE',(-0.923642,-0.383257,0));
#14829=DIRECTION('NONE',(-0.383257,0.923642,0));
#14830=AXIS2_PLACEMENT_3D('NONE',#3394,#14828,#14829);
#14831=PLANE('NONE',#14830);
#14832=FACE_SURFACE('NONE',(#14827),#14831,.T.);
#14833=POLY_LOOP('NONE',(#3395,#3394,#2566,#2589));
#14834=FACE_OUTER_BOUND('NONE',#14833,.T.);
#14835=DIRECTION('NONE',(-0.991493,-0.130157,0));
#14836=DIRECTION('NONE',(-0.130157,0.991493,0));
#14837=AXIS2_PLACEMENT_3D('NONE',#3395,#14835,#14836);
#14838=PLANE('NONE',#14837);
#14839=FACE_SURFACE('NONE',(#14834),#14838,.T.);
#14840=POLY_LOOP('NONE',(#4122,#3286,#3309,#4123));
#14841=FACE_OUTER_BOUND('NONE',#14840,.T.);
#14842=DIRECTION('NONE',(-0.604891,0.796308,0));
#14843=DIRECTION('NONE',(0,0,-1));
#14844=AXIS2_PLACEMENT_3D('NONE',#4122,#14842,#14843);
#14845=PLANE('NONE',#14844);
#14846=FACE_SURFACE('NONE',(#14841),#14845,.T.);
#14847=POLY_LOOP('NONE',(#2889,#2888,#3717,#3716));
#14848=FACE_OUTER_BOUND('NONE',#14847,.T.);
#14849=DIRECTION('NONE',(0.991138,-0.132834,0));
#14850=DIRECTION('NONE',(0.132834,0.991138,0));
#14851=AXIS2_PLACEMENT_3D('NONE',#2889,#14849,#14850);
#14852=PLANE('NONE',#14851);
#14853=FACE_SURFACE('NONE',(#14848),#14852,.T.);
#14854=POLY_LOOP('NONE',(#3703,#3702,#2879,#2878));
#14855=FACE_OUTER_BOUND('NONE',#14854,.T.);
#14856=DIRECTION('NONE',(-0.925628,-0.378436,0));
#14857=DIRECTION('NONE',(-0.378436,0.925628,0));
#14858=AXIS2_PLACEMENT_3D('NONE',#3703,#14856,#14857);
#14859=PLANE('NONE',#14858);
#14860=FACE_SURFACE('NONE',(#14855),#14859,.T.);
#14861=POLY_LOOP('NONE',(#3704,#3703,#2878,#2901));
#14862=FACE_OUTER_BOUND('NONE',#14861,.T.);
#14863=DIRECTION('NONE',(-0.991138,-0.132834,0));
#14864=DIRECTION('NONE',(-0.132834,0.991138,0));
#14865=AXIS2_PLACEMENT_3D('NONE',#3704,#14863,#14864);
#14866=PLANE('NONE',#14865);
#14867=FACE_SURFACE('NONE',(#14862),#14866,.T.);
#14868=POLY_LOOP('NONE',(#3705,#3704,#2901,#2900));
#14869=FACE_OUTER_BOUND('NONE',#14868,.T.);
#14870=DIRECTION('NONE',(-0.991138,0.132833,0));
#14871=DIRECTION('NONE',(0.132833,0.991138,0));
#14872=AXIS2_PLACEMENT_3D('NONE',#3705,#14870,#14871);
#14873=PLANE('NONE',#14872);
#14874=FACE_SURFACE('NONE',(#14869),#14873,.T.);
#14875=POLY_LOOP('NONE',(#3706,#3705,#2900,#2899));
#14876=FACE_OUTER_BOUND('NONE',#14875,.T.);
#14877=DIRECTION('NONE',(-0.925628,0.378436,0));
#14878=DIRECTION('NONE',(0.378436,0.925628,0));
#14879=AXIS2_PLACEMENT_3D('NONE',#3706,#14877,#14878);
#14880=PLANE('NONE',#14879);
#14881=FACE_SURFACE('NONE',(#14876),#14880,.T.);
#14882=POLY_LOOP('NONE',(#3707,#3706,#2899,#2898));
#14883=FACE_OUTER_BOUND('NONE',#14882,.T.);
#14884=DIRECTION('NONE',(-0.790729,0.612166,0));
#14885=DIRECTION('NONE',(0.612166,0.790729,0));
#14886=AXIS2_PLACEMENT_3D('NONE',#3707,#14884,#14885);
#14887=PLANE('NONE',#14886);
#14888=FACE_SURFACE('NONE',(#14883),#14887,.T.);
#14889=POLY_LOOP('NONE',(#3707,#2898,#2897,#3708));
#14890=FACE_OUTER_BOUND('NONE',#14889,.T.);
#14891=DIRECTION('NONE',(-0.608968,0.793195,0));
#14892=DIRECTION('NONE',(0,0,-1));
#14893=AXIS2_PLACEMENT_3D('NONE',#3707,#14891,#14892);
#14894=PLANE('NONE',#14893);
#14895=FACE_SURFACE('NONE',(#14890),#14894,.T.);
#14896=POLY_LOOP('NONE',(#3708,#2897,#2896,#3709));
#14897=FACE_OUTER_BOUND('NONE',#14896,.T.);
#14898=DIRECTION('NONE',(-0.382806,0.923829,0));
#14899=DIRECTION('NONE',(0,0,-1));
#14900=AXIS2_PLACEMENT_3D('NONE',#3708,#14898,#14899);
#14901=PLANE('NONE',#14900);
#14902=FACE_SURFACE('NONE',(#14897),#14901,.T.);
#14903=POLY_LOOP('NONE',(#3709,#2896,#2895,#3710));
#14904=FACE_OUTER_BOUND('NONE',#14903,.T.);
#14905=DIRECTION('NONE',(-0.132819,0.99114,0));
#14906=DIRECTION('NONE',(0,0,-1));
#14907=AXIS2_PLACEMENT_3D('NONE',#3709,#14905,#14906);
#14908=PLANE('NONE',#14907);
#14909=FACE_SURFACE('NONE',(#14904),#14908,.T.);
#14910=POLY_LOOP('NONE',(#3710,#2895,#2894,#3711));
#14911=FACE_OUTER_BOUND('NONE',#14910,.T.);
#14912=DIRECTION('NONE',(0.132819,0.99114,0));
#14913=DIRECTION('NONE',(0,0,-1));
#14914=AXIS2_PLACEMENT_3D('NONE',#3710,#14912,#14913);
#14915=PLANE('NONE',#14914);
#14916=FACE_SURFACE('NONE',(#14911),#14915,.T.);
#14917=POLY_LOOP('NONE',(#3711,#2894,#2893,#3712));
#14918=FACE_OUTER_BOUND('NONE',#14917,.T.);
#14919=DIRECTION('NONE',(0.382806,0.923829,0));
#14920=DIRECTION('NONE',(0,0,-1));
#14921=AXIS2_PLACEMENT_3D('NONE',#3711,#14919,#14920);
#14922=PLANE('NONE',#14921);
#14923=FACE_SURFACE('NONE',(#14918),#14922,.T.);
#14924=POLY_LOOP('NONE',(#3712,#2893,#2892,#3713));
#14925=FACE_OUTER_BOUND('NONE',#14924,.T.);
#14926=DIRECTION('NONE',(0.608968,0.793195,0));
#14927=DIRECTION('NONE',(0,0,-1));
#14928=AXIS2_PLACEMENT_3D('NONE',#3712,#14926,#14927);
#14929=PLANE('NONE',#14928);
#14930=FACE_SURFACE('NONE',(#14925),#14929,.T.);
#14931=POLY_LOOP('NONE',(#3713,#2892,#2891,#3714));
#14932=FACE_OUTER_BOUND('NONE',#14931,.T.);
#14933=DIRECTION('NONE',(0.790727,0.612169,0));
#14934=DIRECTION('NONE',(0,0,-1));
#14935=AXIS2_PLACEMENT_3D('NONE',#3713,#14933,#14934);
#14936=PLANE('NONE',#14935);
#14937=FACE_SURFACE('NONE',(#14932),#14936,.T.);
#14938=POLY_LOOP('NONE',(#3361,#2524,#2523,#3338));
#14939=FACE_OUTER_BOUND('NONE',#14938,.T.);
#14940=DIRECTION('NONE',(0.923643,-0.383254,0));
#14941=DIRECTION('NONE',(0,0,-1));
#14942=AXIS2_PLACEMENT_3D('NONE',#3361,#14940,#14941);
#14943=PLANE('NONE',#14942);
#14944=FACE_SURFACE('NONE',(#14939),#14943,.T.);
#14945=POLY_LOOP('NONE',(#3714,#2891,#2890,#3715));
#14946=FACE_OUTER_BOUND('NONE',#14945,.T.);
#14947=DIRECTION('NONE',(0.925629,0.378432,0));
#14948=DIRECTION('NONE',(0,0,-1));
#14949=AXIS2_PLACEMENT_3D('NONE',#3714,#14947,#14948);
#14950=PLANE('NONE',#14949);
#14951=FACE_SURFACE('NONE',(#14946),#14950,.T.);
#14952=POLY_LOOP('NONE',(#3340,#3339,#2522,#2521));
#14953=FACE_OUTER_BOUND('NONE',#14952,.T.);
#14954=DIRECTION('NONE',(0.609157,-0.79305,0));
#14955=DIRECTION('NONE',(-0.79305,-0.609157,0));
#14956=AXIS2_PLACEMENT_3D('NONE',#3340,#14954,#14955);
#14957=PLANE('NONE',#14956);
#14958=FACE_SURFACE('NONE',(#14953),#14957,.T.);
#14959=POLY_LOOP('NONE',(#3338,#2523,#2522,#3339));
#14960=FACE_OUTER_BOUND('NONE',#14959,.T.);
#14961=DIRECTION('NONE',(0.79305,-0.609156,0));
#14962=DIRECTION('NONE',(0,0,-1));
#14963=AXIS2_PLACEMENT_3D('NONE',#3338,#14961,#14962);
#14964=PLANE('NONE',#14963);
#14965=FACE_SURFACE('NONE',(#14960),#14964,.T.);
#14966=POLY_LOOP('NONE',(#3715,#2890,#2889,#3716));
#14967=FACE_OUTER_BOUND('NONE',#14966,.T.);
#14968=DIRECTION('NONE',(0.991138,0.132833,0));
#14969=DIRECTION('NONE',(0,0,-1));
#14970=AXIS2_PLACEMENT_3D('NONE',#3715,#14968,#14969);
#14971=PLANE('NONE',#14970);
#14972=FACE_SURFACE('NONE',(#14967),#14971,.T.);
#14973=POLY_LOOP('NONE',(#3341,#3340,#2521,#2520));
#14974=FACE_OUTER_BOUND('NONE',#14973,.T.);
#14975=DIRECTION('NONE',(0.383255,-0.923642,0));
#14976=DIRECTION('NONE',(-0.923642,-0.383255,0));
#14977=AXIS2_PLACEMENT_3D('NONE',#3341,#14975,#14976);
#14978=PLANE('NONE',#14977);
#14979=FACE_SURFACE('NONE',(#14974),#14978,.T.);
#14980=POLY_LOOP('NONE',(#3342,#3341,#2520,#2519));
#14981=FACE_OUTER_BOUND('NONE',#14980,.T.);
#14982=DIRECTION('NONE',(0.130159,-0.991493,0));
#14983=DIRECTION('NONE',(-0.991493,-0.130159,0));
#14984=AXIS2_PLACEMENT_3D('NONE',#3342,#14982,#14983);
#14985=PLANE('NONE',#14984);
#14986=FACE_SURFACE('NONE',(#14981),#14985,.T.);
#14987=POLY_LOOP('NONE',(#3718,#3717,#2888,#2887));
#14988=FACE_OUTER_BOUND('NONE',#14987,.T.);
#14989=DIRECTION('NONE',(0.925629,-0.378432,0));
#14990=DIRECTION('NONE',(-0.378432,-0.925629,0));
#14991=AXIS2_PLACEMENT_3D('NONE',#3718,#14989,#14990);
#14992=PLANE('NONE',#14991);
#14993=FACE_SURFACE('NONE',(#14988),#14992,.T.);
#14994=POLY_LOOP('NONE',(#3337,#3334,#2517,#2516));
#14995=FACE_OUTER_BOUND('NONE',#14994,.T.);
#14996=DIRECTION('NONE',(0,-1,0));
#14997=DIRECTION('NONE',(-1,0,0));
#14998=AXIS2_PLACEMENT_3D('NONE',#3337,#14996,#14997);
#14999=PLANE('NONE',#14998);
#15000=FACE_SURFACE('NONE',(#14995),#14999,.T.);
#15001=POLY_LOOP('NONE',(#3696,#3719,#2886,#2885));
#15002=FACE_OUTER_BOUND('NONE',#15001,.T.);
#15003=DIRECTION('NONE',(0.61217,-0.790726,0));
#15004=DIRECTION('NONE',(-0.790726,-0.61217,0));
#15005=AXIS2_PLACEMENT_3D('NONE',#3696,#15003,#15004);
#15006=PLANE('NONE',#15005);
#15007=FACE_SURFACE('NONE',(#15002),#15006,.T.);
#15008=POLY_LOOP('NONE',(#2674,#2673,#3485,#3484));
#15009=FACE_OUTER_BOUND('NONE',#15008,.T.);
#15010=DIRECTION('NONE',(0.991424,-0.130685,0));
#15011=DIRECTION('NONE',(0.130685,0.991424,0));
#15012=AXIS2_PLACEMENT_3D('NONE',#2674,#15010,#15011);
#15013=PLANE('NONE',#15012);
#15014=FACE_SURFACE('NONE',(#15009),#15013,.T.);
#15015=POLY_LOOP('NONE',(#3718,#2887,#2886,#3719));
#15016=FACE_OUTER_BOUND('NONE',#15015,.T.);
#15017=DIRECTION('NONE',(0.790723,-0.612174,0));
#15018=DIRECTION('NONE',(0,0,-1));
#15019=AXIS2_PLACEMENT_3D('NONE',#3718,#15017,#15018);
#15020=PLANE('NONE',#15019);
#15021=FACE_SURFACE('NONE',(#15016),#15020,.T.);
#15022=POLY_LOOP('NONE',(#3485,#2673,#2672,#3486));
#15023=FACE_OUTER_BOUND('NONE',#15022,.T.);
#15024=DIRECTION('NONE',(0.923744,-0.383012,0));
#15025=DIRECTION('NONE',(0,0,-1));
#15026=AXIS2_PLACEMENT_3D('NONE',#3485,#15024,#15025);
#15027=PLANE('NONE',#15026);
#15028=FACE_SURFACE('NONE',(#15023),#15027,.T.);
#15029=POLY_LOOP('NONE',(#3697,#3696,#2885,#2884));
#15030=FACE_OUTER_BOUND('NONE',#15029,.T.);
#15031=DIRECTION('NONE',(0.37844,-0.925626,0));
#15032=DIRECTION('NONE',(-0.925626,-0.37844,0));
#15033=AXIS2_PLACEMENT_3D('NONE',#3697,#15031,#15032);
#15034=PLANE('NONE',#15033);
#15035=FACE_SURFACE('NONE',(#15030),#15034,.T.);
#15036=POLY_LOOP('NONE',(#3488,#3487,#2671,#2670));
#15037=FACE_OUTER_BOUND('NONE',#15036,.T.);
#15038=DIRECTION('NONE',(0.60862,-0.793462,0));
#15039=DIRECTION('NONE',(-0.793462,-0.60862,0));
#15040=AXIS2_PLACEMENT_3D('NONE',#3488,#15038,#15039);
#15041=PLANE('NONE',#15040);
#15042=FACE_SURFACE('NONE',(#15037),#15041,.T.);
#15043=POLY_LOOP('NONE',(#3698,#3697,#2884,#2883));
#15044=FACE_OUTER_BOUND('NONE',#15043,.T.);
#15045=DIRECTION('NONE',(0.132828,-0.991139,0));
#15046=DIRECTION('NONE',(-0.991139,-0.132828,0));
#15047=AXIS2_PLACEMENT_3D('NONE',#3698,#15045,#15046);
#15048=PLANE('NONE',#15047);
#15049=FACE_SURFACE('NONE',(#15044),#15048,.T.);
#15050=POLY_LOOP('NONE',(#3486,#2672,#2671,#3487));
#15051=FACE_OUTER_BOUND('NONE',#15050,.T.);
#15052=DIRECTION('NONE',(0.793462,-0.60862,0));
#15053=DIRECTION('NONE',(0,0,-1));
#15054=AXIS2_PLACEMENT_3D('NONE',#3486,#15052,#15053);
#15055=PLANE('NONE',#15054);
#15056=FACE_SURFACE('NONE',(#15051),#15055,.T.);
#15057=POLY_LOOP('NONE',(#3699,#3698,#2883,#2882));
#15058=FACE_OUTER_BOUND('NONE',#15057,.T.);
#15059=DIRECTION('NONE',(-0.132828,-0.991139,0));
#15060=DIRECTION('NONE',(-0.991139,0.132828,0));
#15061=AXIS2_PLACEMENT_3D('NONE',#3699,#15059,#15060);
#15062=PLANE('NONE',#15061);
#15063=FACE_SURFACE('NONE',(#15058),#15062,.T.);
#15064=POLY_LOOP('NONE',(#3489,#3488,#2670,#2669));
#15065=FACE_OUTER_BOUND('NONE',#15064,.T.);
#15066=DIRECTION('NONE',(0.383019,-0.92374,0));
#15067=DIRECTION('NONE',(-0.92374,-0.383019,0));
#15068=AXIS2_PLACEMENT_3D('NONE',#3489,#15066,#15067);
#15069=PLANE('NONE',#15068);
#15070=FACE_SURFACE('NONE',(#15065),#15069,.T.);
#15071=POLY_LOOP('NONE',(#3700,#3699,#2882,#2881));
#15072=FACE_OUTER_BOUND('NONE',#15071,.T.);
#15073=DIRECTION('NONE',(-0.37844,-0.925626,0));
#15074=DIRECTION('NONE',(-0.925626,0.37844,0));
#15075=AXIS2_PLACEMENT_3D('NONE',#3700,#15073,#15074);
#15076=PLANE('NONE',#15075);
#15077=FACE_SURFACE('NONE',(#15072),#15076,.T.);
#15078=POLY_LOOP('NONE',(#3490,#3489,#2669,#2668));
#15079=FACE_OUTER_BOUND('NONE',#15078,.T.);
#15080=DIRECTION('NONE',(0.130685,-0.991424,0));
#15081=DIRECTION('NONE',(-0.991424,-0.130685,0));
#15082=AXIS2_PLACEMENT_3D('NONE',#3490,#15080,#15081);
#15083=PLANE('NONE',#15082);
#15084=FACE_SURFACE('NONE',(#15079),#15083,.T.);
#15085=POLY_LOOP('NONE',(#3701,#3700,#2881,#2880));
#15086=FACE_OUTER_BOUND('NONE',#15085,.T.);
#15087=DIRECTION('NONE',(-0.61217,-0.790726,0));
#15088=DIRECTION('NONE',(-0.790726,0.61217,0));
#15089=AXIS2_PLACEMENT_3D('NONE',#3701,#15087,#15088);
#15090=PLANE('NONE',#15089);
#15091=FACE_SURFACE('NONE',(#15086),#15090,.T.);
#15092=POLY_LOOP('NONE',(#3337,#2516,#2513,#2512));
#15093=FACE_OUTER_BOUND('NONE',#15092,.T.);
#15094=DIRECTION('NONE',(1,0,0));
#15095=DIRECTION('NONE',(0,0,-1));
#15096=AXIS2_PLACEMENT_3D('NONE',#3337,#15094,#15095);
#15097=PLANE('NONE',#15096);
#15098=FACE_SURFACE('NONE',(#15093),#15097,.T.);
#15099=POLY_LOOP('NONE',(#3702,#3701,#2880,#2879));
#15100=FACE_OUTER_BOUND('NONE',#15099,.T.);
#15101=DIRECTION('NONE',(-0.790725,-0.612171,0));
#15102=DIRECTION('NONE',(-0.612171,0.790725,0));
#15103=AXIS2_PLACEMENT_3D('NONE',#3702,#15101,#15102);
#15104=PLANE('NONE',#15103);
#15105=FACE_SURFACE('NONE',(#15100),#15104,.T.);
#15106=POLY_LOOP('NONE',(#3491,#3490,#2668,#2667));
#15107=FACE_OUTER_BOUND('NONE',#15106,.T.);
#15108=DIRECTION('NONE',(-0.130684,-0.991424,0));
#15109=DIRECTION('NONE',(-0.991424,0.130684,0));
#15110=AXIS2_PLACEMENT_3D('NONE',#3491,#15108,#15109);
#15111=PLANE('NONE',#15110);
#15112=FACE_SURFACE('NONE',(#15107),#15111,.T.);
#15113=POLY_LOOP('NONE',(#2577,#2576,#3408,#3407));
#15114=FACE_OUTER_BOUND('NONE',#15113,.T.);
#15115=DIRECTION('NONE',(0.991493,-0.130157,0));
#15116=DIRECTION('NONE',(0.130157,0.991493,0));
#15117=AXIS2_PLACEMENT_3D('NONE',#2577,#15115,#15116);
#15118=PLANE('NONE',#15117);
#15119=FACE_SURFACE('NONE',(#15114),#15118,.T.);
#15120=POLY_LOOP('NONE',(#3501,#2681,#2680,#3502));
#15121=FACE_OUTER_BOUND('NONE',#15120,.T.);
#15122=DIRECTION('NONE',(-0.130692,0.991423,0));
#15123=DIRECTION('NONE',(0,0,-1));
#15124=AXIS2_PLACEMENT_3D('NONE',#3501,#15122,#15123);
#15125=PLANE('NONE',#15124);
#15126=FACE_SURFACE('NONE',(#15121),#15125,.T.);
#15127=POLY_LOOP('NONE',(#3502,#2680,#2679,#3503));
#15128=FACE_OUTER_BOUND('NONE',#15127,.T.);
#15129=DIRECTION('NONE',(0.130694,0.991423,0));
#15130=DIRECTION('NONE',(0,0,-1));
#15131=AXIS2_PLACEMENT_3D('NONE',#3502,#15129,#15130);
#15132=PLANE('NONE',#15131);
#15133=FACE_SURFACE('NONE',(#15128),#15132,.T.);
#15134=POLY_LOOP('NONE',(#3408,#2576,#2575,#3409));
#15135=FACE_OUTER_BOUND('NONE',#15134,.T.);
#15136=DIRECTION('NONE',(0.923643,-0.383255,0));
#15137=DIRECTION('NONE',(0,0,-1));
#15138=AXIS2_PLACEMENT_3D('NONE',#3408,#15136,#15137);
#15139=PLANE('NONE',#15138);
#15140=FACE_SURFACE('NONE',(#15135),#15139,.T.);
#15141=POLY_LOOP('NONE',(#3387,#3386,#2574,#2573));
#15142=FACE_OUTER_BOUND('NONE',#15141,.T.);
#15143=DIRECTION('NONE',(0.609151,-0.793054,0));
#15144=DIRECTION('NONE',(-0.793054,-0.609151,0));
#15145=AXIS2_PLACEMENT_3D('NONE',#3387,#15143,#15144);
#15146=PLANE('NONE',#15145);
#15147=FACE_SURFACE('NONE',(#15142),#15146,.T.);
#15148=POLY_LOOP('NONE',(#3409,#2575,#2574,#3386));
#15149=FACE_OUTER_BOUND('NONE',#15148,.T.);
#15150=DIRECTION('NONE',(0.793052,-0.609154,0));
#15151=DIRECTION('NONE',(0,0,-1));
#15152=AXIS2_PLACEMENT_3D('NONE',#3409,#15150,#15151);
#15153=PLANE('NONE',#15152);
#15154=FACE_SURFACE('NONE',(#15149),#15153,.T.);
#15155=POLY_LOOP('NONE',(#3388,#3387,#2573,#2572));
#15156=FACE_OUTER_BOUND('NONE',#15155,.T.);
#15157=DIRECTION('NONE',(0.383256,-0.923642,0));
#15158=DIRECTION('NONE',(-0.923642,-0.383256,0));
#15159=AXIS2_PLACEMENT_3D('NONE',#3388,#15157,#15158);
#15160=PLANE('NONE',#15159);
#15161=FACE_SURFACE('NONE',(#15156),#15160,.T.);
#15162=POLY_LOOP('NONE',(#3389,#3388,#2572,#2571));
#15163=FACE_OUTER_BOUND('NONE',#15162,.T.);
#15164=DIRECTION('NONE',(0.130159,-0.991493,0));
#15165=DIRECTION('NONE',(-0.991493,-0.130159,0));
#15166=AXIS2_PLACEMENT_3D('NONE',#3389,#15164,#15165);
#15167=PLANE('NONE',#15166);
#15168=FACE_SURFACE('NONE',(#15163),#15167,.T.);
#15169=POLY_LOOP('NONE',(#3390,#3389,#2571,#2570));
#15170=FACE_OUTER_BOUND('NONE',#15169,.T.);
#15171=DIRECTION('NONE',(-0.130159,-0.991493,0));
#15172=DIRECTION('NONE',(-0.991493,0.130159,0));
#15173=AXIS2_PLACEMENT_3D('NONE',#3390,#15171,#15172);
#15174=PLANE('NONE',#15173);
#15175=FACE_SURFACE('NONE',(#15170),#15174,.T.);
#15176=POLY_LOOP('NONE',(#3391,#3390,#2570,#2569));
#15177=FACE_OUTER_BOUND('NONE',#15176,.T.);
#15178=DIRECTION('NONE',(-0.383255,-0.923642,0));
#15179=DIRECTION('NONE',(-0.923642,0.383255,0));
#15180=AXIS2_PLACEMENT_3D('NONE',#3391,#15178,#15179);
#15181=PLANE('NONE',#15180);
#15182=FACE_SURFACE('NONE',(#15177),#15181,.T.);
#15183=POLY_LOOP('NONE',(#3392,#3391,#2569,#2568));
#15184=FACE_OUTER_BOUND('NONE',#15183,.T.);
#15185=DIRECTION('NONE',(-0.609152,-0.793054,0));
#15186=DIRECTION('NONE',(-0.793054,0.609152,0));
#15187=AXIS2_PLACEMENT_3D('NONE',#3392,#15185,#15186);
#15188=PLANE('NONE',#15187);
#15189=FACE_SURFACE('NONE',(#15184),#15188,.T.);
#15190=POLY_LOOP('NONE',(#3393,#3392,#2568,#2567));
#15191=FACE_OUTER_BOUND('NONE',#15190,.T.);
#15192=DIRECTION('NONE',(-0.793052,-0.609154,0));
#15193=DIRECTION('NONE',(-0.609154,0.793052,0));
#15194=AXIS2_PLACEMENT_3D('NONE',#3393,#15192,#15193);
#15195=PLANE('NONE',#15194);
#15196=FACE_SURFACE('NONE',(#15191),#15195,.T.);
#15197=POLY_LOOP('NONE',(#3503,#2679,#2678,#3504));
#15198=FACE_OUTER_BOUND('NONE',#15197,.T.);
#15199=DIRECTION('NONE',(0.383012,0.923744,0));
#15200=DIRECTION('NONE',(0,0,-1));
#15201=AXIS2_PLACEMENT_3D('NONE',#3503,#15199,#15200);
#15202=PLANE('NONE',#15201);
#15203=FACE_SURFACE('NONE',(#15198),#15202,.T.);
#15204=POLY_LOOP('NONE',(#3604,#3603,#2784,#2783));
#15205=FACE_OUTER_BOUND('NONE',#15204,.T.);
#15206=DIRECTION('NONE',(-0.608622,-0.79346,0));
#15207=DIRECTION('NONE',(-0.79346,0.608622,0));
#15208=AXIS2_PLACEMENT_3D('NONE',#3604,#15206,#15207);
#15209=PLANE('NONE',#15208);
#15210=FACE_SURFACE('NONE',(#15205),#15209,.T.);
#15211=POLY_LOOP('NONE',(#3504,#2678,#2677,#3505));
#15212=FACE_OUTER_BOUND('NONE',#15211,.T.);
#15213=DIRECTION('NONE',(0.60862,0.793462,0));
#15214=DIRECTION('NONE',(0,0,-1));
#15215=AXIS2_PLACEMENT_3D('NONE',#3504,#15213,#15214);
#15216=PLANE('NONE',#15215);
#15217=FACE_SURFACE('NONE',(#15212),#15216,.T.);
#15218=POLY_LOOP('NONE',(#3605,#3604,#2783,#2782));
#15219=FACE_OUTER_BOUND('NONE',#15218,.T.);
#15220=DIRECTION('NONE',(-0.793462,-0.60862,0));
#15221=DIRECTION('NONE',(-0.60862,0.793462,0));
#15222=AXIS2_PLACEMENT_3D('NONE',#3605,#15220,#15221);
#15223=PLANE('NONE',#15222);
#15224=FACE_SURFACE('NONE',(#15219),#15223,.T.);
#15225=POLY_LOOP('NONE',(#3505,#2677,#2676,#3482));
#15226=FACE_OUTER_BOUND('NONE',#15225,.T.);
#15227=DIRECTION('NONE',(0.793462,0.60862,0));
#15228=DIRECTION('NONE',(0,0,-1));
#15229=AXIS2_PLACEMENT_3D('NONE',#3505,#15227,#15228);
#15230=PLANE('NONE',#15229);
#15231=FACE_SURFACE('NONE',(#15226),#15230,.T.);
#15232=POLY_LOOP('NONE',(#3606,#3605,#2782,#2805));
#15233=FACE_OUTER_BOUND('NONE',#15232,.T.);
#15234=DIRECTION('NONE',(-0.923742,-0.383015,0));
#15235=DIRECTION('NONE',(-0.383015,0.923742,0));
#15236=AXIS2_PLACEMENT_3D('NONE',#3606,#15234,#15235);
#15237=PLANE('NONE',#15236);
#15238=FACE_SURFACE('NONE',(#15233),#15237,.T.);
#15239=POLY_LOOP('NONE',(#3482,#2676,#2675,#3483));
#15240=FACE_OUTER_BOUND('NONE',#15239,.T.);
#15241=DIRECTION('NONE',(0.923744,0.383012,0));
#15242=DIRECTION('NONE',(0,0,-1));
#15243=AXIS2_PLACEMENT_3D('NONE',#3482,#15241,#15242);
#15244=PLANE('NONE',#15243);
#15245=FACE_SURFACE('NONE',(#15240),#15244,.T.);
#15246=POLY_LOOP('NONE',(#3607,#3606,#2805,#2804));
#15247=FACE_OUTER_BOUND('NONE',#15246,.T.);
#15248=DIRECTION('NONE',(-0.991424,-0.130685,0));
#15249=DIRECTION('NONE',(-0.130685,0.991424,0));
#15250=AXIS2_PLACEMENT_3D('NONE',#3607,#15248,#15249);
#15251=PLANE('NONE',#15250);
#15252=FACE_SURFACE('NONE',(#15247),#15251,.T.);
#15253=POLY_LOOP('NONE',(#3483,#2675,#2674,#3484));
#15254=FACE_OUTER_BOUND('NONE',#15253,.T.);
#15255=DIRECTION('NONE',(0.991424,0.130685,0));
#15256=DIRECTION('NONE',(0,0,-1));
#15257=AXIS2_PLACEMENT_3D('NONE',#3483,#15255,#15256);
#15258=PLANE('NONE',#15257);
#15259=FACE_SURFACE('NONE',(#15254),#15258,.T.);
#15260=POLY_LOOP('NONE',(#3608,#3607,#2804,#2803));
#15261=FACE_OUTER_BOUND('NONE',#15260,.T.);
#15262=DIRECTION('NONE',(-0.991424,0.130685,0));
#15263=DIRECTION('NONE',(0.130685,0.991424,0));
#15264=AXIS2_PLACEMENT_3D('NONE',#3608,#15262,#15263);
#15265=PLANE('NONE',#15264);
#15266=FACE_SURFACE('NONE',(#15261),#15265,.T.);
#15267=POLY_LOOP('NONE',(#3301,#3300,#4108,#4107));
#15268=FACE_OUTER_BOUND('NONE',#15267,.T.);
#15269=DIRECTION('NONE',(0.991428,-0.130655,0));
#15270=DIRECTION('NONE',(0.130655,0.991428,0));
#15271=AXIS2_PLACEMENT_3D('NONE',#3301,#15269,#15270);
#15272=PLANE('NONE',#15271);
#15273=FACE_SURFACE('NONE',(#15268),#15272,.T.);
#15274=POLY_LOOP('NONE',(#3609,#3608,#2803,#2802));
#15275=FACE_OUTER_BOUND('NONE',#15274,.T.);
#15276=DIRECTION('NONE',(-0.923742,0.383015,0));
#15277=DIRECTION('NONE',(0.383015,0.923742,0));
#15278=AXIS2_PLACEMENT_3D('NONE',#3609,#15276,#15277);
#15279=PLANE('NONE',#15278);
#15280=FACE_SURFACE('NONE',(#15275),#15279,.T.);
#15281=POLY_LOOP('NONE',(#4108,#3300,#3299,#4109));
#15282=FACE_OUTER_BOUND('NONE',#15281,.T.);
#15283=DIRECTION('NONE',(0.9242,-0.381909,0));
#15284=DIRECTION('NONE',(0,0,-1));
#15285=AXIS2_PLACEMENT_3D('NONE',#4108,#15283,#15284);
#15286=PLANE('NONE',#15285);
#15287=FACE_SURFACE('NONE',(#15282),#15286,.T.);
#15288=POLY_LOOP('NONE',(#3610,#3609,#2802,#2801));
#15289=FACE_OUTER_BOUND('NONE',#15288,.T.);
#15290=DIRECTION('NONE',(-0.793462,0.60862,0));
#15291=DIRECTION('NONE',(0.60862,0.793462,0));
#15292=AXIS2_PLACEMENT_3D('NONE',#3610,#15290,#15291);
#15293=PLANE('NONE',#15292);
#15294=FACE_SURFACE('NONE',(#15289),#15293,.T.);
#15295=POLY_LOOP('NONE',(#4111,#4110,#3298,#3297));
#15296=FACE_OUTER_BOUND('NONE',#15295,.T.);
#15297=DIRECTION('NONE',(0.604898,-0.796303,0));
#15298=DIRECTION('NONE',(-0.796303,-0.604898,0));
#15299=AXIS2_PLACEMENT_3D('NONE',#4111,#15297,#15298);
#15300=PLANE('NONE',#15299);
#15301=FACE_SURFACE('NONE',(#15296),#15300,.T.);
#15302=POLY_LOOP('NONE',(#3610,#2801,#2800,#3611));
#15303=FACE_OUTER_BOUND('NONE',#15302,.T.);
#15304=DIRECTION('NONE',(-0.608622,0.79346,0));
#15305=DIRECTION('NONE',(0,0,-1));
#15306=AXIS2_PLACEMENT_3D('NONE',#3610,#15304,#15305);
#15307=PLANE('NONE',#15306);
#15308=FACE_SURFACE('NONE',(#15303),#15307,.T.);
#15309=POLY_LOOP('NONE',(#4109,#3299,#3298,#4110));
#15310=FACE_OUTER_BOUND('NONE',#15309,.T.);
#15311=DIRECTION('NONE',(0.796308,-0.604891,0));
#15312=DIRECTION('NONE',(0,0,-1));
#15313=AXIS2_PLACEMENT_3D('NONE',#4109,#15311,#15312);
#15314=PLANE('NONE',#15313);
#15315=FACE_SURFACE('NONE',(#15310),#15314,.T.);
#15316=POLY_LOOP('NONE',(#3623,#3622,#2789,#2788));
#15317=FACE_OUTER_BOUND('NONE',#15316,.T.);
#15318=DIRECTION('NONE',(0.608622,-0.79346,0));
#15319=DIRECTION('NONE',(-0.79346,-0.608622,0));
#15320=AXIS2_PLACEMENT_3D('NONE',#3623,#15318,#15319);
#15321=PLANE('NONE',#15320);
#15322=FACE_SURFACE('NONE',(#15317),#15321,.T.);
#15323=POLY_LOOP('NONE',(#3600,#3623,#2788,#2787));
#15324=FACE_OUTER_BOUND('NONE',#15323,.T.);
#15325=DIRECTION('NONE',(0.383012,-0.923744,0));
#15326=DIRECTION('NONE',(-0.923744,-0.383012,0));
#15327=AXIS2_PLACEMENT_3D('NONE',#3600,#15325,#15326);
#15328=PLANE('NONE',#15327);
#15329=FACE_SURFACE('NONE',(#15324),#15328,.T.);
#15330=POLY_LOOP('NONE',(#3309,#3308,#4124,#4123));
#15331=FACE_OUTER_BOUND('NONE',#15330,.T.);
#15332=DIRECTION('NONE',(-0.381901,0.924203,0));
#15333=DIRECTION('NONE',(-0.924203,-0.381901,0));
#15334=AXIS2_PLACEMENT_3D('NONE',#3309,#15332,#15333);
#15335=PLANE('NONE',#15334);
#15336=FACE_SURFACE('NONE',(#15331),#15335,.T.);
#15337=POLY_LOOP('NONE',(#3601,#3600,#2787,#2786));
#15338=FACE_OUTER_BOUND('NONE',#15337,.T.);
#15339=DIRECTION('NONE',(0.130693,-0.991423,0));
#15340=DIRECTION('NONE',(-0.991423,-0.130693,0));
#15341=AXIS2_PLACEMENT_3D('NONE',#3601,#15339,#15340);
#15342=PLANE('NONE',#15341);
#15343=FACE_SURFACE('NONE',(#15338),#15342,.T.);
#15344=POLY_LOOP('NONE',(#4124,#3308,#3307,#4125));
#15345=FACE_OUTER_BOUND('NONE',#15344,.T.);
#15346=DIRECTION('NONE',(-0.130653,0.991428,0));
#15347=DIRECTION('NONE',(0,0,-1));
#15348=AXIS2_PLACEMENT_3D('NONE',#4124,#15346,#15347);
#15349=PLANE('NONE',#15348);
#15350=FACE_SURFACE('NONE',(#15345),#15349,.T.);
#15351=POLY_LOOP('NONE',(#4125,#3307,#3306,#4126));
#15352=FACE_OUTER_BOUND('NONE',#15351,.T.);
#15353=DIRECTION('NONE',(0.130655,0.991428,0));
#15354=DIRECTION('NONE',(0,0,-1));
#15355=AXIS2_PLACEMENT_3D('NONE',#4125,#15353,#15354);
#15356=PLANE('NONE',#15355);
#15357=FACE_SURFACE('NONE',(#15352),#15356,.T.);
#15358=POLY_LOOP('NONE',(#3602,#3601,#2786,#2785));
#15359=FACE_OUTER_BOUND('NONE',#15358,.T.);
#15360=DIRECTION('NONE',(-0.130693,-0.991423,0));
#15361=DIRECTION('NONE',(-0.991423,0.130693,0));
#15362=AXIS2_PLACEMENT_3D('NONE',#3602,#15360,#15361);
#15363=PLANE('NONE',#15362);
#15364=FACE_SURFACE('NONE',(#15359),#15363,.T.);
#15365=POLY_LOOP('NONE',(#4126,#3306,#3305,#4127));
#15366=FACE_OUTER_BOUND('NONE',#15365,.T.);
#15367=DIRECTION('NONE',(0.381896,0.924205,0));
#15368=DIRECTION('NONE',(0,0,-1));
#15369=AXIS2_PLACEMENT_3D('NONE',#4126,#15367,#15368);
#15370=PLANE('NONE',#15369);
#15371=FACE_SURFACE('NONE',(#15366),#15370,.T.);
#15372=POLY_LOOP('NONE',(#3603,#3602,#2785,#2784));
#15373=FACE_OUTER_BOUND('NONE',#15372,.T.);
#15374=DIRECTION('NONE',(-0.383012,-0.923744,0));
#15375=DIRECTION('NONE',(-0.923744,0.383012,0));
#15376=AXIS2_PLACEMENT_3D('NONE',#3603,#15374,#15375);
#15377=PLANE('NONE',#15376);
#15378=FACE_SURFACE('NONE',(#15373),#15377,.T.);
#15379=POLY_LOOP('NONE',(#4127,#3305,#3304,#4104));
#15380=FACE_OUTER_BOUND('NONE',#15379,.T.);
#15381=DIRECTION('NONE',(0.604898,0.796303,0));
#15382=DIRECTION('NONE',(0,0,-1));
#15383=AXIS2_PLACEMENT_3D('NONE',#4127,#15381,#15382);
#15384=PLANE('NONE',#15383);
#15385=FACE_SURFACE('NONE',(#15380),#15384,.T.);
#15386=POLY_LOOP('NONE',(#4104,#3304,#3303,#4105));
#15387=FACE_OUTER_BOUND('NONE',#15386,.T.);
#15388=DIRECTION('NONE',(0.796308,0.604891,0));
#15389=DIRECTION('NONE',(0,0,-1));
#15390=AXIS2_PLACEMENT_3D('NONE',#4104,#15388,#15389);
#15391=PLANE('NONE',#15390);
#15392=FACE_SURFACE('NONE',(#15387),#15391,.T.);
#15393=POLY_LOOP('NONE',(#4105,#3303,#3302,#4106));
#15394=FACE_OUTER_BOUND('NONE',#15393,.T.);
#15395=DIRECTION('NONE',(0.9242,0.381909,0));
#15396=DIRECTION('NONE',(0,0,-1));
#15397=AXIS2_PLACEMENT_3D('NONE',#4105,#15395,#15396);
#15398=PLANE('NONE',#15397);
#15399=FACE_SURFACE('NONE',(#15394),#15398,.T.);
#15400=POLY_LOOP('NONE',(#4106,#3302,#3301,#4107));
#15401=FACE_OUTER_BOUND('NONE',#15400,.T.);
#15402=DIRECTION('NONE',(0.991428,0.130655,0));
#15403=DIRECTION('NONE',(0,0,-1));
#15404=AXIS2_PLACEMENT_3D('NONE',#4106,#15402,#15403);
#15405=PLANE('NONE',#15404);
#15406=FACE_SURFACE('NONE',(#15401),#15405,.T.);
#15407=POLY_LOOP('NONE',(#3611,#2800,#2799,#3612));
#15408=FACE_OUTER_BOUND('NONE',#15407,.T.);
#15409=DIRECTION('NONE',(-0.383012,0.923744,0));
#15410=DIRECTION('NONE',(0,0,-1));
#15411=AXIS2_PLACEMENT_3D('NONE',#3611,#15409,#15410);
#15412=PLANE('NONE',#15411);
#15413=FACE_SURFACE('NONE',(#15408),#15412,.T.);
#15414=POLY_LOOP('NONE',(#4039,#4038,#3227,#3226));
#15415=FACE_OUTER_BOUND('NONE',#15414,.T.);
#15416=DIRECTION('NONE',(0.604891,-0.796308,0));
#15417=DIRECTION('NONE',(-0.796308,-0.604891,0));
#15418=AXIS2_PLACEMENT_3D('NONE',#4039,#15416,#15417);
#15419=PLANE('NONE',#15418);
#15420=FACE_SURFACE('NONE',(#15415),#15419,.T.);
#15421=POLY_LOOP('NONE',(#3612,#2799,#2798,#3613));
#15422=FACE_OUTER_BOUND('NONE',#15421,.T.);
#15423=DIRECTION('NONE',(-0.130693,0.991423,0));
#15424=DIRECTION('NONE',(0,0,-1));
#15425=AXIS2_PLACEMENT_3D('NONE',#3612,#15423,#15424);
#15426=PLANE('NONE',#15425);
#15427=FACE_SURFACE('NONE',(#15422),#15426,.T.);
#15428=POLY_LOOP('NONE',(#3226,#3225,#4040,#4039));
#15429=FACE_OUTER_BOUND('NONE',#15428,.T.);
#15430=DIRECTION('NONE',(0.381896,-0.924205,0));
#15431=DIRECTION('NONE',(0.924205,0.381896,0));
#15432=AXIS2_PLACEMENT_3D('NONE',#3226,#15430,#15431);
#15433=PLANE('NONE',#15432);
#15434=FACE_SURFACE('NONE',(#15429),#15433,.T.);
#15435=POLY_LOOP('NONE',(#3613,#2798,#2797,#3614));
#15436=FACE_OUTER_BOUND('NONE',#15435,.T.);
#15437=DIRECTION('NONE',(0.130693,0.991423,0));
#15438=DIRECTION('NONE',(0,0,-1));
#15439=AXIS2_PLACEMENT_3D('NONE',#3613,#15437,#15438);
#15440=PLANE('NONE',#15439);
#15441=FACE_SURFACE('NONE',(#15436),#15440,.T.);
#15442=POLY_LOOP('NONE',(#4043,#4042,#3223,#3222));
#15443=FACE_OUTER_BOUND('NONE',#15442,.T.);
#15444=DIRECTION('NONE',(-0.381896,-0.924205,0));
#15445=DIRECTION('NONE',(-0.924205,0.381896,0));
#15446=AXIS2_PLACEMENT_3D('NONE',#4043,#15444,#15445);
#15447=PLANE('NONE',#15446);
#15448=FACE_SURFACE('NONE',(#15443),#15447,.T.);
#15449=POLY_LOOP('NONE',(#3614,#2797,#2796,#3615));
#15450=FACE_OUTER_BOUND('NONE',#15449,.T.);
#15451=DIRECTION('NONE',(0.383012,0.923744,0));
#15452=DIRECTION('NONE',(0,0,-1));
#15453=AXIS2_PLACEMENT_3D('NONE',#3614,#15451,#15452);
#15454=PLANE('NONE',#15453);
#15455=FACE_SURFACE('NONE',(#15450),#15454,.T.);
#15456=POLY_LOOP('NONE',(#4044,#4043,#3222,#3221));
#15457=FACE_OUTER_BOUND('NONE',#15456,.T.);
#15458=DIRECTION('NONE',(-0.604891,-0.796308,0));
#15459=DIRECTION('NONE',(-0.796308,0.604891,0));
#15460=AXIS2_PLACEMENT_3D('NONE',#4044,#15458,#15459);
#15461=PLANE('NONE',#15460);
#15462=FACE_SURFACE('NONE',(#15457),#15461,.T.);
#15463=POLY_LOOP('NONE',(#2792,#2791,#3620,#3619));
#15464=FACE_OUTER_BOUND('NONE',#15463,.T.);
#15465=DIRECTION('NONE',(0.991423,-0.130689,0));
#15466=DIRECTION('NONE',(0.130689,0.991423,0));
#15467=AXIS2_PLACEMENT_3D('NONE',#2792,#15465,#15466);
#15468=PLANE('NONE',#15467);
#15469=FACE_SURFACE('NONE',(#15464),#15468,.T.);
#15470=POLY_LOOP('NONE',(#4045,#4044,#3221,#3220));
#15471=FACE_OUTER_BOUND('NONE',#15470,.T.);
#15472=DIRECTION('NONE',(-0.796308,-0.604891,0));
#15473=DIRECTION('NONE',(-0.604891,0.796308,0));
#15474=AXIS2_PLACEMENT_3D('NONE',#4045,#15472,#15473);
#15475=PLANE('NONE',#15474);
#15476=FACE_SURFACE('NONE',(#15471),#15475,.T.);
#15477=POLY_LOOP('NONE',(#3620,#2791,#2790,#3621));
#15478=FACE_OUTER_BOUND('NONE',#15477,.T.);
#15479=DIRECTION('NONE',(0.923742,-0.383015,0));
#15480=DIRECTION('NONE',(0,0,-1));
#15481=AXIS2_PLACEMENT_3D('NONE',#3620,#15479,#15480);
#15482=PLANE('NONE',#15481);
#15483=FACE_SURFACE('NONE',(#15478),#15482,.T.);
#15484=POLY_LOOP('NONE',(#4046,#4045,#3220,#3219));
#15485=FACE_OUTER_BOUND('NONE',#15484,.T.);
#15486=DIRECTION('NONE',(-0.924205,-0.381896,0));
#15487=DIRECTION('NONE',(-0.381896,0.924205,0));
#15488=AXIS2_PLACEMENT_3D('NONE',#4046,#15486,#15487);
#15489=PLANE('NONE',#15488);
#15490=FACE_SURFACE('NONE',(#15485),#15489,.T.);
#15491=POLY_LOOP('NONE',(#3621,#2790,#2789,#3622));
#15492=FACE_OUTER_BOUND('NONE',#15491,.T.);
#15493=DIRECTION('NONE',(0.793462,-0.60862,0));
#15494=DIRECTION('NONE',(0,0,-1));
#15495=AXIS2_PLACEMENT_3D('NONE',#3621,#15493,#15494);
#15496=PLANE('NONE',#15495);
#15497=FACE_SURFACE('NONE',(#15492),#15496,.T.);
#15498=POLY_LOOP('NONE',(#4047,#4046,#3219,#3218));
#15499=FACE_OUTER_BOUND('NONE',#15498,.T.);
#15500=DIRECTION('NONE',(-0.991428,-0.130655,0));
#15501=DIRECTION('NONE',(-0.130655,0.991428,0));
#15502=AXIS2_PLACEMENT_3D('NONE',#4047,#15500,#15501);
#15503=PLANE('NONE',#15502);
#15504=FACE_SURFACE('NONE',(#15499),#15503,.T.);
#15505=POLY_LOOP('NONE',(#4080,#4103,#3265,#3264));
#15506=FACE_OUTER_BOUND('NONE',#15505,.T.);
#15507=DIRECTION('NONE',(-0.796315,-0.604882,0));
#15508=DIRECTION('NONE',(-0.604882,0.796315,0));
#15509=AXIS2_PLACEMENT_3D('NONE',#4080,#15507,#15508);
#15510=PLANE('NONE',#15509);
#15511=FACE_SURFACE('NONE',(#15506),#15510,.T.);
#15512=POLY_LOOP('NONE',(#3616,#3615,#2796,#2795));
#15513=FACE_OUTER_BOUND('NONE',#15512,.T.);
#15514=DIRECTION('NONE',(0.608622,0.79346,0));
#15515=DIRECTION('NONE',(0.79346,-0.608622,0));
#15516=AXIS2_PLACEMENT_3D('NONE',#3616,#15514,#15515);
#15517=PLANE('NONE',#15516);
#15518=FACE_SURFACE('NONE',(#15513),#15517,.T.);
#15519=POLY_LOOP('NONE',(#4048,#4047,#3218,#3217));
#15520=FACE_OUTER_BOUND('NONE',#15519,.T.);
#15521=DIRECTION('NONE',(-0.991428,0.130655,0));
#15522=DIRECTION('NONE',(0.130655,0.991428,0));
#15523=AXIS2_PLACEMENT_3D('NONE',#4048,#15521,#15522);
#15524=PLANE('NONE',#15523);
#15525=FACE_SURFACE('NONE',(#15520),#15524,.T.);
#15526=POLY_LOOP('NONE',(#4081,#4080,#3264,#3263));
#15527=FACE_OUTER_BOUND('NONE',#15526,.T.);
#15528=DIRECTION('NONE',(-0.924203,-0.381901,0));
#15529=DIRECTION('NONE',(-0.381901,0.924203,0));
#15530=AXIS2_PLACEMENT_3D('NONE',#4081,#15528,#15529);
#15531=PLANE('NONE',#15530);
#15532=FACE_SURFACE('NONE',(#15527),#15531,.T.);
#15533=POLY_LOOP('NONE',(#3616,#2795,#2794,#3617));
#15534=FACE_OUTER_BOUND('NONE',#15533,.T.);
#15535=DIRECTION('NONE',(0.793462,0.60862,0));
#15536=DIRECTION('NONE',(0,0,-1));
#15537=AXIS2_PLACEMENT_3D('NONE',#3616,#15535,#15536);
#15538=PLANE('NONE',#15537);
#15539=FACE_SURFACE('NONE',(#15534),#15538,.T.);
#15540=POLY_LOOP('NONE',(#4049,#4048,#3217,#3216));
#15541=FACE_OUTER_BOUND('NONE',#15540,.T.);
#15542=DIRECTION('NONE',(-0.924205,0.381896,0));
#15543=DIRECTION('NONE',(0.381896,0.924205,0));
#15544=AXIS2_PLACEMENT_3D('NONE',#4049,#15542,#15543);
#15545=PLANE('NONE',#15544);
#15546=FACE_SURFACE('NONE',(#15541),#15545,.T.);
#15547=POLY_LOOP('NONE',(#4082,#4081,#3263,#3262));
#15548=FACE_OUTER_BOUND('NONE',#15547,.T.);
#15549=DIRECTION('NONE',(-0.991426,-0.130668,0));
#15550=DIRECTION('NONE',(-0.130668,0.991426,0));
#15551=AXIS2_PLACEMENT_3D('NONE',#4082,#15549,#15550);
#15552=PLANE('NONE',#15551);
#15553=FACE_SURFACE('NONE',(#15548),#15552,.T.);
#15554=POLY_LOOP('NONE',(#3617,#2794,#2793,#3618));
#15555=FACE_OUTER_BOUND('NONE',#15554,.T.);
#15556=DIRECTION('NONE',(0.923742,0.383015,0));
#15557=DIRECTION('NONE',(0,0,-1));
#15558=AXIS2_PLACEMENT_3D('NONE',#3617,#15556,#15557);
#15559=PLANE('NONE',#15558);
#15560=FACE_SURFACE('NONE',(#15555),#15559,.T.);
#15561=POLY_LOOP('NONE',(#4083,#4082,#3262,#3285));
#15562=FACE_OUTER_BOUND('NONE',#15561,.T.);
#15563=DIRECTION('NONE',(-0.991426,0.130668,0));
#15564=DIRECTION('NONE',(0.130668,0.991426,0));
#15565=AXIS2_PLACEMENT_3D('NONE',#4083,#15563,#15564);
#15566=PLANE('NONE',#15565);
#15567=FACE_SURFACE('NONE',(#15562),#15566,.T.);
#15568=POLY_LOOP('NONE',(#4050,#4049,#3216,#3215));
#15569=FACE_OUTER_BOUND('NONE',#15568,.T.);
#15570=DIRECTION('NONE',(-0.796308,0.604891,0));
#15571=DIRECTION('NONE',(0.604891,0.796308,0));
#15572=AXIS2_PLACEMENT_3D('NONE',#4050,#15570,#15571);
#15573=PLANE('NONE',#15572);
#15574=FACE_SURFACE('NONE',(#15569),#15573,.T.);
#15575=POLY_LOOP('NONE',(#3618,#2793,#2792,#3619));
#15576=FACE_OUTER_BOUND('NONE',#15575,.T.);
#15577=DIRECTION('NONE',(0.991423,0.130689,0));
#15578=DIRECTION('NONE',(0,0,-1));
#15579=AXIS2_PLACEMENT_3D('NONE',#3618,#15577,#15578);
#15580=PLANE('NONE',#15579);
#15581=FACE_SURFACE('NONE',(#15576),#15580,.T.);
#15582=POLY_LOOP('NONE',(#4084,#4083,#3285,#3284));
#15583=FACE_OUTER_BOUND('NONE',#15582,.T.);
#15584=DIRECTION('NONE',(-0.924203,0.381901,0));
#15585=DIRECTION('NONE',(0.381901,0.924203,0));
#15586=AXIS2_PLACEMENT_3D('NONE',#4084,#15584,#15585);
#15587=PLANE('NONE',#15586);
#15588=FACE_SURFACE('NONE',(#15583),#15587,.T.);
#15589=POLY_LOOP('NONE',(#4050,#3215,#3214,#4051));
#15590=FACE_OUTER_BOUND('NONE',#15589,.T.);
#15591=DIRECTION('NONE',(-0.604891,0.796308,0));
#15592=DIRECTION('NONE',(0,0,-1));
#15593=AXIS2_PLACEMENT_3D('NONE',#4050,#15591,#15592);
#15594=PLANE('NONE',#15593);
#15595=FACE_SURFACE('NONE',(#15590),#15594,.T.);
#15596=POLY_LOOP('NONE',(#3795,#3794,#2974,#2997));
#15597=FACE_OUTER_BOUND('NONE',#15596,.T.);
#15598=DIRECTION('NONE',(-0.793201,-0.60896,0));
#15599=DIRECTION('NONE',(-0.60896,0.793201,0));
#15600=AXIS2_PLACEMENT_3D('NONE',#3795,#15598,#15599);
#15601=PLANE('NONE',#15600);
#15602=FACE_SURFACE('NONE',(#15597),#15601,.T.);
#15603=POLY_LOOP('NONE',(#4085,#4084,#3284,#3283));
#15604=FACE_OUTER_BOUND('NONE',#15603,.T.);
#15605=DIRECTION('NONE',(-0.796315,0.604882,0));
#15606=DIRECTION('NONE',(0.604882,0.796315,0));
#15607=AXIS2_PLACEMENT_3D('NONE',#4085,#15605,#15606);
#15608=PLANE('NONE',#15607);
#15609=FACE_SURFACE('NONE',(#15604),#15608,.T.);
#15610=POLY_LOOP('NONE',(#4051,#3214,#3237,#4052));
#15611=FACE_OUTER_BOUND('NONE',#15610,.T.);
#15612=DIRECTION('NONE',(-0.381896,0.924205,0));
#15613=DIRECTION('NONE',(0,0,-1));
#15614=AXIS2_PLACEMENT_3D('NONE',#4051,#15612,#15613);
#15615=PLANE('NONE',#15614);
#15616=FACE_SURFACE('NONE',(#15611),#15615,.T.);
#15617=POLY_LOOP('NONE',(#3796,#3795,#2997,#2996));
#15618=FACE_OUTER_BOUND('NONE',#15617,.T.);
#15619=DIRECTION('NONE',(-0.923829,-0.382806,0));
#15620=DIRECTION('NONE',(-0.382806,0.923829,0));
#15621=AXIS2_PLACEMENT_3D('NONE',#3796,#15619,#15620);
#15622=PLANE('NONE',#15621);
#15623=FACE_SURFACE('NONE',(#15618),#15622,.T.);
#15624=POLY_LOOP('NONE',(#4052,#3237,#3236,#4053));
#15625=FACE_OUTER_BOUND('NONE',#15624,.T.);
#15626=DIRECTION('NONE',(-0.130655,0.991428,0));
#15627=DIRECTION('NONE',(0,0,-1));
#15628=AXIS2_PLACEMENT_3D('NONE',#4052,#15626,#15627);
#15629=PLANE('NONE',#15628);
#15630=FACE_SURFACE('NONE',(#15625),#15629,.T.);
#15631=POLY_LOOP('NONE',(#3797,#3796,#2996,#2995));
#15632=FACE_OUTER_BOUND('NONE',#15631,.T.);
#15633=DIRECTION('NONE',(-0.991139,-0.132828,0));
#15634=DIRECTION('NONE',(-0.132828,0.991139,0));
#15635=AXIS2_PLACEMENT_3D('NONE',#3797,#15633,#15634);
#15636=PLANE('NONE',#15635);
#15637=FACE_SURFACE('NONE',(#15632),#15636,.T.);
#15638=POLY_LOOP('NONE',(#3274,#3273,#4095,#4094));
#15639=FACE_OUTER_BOUND('NONE',#15638,.T.);
#15640=DIRECTION('NONE',(0.99143,-0.130639,0));
#15641=DIRECTION('NONE',(0.130639,0.99143,0));
#15642=AXIS2_PLACEMENT_3D('NONE',#3274,#15640,#15641);
#15643=PLANE('NONE',#15642);
#15644=FACE_SURFACE('NONE',(#15639),#15643,.T.);
#15645=POLY_LOOP('NONE',(#4053,#3236,#3235,#4054));
#15646=FACE_OUTER_BOUND('NONE',#15645,.T.);
#15647=DIRECTION('NONE',(0.130655,0.991428,0));
#15648=DIRECTION('NONE',(0,0,-1));
#15649=AXIS2_PLACEMENT_3D('NONE',#4053,#15647,#15648);
#15650=PLANE('NONE',#15649);
#15651=FACE_SURFACE('NONE',(#15646),#15650,.T.);
#15652=POLY_LOOP('NONE',(#3798,#3797,#2995,#2994));
#15653=FACE_OUTER_BOUND('NONE',#15652,.T.);
#15654=DIRECTION('NONE',(-0.991139,0.132828,0));
#15655=DIRECTION('NONE',(0.132828,0.991139,0));
#15656=AXIS2_PLACEMENT_3D('NONE',#3798,#15654,#15655);
#15657=PLANE('NONE',#15656);
#15658=FACE_SURFACE('NONE',(#15653),#15657,.T.);
#15659=POLY_LOOP('NONE',(#4095,#3273,#3272,#4096));
#15660=FACE_OUTER_BOUND('NONE',#15659,.T.);
#15661=DIRECTION('NONE',(0.924198,-0.381914,0));
#15662=DIRECTION('NONE',(0,0,-1));
#15663=AXIS2_PLACEMENT_3D('NONE',#4095,#15661,#15662);
#15664=PLANE('NONE',#15663);
#15665=FACE_SURFACE('NONE',(#15660),#15664,.T.);
#15666=POLY_LOOP('NONE',(#4054,#3235,#3234,#4055));
#15667=FACE_OUTER_BOUND('NONE',#15666,.T.);
#15668=DIRECTION('NONE',(0.381896,0.924205,0));
#15669=DIRECTION('NONE',(0,0,-1));
#15670=AXIS2_PLACEMENT_3D('NONE',#4054,#15668,#15669);
#15671=PLANE('NONE',#15670);
#15672=FACE_SURFACE('NONE',(#15667),#15671,.T.);
#15673=POLY_LOOP('NONE',(#3799,#3798,#2994,#2993));
#15674=FACE_OUTER_BOUND('NONE',#15673,.T.);
#15675=DIRECTION('NONE',(-0.923829,0.382806,0));
#15676=DIRECTION('NONE',(0.382806,0.923829,0));
#15677=AXIS2_PLACEMENT_3D('NONE',#3799,#15675,#15676);
#15678=PLANE('NONE',#15677);
#15679=FACE_SURFACE('NONE',(#15674),#15678,.T.);
#15680=POLY_LOOP('NONE',(#3800,#3799,#2993,#2992));
#15681=FACE_OUTER_BOUND('NONE',#15680,.T.);
#15682=DIRECTION('NONE',(-0.793193,0.60897,0));
#15683=DIRECTION('NONE',(0.60897,0.793193,0));
#15684=AXIS2_PLACEMENT_3D('NONE',#3800,#15682,#15683);
#15685=PLANE('NONE',#15684);
#15686=FACE_SURFACE('NONE',(#15681),#15685,.T.);
#15687=POLY_LOOP('NONE',(#4086,#4085,#3283,#3282));
#15688=FACE_OUTER_BOUND('NONE',#15687,.T.);
#15689=DIRECTION('NONE',(-0.604882,0.796315,0));
#15690=DIRECTION('NONE',(0.796315,0.604882,0));
#15691=AXIS2_PLACEMENT_3D('NONE',#4086,#15689,#15690);
#15692=PLANE('NONE',#15691);
#15693=FACE_SURFACE('NONE',(#15688),#15692,.T.);
#15694=POLY_LOOP('NONE',(#3230,#3229,#4036,#4035));
#15695=FACE_OUTER_BOUND('NONE',#15694,.T.);
#15696=DIRECTION('NONE',(0.991428,-0.130655,0));
#15697=DIRECTION('NONE',(0.130655,0.991428,0));
#15698=AXIS2_PLACEMENT_3D('NONE',#3230,#15696,#15697);
#15699=PLANE('NONE',#15698);
#15700=FACE_SURFACE('NONE',(#15695),#15699,.T.);
#15701=POLY_LOOP('NONE',(#3800,#2992,#2991,#3801));
#15702=FACE_OUTER_BOUND('NONE',#15701,.T.);
#15703=DIRECTION('NONE',(-0.608965,0.793197,0));
#15704=DIRECTION('NONE',(0,0,-1));
#15705=AXIS2_PLACEMENT_3D('NONE',#3800,#15703,#15704);
#15706=PLANE('NONE',#15705);
#15707=FACE_SURFACE('NONE',(#15702),#15706,.T.);
#15708=POLY_LOOP('NONE',(#4086,#3282,#3281,#4087));
#15709=FACE_OUTER_BOUND('NONE',#15708,.T.);
#15710=DIRECTION('NONE',(-0.381916,0.924197,0));
#15711=DIRECTION('NONE',(0,0,-1));
#15712=AXIS2_PLACEMENT_3D('NONE',#4086,#15710,#15711);
#15713=PLANE('NONE',#15712);
#15714=FACE_SURFACE('NONE',(#15709),#15713,.T.);
#15715=POLY_LOOP('NONE',(#4036,#3229,#3228,#4037));
#15716=FACE_OUTER_BOUND('NONE',#15715,.T.);
#15717=DIRECTION('NONE',(0.924205,-0.381896,0));
#15718=DIRECTION('NONE',(0,0,-1));
#15719=AXIS2_PLACEMENT_3D('NONE',#4036,#15717,#15718);
#15720=PLANE('NONE',#15719);
#15721=FACE_SURFACE('NONE',(#15716),#15720,.T.);
#15722=POLY_LOOP('NONE',(#3801,#2991,#2990,#3802));
#15723=FACE_OUTER_BOUND('NONE',#15722,.T.);
#15724=DIRECTION('NONE',(-0.382806,0.923829,0));
#15725=DIRECTION('NONE',(0,0,-1));
#15726=AXIS2_PLACEMENT_3D('NONE',#3801,#15724,#15725);
#15727=PLANE('NONE',#15726);
#15728=FACE_SURFACE('NONE',(#15723),#15727,.T.);
#15729=POLY_LOOP('NONE',(#4087,#3281,#3280,#4088));
#15730=FACE_OUTER_BOUND('NONE',#15729,.T.);
#15731=DIRECTION('NONE',(-0.130643,0.99143,0));
#15732=DIRECTION('NONE',(0,0,-1));
#15733=AXIS2_PLACEMENT_3D('NONE',#4087,#15731,#15732);
#15734=PLANE('NONE',#15733);
#15735=FACE_SURFACE('NONE',(#15730),#15734,.T.);
#15736=POLY_LOOP('NONE',(#3802,#2990,#2989,#3803));
#15737=FACE_OUTER_BOUND('NONE',#15736,.T.);
#15738=DIRECTION('NONE',(-0.132838,0.991138,0));
#15739=DIRECTION('NONE',(0,0,-1));
#15740=AXIS2_PLACEMENT_3D('NONE',#3802,#15738,#15739);
#15741=PLANE('NONE',#15740);
#15742=FACE_SURFACE('NONE',(#15737),#15741,.T.);
#15743=POLY_LOOP('NONE',(#4088,#3280,#3279,#4089));
#15744=FACE_OUTER_BOUND('NONE',#15743,.T.);
#15745=DIRECTION('NONE',(0.130639,0.99143,0));
#15746=DIRECTION('NONE',(0,0,-1));
#15747=AXIS2_PLACEMENT_3D('NONE',#4088,#15745,#15746);
#15748=PLANE('NONE',#15747);
#15749=FACE_SURFACE('NONE',(#15744),#15748,.T.);
#15750=POLY_LOOP('NONE',(#4037,#3228,#3227,#4038));
#15751=FACE_OUTER_BOUND('NONE',#15750,.T.);
#15752=DIRECTION('NONE',(0.796308,-0.604891,0));
#15753=DIRECTION('NONE',(0,0,-1));
#15754=AXIS2_PLACEMENT_3D('NONE',#4037,#15752,#15753);
#15755=PLANE('NONE',#15754);
#15756=FACE_SURFACE('NONE',(#15751),#15755,.T.);
#15757=POLY_LOOP('NONE',(#3803,#2989,#2988,#3804));
#15758=FACE_OUTER_BOUND('NONE',#15757,.T.);
#15759=DIRECTION('NONE',(0.132839,0.991138,0));
#15760=DIRECTION('NONE',(0,0,-1));
#15761=AXIS2_PLACEMENT_3D('NONE',#3803,#15759,#15760);
#15762=PLANE('NONE',#15761);
#15763=FACE_SURFACE('NONE',(#15758),#15762,.T.);
#15764=POLY_LOOP('NONE',(#4089,#3279,#3278,#4090));
#15765=FACE_OUTER_BOUND('NONE',#15764,.T.);
#15766=DIRECTION('NONE',(0.381926,0.924193,0));
#15767=DIRECTION('NONE',(0,0,-1));
#15768=AXIS2_PLACEMENT_3D('NONE',#4089,#15766,#15767);
#15769=PLANE('NONE',#15768);
#15770=FACE_SURFACE('NONE',(#15765),#15769,.T.);
#15771=POLY_LOOP('NONE',(#3234,#3233,#4032,#4055));
#15772=FACE_OUTER_BOUND('NONE',#15771,.T.);
#15773=DIRECTION('NONE',(0.604891,0.796308,0));
#15774=DIRECTION('NONE',(-0.796308,0.604891,0));
#15775=AXIS2_PLACEMENT_3D('NONE',#3234,#15773,#15774);
#15776=PLANE('NONE',#15775);
#15777=FACE_SURFACE('NONE',(#15772),#15776,.T.);
#15778=POLY_LOOP('NONE',(#2983,#2982,#3810,#3809));
#15779=FACE_OUTER_BOUND('NONE',#15778,.T.);
#15780=DIRECTION('NONE',(0.991138,-0.132838,0));
#15781=DIRECTION('NONE',(0.132838,0.991138,0));
#15782=AXIS2_PLACEMENT_3D('NONE',#2983,#15780,#15781);
#15783=PLANE('NONE',#15782);
#15784=FACE_SURFACE('NONE',(#15779),#15783,.T.);
#15785=POLY_LOOP('NONE',(#4032,#3233,#3232,#4033));
#15786=FACE_OUTER_BOUND('NONE',#15785,.T.);
#15787=DIRECTION('NONE',(0.796308,0.604891,0));
#15788=DIRECTION('NONE',(0,0,-1));
#15789=AXIS2_PLACEMENT_3D('NONE',#4032,#15787,#15788);
#15790=PLANE('NONE',#15789);
#15791=FACE_SURFACE('NONE',(#15786),#15790,.T.);
#15792=POLY_LOOP('NONE',(#4090,#3278,#3277,#4091));
#15793=FACE_OUTER_BOUND('NONE',#15792,.T.);
#15794=DIRECTION('NONE',(0.604882,0.796315,0));
#15795=DIRECTION('NONE',(0,0,-1));
#15796=AXIS2_PLACEMENT_3D('NONE',#4090,#15794,#15795);
#15797=PLANE('NONE',#15796);
#15798=FACE_SURFACE('NONE',(#15793),#15797,.T.);
#15799=POLY_LOOP('NONE',(#4033,#3232,#3231,#4034));
#15800=FACE_OUTER_BOUND('NONE',#15799,.T.);
#15801=DIRECTION('NONE',(0.924205,0.381896,0));
#15802=DIRECTION('NONE',(0,0,-1));
#15803=AXIS2_PLACEMENT_3D('NONE',#4033,#15801,#15802);
#15804=PLANE('NONE',#15803);
#15805=FACE_SURFACE('NONE',(#15800),#15804,.T.);
#15806=POLY_LOOP('NONE',(#4091,#3277,#3276,#4092));
#15807=FACE_OUTER_BOUND('NONE',#15806,.T.);
#15808=DIRECTION('NONE',(0.796308,0.604891,0));
#15809=DIRECTION('NONE',(0,0,-1));
#15810=AXIS2_PLACEMENT_3D('NONE',#4091,#15808,#15809);
#15811=PLANE('NONE',#15810);
#15812=FACE_SURFACE('NONE',(#15807),#15811,.T.);
#15813=POLY_LOOP('NONE',(#4034,#3231,#3230,#4035));
#15814=FACE_OUTER_BOUND('NONE',#15813,.T.);
#15815=DIRECTION('NONE',(0.991428,0.130655,0));
#15816=DIRECTION('NONE',(0,0,-1));
#15817=AXIS2_PLACEMENT_3D('NONE',#4034,#15815,#15816);
#15818=PLANE('NONE',#15817);
#15819=FACE_SURFACE('NONE',(#15814),#15818,.T.);
#15820=POLY_LOOP('NONE',(#4092,#3276,#3275,#4093));
#15821=FACE_OUTER_BOUND('NONE',#15820,.T.);
#15822=DIRECTION('NONE',(0.924198,0.381914,0));
#15823=DIRECTION('NONE',(0,0,-1));
#15824=AXIS2_PLACEMENT_3D('NONE',#4092,#15822,#15823);
#15825=PLANE('NONE',#15824);
#15826=FACE_SURFACE('NONE',(#15821),#15825,.T.);
#15827=POLY_LOOP('NONE',(#3810,#2982,#2981,#3811));
#15828=FACE_OUTER_BOUND('NONE',#15827,.T.);
#15829=DIRECTION('NONE',(0.923829,-0.382806,0));
#15830=DIRECTION('NONE',(0,0,-1));
#15831=AXIS2_PLACEMENT_3D('NONE',#3810,#15829,#15830);
#15832=PLANE('NONE',#15831);
#15833=FACE_SURFACE('NONE',(#15828),#15832,.T.);
#15834=POLY_LOOP('NONE',(#3804,#2988,#2987,#3805));
#15835=FACE_OUTER_BOUND('NONE',#15834,.T.);
#15836=DIRECTION('NONE',(0.382803,0.92383,0));
#15837=DIRECTION('NONE',(0,0,-1));
#15838=AXIS2_PLACEMENT_3D('NONE',#3804,#15836,#15837);
#15839=PLANE('NONE',#15838);
#15840=FACE_SURFACE('NONE',(#15835),#15839,.T.);
#15841=POLY_LOOP('NONE',(#3805,#2987,#2986,#3806));
#15842=FACE_OUTER_BOUND('NONE',#15841,.T.);
#15843=DIRECTION('NONE',(0.60897,0.793193,0));
#15844=DIRECTION('NONE',(0,0,-1));
#15845=AXIS2_PLACEMENT_3D('NONE',#3805,#15843,#15844);
#15846=PLANE('NONE',#15845);
#15847=FACE_SURFACE('NONE',(#15842),#15846,.T.);
#15848=POLY_LOOP('NONE',(#3806,#2986,#2985,#3807));
#15849=FACE_OUTER_BOUND('NONE',#15848,.T.);
#15850=DIRECTION('NONE',(0.793193,0.60897,0));
#15851=DIRECTION('NONE',(0,0,-1));
#15852=AXIS2_PLACEMENT_3D('NONE',#3806,#15850,#15851);
#15853=PLANE('NONE',#15852);
#15854=FACE_SURFACE('NONE',(#15849),#15853,.T.);
#15855=POLY_LOOP('NONE',(#3807,#2985,#2984,#3808));
#15856=FACE_OUTER_BOUND('NONE',#15855,.T.);
#15857=DIRECTION('NONE',(0.923829,0.382806,0));
#15858=DIRECTION('NONE',(0,0,-1));
#15859=AXIS2_PLACEMENT_3D('NONE',#3807,#15857,#15858);
#15860=PLANE('NONE',#15859);
#15861=FACE_SURFACE('NONE',(#15856),#15860,.T.);
#15862=POLY_LOOP('NONE',(#3808,#2984,#2983,#3809));
#15863=FACE_OUTER_BOUND('NONE',#15862,.T.);
#15864=DIRECTION('NONE',(0.991138,0.132838,0));
#15865=DIRECTION('NONE',(0,0,-1));
#15866=AXIS2_PLACEMENT_3D('NONE',#3808,#15864,#15865);
#15867=PLANE('NONE',#15866);
#15868=FACE_SURFACE('NONE',(#15863),#15867,.T.);
#15869=POLY_LOOP('NONE',(#3813,#3812,#2980,#2979));
#15870=FACE_OUTER_BOUND('NONE',#15869,.T.);
#15871=DIRECTION('NONE',(0.60897,-0.793193,0));
#15872=DIRECTION('NONE',(-0.793193,-0.60897,0));
#15873=AXIS2_PLACEMENT_3D('NONE',#3813,#15871,#15872);
#15874=PLANE('NONE',#15873);
#15875=FACE_SURFACE('NONE',(#15870),#15874,.T.);
#15876=POLY_LOOP('NONE',(#2981,#2980,#3812,#3811));
#15877=FACE_OUTER_BOUND('NONE',#15876,.T.);
#15878=DIRECTION('NONE',(0.793201,-0.60896,0));
#15879=DIRECTION('NONE',(0.60896,0.793201,0));
#15880=AXIS2_PLACEMENT_3D('NONE',#2981,#15878,#15879);
#15881=PLANE('NONE',#15880);
#15882=FACE_SURFACE('NONE',(#15877),#15881,.T.);
#15883=POLY_LOOP('NONE',(#3814,#3813,#2979,#2978));
#15884=FACE_OUTER_BOUND('NONE',#15883,.T.);
#15885=DIRECTION('NONE',(0.382786,-0.923837,0));
#15886=DIRECTION('NONE',(-0.923837,-0.382786,0));
#15887=AXIS2_PLACEMENT_3D('NONE',#3814,#15885,#15886);
#15888=PLANE('NONE',#15887);
#15889=FACE_SURFACE('NONE',(#15884),#15888,.T.);
#15890=POLY_LOOP('NONE',(#3815,#3814,#2978,#2977));
#15891=FACE_OUTER_BOUND('NONE',#15890,.T.);
#15892=DIRECTION('NONE',(0.132839,-0.991138,0));
#15893=DIRECTION('NONE',(-0.991138,-0.132839,0));
#15894=AXIS2_PLACEMENT_3D('NONE',#3815,#15892,#15893);
#15895=PLANE('NONE',#15894);
#15896=FACE_SURFACE('NONE',(#15891),#15895,.T.);
#15897=POLY_LOOP('NONE',(#3792,#3815,#2977,#2976));
#15898=FACE_OUTER_BOUND('NONE',#15897,.T.);
#15899=DIRECTION('NONE',(-0.132838,-0.991138,0));
#15900=DIRECTION('NONE',(-0.991138,0.132838,0));
#15901=AXIS2_PLACEMENT_3D('NONE',#3792,#15899,#15900);
#15902=PLANE('NONE',#15901);
#15903=FACE_SURFACE('NONE',(#15898),#15902,.T.);
#15904=POLY_LOOP('NONE',(#4093,#3275,#3274,#4094));
#15905=FACE_OUTER_BOUND('NONE',#15904,.T.);
#15906=DIRECTION('NONE',(0.99143,0.130639,0));
#15907=DIRECTION('NONE',(0,0,-1));
#15908=AXIS2_PLACEMENT_3D('NONE',#4093,#15906,#15907);
#15909=PLANE('NONE',#15908);
#15910=FACE_SURFACE('NONE',(#15905),#15909,.T.);
#15911=POLY_LOOP('NONE',(#3793,#3792,#2976,#2975));
#15912=FACE_OUTER_BOUND('NONE',#15911,.T.);
#15913=DIRECTION('NONE',(-0.38279,-0.923836,0));
#15914=DIRECTION('NONE',(-0.923836,0.38279,0));
#15915=AXIS2_PLACEMENT_3D('NONE',#3793,#15913,#15914);
#15916=PLANE('NONE',#15915);
#15917=FACE_SURFACE('NONE',(#15912),#15916,.T.);
#15918=POLY_LOOP('NONE',(#4098,#4097,#3271,#3270));
#15919=FACE_OUTER_BOUND('NONE',#15918,.T.);
#15920=DIRECTION('NONE',(0.604882,-0.796315,0));
#15921=DIRECTION('NONE',(-0.796315,-0.604882,0));
#15922=AXIS2_PLACEMENT_3D('NONE',#4098,#15920,#15921);
#15923=PLANE('NONE',#15922);
#15924=FACE_SURFACE('NONE',(#15919),#15923,.T.);
#15925=POLY_LOOP('NONE',(#3794,#3793,#2975,#2974));
#15926=FACE_OUTER_BOUND('NONE',#15925,.T.);
#15927=DIRECTION('NONE',(-0.608965,-0.793197,0));
#15928=DIRECTION('NONE',(-0.793197,0.608965,0));
#15929=AXIS2_PLACEMENT_3D('NONE',#3794,#15927,#15928);
#15930=PLANE('NONE',#15929);
#15931=FACE_SURFACE('NONE',(#15926),#15930,.T.);
#15932=POLY_LOOP('NONE',(#4097,#4096,#3272,#3271));
#15933=FACE_OUTER_BOUND('NONE',#15932,.T.);
#15934=DIRECTION('NONE',(0.796308,-0.604891,0));
#15935=DIRECTION('NONE',(-0.604891,-0.796308,0));
#15936=AXIS2_PLACEMENT_3D('NONE',#4097,#15934,#15935);
#15937=PLANE('NONE',#15936);
#15938=FACE_SURFACE('NONE',(#15933),#15937,.T.);
#15939=POLY_LOOP('NONE',(#4099,#4098,#3270,#3269));
#15940=FACE_OUTER_BOUND('NONE',#15939,.T.);
#15941=DIRECTION('NONE',(0.381926,-0.924193,0));
#15942=DIRECTION('NONE',(-0.924193,-0.381926,0));
#15943=AXIS2_PLACEMENT_3D('NONE',#4099,#15941,#15942);
#15944=PLANE('NONE',#15943);
#15945=FACE_SURFACE('NONE',(#15940),#15944,.T.);
#15946=POLY_LOOP('NONE',(#4100,#4099,#3269,#3268));
#15947=FACE_OUTER_BOUND('NONE',#15946,.T.);
#15948=DIRECTION('NONE',(0.130639,-0.99143,0));
#15949=DIRECTION('NONE',(-0.99143,-0.130639,0));
#15950=AXIS2_PLACEMENT_3D('NONE',#4100,#15948,#15949);
#15951=PLANE('NONE',#15950);
#15952=FACE_SURFACE('NONE',(#15947),#15951,.T.);
#15953=POLY_LOOP('NONE',(#4101,#4100,#3268,#3267));
#15954=FACE_OUTER_BOUND('NONE',#15953,.T.);
#15955=DIRECTION('NONE',(-0.130643,-0.99143,0));
#15956=DIRECTION('NONE',(-0.99143,0.130643,0));
#15957=AXIS2_PLACEMENT_3D('NONE',#4101,#15955,#15956);
#15958=PLANE('NONE',#15957);
#15959=FACE_SURFACE('NONE',(#15954),#15958,.T.);
#15960=POLY_LOOP('NONE',(#4102,#4101,#3267,#3266));
#15961=FACE_OUTER_BOUND('NONE',#15960,.T.);
#15962=DIRECTION('NONE',(-0.381916,-0.924197,0));
#15963=DIRECTION('NONE',(-0.924197,0.381916,0));
#15964=AXIS2_PLACEMENT_3D('NONE',#4102,#15962,#15963);
#15965=PLANE('NONE',#15964);
#15966=FACE_SURFACE('NONE',(#15961),#15965,.T.);
#15967=POLY_LOOP('NONE',(#2623,#2622,#3452,#3451));
#15968=FACE_OUTER_BOUND('NONE',#15967,.T.);
#15969=DIRECTION('NONE',(0.130685,-0.991424,0));
#15970=DIRECTION('NONE',(0.991424,0.130685,0));
#15971=AXIS2_PLACEMENT_3D('NONE',#2623,#15969,#15970);
#15972=PLANE('NONE',#15971);
#15973=FACE_SURFACE('NONE',(#15968),#15972,.T.);
#15974=POLY_LOOP('NONE',(#4103,#4102,#3266,#3265));
#15975=FACE_OUTER_BOUND('NONE',#15974,.T.);
#15976=DIRECTION('NONE',(-0.604882,-0.796315,0));
#15977=DIRECTION('NONE',(-0.796315,0.604882,0));
#15978=AXIS2_PLACEMENT_3D('NONE',#4103,#15976,#15977);
#15979=PLANE('NONE',#15978);
#15980=FACE_SURFACE('NONE',(#15975),#15979,.T.);
#15981=POLY_LOOP('NONE',(#3453,#3452,#2622,#2621));
#15982=FACE_OUTER_BOUND('NONE',#15981,.T.);
#15983=DIRECTION('NONE',(-0.130684,-0.991424,0));
#15984=DIRECTION('NONE',(-0.991424,0.130684,0));
#15985=AXIS2_PLACEMENT_3D('NONE',#3453,#15983,#15984);
#15986=PLANE('NONE',#15985);
#15987=FACE_SURFACE('NONE',(#15982),#15986,.T.);
#15988=POLY_LOOP('NONE',(#3454,#3453,#2621,#2620));
#15989=FACE_OUTER_BOUND('NONE',#15988,.T.);
#15990=DIRECTION('NONE',(-0.383026,-0.923737,0));
#15991=DIRECTION('NONE',(-0.923737,0.383026,0));
#15992=AXIS2_PLACEMENT_3D('NONE',#3454,#15990,#15991);
#15993=PLANE('NONE',#15992);
#15994=FACE_SURFACE('NONE',(#15989),#15993,.T.);
#15995=POLY_LOOP('NONE',(#3455,#3454,#2620,#2619));
#15996=FACE_OUTER_BOUND('NONE',#15995,.T.);
#15997=DIRECTION('NONE',(-0.608615,-0.793466,0));
#15998=DIRECTION('NONE',(-0.793466,0.608615,0));
#15999=AXIS2_PLACEMENT_3D('NONE',#3455,#15997,#15998);
#16000=PLANE('NONE',#15999);
#16001=FACE_SURFACE('NONE',(#15996),#16000,.T.);
#16002=POLY_LOOP('NONE',(#3774,#3773,#2970,#2969));
#16003=FACE_OUTER_BOUND('NONE',#16002,.T.);
#16004=DIRECTION('NONE',(-0.790724,-0.612173,0));
#16005=DIRECTION('NONE',(-0.612173,0.790724,0));
#16006=AXIS2_PLACEMENT_3D('NONE',#3774,#16004,#16005);
#16007=PLANE('NONE',#16006);
#16008=FACE_SURFACE('NONE',(#16003),#16007,.T.);
#16009=POLY_LOOP('NONE',(#3775,#3774,#2969,#2968));
#16010=FACE_OUTER_BOUND('NONE',#16009,.T.);
#16011=DIRECTION('NONE',(-0.925633,-0.378423,0));
#16012=DIRECTION('NONE',(-0.378423,0.925633,0));
#16013=AXIS2_PLACEMENT_3D('NONE',#3775,#16011,#16012);
#16014=PLANE('NONE',#16013);
#16015=FACE_SURFACE('NONE',(#16010),#16014,.T.);
#16016=POLY_LOOP('NONE',(#3456,#3455,#2619,#2618));
#16017=FACE_OUTER_BOUND('NONE',#16016,.T.);
#16018=DIRECTION('NONE',(-0.793463,-0.608619,0));
#16019=DIRECTION('NONE',(-0.608619,0.793463,0));
#16020=AXIS2_PLACEMENT_3D('NONE',#3456,#16018,#16019);
#16021=PLANE('NONE',#16020);
#16022=FACE_SURFACE('NONE',(#16017),#16021,.T.);
#16023=POLY_LOOP('NONE',(#3776,#3775,#2968,#2967));
#16024=FACE_OUTER_BOUND('NONE',#16023,.T.);
#16025=DIRECTION('NONE',(-0.991138,-0.132838,0));
#16026=DIRECTION('NONE',(-0.132838,0.991138,0));
#16027=AXIS2_PLACEMENT_3D('NONE',#3776,#16025,#16026);
#16028=PLANE('NONE',#16027);
#16029=FACE_SURFACE('NONE',(#16024),#16028,.T.);
#16030=POLY_LOOP('NONE',(#3457,#3456,#2618,#2617));
#16031=FACE_OUTER_BOUND('NONE',#16030,.T.);
#16032=DIRECTION('NONE',(-0.923742,-0.383016,0));
#16033=DIRECTION('NONE',(-0.383016,0.923742,0));
#16034=AXIS2_PLACEMENT_3D('NONE',#3457,#16032,#16033);
#16035=PLANE('NONE',#16034);
#16036=FACE_SURFACE('NONE',(#16031),#16035,.T.);
#16037=POLY_LOOP('NONE',(#3777,#3776,#2967,#2966));
#16038=FACE_OUTER_BOUND('NONE',#16037,.T.);
#16039=DIRECTION('NONE',(-0.991138,0.132838,0));
#16040=DIRECTION('NONE',(0.132838,0.991138,0));
#16041=AXIS2_PLACEMENT_3D('NONE',#3777,#16039,#16040);
#16042=PLANE('NONE',#16041);
#16043=FACE_SURFACE('NONE',(#16038),#16042,.T.);
#16044=POLY_LOOP('NONE',(#4041,#4040,#3225,#3224));
#16045=FACE_OUTER_BOUND('NONE',#16044,.T.);
#16046=DIRECTION('NONE',(0.130655,-0.991428,0));
#16047=DIRECTION('NONE',(-0.991428,-0.130655,0));
#16048=AXIS2_PLACEMENT_3D('NONE',#4041,#16046,#16047);
#16049=PLANE('NONE',#16048);
#16050=FACE_SURFACE('NONE',(#16045),#16049,.T.);
#16051=POLY_LOOP('NONE',(#3434,#3457,#2617,#2616));
#16052=FACE_OUTER_BOUND('NONE',#16051,.T.);
#16053=DIRECTION('NONE',(-0.991424,-0.130684,0));
#16054=DIRECTION('NONE',(-0.130684,0.991424,0));
#16055=AXIS2_PLACEMENT_3D('NONE',#3434,#16053,#16054);
#16056=PLANE('NONE',#16055);
#16057=FACE_SURFACE('NONE',(#16052),#16056,.T.);
#16058=POLY_LOOP('NONE',(#3778,#3777,#2966,#2965));
#16059=FACE_OUTER_BOUND('NONE',#16058,.T.);
#16060=DIRECTION('NONE',(-0.925633,0.378423,0));
#16061=DIRECTION('NONE',(0.378423,0.925633,0));
#16062=AXIS2_PLACEMENT_3D('NONE',#3778,#16060,#16061);
#16063=PLANE('NONE',#16062);
#16064=FACE_SURFACE('NONE',(#16059),#16063,.T.);
#16065=POLY_LOOP('NONE',(#4042,#4041,#3224,#3223));
#16066=FACE_OUTER_BOUND('NONE',#16065,.T.);
#16067=DIRECTION('NONE',(-0.130655,-0.991428,0));
#16068=DIRECTION('NONE',(-0.991428,0.130655,0));
#16069=AXIS2_PLACEMENT_3D('NONE',#4042,#16067,#16068);
#16070=PLANE('NONE',#16069);
#16071=FACE_SURFACE('NONE',(#16066),#16070,.T.);
#16072=POLY_LOOP('NONE',(#3435,#3434,#2616,#2615));
#16073=FACE_OUTER_BOUND('NONE',#16072,.T.);
#16074=DIRECTION('NONE',(-0.991424,0.130686,0));
#16075=DIRECTION('NONE',(0.130686,0.991424,0));
#16076=AXIS2_PLACEMENT_3D('NONE',#3435,#16074,#16075);
#16077=PLANE('NONE',#16076);
#16078=FACE_SURFACE('NONE',(#16073),#16077,.T.);
#16079=POLY_LOOP('NONE',(#3779,#3778,#2965,#2964));
#16080=FACE_OUTER_BOUND('NONE',#16079,.T.);
#16081=DIRECTION('NONE',(-0.790731,0.612163,0));
#16082=DIRECTION('NONE',(0.612163,0.790731,0));
#16083=AXIS2_PLACEMENT_3D('NONE',#3779,#16081,#16082);
#16084=PLANE('NONE',#16083);
#16085=FACE_SURFACE('NONE',(#16080),#16084,.T.);
#16086=POLY_LOOP('NONE',(#3436,#3435,#2615,#2614));
#16087=FACE_OUTER_BOUND('NONE',#16086,.T.);
#16088=DIRECTION('NONE',(-0.923742,0.383016,0));
#16089=DIRECTION('NONE',(0.383016,0.923742,0));
#16090=AXIS2_PLACEMENT_3D('NONE',#3436,#16088,#16089);
#16091=PLANE('NONE',#16090);
#16092=FACE_SURFACE('NONE',(#16087),#16091,.T.);
#16093=POLY_LOOP('NONE',(#3779,#2964,#2963,#3780));
#16094=FACE_OUTER_BOUND('NONE',#16093,.T.);
#16095=DIRECTION('NONE',(-0.60896,0.793201,0));
#16096=DIRECTION('NONE',(0,0,-1));
#16097=AXIS2_PLACEMENT_3D('NONE',#3779,#16095,#16096);
#16098=PLANE('NONE',#16097);
#16099=FACE_SURFACE('NONE',(#16094),#16098,.T.);
#16100=POLY_LOOP('NONE',(#3297,#3296,#4112,#4111));
#16101=FACE_OUTER_BOUND('NONE',#16100,.T.);
#16102=DIRECTION('NONE',(0.381896,-0.924205,0));
#16103=DIRECTION('NONE',(0.924205,0.381896,0));
#16104=AXIS2_PLACEMENT_3D('NONE',#3297,#16102,#16103);
#16105=PLANE('NONE',#16104);
#16106=FACE_SURFACE('NONE',(#16101),#16105,.T.);
#16107=POLY_LOOP('NONE',(#4113,#4112,#3296,#3295));
#16108=FACE_OUTER_BOUND('NONE',#16107,.T.);
#16109=DIRECTION('NONE',(0.130655,-0.991428,0));
#16110=DIRECTION('NONE',(-0.991428,-0.130655,0));
#16111=AXIS2_PLACEMENT_3D('NONE',#4113,#16109,#16110);
#16112=PLANE('NONE',#16111);
#16113=FACE_SURFACE('NONE',(#16108),#16112,.T.);
#16114=POLY_LOOP('NONE',(#4114,#4113,#3295,#3294));
#16115=FACE_OUTER_BOUND('NONE',#16114,.T.);
#16116=DIRECTION('NONE',(-0.130653,-0.991428,0));
#16117=DIRECTION('NONE',(-0.991428,0.130653,0));
#16118=AXIS2_PLACEMENT_3D('NONE',#4114,#16116,#16117);
#16119=PLANE('NONE',#16118);
#16120=FACE_SURFACE('NONE',(#16115),#16119,.T.);
#16121=POLY_LOOP('NONE',(#2954,#2953,#3790,#3789));
#16122=FACE_OUTER_BOUND('NONE',#16121,.T.);
#16123=DIRECTION('NONE',(0.925629,-0.378432,0));
#16124=DIRECTION('NONE',(0.378432,0.925629,0));
#16125=AXIS2_PLACEMENT_3D('NONE',#2954,#16123,#16124);
#16126=PLANE('NONE',#16125);
#16127=FACE_SURFACE('NONE',(#16122),#16126,.T.);
#16128=POLY_LOOP('NONE',(#3768,#3791,#2952,#2951));
#16129=FACE_OUTER_BOUND('NONE',#16128,.T.);
#16130=DIRECTION('NONE',(0.60897,-0.793193,0));
#16131=DIRECTION('NONE',(-0.793193,-0.60897,0));
#16132=AXIS2_PLACEMENT_3D('NONE',#3768,#16130,#16131);
#16133=PLANE('NONE',#16132);
#16134=FACE_SURFACE('NONE',(#16129),#16133,.T.);
#16135=POLY_LOOP('NONE',(#4058,#4057,#3206,#3205));
#16136=FACE_OUTER_BOUND('NONE',#16135,.T.);
#16137=DIRECTION('NONE',(0.130655,-0.991428,0));
#16138=DIRECTION('NONE',(-0.991428,-0.130655,0));
#16139=AXIS2_PLACEMENT_3D('NONE',#4058,#16137,#16138);
#16140=PLANE('NONE',#16139);
#16141=FACE_SURFACE('NONE',(#16136),#16140,.T.);
#16142=POLY_LOOP('NONE',(#3790,#2953,#2952,#3791));
#16143=FACE_OUTER_BOUND('NONE',#16142,.T.);
#16144=DIRECTION('NONE',(0.790719,-0.612179,0));
#16145=DIRECTION('NONE',(0,0,-1));
#16146=AXIS2_PLACEMENT_3D('NONE',#3790,#16144,#16145);
#16147=PLANE('NONE',#16146);
#16148=FACE_SURFACE('NONE',(#16143),#16147,.T.);
#16149=POLY_LOOP('NONE',(#4059,#4058,#3205,#3204));
#16150=FACE_OUTER_BOUND('NONE',#16149,.T.);
#16151=DIRECTION('NONE',(-0.130655,-0.991428,0));
#16152=DIRECTION('NONE',(-0.991428,0.130655,0));
#16153=AXIS2_PLACEMENT_3D('NONE',#4059,#16151,#16152);
#16154=PLANE('NONE',#16153);
#16155=FACE_SURFACE('NONE',(#16150),#16154,.T.);
#16156=POLY_LOOP('NONE',(#3781,#3780,#2963,#2962));
#16157=FACE_OUTER_BOUND('NONE',#16156,.T.);
#16158=DIRECTION('NONE',(-0.38279,0.923836,0));
#16159=DIRECTION('NONE',(0.923836,0.38279,0));
#16160=AXIS2_PLACEMENT_3D('NONE',#3781,#16158,#16159);
#16161=PLANE('NONE',#16160);
#16162=FACE_SURFACE('NONE',(#16157),#16161,.T.);
#16163=POLY_LOOP('NONE',(#3975,#3974,#3153,#3152));
#16164=FACE_OUTER_BOUND('NONE',#16163,.T.);
#16165=DIRECTION('NONE',(-0.381901,-0.924203,0));
#16166=DIRECTION('NONE',(-0.924203,0.381901,0));
#16167=AXIS2_PLACEMENT_3D('NONE',#3975,#16165,#16166);
#16168=PLANE('NONE',#16167);
#16169=FACE_SURFACE('NONE',(#16164),#16168,.T.);
#16170=POLY_LOOP('NONE',(#3781,#2962,#2961,#3782));
#16171=FACE_OUTER_BOUND('NONE',#16170,.T.);
#16172=DIRECTION('NONE',(-0.132838,0.991138,0));
#16173=DIRECTION('NONE',(0,0,-1));
#16174=AXIS2_PLACEMENT_3D('NONE',#3781,#16172,#16173);
#16175=PLANE('NONE',#16174);
#16176=FACE_SURFACE('NONE',(#16171),#16175,.T.);
#16177=POLY_LOOP('NONE',(#3976,#3975,#3152,#3151));
#16178=FACE_OUTER_BOUND('NONE',#16177,.T.);
#16179=DIRECTION('NONE',(-0.604891,-0.796308,0));
#16180=DIRECTION('NONE',(-0.796308,0.604891,0));
#16181=AXIS2_PLACEMENT_3D('NONE',#3976,#16179,#16180);
#16182=PLANE('NONE',#16181);
#16183=FACE_SURFACE('NONE',(#16178),#16182,.T.);
#16184=POLY_LOOP('NONE',(#3782,#2961,#2960,#3783));
#16185=FACE_OUTER_BOUND('NONE',#16184,.T.);
#16186=DIRECTION('NONE',(0.132839,0.991138,0));
#16187=DIRECTION('NONE',(0,0,-1));
#16188=AXIS2_PLACEMENT_3D('NONE',#3782,#16186,#16187);
#16189=PLANE('NONE',#16188);
#16190=FACE_SURFACE('NONE',(#16185),#16189,.T.);
#16191=POLY_LOOP('NONE',(#3977,#3976,#3151,#3150));
#16192=FACE_OUTER_BOUND('NONE',#16191,.T.);
#16193=DIRECTION('NONE',(-0.796308,-0.604891,0));
#16194=DIRECTION('NONE',(-0.604891,0.796308,0));
#16195=AXIS2_PLACEMENT_3D('NONE',#3977,#16193,#16194);
#16196=PLANE('NONE',#16195);
#16197=FACE_SURFACE('NONE',(#16192),#16196,.T.);
#16198=POLY_LOOP('NONE',(#3783,#2960,#2959,#3784));
#16199=FACE_OUTER_BOUND('NONE',#16198,.T.);
#16200=DIRECTION('NONE',(0.382786,0.923837,0));
#16201=DIRECTION('NONE',(0,0,-1));
#16202=AXIS2_PLACEMENT_3D('NONE',#3783,#16200,#16201);
#16203=PLANE('NONE',#16202);
#16204=FACE_SURFACE('NONE',(#16199),#16203,.T.);
#16205=POLY_LOOP('NONE',(#3978,#3977,#3150,#3149));
#16206=FACE_OUTER_BOUND('NONE',#16205,.T.);
#16207=DIRECTION('NONE',(-0.9242,-0.381909,0));
#16208=DIRECTION('NONE',(-0.381909,0.9242,0));
#16209=AXIS2_PLACEMENT_3D('NONE',#3978,#16207,#16208);
#16210=PLANE('NONE',#16209);
#16211=FACE_SURFACE('NONE',(#16206),#16210,.T.);
#16212=POLY_LOOP('NONE',(#3784,#2959,#2958,#3785));
#16213=FACE_OUTER_BOUND('NONE',#16212,.T.);
#16214=DIRECTION('NONE',(0.60897,0.793193,0));
#16215=DIRECTION('NONE',(0,0,-1));
#16216=AXIS2_PLACEMENT_3D('NONE',#3784,#16214,#16215);
#16217=PLANE('NONE',#16216);
#16218=FACE_SURFACE('NONE',(#16213),#16217,.T.);
#16219=POLY_LOOP('NONE',(#3979,#3978,#3149,#3148));
#16220=FACE_OUTER_BOUND('NONE',#16219,.T.);
#16221=DIRECTION('NONE',(-0.99143,-0.130641,0));
#16222=DIRECTION('NONE',(-0.130641,0.99143,0));
#16223=AXIS2_PLACEMENT_3D('NONE',#3979,#16221,#16222);
#16224=PLANE('NONE',#16223);
#16225=FACE_SURFACE('NONE',(#16220),#16224,.T.);
#16226=POLY_LOOP('NONE',(#3785,#2958,#2957,#3786));
#16227=FACE_OUTER_BOUND('NONE',#16226,.T.);
#16228=DIRECTION('NONE',(0.790727,0.612169,0));
#16229=DIRECTION('NONE',(0,0,-1));
#16230=AXIS2_PLACEMENT_3D('NONE',#3785,#16228,#16229);
#16231=PLANE('NONE',#16230);
#16232=FACE_SURFACE('NONE',(#16227),#16231,.T.);
#16233=POLY_LOOP('NONE',(#3786,#2957,#2956,#3787));
#16234=FACE_OUTER_BOUND('NONE',#16233,.T.);
#16235=DIRECTION('NONE',(0.925629,0.378432,0));
#16236=DIRECTION('NONE',(0,0,-1));
#16237=AXIS2_PLACEMENT_3D('NONE',#3786,#16235,#16236);
#16238=PLANE('NONE',#16237);
#16239=FACE_SURFACE('NONE',(#16234),#16238,.T.);
#16240=POLY_LOOP('NONE',(#3437,#3436,#2614,#2637));
#16241=FACE_OUTER_BOUND('NONE',#16240,.T.);
#16242=DIRECTION('NONE',(-0.793463,0.608619,0));
#16243=DIRECTION('NONE',(0.608619,0.793463,0));
#16244=AXIS2_PLACEMENT_3D('NONE',#3437,#16242,#16243);
#16245=PLANE('NONE',#16244);
#16246=FACE_SURFACE('NONE',(#16241),#16245,.T.);
#16247=POLY_LOOP('NONE',(#3769,#3768,#2951,#2950));
#16248=FACE_OUTER_BOUND('NONE',#16247,.T.);
#16249=DIRECTION('NONE',(0.382803,-0.92383,0));
#16250=DIRECTION('NONE',(-0.92383,-0.382803,0));
#16251=AXIS2_PLACEMENT_3D('NONE',#3769,#16249,#16250);
#16252=PLANE('NONE',#16251);
#16253=FACE_SURFACE('NONE',(#16248),#16252,.T.);
#16254=POLY_LOOP('NONE',(#3437,#2637,#2636,#3438));
#16255=FACE_OUTER_BOUND('NONE',#16254,.T.);
#16256=DIRECTION('NONE',(-0.608626,0.793458,0));
#16257=DIRECTION('NONE',(0,0,-1));
#16258=AXIS2_PLACEMENT_3D('NONE',#3437,#16256,#16257);
#16259=PLANE('NONE',#16258);
#16260=FACE_SURFACE('NONE',(#16255),#16259,.T.);
#16261=POLY_LOOP('NONE',(#3770,#3769,#2950,#2973));
#16262=FACE_OUTER_BOUND('NONE',#16261,.T.);
#16263=DIRECTION('NONE',(0.132839,-0.991138,0));
#16264=DIRECTION('NONE',(-0.991138,-0.132839,0));
#16265=AXIS2_PLACEMENT_3D('NONE',#3770,#16263,#16264);
#16266=PLANE('NONE',#16265);
#16267=FACE_SURFACE('NONE',(#16262),#16266,.T.);
#16268=POLY_LOOP('NONE',(#3438,#2636,#2635,#3439));
#16269=FACE_OUTER_BOUND('NONE',#16268,.T.);
#16270=DIRECTION('NONE',(-0.383012,0.923744,0));
#16271=DIRECTION('NONE',(0,0,-1));
#16272=AXIS2_PLACEMENT_3D('NONE',#3438,#16270,#16271);
#16273=PLANE('NONE',#16272);
#16274=FACE_SURFACE('NONE',(#16269),#16273,.T.);
#16275=POLY_LOOP('NONE',(#3771,#3770,#2973,#2972));
#16276=FACE_OUTER_BOUND('NONE',#16275,.T.);
#16277=DIRECTION('NONE',(-0.132838,-0.991138,0));
#16278=DIRECTION('NONE',(-0.991138,0.132838,0));
#16279=AXIS2_PLACEMENT_3D('NONE',#3771,#16277,#16278);
#16280=PLANE('NONE',#16279);
#16281=FACE_SURFACE('NONE',(#16276),#16280,.T.);
#16282=POLY_LOOP('NONE',(#3439,#2635,#2634,#3440));
#16283=FACE_OUTER_BOUND('NONE',#16282,.T.);
#16284=DIRECTION('NONE',(-0.130684,0.991424,0));
#16285=DIRECTION('NONE',(0,0,-1));
#16286=AXIS2_PLACEMENT_3D('NONE',#3439,#16284,#16285);
#16287=PLANE('NONE',#16286);
#16288=FACE_SURFACE('NONE',(#16283),#16287,.T.);
#16289=POLY_LOOP('NONE',(#3772,#3771,#2972,#2971));
#16290=FACE_OUTER_BOUND('NONE',#16289,.T.);
#16291=DIRECTION('NONE',(-0.382806,-0.923829,0));
#16292=DIRECTION('NONE',(-0.923829,0.382806,0));
#16293=AXIS2_PLACEMENT_3D('NONE',#3772,#16291,#16292);
#16294=PLANE('NONE',#16293);
#16295=FACE_SURFACE('NONE',(#16290),#16294,.T.);
#16296=POLY_LOOP('NONE',(#3440,#2634,#2633,#3441));
#16297=FACE_OUTER_BOUND('NONE',#16296,.T.);
#16298=DIRECTION('NONE',(0.130685,0.991424,0));
#16299=DIRECTION('NONE',(0,0,-1));
#16300=AXIS2_PLACEMENT_3D('NONE',#3440,#16298,#16299);
#16301=PLANE('NONE',#16300);
#16302=FACE_SURFACE('NONE',(#16297),#16301,.T.);
#16303=POLY_LOOP('NONE',(#2971,#2970,#3773,#3772));
#16304=FACE_OUTER_BOUND('NONE',#16303,.T.);
#16305=DIRECTION('NONE',(-0.60896,-0.793201,0));
#16306=DIRECTION('NONE',(0.793201,-0.60896,0));
#16307=AXIS2_PLACEMENT_3D('NONE',#2971,#16305,#16306);
#16308=PLANE('NONE',#16307);
#16309=FACE_SURFACE('NONE',(#16304),#16308,.T.);
#16310=POLY_LOOP('NONE',(#3413,#3412,#2590,#2613));
#16311=FACE_OUTER_BOUND('NONE',#16310,.T.);
#16312=DIRECTION('NONE',(-0.991494,0.130155,0));
#16313=DIRECTION('NONE',(0.130155,0.991494,0));
#16314=AXIS2_PLACEMENT_3D('NONE',#3413,#16312,#16313);
#16315=PLANE('NONE',#16314);
#16316=FACE_SURFACE('NONE',(#16311),#16315,.T.);
#16317=POLY_LOOP('NONE',(#3414,#3413,#2613,#2612));
#16318=FACE_OUTER_BOUND('NONE',#16317,.T.);
#16319=DIRECTION('NONE',(-0.923642,0.383257,0));
#16320=DIRECTION('NONE',(0.383257,0.923642,0));
#16321=AXIS2_PLACEMENT_3D('NONE',#3414,#16319,#16320);
#16322=PLANE('NONE',#16321);
#16323=FACE_SURFACE('NONE',(#16318),#16322,.T.);
#16324=POLY_LOOP('NONE',(#4133,#4132,#3323,#3322));
#16325=FACE_OUTER_BOUND('NONE',#16324,.T.);
#16326=DIRECTION('NONE',(-0.796315,-0.604882,0));
#16327=DIRECTION('NONE',(-0.604882,0.796315,0));
#16328=AXIS2_PLACEMENT_3D('NONE',#4133,#16326,#16327);
#16329=PLANE('NONE',#16328);
#16330=FACE_SURFACE('NONE',(#16325),#16329,.T.);
#16331=POLY_LOOP('NONE',(#3415,#3414,#2612,#2611));
#16332=FACE_OUTER_BOUND('NONE',#16331,.T.);
#16333=DIRECTION('NONE',(-0.793053,0.609152,0));
#16334=DIRECTION('NONE',(0.609152,0.793053,0));
#16335=AXIS2_PLACEMENT_3D('NONE',#3415,#16333,#16334);
#16336=PLANE('NONE',#16335);
#16337=FACE_SURFACE('NONE',(#16332),#16336,.T.);
#16338=POLY_LOOP('NONE',(#4134,#4133,#3322,#3321));
#16339=FACE_OUTER_BOUND('NONE',#16338,.T.);
#16340=DIRECTION('NONE',(-0.924205,-0.381896,0));
#16341=DIRECTION('NONE',(-0.381896,0.924205,0));
#16342=AXIS2_PLACEMENT_3D('NONE',#4134,#16340,#16341);
#16343=PLANE('NONE',#16342);
#16344=FACE_SURFACE('NONE',(#16339),#16343,.T.);
#16345=POLY_LOOP('NONE',(#3415,#2611,#2610,#3416));
#16346=FACE_OUTER_BOUND('NONE',#16345,.T.);
#16347=DIRECTION('NONE',(-0.60915,0.793055,0));
#16348=DIRECTION('NONE',(0,0,-1));
#16349=AXIS2_PLACEMENT_3D('NONE',#3415,#16347,#16348);
#16350=PLANE('NONE',#16349);
#16351=FACE_SURFACE('NONE',(#16346),#16350,.T.);
#16352=POLY_LOOP('NONE',(#4135,#4134,#3321,#3320));
#16353=FACE_OUTER_BOUND('NONE',#16352,.T.);
#16354=DIRECTION('NONE',(-0.991426,-0.13067,0));
#16355=DIRECTION('NONE',(-0.13067,0.991426,0));
#16356=AXIS2_PLACEMENT_3D('NONE',#4135,#16354,#16355);
#16357=PLANE('NONE',#16356);
#16358=FACE_SURFACE('NONE',(#16353),#16357,.T.);
#16359=POLY_LOOP('NONE',(#3416,#2610,#2609,#3417));
#16360=FACE_OUTER_BOUND('NONE',#16359,.T.);
#16361=DIRECTION('NONE',(-0.383257,0.923642,0));
#16362=DIRECTION('NONE',(0,0,-1));
#16363=AXIS2_PLACEMENT_3D('NONE',#3416,#16361,#16362);
#16364=PLANE('NONE',#16363);
#16365=FACE_SURFACE('NONE',(#16360),#16364,.T.);
#16366=POLY_LOOP('NONE',(#4136,#4135,#3320,#3319));
#16367=FACE_OUTER_BOUND('NONE',#16366,.T.);
#16368=DIRECTION('NONE',(-0.991426,0.13067,0));
#16369=DIRECTION('NONE',(0.13067,0.991426,0));
#16370=AXIS2_PLACEMENT_3D('NONE',#4136,#16368,#16369);
#16371=PLANE('NONE',#16370);
#16372=FACE_SURFACE('NONE',(#16367),#16371,.T.);
#16373=POLY_LOOP('NONE',(#3417,#2609,#2608,#3418));
#16374=FACE_OUTER_BOUND('NONE',#16373,.T.);
#16375=DIRECTION('NONE',(-0.130159,0.991493,0));
#16376=DIRECTION('NONE',(0,0,-1));
#16377=AXIS2_PLACEMENT_3D('NONE',#3417,#16375,#16376);
#16378=PLANE('NONE',#16377);
#16379=FACE_SURFACE('NONE',(#16374),#16378,.T.);
#16380=POLY_LOOP('NONE',(#4137,#4136,#3319,#3318));
#16381=FACE_OUTER_BOUND('NONE',#16380,.T.);
#16382=DIRECTION('NONE',(-0.924205,0.381896,0));
#16383=DIRECTION('NONE',(0.381896,0.924205,0));
#16384=AXIS2_PLACEMENT_3D('NONE',#4137,#16382,#16383);
#16385=PLANE('NONE',#16384);
#16386=FACE_SURFACE('NONE',(#16381),#16385,.T.);
#16387=POLY_LOOP('NONE',(#2607,#3419,#3418,#2608));
#16388=FACE_OUTER_BOUND('NONE',#16387,.T.);
#16389=DIRECTION('NONE',(0.130159,0.991493,0));
#16390=DIRECTION('NONE',(0,0,1));
#16391=AXIS2_PLACEMENT_3D('NONE',#2607,#16389,#16390);
#16392=PLANE('NONE',#16391);
#16393=FACE_SURFACE('NONE',(#16388),#16392,.T.);
#16394=POLY_LOOP('NONE',(#4138,#4137,#3318,#3317));
#16395=FACE_OUTER_BOUND('NONE',#16394,.T.);
#16396=DIRECTION('NONE',(-0.796315,0.604882,0));
#16397=DIRECTION('NONE',(0.604882,0.796315,0));
#16398=AXIS2_PLACEMENT_3D('NONE',#4138,#16396,#16397);
#16399=PLANE('NONE',#16398);
#16400=FACE_SURFACE('NONE',(#16395),#16399,.T.);
#16401=POLY_LOOP('NONE',(#2628,#2627,#3447,#3446));
#16402=FACE_OUTER_BOUND('NONE',#16401,.T.);
#16403=DIRECTION('NONE',(0.991424,-0.130684,0));
#16404=DIRECTION('NONE',(0.130684,0.991424,0));
#16405=AXIS2_PLACEMENT_3D('NONE',#2628,#16403,#16404);
#16406=PLANE('NONE',#16405);
#16407=FACE_SURFACE('NONE',(#16402),#16406,.T.);
#16408=POLY_LOOP('NONE',(#4138,#3317,#3316,#4139));
#16409=FACE_OUTER_BOUND('NONE',#16408,.T.);
#16410=DIRECTION('NONE',(-0.604891,0.796308,0));
#16411=DIRECTION('NONE',(0,0,-1));
#16412=AXIS2_PLACEMENT_3D('NONE',#4138,#16410,#16411);
#16413=PLANE('NONE',#16412);
#16414=FACE_SURFACE('NONE',(#16409),#16413,.T.);
#16415=POLY_LOOP('NONE',(#3447,#2627,#2626,#3448));
#16416=FACE_OUTER_BOUND('NONE',#16415,.T.);
#16417=DIRECTION('NONE',(0.923745,-0.383009,0));
#16418=DIRECTION('NONE',(0,0,-1));
#16419=AXIS2_PLACEMENT_3D('NONE',#3447,#16417,#16418);
#16420=PLANE('NONE',#16419);
#16421=FACE_SURFACE('NONE',(#16416),#16420,.T.);
#16422=POLY_LOOP('NONE',(#3332,#3331,#4148,#4147));
#16423=FACE_OUTER_BOUND('NONE',#16422,.T.);
#16424=DIRECTION('NONE',(0.99143,-0.130641,0));
#16425=DIRECTION('NONE',(0.130641,0.99143,0));
#16426=AXIS2_PLACEMENT_3D('NONE',#3332,#16424,#16425);
#16427=PLANE('NONE',#16426);
#16428=FACE_SURFACE('NONE',(#16423),#16427,.T.);
#16429=POLY_LOOP('NONE',(#3450,#3449,#2625,#2624));
#16430=FACE_OUTER_BOUND('NONE',#16429,.T.);
#16431=DIRECTION('NONE',(0.608615,-0.793466,0));
#16432=DIRECTION('NONE',(-0.793466,-0.608615,0));
#16433=AXIS2_PLACEMENT_3D('NONE',#3450,#16431,#16432);
#16434=PLANE('NONE',#16433);
#16435=FACE_SURFACE('NONE',(#16430),#16434,.T.);
#16436=POLY_LOOP('NONE',(#4148,#3331,#3330,#4149));
#16437=FACE_OUTER_BOUND('NONE',#16436,.T.);
#16438=DIRECTION('NONE',(0.9242,-0.381909,0));
#16439=DIRECTION('NONE',(0,0,-1));
#16440=AXIS2_PLACEMENT_3D('NONE',#4148,#16438,#16439);
#16441=PLANE('NONE',#16440);
#16442=FACE_SURFACE('NONE',(#16437),#16441,.T.);
#16443=POLY_LOOP('NONE',(#3448,#2626,#2625,#3449));
#16444=FACE_OUTER_BOUND('NONE',#16443,.T.);
#16445=DIRECTION('NONE',(0.793459,-0.608624,0));
#16446=DIRECTION('NONE',(0,0,-1));
#16447=AXIS2_PLACEMENT_3D('NONE',#3448,#16445,#16446);
#16448=PLANE('NONE',#16447);
#16449=FACE_SURFACE('NONE',(#16444),#16448,.T.);
#16450=POLY_LOOP('NONE',(#4151,#4150,#3329,#3328));
#16451=FACE_OUTER_BOUND('NONE',#16450,.T.);
#16452=DIRECTION('NONE',(0.604891,-0.796308,0));
#16453=DIRECTION('NONE',(-0.796308,-0.604891,0));
#16454=AXIS2_PLACEMENT_3D('NONE',#4151,#16452,#16453);
#16455=PLANE('NONE',#16454);
#16456=FACE_SURFACE('NONE',(#16451),#16455,.T.);
#16457=POLY_LOOP('NONE',(#3451,#3450,#2624,#2623));
#16458=FACE_OUTER_BOUND('NONE',#16457,.T.);
#16459=DIRECTION('NONE',(0.383026,-0.923737,0));
#16460=DIRECTION('NONE',(-0.923737,-0.383026,0));
#16461=AXIS2_PLACEMENT_3D('NONE',#3451,#16459,#16460);
#16462=PLANE('NONE',#16461);
#16463=FACE_SURFACE('NONE',(#16458),#16462,.T.);
#16464=POLY_LOOP('NONE',(#4149,#3330,#3329,#4150));
#16465=FACE_OUTER_BOUND('NONE',#16464,.T.);
#16466=DIRECTION('NONE',(0.796308,-0.604891,0));
#16467=DIRECTION('NONE',(0,0,-1));
#16468=AXIS2_PLACEMENT_3D('NONE',#4149,#16466,#16467);
#16469=PLANE('NONE',#16468);
#16470=FACE_SURFACE('NONE',(#16465),#16469,.T.);
#16471=POLY_LOOP('NONE',(#4151,#3328,#3327,#4128));
#16472=FACE_OUTER_BOUND('NONE',#16471,.T.);
#16473=DIRECTION('NONE',(0.381901,-0.924203,0));
#16474=DIRECTION('NONE',(0,0,-1));
#16475=AXIS2_PLACEMENT_3D('NONE',#4151,#16473,#16474);
#16476=PLANE('NONE',#16475);
#16477=FACE_SURFACE('NONE',(#16472),#16476,.T.);
#16478=POLY_LOOP('NONE',(#4131,#4130,#3325,#3324));
#16479=FACE_OUTER_BOUND('NONE',#16478,.T.);
#16480=DIRECTION('NONE',(-0.381891,-0.924207,0));
#16481=DIRECTION('NONE',(-0.924207,0.381891,0));
#16482=AXIS2_PLACEMENT_3D('NONE',#4131,#16480,#16481);
#16483=PLANE('NONE',#16482);
#16484=FACE_SURFACE('NONE',(#16479),#16483,.T.);
#16485=POLY_LOOP('NONE',(#4132,#4131,#3324,#3323));
#16486=FACE_OUTER_BOUND('NONE',#16485,.T.);
#16487=DIRECTION('NONE',(-0.604891,-0.796308,0));
#16488=DIRECTION('NONE',(-0.796308,0.604891,0));
#16489=AXIS2_PLACEMENT_3D('NONE',#4132,#16487,#16488);
#16490=PLANE('NONE',#16489);
#16491=FACE_SURFACE('NONE',(#16486),#16490,.T.);
#16492=POLY_LOOP('NONE',(#4139,#3316,#3315,#4140));
#16493=FACE_OUTER_BOUND('NONE',#16492,.T.);
#16494=DIRECTION('NONE',(-0.381891,0.924207,0));
#16495=DIRECTION('NONE',(0,0,-1));
#16496=AXIS2_PLACEMENT_3D('NONE',#4139,#16494,#16495);
#16497=PLANE('NONE',#16496);
#16498=FACE_SURFACE('NONE',(#16493),#16497,.T.);
#16499=POLY_LOOP('NONE',(#4140,#3315,#3314,#4141));
#16500=FACE_OUTER_BOUND('NONE',#16499,.T.);
#16501=DIRECTION('NONE',(-0.130657,0.991428,0));
#16502=DIRECTION('NONE',(0,0,-1));
#16503=AXIS2_PLACEMENT_3D('NONE',#4140,#16501,#16502);
#16504=PLANE('NONE',#16503);
#16505=FACE_SURFACE('NONE',(#16500),#16504,.T.);
#16506=POLY_LOOP('NONE',(#4141,#3314,#3313,#4142));
#16507=FACE_OUTER_BOUND('NONE',#16506,.T.);
#16508=DIRECTION('NONE',(0.130653,0.991428,0));
#16509=DIRECTION('NONE',(0,0,-1));
#16510=AXIS2_PLACEMENT_3D('NONE',#4141,#16508,#16509);
#16511=PLANE('NONE',#16510);
#16512=FACE_SURFACE('NONE',(#16507),#16511,.T.);
#16513=POLY_LOOP('NONE',(#4142,#3313,#3312,#4143));
#16514=FACE_OUTER_BOUND('NONE',#16513,.T.);
#16515=DIRECTION('NONE',(0.381901,0.924203,0));
#16516=DIRECTION('NONE',(0,0,-1));
#16517=AXIS2_PLACEMENT_3D('NONE',#4142,#16515,#16516);
#16518=PLANE('NONE',#16517);
#16519=FACE_SURFACE('NONE',(#16514),#16518,.T.);
#16520=POLY_LOOP('NONE',(#3441,#2633,#2632,#3442));
#16521=FACE_OUTER_BOUND('NONE',#16520,.T.);
#16522=DIRECTION('NONE',(0.383012,0.923744,0));
#16523=DIRECTION('NONE',(0,0,-1));
#16524=AXIS2_PLACEMENT_3D('NONE',#3441,#16522,#16523);
#16525=PLANE('NONE',#16524);
#16526=FACE_SURFACE('NONE',(#16521),#16525,.T.);
#16527=POLY_LOOP('NONE',(#3442,#2632,#2631,#3443));
#16528=FACE_OUTER_BOUND('NONE',#16527,.T.);
#16529=DIRECTION('NONE',(0.608626,0.793458,0));
#16530=DIRECTION('NONE',(0,0,-1));
#16531=AXIS2_PLACEMENT_3D('NONE',#3442,#16529,#16530);
#16532=PLANE('NONE',#16531);
#16533=FACE_SURFACE('NONE',(#16528),#16532,.T.);
#16534=POLY_LOOP('NONE',(#3443,#2631,#2630,#3444));
#16535=FACE_OUTER_BOUND('NONE',#16534,.T.);
#16536=DIRECTION('NONE',(0.793459,0.608624,0));
#16537=DIRECTION('NONE',(0,0,-1));
#16538=AXIS2_PLACEMENT_3D('NONE',#3443,#16536,#16537);
#16539=PLANE('NONE',#16538);
#16540=FACE_SURFACE('NONE',(#16535),#16539,.T.);
#16541=POLY_LOOP('NONE',(#3444,#2630,#2629,#3445));
#16542=FACE_OUTER_BOUND('NONE',#16541,.T.);
#16543=DIRECTION('NONE',(0.923745,0.383009,0));
#16544=DIRECTION('NONE',(0,0,-1));
#16545=AXIS2_PLACEMENT_3D('NONE',#3444,#16543,#16544);
#16546=PLANE('NONE',#16545);
#16547=FACE_SURFACE('NONE',(#16542),#16546,.T.);
#16548=POLY_LOOP('NONE',(#3445,#2629,#2628,#3446));
#16549=FACE_OUTER_BOUND('NONE',#16548,.T.);
#16550=DIRECTION('NONE',(0.991424,0.130686,0));
#16551=DIRECTION('NONE',(0,0,-1));
#16552=AXIS2_PLACEMENT_3D('NONE',#3445,#16550,#16551);
#16553=PLANE('NONE',#16552);
#16554=FACE_SURFACE('NONE',(#16549),#16553,.T.);
#16555=POLY_LOOP('NONE',(#3980,#3979,#3148,#3147));
#16556=FACE_OUTER_BOUND('NONE',#16555,.T.);
#16557=DIRECTION('NONE',(-0.99143,0.130641,0));
#16558=DIRECTION('NONE',(0.130641,0.99143,0));
#16559=AXIS2_PLACEMENT_3D('NONE',#3980,#16557,#16558);
#16560=PLANE('NONE',#16559);
#16561=FACE_SURFACE('NONE',(#16556),#16560,.T.);
#16562=POLY_LOOP('NONE',(#3981,#3980,#3147,#3146));
#16563=FACE_OUTER_BOUND('NONE',#16562,.T.);
#16564=DIRECTION('NONE',(-0.9242,0.381909,0));
#16565=DIRECTION('NONE',(0.381909,0.9242,0));
#16566=AXIS2_PLACEMENT_3D('NONE',#3981,#16564,#16565);
#16567=PLANE('NONE',#16566);
#16568=FACE_SURFACE('NONE',(#16563),#16567,.T.);
#16569=POLY_LOOP('NONE',(#3982,#3981,#3146,#3145));
#16570=FACE_OUTER_BOUND('NONE',#16569,.T.);
#16571=DIRECTION('NONE',(-0.796308,0.604891,0));
#16572=DIRECTION('NONE',(0.604891,0.796308,0));
#16573=AXIS2_PLACEMENT_3D('NONE',#3982,#16571,#16572);
#16574=PLANE('NONE',#16573);
#16575=FACE_SURFACE('NONE',(#16570),#16574,.T.);
#16576=POLY_LOOP('NONE',(#3419,#2607,#2606,#3420));
#16577=FACE_OUTER_BOUND('NONE',#16576,.T.);
#16578=DIRECTION('NONE',(0.383255,0.923642,0));
#16579=DIRECTION('NONE',(0,0,-1));
#16580=AXIS2_PLACEMENT_3D('NONE',#3419,#16578,#16579);
#16581=PLANE('NONE',#16580);
#16582=FACE_SURFACE('NONE',(#16577),#16581,.T.);
#16583=POLY_LOOP('NONE',(#3420,#2606,#2605,#3421));
#16584=FACE_OUTER_BOUND('NONE',#16583,.T.);
#16585=DIRECTION('NONE',(0.609152,0.793054,0));
#16586=DIRECTION('NONE',(0,0,-1));
#16587=AXIS2_PLACEMENT_3D('NONE',#3420,#16585,#16586);
#16588=PLANE('NONE',#16587);
#16589=FACE_SURFACE('NONE',(#16584),#16588,.T.);
#16590=POLY_LOOP('NONE',(#3982,#3145,#3144,#3983));
#16591=FACE_OUTER_BOUND('NONE',#16590,.T.);
#16592=DIRECTION('NONE',(-0.604891,0.796308,0));
#16593=DIRECTION('NONE',(0,0,-1));
#16594=AXIS2_PLACEMENT_3D('NONE',#3982,#16592,#16593);
#16595=PLANE('NONE',#16594);
#16596=FACE_SURFACE('NONE',(#16591),#16595,.T.);
#16597=POLY_LOOP('NONE',(#3421,#2605,#2604,#3422));
#16598=FACE_OUTER_BOUND('NONE',#16597,.T.);
#16599=DIRECTION('NONE',(0.793053,0.609152,0));
#16600=DIRECTION('NONE',(0,0,-1));
#16601=AXIS2_PLACEMENT_3D('NONE',#3421,#16599,#16600);
#16602=PLANE('NONE',#16601);
#16603=FACE_SURFACE('NONE',(#16598),#16602,.T.);
#16604=POLY_LOOP('NONE',(#3983,#3144,#3143,#3960));
#16605=FACE_OUTER_BOUND('NONE',#16604,.T.);
#16606=DIRECTION('NONE',(-0.381901,0.924203,0));
#16607=DIRECTION('NONE',(0,0,-1));
#16608=AXIS2_PLACEMENT_3D('NONE',#3983,#16606,#16607);
#16609=PLANE('NONE',#16608);
#16610=FACE_SURFACE('NONE',(#16605),#16609,.T.);
#16611=POLY_LOOP('NONE',(#3422,#2604,#2603,#3423));
#16612=FACE_OUTER_BOUND('NONE',#16611,.T.);
#16613=DIRECTION('NONE',(0.923643,0.383253,0));
#16614=DIRECTION('NONE',(0,0,-1));
#16615=AXIS2_PLACEMENT_3D('NONE',#3422,#16613,#16614);
#16616=PLANE('NONE',#16615);
#16617=FACE_SURFACE('NONE',(#16612),#16616,.T.);
#16618=POLY_LOOP('NONE',(#3160,#3159,#3968,#3967));
#16619=FACE_OUTER_BOUND('NONE',#16618,.T.);
#16620=DIRECTION('NONE',(0.991428,-0.130655,0));
#16621=DIRECTION('NONE',(0.130655,0.991428,0));
#16622=AXIS2_PLACEMENT_3D('NONE',#3160,#16620,#16621);
#16623=PLANE('NONE',#16622);
#16624=FACE_SURFACE('NONE',(#16619),#16623,.T.);
#16625=POLY_LOOP('NONE',(#3423,#2603,#2602,#3424));
#16626=FACE_OUTER_BOUND('NONE',#16625,.T.);
#16627=DIRECTION('NONE',(0.991493,0.130159,0));
#16628=DIRECTION('NONE',(0,0,-1));
#16629=AXIS2_PLACEMENT_3D('NONE',#3423,#16627,#16628);
#16630=PLANE('NONE',#16629);
#16631=FACE_SURFACE('NONE',(#16626),#16630,.T.);
#16632=POLY_LOOP('NONE',(#3968,#3159,#3158,#3969));
#16633=FACE_OUTER_BOUND('NONE',#16632,.T.);
#16634=DIRECTION('NONE',(0.9242,-0.381909,0));
#16635=DIRECTION('NONE',(0,0,-1));
#16636=AXIS2_PLACEMENT_3D('NONE',#3968,#16634,#16635);
#16637=PLANE('NONE',#16636);
#16638=FACE_SURFACE('NONE',(#16633),#16637,.T.);
#16639=POLY_LOOP('NONE',(#3971,#3970,#3157,#3156));
#16640=FACE_OUTER_BOUND('NONE',#16639,.T.);
#16641=DIRECTION('NONE',(0.604891,-0.796308,0));
#16642=DIRECTION('NONE',(-0.796308,-0.604891,0));
#16643=AXIS2_PLACEMENT_3D('NONE',#3971,#16641,#16642);
#16644=PLANE('NONE',#16643);
#16645=FACE_SURFACE('NONE',(#16640),#16644,.T.);
#16646=POLY_LOOP('NONE',(#3674,#3673,#2856,#2855));
#16647=FACE_OUTER_BOUND('NONE',#16646,.T.);
#16648=DIRECTION('NONE',(-0.991138,-0.132839,0));
#16649=DIRECTION('NONE',(-0.132839,0.991138,0));
#16650=AXIS2_PLACEMENT_3D('NONE',#3674,#16648,#16649);
#16651=PLANE('NONE',#16650);
#16652=FACE_SURFACE('NONE',(#16647),#16651,.T.);
#16653=POLY_LOOP('NONE',(#3969,#3158,#3157,#3970));
#16654=FACE_OUTER_BOUND('NONE',#16653,.T.);
#16655=DIRECTION('NONE',(0.796315,-0.604882,0));
#16656=DIRECTION('NONE',(0,0,-1));
#16657=AXIS2_PLACEMENT_3D('NONE',#3969,#16655,#16656);
#16658=PLANE('NONE',#16657);
#16659=FACE_SURFACE('NONE',(#16654),#16658,.T.);
#16660=POLY_LOOP('NONE',(#3675,#3674,#2855,#2854));
#16661=FACE_OUTER_BOUND('NONE',#16660,.T.);
#16662=DIRECTION('NONE',(-0.991138,0.132838,0));
#16663=DIRECTION('NONE',(0.132838,0.991138,0));
#16664=AXIS2_PLACEMENT_3D('NONE',#3675,#16662,#16663);
#16665=PLANE('NONE',#16664);
#16666=FACE_SURFACE('NONE',(#16661),#16665,.T.);
#16667=POLY_LOOP('NONE',(#3676,#3675,#2854,#2877));
#16668=FACE_OUTER_BOUND('NONE',#16667,.T.);
#16669=DIRECTION('NONE',(-0.925629,0.378432,0));
#16670=DIRECTION('NONE',(0.378432,0.925629,0));
#16671=AXIS2_PLACEMENT_3D('NONE',#3676,#16669,#16670);
#16672=PLANE('NONE',#16671);
#16673=FACE_SURFACE('NONE',(#16668),#16672,.T.);
#16674=POLY_LOOP('NONE',(#3677,#3676,#2877,#2876));
#16675=FACE_OUTER_BOUND('NONE',#16674,.T.);
#16676=DIRECTION('NONE',(-0.790731,0.612163,0));
#16677=DIRECTION('NONE',(0.612163,0.790731,0));
#16678=AXIS2_PLACEMENT_3D('NONE',#3677,#16676,#16677);
#16679=PLANE('NONE',#16678);
#16680=FACE_SURFACE('NONE',(#16675),#16679,.T.);
#16681=POLY_LOOP('NONE',(#3677,#2876,#2875,#3678));
#16682=FACE_OUTER_BOUND('NONE',#16681,.T.);
#16683=DIRECTION('NONE',(-0.608965,0.793197,0));
#16684=DIRECTION('NONE',(0,0,-1));
#16685=AXIS2_PLACEMENT_3D('NONE',#3677,#16683,#16684);
#16686=PLANE('NONE',#16685);
#16687=FACE_SURFACE('NONE',(#16682),#16686,.T.);
#16688=POLY_LOOP('NONE',(#3960,#3143,#3142,#3961));
#16689=FACE_OUTER_BOUND('NONE',#16688,.T.);
#16690=DIRECTION('NONE',(-0.130653,0.991428,0));
#16691=DIRECTION('NONE',(0,0,-1));
#16692=AXIS2_PLACEMENT_3D('NONE',#3960,#16690,#16691);
#16693=PLANE('NONE',#16692);
#16694=FACE_SURFACE('NONE',(#16689),#16693,.T.);
#16695=POLY_LOOP('NONE',(#3678,#2875,#2874,#3679));
#16696=FACE_OUTER_BOUND('NONE',#16695,.T.);
#16697=DIRECTION('NONE',(-0.382806,0.923829,0));
#16698=DIRECTION('NONE',(0,0,-1));
#16699=AXIS2_PLACEMENT_3D('NONE',#3678,#16697,#16698);
#16700=PLANE('NONE',#16699);
#16701=FACE_SURFACE('NONE',(#16696),#16700,.T.);
#16702=POLY_LOOP('NONE',(#3961,#3142,#3165,#3962));
#16703=FACE_OUTER_BOUND('NONE',#16702,.T.);
#16704=DIRECTION('NONE',(0.130655,0.991428,0));
#16705=DIRECTION('NONE',(0,0,-1));
#16706=AXIS2_PLACEMENT_3D('NONE',#3961,#16704,#16705);
#16707=PLANE('NONE',#16706);
#16708=FACE_SURFACE('NONE',(#16703),#16707,.T.);
#16709=POLY_LOOP('NONE',(#3679,#2874,#2873,#3680));
#16710=FACE_OUTER_BOUND('NONE',#16709,.T.);
#16711=DIRECTION('NONE',(-0.132819,0.99114,0));
#16712=DIRECTION('NONE',(0,0,-1));
#16713=AXIS2_PLACEMENT_3D('NONE',#3679,#16711,#16712);
#16714=PLANE('NONE',#16713);
#16715=FACE_SURFACE('NONE',(#16710),#16714,.T.);
#16716=POLY_LOOP('NONE',(#3962,#3165,#3164,#3963));
#16717=FACE_OUTER_BOUND('NONE',#16716,.T.);
#16718=DIRECTION('NONE',(0.381896,0.924205,0));
#16719=DIRECTION('NONE',(0,0,-1));
#16720=AXIS2_PLACEMENT_3D('NONE',#3962,#16718,#16719);
#16721=PLANE('NONE',#16720);
#16722=FACE_SURFACE('NONE',(#16717),#16721,.T.);
#16723=POLY_LOOP('NONE',(#3680,#2873,#2872,#3681));
#16724=FACE_OUTER_BOUND('NONE',#16723,.T.);
#16725=DIRECTION('NONE',(0.132819,0.99114,0));
#16726=DIRECTION('NONE',(0,0,-1));
#16727=AXIS2_PLACEMENT_3D('NONE',#3680,#16725,#16726);
#16728=PLANE('NONE',#16727);
#16729=FACE_SURFACE('NONE',(#16724),#16728,.T.);
#16730=POLY_LOOP('NONE',(#3963,#3164,#3163,#3964));
#16731=FACE_OUTER_BOUND('NONE',#16730,.T.);
#16732=DIRECTION('NONE',(0.604891,0.796308,0));
#16733=DIRECTION('NONE',(0,0,-1));
#16734=AXIS2_PLACEMENT_3D('NONE',#3963,#16732,#16733);
#16735=PLANE('NONE',#16734);
#16736=FACE_SURFACE('NONE',(#16731),#16735,.T.);
#16737=POLY_LOOP('NONE',(#3681,#2872,#2871,#3682));
#16738=FACE_OUTER_BOUND('NONE',#16737,.T.);
#16739=DIRECTION('NONE',(0.382806,0.923829,0));
#16740=DIRECTION('NONE',(0,0,-1));
#16741=AXIS2_PLACEMENT_3D('NONE',#3681,#16739,#16740);
#16742=PLANE('NONE',#16741);
#16743=FACE_SURFACE('NONE',(#16738),#16742,.T.);
#16744=POLY_LOOP('NONE',(#3964,#3163,#3162,#3965));
#16745=FACE_OUTER_BOUND('NONE',#16744,.T.);
#16746=DIRECTION('NONE',(0.796315,0.604882,0));
#16747=DIRECTION('NONE',(0,0,-1));
#16748=AXIS2_PLACEMENT_3D('NONE',#3964,#16746,#16747);
#16749=PLANE('NONE',#16748);
#16750=FACE_SURFACE('NONE',(#16745),#16749,.T.);
#16751=POLY_LOOP('NONE',(#3682,#2871,#2870,#3683));
#16752=FACE_OUTER_BOUND('NONE',#16751,.T.);
#16753=DIRECTION('NONE',(0.608965,0.793197,0));
#16754=DIRECTION('NONE',(0,0,-1));
#16755=AXIS2_PLACEMENT_3D('NONE',#3682,#16753,#16754);
#16756=PLANE('NONE',#16755);
#16757=FACE_SURFACE('NONE',(#16752),#16756,.T.);
#16758=POLY_LOOP('NONE',(#3965,#3162,#3161,#3966));
#16759=FACE_OUTER_BOUND('NONE',#16758,.T.);
#16760=DIRECTION('NONE',(0.9242,0.381909,0));
#16761=DIRECTION('NONE',(0,0,-1));
#16762=AXIS2_PLACEMENT_3D('NONE',#3965,#16760,#16761);
#16763=PLANE('NONE',#16762);
#16764=FACE_SURFACE('NONE',(#16759),#16763,.T.);
#16765=POLY_LOOP('NONE',(#4143,#3312,#3311,#4144));
#16766=FACE_OUTER_BOUND('NONE',#16765,.T.);
#16767=DIRECTION('NONE',(0.604891,0.796308,0));
#16768=DIRECTION('NONE',(0,0,-1));
#16769=AXIS2_PLACEMENT_3D('NONE',#4143,#16767,#16768);
#16770=PLANE('NONE',#16769);
#16771=FACE_SURFACE('NONE',(#16766),#16770,.T.);
#16772=POLY_LOOP('NONE',(#3966,#3161,#3160,#3967));
#16773=FACE_OUTER_BOUND('NONE',#16772,.T.);
#16774=DIRECTION('NONE',(0.991428,0.130655,0));
#16775=DIRECTION('NONE',(0,0,-1));
#16776=AXIS2_PLACEMENT_3D('NONE',#3966,#16774,#16775);
#16777=PLANE('NONE',#16776);
#16778=FACE_SURFACE('NONE',(#16773),#16777,.T.);
#16779=POLY_LOOP('NONE',(#4144,#3311,#3310,#4145));
#16780=FACE_OUTER_BOUND('NONE',#16779,.T.);
#16781=DIRECTION('NONE',(0.796308,0.604891,0));
#16782=DIRECTION('NONE',(0,0,-1));
#16783=AXIS2_PLACEMENT_3D('NONE',#4144,#16781,#16782);
#16784=PLANE('NONE',#16783);
#16785=FACE_SURFACE('NONE',(#16780),#16784,.T.);
#16786=POLY_LOOP('NONE',(#4145,#3310,#3333,#4146));
#16787=FACE_OUTER_BOUND('NONE',#16786,.T.);
#16788=DIRECTION('NONE',(0.9242,0.381909,0));
#16789=DIRECTION('NONE',(0,0,-1));
#16790=AXIS2_PLACEMENT_3D('NONE',#4145,#16788,#16789);
#16791=PLANE('NONE',#16790);
#16792=FACE_SURFACE('NONE',(#16787),#16791,.T.);
#16793=POLY_LOOP('NONE',(#4146,#3333,#3332,#4147));
#16794=FACE_OUTER_BOUND('NONE',#16793,.T.);
#16795=DIRECTION('NONE',(0.99143,0.130641,0));
#16796=DIRECTION('NONE',(0,0,-1));
#16797=AXIS2_PLACEMENT_3D('NONE',#4146,#16795,#16796);
#16798=PLANE('NONE',#16797);
#16799=FACE_SURFACE('NONE',(#16794),#16798,.T.);
#16800=POLY_LOOP('NONE',(#4129,#4128,#3327,#3326));
#16801=FACE_OUTER_BOUND('NONE',#16800,.T.);
#16802=DIRECTION('NONE',(0.130653,-0.991428,0));
#16803=DIRECTION('NONE',(-0.991428,-0.130653,0));
#16804=AXIS2_PLACEMENT_3D('NONE',#4129,#16802,#16803);
#16805=PLANE('NONE',#16804);
#16806=FACE_SURFACE('NONE',(#16801),#16805,.T.);
#16807=POLY_LOOP('NONE',(#4130,#4129,#3326,#3325));
#16808=FACE_OUTER_BOUND('NONE',#16807,.T.);
#16809=DIRECTION('NONE',(-0.130657,-0.991428,0));
#16810=DIRECTION('NONE',(-0.991428,0.130657,0));
#16811=AXIS2_PLACEMENT_3D('NONE',#4130,#16809,#16810);
#16812=PLANE('NONE',#16811);
#16813=FACE_SURFACE('NONE',(#16808),#16812,.T.);
#16814=POLY_LOOP('NONE',(#3917,#3916,#3115,#3114));
#16815=FACE_OUTER_BOUND('NONE',#16814,.T.);
#16816=DIRECTION('NONE',(-0.796308,-0.604891,0));
#16817=DIRECTION('NONE',(-0.604891,0.796308,0));
#16818=AXIS2_PLACEMENT_3D('NONE',#3917,#16816,#16817);
#16819=PLANE('NONE',#16818);
#16820=FACE_SURFACE('NONE',(#16815),#16819,.T.);
#16821=POLY_LOOP('NONE',(#3918,#3917,#3114,#3113));
#16822=FACE_OUTER_BOUND('NONE',#16821,.T.);
#16823=DIRECTION('NONE',(-0.924203,-0.381901,0));
#16824=DIRECTION('NONE',(-0.381901,0.924203,0));
#16825=AXIS2_PLACEMENT_3D('NONE',#3918,#16823,#16824);
#16826=PLANE('NONE',#16825);
#16827=FACE_SURFACE('NONE',(#16822),#16826,.T.);
#16828=POLY_LOOP('NONE',(#2591,#2590,#3412,#3411));
#16829=FACE_OUTER_BOUND('NONE',#16828,.T.);
#16830=DIRECTION('NONE',(-0.991494,-0.130155,0));
#16831=DIRECTION('NONE',(0.130155,-0.991494,0));
#16832=AXIS2_PLACEMENT_3D('NONE',#2591,#16830,#16831);
#16833=PLANE('NONE',#16832);
#16834=FACE_SURFACE('NONE',(#16829),#16833,.T.);
#16835=POLY_LOOP('NONE',(#2867,#2866,#3687,#3686));
#16836=FACE_OUTER_BOUND('NONE',#16835,.T.);
#16837=DIRECTION('NONE',(0.991139,-0.132829,0));
#16838=DIRECTION('NONE',(0.132829,0.991139,0));
#16839=AXIS2_PLACEMENT_3D('NONE',#2867,#16837,#16838);
#16840=PLANE('NONE',#16839);
#16841=FACE_SURFACE('NONE',(#16836),#16840,.T.);
#16842=POLY_LOOP('NONE',(#3687,#2866,#2865,#3688));
#16843=FACE_OUTER_BOUND('NONE',#16842,.T.);
#16844=DIRECTION('NONE',(0.925626,-0.37844,0));
#16845=DIRECTION('NONE',(0,0,-1));
#16846=AXIS2_PLACEMENT_3D('NONE',#3687,#16844,#16845);
#16847=PLANE('NONE',#16846);
#16848=FACE_SURFACE('NONE',(#16843),#16847,.T.);
#16849=POLY_LOOP('NONE',(#3684,#3683,#2870,#2869));
#16850=FACE_OUTER_BOUND('NONE',#16849,.T.);
#16851=DIRECTION('NONE',(0.790731,0.612163,0));
#16852=DIRECTION('NONE',(0.612163,-0.790731,0));
#16853=AXIS2_PLACEMENT_3D('NONE',#3684,#16851,#16852);
#16854=PLANE('NONE',#16853);
#16855=FACE_SURFACE('NONE',(#16850),#16854,.T.);
#16856=POLY_LOOP('NONE',(#3684,#2869,#2868,#3685));
#16857=FACE_OUTER_BOUND('NONE',#16856,.T.);
#16858=DIRECTION('NONE',(0.925626,0.37844,0));
#16859=DIRECTION('NONE',(0,0,-1));
#16860=AXIS2_PLACEMENT_3D('NONE',#3684,#16858,#16859);
#16861=PLANE('NONE',#16860);
#16862=FACE_SURFACE('NONE',(#16857),#16861,.T.);
#16863=POLY_LOOP('NONE',(#3685,#2868,#2867,#3686));
#16864=FACE_OUTER_BOUND('NONE',#16863,.T.);
#16865=DIRECTION('NONE',(0.991139,0.132828,0));
#16866=DIRECTION('NONE',(0,0,-1));
#16867=AXIS2_PLACEMENT_3D('NONE',#3685,#16865,#16866);
#16868=PLANE('NONE',#16867);
#16869=FACE_SURFACE('NONE',(#16864),#16868,.T.);
#16870=POLY_LOOP('NONE',(#3430,#3429,#2597,#2596));
#16871=FACE_OUTER_BOUND('NONE',#16870,.T.);
#16872=DIRECTION('NONE',(0.130159,-0.991493,0));
#16873=DIRECTION('NONE',(-0.991493,-0.130159,0));
#16874=AXIS2_PLACEMENT_3D('NONE',#3430,#16872,#16873);
#16875=PLANE('NONE',#16874);
#16876=FACE_SURFACE('NONE',(#16871),#16875,.T.);
#16877=POLY_LOOP('NONE',(#3431,#3430,#2596,#2595));
#16878=FACE_OUTER_BOUND('NONE',#16877,.T.);
#16879=DIRECTION('NONE',(-0.130159,-0.991493,0));
#16880=DIRECTION('NONE',(-0.991493,0.130159,0));
#16881=AXIS2_PLACEMENT_3D('NONE',#3431,#16879,#16880);
#16882=PLANE('NONE',#16881);
#16883=FACE_SURFACE('NONE',(#16878),#16882,.T.);
#16884=POLY_LOOP('NONE',(#3432,#3431,#2595,#2594));
#16885=FACE_OUTER_BOUND('NONE',#16884,.T.);
#16886=DIRECTION('NONE',(-0.383257,-0.923642,0));
#16887=DIRECTION('NONE',(-0.923642,0.383257,0));
#16888=AXIS2_PLACEMENT_3D('NONE',#3432,#16886,#16887);
#16889=PLANE('NONE',#16888);
#16890=FACE_SURFACE('NONE',(#16885),#16889,.T.);
#16891=POLY_LOOP('NONE',(#3433,#3432,#2594,#2593));
#16892=FACE_OUTER_BOUND('NONE',#16891,.T.);
#16893=DIRECTION('NONE',(-0.60915,-0.793055,0));
#16894=DIRECTION('NONE',(-0.793055,0.60915,0));
#16895=AXIS2_PLACEMENT_3D('NONE',#3433,#16893,#16894);
#16896=PLANE('NONE',#16895);
#16897=FACE_SURFACE('NONE',(#16892),#16896,.T.);
#16898=POLY_LOOP('NONE',(#3410,#3433,#2593,#2592));
#16899=FACE_OUTER_BOUND('NONE',#16898,.T.);
#16900=DIRECTION('NONE',(-0.793053,-0.609152,0));
#16901=DIRECTION('NONE',(-0.609152,0.793053,0));
#16902=AXIS2_PLACEMENT_3D('NONE',#3410,#16900,#16901);
#16903=PLANE('NONE',#16902);
#16904=FACE_SURFACE('NONE',(#16899),#16903,.T.);
#16905=POLY_LOOP('NONE',(#3411,#3410,#2592,#2591));
#16906=FACE_OUTER_BOUND('NONE',#16905,.T.);
#16907=DIRECTION('NONE',(-0.923642,-0.383257,0));
#16908=DIRECTION('NONE',(-0.383257,0.923642,0));
#16909=AXIS2_PLACEMENT_3D('NONE',#3411,#16907,#16908);
#16910=PLANE('NONE',#16909);
#16911=FACE_SURFACE('NONE',(#16906),#16910,.T.);
#16912=POLY_LOOP('NONE',(#3690,#3689,#2864,#2863));
#16913=FACE_OUTER_BOUND('NONE',#16912,.T.);
#16914=DIRECTION('NONE',(0.612168,-0.790728,0));
#16915=DIRECTION('NONE',(-0.790728,-0.612168,0));
#16916=AXIS2_PLACEMENT_3D('NONE',#3690,#16914,#16915);
#16917=PLANE('NONE',#16916);
#16918=FACE_SURFACE('NONE',(#16913),#16917,.T.);
#16919=POLY_LOOP('NONE',(#2864,#3689,#3688,#2865));
#16920=FACE_OUTER_BOUND('NONE',#16919,.T.);
#16921=DIRECTION('NONE',(0.790728,-0.612168,0));
#16922=DIRECTION('NONE',(0,0,1));
#16923=AXIS2_PLACEMENT_3D('NONE',#2864,#16921,#16922);
#16924=PLANE('NONE',#16923);
#16925=FACE_SURFACE('NONE',(#16920),#16924,.T.);
#16926=POLY_LOOP('NONE',(#3691,#3690,#2863,#2862));
#16927=FACE_OUTER_BOUND('NONE',#16926,.T.);
#16928=DIRECTION('NONE',(0.37844,-0.925626,0));
#16929=DIRECTION('NONE',(-0.925626,-0.37844,0));
#16930=AXIS2_PLACEMENT_3D('NONE',#3691,#16928,#16929);
#16931=PLANE('NONE',#16930);
#16932=FACE_SURFACE('NONE',(#16927),#16931,.T.);
#16933=POLY_LOOP('NONE',(#3692,#3691,#2862,#2861));
#16934=FACE_OUTER_BOUND('NONE',#16933,.T.);
#16935=DIRECTION('NONE',(0.132828,-0.991139,0));
#16936=DIRECTION('NONE',(-0.991139,-0.132828,0));
#16937=AXIS2_PLACEMENT_3D('NONE',#3692,#16935,#16936);
#16938=PLANE('NONE',#16937);
#16939=FACE_SURFACE('NONE',(#16934),#16938,.T.);
#16940=POLY_LOOP('NONE',(#3693,#3692,#2861,#2860));
#16941=FACE_OUTER_BOUND('NONE',#16940,.T.);
#16942=DIRECTION('NONE',(-0.132828,-0.991139,0));
#16943=DIRECTION('NONE',(-0.991139,0.132828,0));
#16944=AXIS2_PLACEMENT_3D('NONE',#3693,#16942,#16943);
#16945=PLANE('NONE',#16944);
#16946=FACE_SURFACE('NONE',(#16941),#16945,.T.);
#16947=POLY_LOOP('NONE',(#3694,#3693,#2860,#2859));
#16948=FACE_OUTER_BOUND('NONE',#16947,.T.);
#16949=DIRECTION('NONE',(-0.37844,-0.925626,0));
#16950=DIRECTION('NONE',(-0.925626,0.37844,0));
#16951=AXIS2_PLACEMENT_3D('NONE',#3694,#16949,#16950);
#16952=PLANE('NONE',#16951);
#16953=FACE_SURFACE('NONE',(#16948),#16952,.T.);
#16954=POLY_LOOP('NONE',(#3695,#3694,#2859,#2858));
#16955=FACE_OUTER_BOUND('NONE',#16954,.T.);
#16956=DIRECTION('NONE',(-0.612168,-0.790728,0));
#16957=DIRECTION('NONE',(-0.790728,0.612168,0));
#16958=AXIS2_PLACEMENT_3D('NONE',#3695,#16956,#16957);
#16959=PLANE('NONE',#16958);
#16960=FACE_SURFACE('NONE',(#16955),#16959,.T.);
#16961=POLY_LOOP('NONE',(#3238,#3261,#4026,#4025));
#16962=FACE_OUTER_BOUND('NONE',#16961,.T.);
#16963=DIRECTION('NONE',(-0.604891,-0.796308,0));
#16964=DIRECTION('NONE',(0.796308,-0.604891,0));
#16965=AXIS2_PLACEMENT_3D('NONE',#3238,#16963,#16964);
#16966=PLANE('NONE',#16965);
#16967=FACE_SURFACE('NONE',(#16962),#16966,.T.);
#16968=POLY_LOOP('NONE',(#3672,#3695,#2858,#2857));
#16969=FACE_OUTER_BOUND('NONE',#16968,.T.);
#16970=DIRECTION('NONE',(-0.790728,-0.612168,0));
#16971=DIRECTION('NONE',(-0.612168,0.790728,0));
#16972=AXIS2_PLACEMENT_3D('NONE',#3672,#16970,#16971);
#16973=PLANE('NONE',#16972);
#16974=FACE_SURFACE('NONE',(#16969),#16973,.T.);
#16975=POLY_LOOP('NONE',(#3673,#3672,#2857,#2856));
#16976=FACE_OUTER_BOUND('NONE',#16975,.T.);
#16977=DIRECTION('NONE',(-0.925629,-0.378432,0));
#16978=DIRECTION('NONE',(-0.378432,0.925629,0));
#16979=AXIS2_PLACEMENT_3D('NONE',#3673,#16977,#16978);
#16980=PLANE('NONE',#16979);
#16981=FACE_SURFACE('NONE',(#16976),#16980,.T.);
#16982=POLY_LOOP('NONE',(#4027,#4026,#3261,#3260));
#16983=FACE_OUTER_BOUND('NONE',#16982,.T.);
#16984=DIRECTION('NONE',(-0.796308,-0.604891,0));
#16985=DIRECTION('NONE',(-0.604891,0.796308,0));
#16986=AXIS2_PLACEMENT_3D('NONE',#4027,#16984,#16985);
#16987=PLANE('NONE',#16986);
#16988=FACE_SURFACE('NONE',(#16983),#16987,.T.);
#16989=POLY_LOOP('NONE',(#4028,#4027,#3260,#3259));
#16990=FACE_OUTER_BOUND('NONE',#16989,.T.);
#16991=DIRECTION('NONE',(-0.924205,-0.381896,0));
#16992=DIRECTION('NONE',(-0.381896,0.924205,0));
#16993=AXIS2_PLACEMENT_3D('NONE',#4028,#16991,#16992);
#16994=PLANE('NONE',#16993);
#16995=FACE_SURFACE('NONE',(#16990),#16994,.T.);
#16996=POLY_LOOP('NONE',(#3596,#3595,#2763,#2762));
#16997=FACE_OUTER_BOUND('NONE',#16996,.T.);
#16998=DIRECTION('NONE',(0.130694,-0.991423,0));
#16999=DIRECTION('NONE',(-0.991423,-0.130694,0));
#17000=AXIS2_PLACEMENT_3D('NONE',#3596,#16998,#16999);
#17001=PLANE('NONE',#17000);
#17002=FACE_SURFACE('NONE',(#16997),#17001,.T.);
#17003=POLY_LOOP('NONE',(#3597,#3596,#2762,#2761));
#17004=FACE_OUTER_BOUND('NONE',#17003,.T.);
#17005=DIRECTION('NONE',(-0.130692,-0.991423,0));
#17006=DIRECTION('NONE',(-0.991423,0.130692,0));
#17007=AXIS2_PLACEMENT_3D('NONE',#3597,#17005,#17006);
#17008=PLANE('NONE',#17007);
#17009=FACE_SURFACE('NONE',(#17004),#17008,.T.);
#17010=POLY_LOOP('NONE',(#3258,#4029,#4028,#3259));
#17011=FACE_OUTER_BOUND('NONE',#17010,.T.);
#17012=DIRECTION('NONE',(-0.991428,-0.130655,0));
#17013=DIRECTION('NONE',(0,0,1));
#17014=AXIS2_PLACEMENT_3D('NONE',#3258,#17012,#17013);
#17015=PLANE('NONE',#17014);
#17016=FACE_SURFACE('NONE',(#17011),#17015,.T.);
#17017=POLY_LOOP('NONE',(#3598,#3597,#2761,#2760));
#17018=FACE_OUTER_BOUND('NONE',#17017,.T.);
#17019=DIRECTION('NONE',(-0.383012,-0.923744,0));
#17020=DIRECTION('NONE',(-0.923744,0.383012,0));
#17021=AXIS2_PLACEMENT_3D('NONE',#3598,#17019,#17020);
#17022=PLANE('NONE',#17021);
#17023=FACE_SURFACE('NONE',(#17018),#17022,.T.);
#17024=POLY_LOOP('NONE',(#4029,#3258,#3257,#4030));
#17025=FACE_OUTER_BOUND('NONE',#17024,.T.);
#17026=DIRECTION('NONE',(-0.991428,0.130655,0));
#17027=DIRECTION('NONE',(0,0,-1));
#17028=AXIS2_PLACEMENT_3D('NONE',#4029,#17026,#17027);
#17029=PLANE('NONE',#17028);
#17030=FACE_SURFACE('NONE',(#17025),#17029,.T.);
#17031=POLY_LOOP('NONE',(#3599,#3598,#2760,#2759));
#17032=FACE_OUTER_BOUND('NONE',#17031,.T.);
#17033=DIRECTION('NONE',(-0.60862,-0.793462,0));
#17034=DIRECTION('NONE',(-0.793462,0.60862,0));
#17035=AXIS2_PLACEMENT_3D('NONE',#3599,#17033,#17034);
#17036=PLANE('NONE',#17035);
#17037=FACE_SURFACE('NONE',(#17032),#17036,.T.);
#17038=POLY_LOOP('NONE',(#4030,#3257,#3256,#4031));
#17039=FACE_OUTER_BOUND('NONE',#17038,.T.);
#17040=DIRECTION('NONE',(-0.924205,0.381896,0));
#17041=DIRECTION('NONE',(0,0,-1));
#17042=AXIS2_PLACEMENT_3D('NONE',#4030,#17040,#17041);
#17043=PLANE('NONE',#17042);
#17044=FACE_SURFACE('NONE',(#17039),#17043,.T.);
#17045=POLY_LOOP('NONE',(#3576,#3599,#2759,#2758));
#17046=FACE_OUTER_BOUND('NONE',#17045,.T.);
#17047=DIRECTION('NONE',(-0.793466,-0.608615,0));
#17048=DIRECTION('NONE',(-0.608615,0.793466,0));
#17049=AXIS2_PLACEMENT_3D('NONE',#3576,#17047,#17048);
#17050=PLANE('NONE',#17049);
#17051=FACE_SURFACE('NONE',(#17046),#17050,.T.);
#17052=POLY_LOOP('NONE',(#3577,#3576,#2758,#2781));
#17053=FACE_OUTER_BOUND('NONE',#17052,.T.);
#17054=DIRECTION('NONE',(-0.92374,-0.383019,0));
#17055=DIRECTION('NONE',(-0.383019,0.92374,0));
#17056=AXIS2_PLACEMENT_3D('NONE',#3577,#17054,#17055);
#17057=PLANE('NONE',#17056);
#17058=FACE_SURFACE('NONE',(#17053),#17057,.T.);
#17059=POLY_LOOP('NONE',(#3578,#3577,#2781,#2780));
#17060=FACE_OUTER_BOUND('NONE',#17059,.T.);
#17061=DIRECTION('NONE',(-0.991424,-0.130685,0));
#17062=DIRECTION('NONE',(-0.130685,0.991424,0));
#17063=AXIS2_PLACEMENT_3D('NONE',#3578,#17061,#17062);
#17064=PLANE('NONE',#17063);
#17065=FACE_SURFACE('NONE',(#17060),#17064,.T.);
#17066=POLY_LOOP('NONE',(#3254,#4009,#4008,#3255));
#17067=FACE_OUTER_BOUND('NONE',#17066,.T.);
#17068=DIRECTION('NONE',(-0.604891,0.796308,0));
#17069=DIRECTION('NONE',(0,0,1));
#17070=AXIS2_PLACEMENT_3D('NONE',#3254,#17068,#17069);
#17071=PLANE('NONE',#17070);
#17072=FACE_SURFACE('NONE',(#17067),#17071,.T.);
#17073=POLY_LOOP('NONE',(#3579,#3578,#2780,#2779));
#17074=FACE_OUTER_BOUND('NONE',#17073,.T.);
#17075=DIRECTION('NONE',(-0.991424,0.130685,0));
#17076=DIRECTION('NONE',(0.130685,0.991424,0));
#17077=AXIS2_PLACEMENT_3D('NONE',#3579,#17075,#17076);
#17078=PLANE('NONE',#17077);
#17079=FACE_SURFACE('NONE',(#17074),#17078,.T.);
#17080=POLY_LOOP('NONE',(#3254,#3253,#4010,#4009));
#17081=FACE_OUTER_BOUND('NONE',#17080,.T.);
#17082=DIRECTION('NONE',(-0.381896,0.924205,0));
#17083=DIRECTION('NONE',(-0.924205,-0.381896,0));
#17084=AXIS2_PLACEMENT_3D('NONE',#3254,#17082,#17083);
#17085=PLANE('NONE',#17084);
#17086=FACE_SURFACE('NONE',(#17081),#17085,.T.);
#17087=POLY_LOOP('NONE',(#3580,#3579,#2779,#2778));
#17088=FACE_OUTER_BOUND('NONE',#17087,.T.);
#17089=DIRECTION('NONE',(-0.92374,0.383019,0));
#17090=DIRECTION('NONE',(0.383019,0.92374,0));
#17091=AXIS2_PLACEMENT_3D('NONE',#3580,#17089,#17090);
#17092=PLANE('NONE',#17091);
#17093=FACE_SURFACE('NONE',(#17088),#17092,.T.);
#17094=POLY_LOOP('NONE',(#3581,#3580,#2778,#2777));
#17095=FACE_OUTER_BOUND('NONE',#17094,.T.);
#17096=DIRECTION('NONE',(-0.793466,0.608615,0));
#17097=DIRECTION('NONE',(0.608615,0.793466,0));
#17098=AXIS2_PLACEMENT_3D('NONE',#3581,#17096,#17097);
#17099=PLANE('NONE',#17098);
#17100=FACE_SURFACE('NONE',(#17095),#17099,.T.);
#17101=POLY_LOOP('NONE',(#3581,#2777,#2776,#3582));
#17102=FACE_OUTER_BOUND('NONE',#17101,.T.);
#17103=DIRECTION('NONE',(-0.60862,0.793462,0));
#17104=DIRECTION('NONE',(0,0,-1));
#17105=AXIS2_PLACEMENT_3D('NONE',#3581,#17103,#17104);
#17106=PLANE('NONE',#17105);
#17107=FACE_SURFACE('NONE',(#17102),#17106,.T.);
#17108=POLY_LOOP('NONE',(#3582,#2776,#2775,#3583));
#17109=FACE_OUTER_BOUND('NONE',#17108,.T.);
#17110=DIRECTION('NONE',(-0.383012,0.923744,0));
#17111=DIRECTION('NONE',(0,0,-1));
#17112=AXIS2_PLACEMENT_3D('NONE',#3582,#17110,#17111);
#17113=PLANE('NONE',#17112);
#17114=FACE_SURFACE('NONE',(#17109),#17113,.T.);
#17115=POLY_LOOP('NONE',(#3583,#2775,#2774,#3584));
#17116=FACE_OUTER_BOUND('NONE',#17115,.T.);
#17117=DIRECTION('NONE',(-0.130692,0.991423,0));
#17118=DIRECTION('NONE',(0,0,-1));
#17119=AXIS2_PLACEMENT_3D('NONE',#3583,#17117,#17118);
#17120=PLANE('NONE',#17119);
#17121=FACE_SURFACE('NONE',(#17116),#17120,.T.);
#17122=POLY_LOOP('NONE',(#3252,#4011,#4010,#3253));
#17123=FACE_OUTER_BOUND('NONE',#17122,.T.);
#17124=DIRECTION('NONE',(-0.130655,0.991428,0));
#17125=DIRECTION('NONE',(0,0,1));
#17126=AXIS2_PLACEMENT_3D('NONE',#3252,#17124,#17125);
#17127=PLANE('NONE',#17126);
#17128=FACE_SURFACE('NONE',(#17123),#17127,.T.);
#17129=POLY_LOOP('NONE',(#3584,#2774,#2773,#3585));
#17130=FACE_OUTER_BOUND('NONE',#17129,.T.);
#17131=DIRECTION('NONE',(0.130694,0.991423,0));
#17132=DIRECTION('NONE',(0,0,-1));
#17133=AXIS2_PLACEMENT_3D('NONE',#3584,#17131,#17132);
#17134=PLANE('NONE',#17133);
#17135=FACE_SURFACE('NONE',(#17130),#17134,.T.);
#17136=POLY_LOOP('NONE',(#4011,#3252,#3251,#4012));
#17137=FACE_OUTER_BOUND('NONE',#17136,.T.);
#17138=DIRECTION('NONE',(0.130655,0.991428,0));
#17139=DIRECTION('NONE',(0,0,-1));
#17140=AXIS2_PLACEMENT_3D('NONE',#4011,#17138,#17139);
#17141=PLANE('NONE',#17140);
#17142=FACE_SURFACE('NONE',(#17137),#17141,.T.);
#17143=POLY_LOOP('NONE',(#2602,#2601,#3425,#3424));
#17144=FACE_OUTER_BOUND('NONE',#17143,.T.);
#17145=DIRECTION('NONE',(0.991493,-0.130159,0));
#17146=DIRECTION('NONE',(0.130159,0.991493,0));
#17147=AXIS2_PLACEMENT_3D('NONE',#2602,#17145,#17146);
#17148=PLANE('NONE',#17147);
#17149=FACE_SURFACE('NONE',(#17144),#17148,.T.);
#17150=POLY_LOOP('NONE',(#4013,#4012,#3251,#3250));
#17151=FACE_OUTER_BOUND('NONE',#17150,.T.);
#17152=DIRECTION('NONE',(0.381896,0.924205,0));
#17153=DIRECTION('NONE',(0.924205,-0.381896,0));
#17154=AXIS2_PLACEMENT_3D('NONE',#4013,#17152,#17153);
#17155=PLANE('NONE',#17154);
#17156=FACE_SURFACE('NONE',(#17151),#17155,.T.);
#17157=POLY_LOOP('NONE',(#3425,#2601,#2600,#3426));
#17158=FACE_OUTER_BOUND('NONE',#17157,.T.);
#17159=DIRECTION('NONE',(0.923643,-0.383253,0));
#17160=DIRECTION('NONE',(0,0,-1));
#17161=AXIS2_PLACEMENT_3D('NONE',#3425,#17159,#17160);
#17162=PLANE('NONE',#17161);
#17163=FACE_SURFACE('NONE',(#17158),#17162,.T.);
#17164=POLY_LOOP('NONE',(#3428,#3427,#2599,#2598));
#17165=FACE_OUTER_BOUND('NONE',#17164,.T.);
#17166=DIRECTION('NONE',(0.609152,-0.793054,0));
#17167=DIRECTION('NONE',(-0.793054,-0.609152,0));
#17168=AXIS2_PLACEMENT_3D('NONE',#3428,#17166,#17167);
#17169=PLANE('NONE',#17168);
#17170=FACE_SURFACE('NONE',(#17165),#17169,.T.);
#17171=POLY_LOOP('NONE',(#4013,#3250,#3249,#4014));
#17172=FACE_OUTER_BOUND('NONE',#17171,.T.);
#17173=DIRECTION('NONE',(0.604891,0.796308,0));
#17174=DIRECTION('NONE',(0,0,-1));
#17175=AXIS2_PLACEMENT_3D('NONE',#4013,#17173,#17174);
#17176=PLANE('NONE',#17175);
#17177=FACE_SURFACE('NONE',(#17172),#17176,.T.);
#17178=POLY_LOOP('NONE',(#3426,#2600,#2599,#3427));
#17179=FACE_OUTER_BOUND('NONE',#17178,.T.);
#17180=DIRECTION('NONE',(0.793053,-0.609152,0));
#17181=DIRECTION('NONE',(0,0,-1));
#17182=AXIS2_PLACEMENT_3D('NONE',#3426,#17180,#17181);
#17183=PLANE('NONE',#17182);
#17184=FACE_SURFACE('NONE',(#17179),#17183,.T.);
#17185=POLY_LOOP('NONE',(#3429,#3428,#2598,#2597));
#17186=FACE_OUTER_BOUND('NONE',#17185,.T.);
#17187=DIRECTION('NONE',(0.383255,-0.923642,0));
#17188=DIRECTION('NONE',(-0.923642,-0.383255,0));
#17189=AXIS2_PLACEMENT_3D('NONE',#3429,#17187,#17188);
#17190=PLANE('NONE',#17189);
#17191=FACE_SURFACE('NONE',(#17186),#17190,.T.);
#17192=POLY_LOOP('NONE',(#2768,#2767,#3591,#3590));
#17193=FACE_OUTER_BOUND('NONE',#17192,.T.);
#17194=DIRECTION('NONE',(0.991424,-0.130685,0));
#17195=DIRECTION('NONE',(0.130685,0.991424,0));
#17196=AXIS2_PLACEMENT_3D('NONE',#2768,#17194,#17195);
#17197=PLANE('NONE',#17196);
#17198=FACE_SURFACE('NONE',(#17193),#17197,.T.);
#17199=POLY_LOOP('NONE',(#3591,#2767,#2766,#3592));
#17200=FACE_OUTER_BOUND('NONE',#17199,.T.);
#17201=DIRECTION('NONE',(0.923744,-0.383012,0));
#17202=DIRECTION('NONE',(0,0,-1));
#17203=AXIS2_PLACEMENT_3D('NONE',#3591,#17201,#17202);
#17204=PLANE('NONE',#17203);
#17205=FACE_SURFACE('NONE',(#17200),#17204,.T.);
#17206=POLY_LOOP('NONE',(#3594,#3593,#2765,#2764));
#17207=FACE_OUTER_BOUND('NONE',#17206,.T.);
#17208=DIRECTION('NONE',(0.60862,-0.793462,0));
#17209=DIRECTION('NONE',(-0.793462,-0.60862,0));
#17210=AXIS2_PLACEMENT_3D('NONE',#3594,#17208,#17209);
#17211=PLANE('NONE',#17210);
#17212=FACE_SURFACE('NONE',(#17207),#17211,.T.);
#17213=POLY_LOOP('NONE',(#3592,#2766,#2765,#3593));
#17214=FACE_OUTER_BOUND('NONE',#17213,.T.);
#17215=DIRECTION('NONE',(0.793462,-0.60862,0));
#17216=DIRECTION('NONE',(0,0,-1));
#17217=AXIS2_PLACEMENT_3D('NONE',#3592,#17215,#17216);
#17218=PLANE('NONE',#17217);
#17219=FACE_SURFACE('NONE',(#17214),#17218,.T.);
#17220=POLY_LOOP('NONE',(#3595,#3594,#2764,#2763));
#17221=FACE_OUTER_BOUND('NONE',#17220,.T.);
#17222=DIRECTION('NONE',(0.383012,-0.923744,0));
#17223=DIRECTION('NONE',(-0.923744,-0.383012,0));
#17224=AXIS2_PLACEMENT_3D('NONE',#3595,#17222,#17223);
#17225=PLANE('NONE',#17224);
#17226=FACE_SURFACE('NONE',(#17221),#17225,.T.);
#17227=POLY_LOOP('NONE',(#3585,#2773,#2772,#3586));
#17228=FACE_OUTER_BOUND('NONE',#17227,.T.);
#17229=DIRECTION('NONE',(0.383012,0.923744,0));
#17230=DIRECTION('NONE',(0,0,-1));
#17231=AXIS2_PLACEMENT_3D('NONE',#3585,#17229,#17230);
#17232=PLANE('NONE',#17231);
#17233=FACE_SURFACE('NONE',(#17228),#17232,.T.);
#17234=POLY_LOOP('NONE',(#3255,#4008,#4031,#3256));
#17235=FACE_OUTER_BOUND('NONE',#17234,.T.);
#17236=DIRECTION('NONE',(-0.796308,0.604891,0));
#17237=DIRECTION('NONE',(0,0,1));
#17238=AXIS2_PLACEMENT_3D('NONE',#3255,#17236,#17237);
#17239=PLANE('NONE',#17238);
#17240=FACE_SURFACE('NONE',(#17235),#17239,.T.);
#17241=POLY_LOOP('NONE',(#3586,#2772,#2771,#3587));
#17242=FACE_OUTER_BOUND('NONE',#17241,.T.);
#17243=DIRECTION('NONE',(0.60862,0.793462,0));
#17244=DIRECTION('NONE',(0,0,-1));
#17245=AXIS2_PLACEMENT_3D('NONE',#3586,#17243,#17244);
#17246=PLANE('NONE',#17245);
#17247=FACE_SURFACE('NONE',(#17242),#17246,.T.);
#17248=POLY_LOOP('NONE',(#3587,#2771,#2770,#3588));
#17249=FACE_OUTER_BOUND('NONE',#17248,.T.);
#17250=DIRECTION('NONE',(0.793462,0.60862,0));
#17251=DIRECTION('NONE',(0,0,-1));
#17252=AXIS2_PLACEMENT_3D('NONE',#3587,#17250,#17251);
#17253=PLANE('NONE',#17252);
#17254=FACE_SURFACE('NONE',(#17249),#17253,.T.);
#17255=POLY_LOOP('NONE',(#3588,#2770,#2769,#3589));
#17256=FACE_OUTER_BOUND('NONE',#17255,.T.);
#17257=DIRECTION('NONE',(0.923744,0.383012,0));
#17258=DIRECTION('NONE',(0,0,-1));
#17259=AXIS2_PLACEMENT_3D('NONE',#3588,#17257,#17258);
#17260=PLANE('NONE',#17259);
#17261=FACE_SURFACE('NONE',(#17256),#17260,.T.);
#17262=POLY_LOOP('NONE',(#3589,#2769,#2768,#3590));
#17263=FACE_OUTER_BOUND('NONE',#17262,.T.);
#17264=DIRECTION('NONE',(0.991424,0.130685,0));
#17265=DIRECTION('NONE',(0,0,-1));
#17266=AXIS2_PLACEMENT_3D('NONE',#3589,#17264,#17265);
#17267=PLANE('NONE',#17266);
#17268=FACE_SURFACE('NONE',(#17263),#17267,.T.);
#17269=POLY_LOOP('NONE',(#3243,#3242,#4021,#4020));
#17270=FACE_OUTER_BOUND('NONE',#17269,.T.);
#17271=DIRECTION('NONE',(0.604891,-0.796308,0));
#17272=DIRECTION('NONE',(0.796308,0.604891,0));
#17273=AXIS2_PLACEMENT_3D('NONE',#3243,#17271,#17272);
#17274=PLANE('NONE',#17273);
#17275=FACE_SURFACE('NONE',(#17270),#17274,.T.);
#17276=POLY_LOOP('NONE',(#3244,#3243,#4020,#4019));
#17277=FACE_OUTER_BOUND('NONE',#17276,.T.);
#17278=DIRECTION('NONE',(0.796308,-0.604891,0));
#17279=DIRECTION('NONE',(0.604891,0.796308,0));
#17280=AXIS2_PLACEMENT_3D('NONE',#3244,#17278,#17279);
#17281=PLANE('NONE',#17280);
#17282=FACE_SURFACE('NONE',(#17277),#17281,.T.);
#17283=POLY_LOOP('NONE',(#3242,#3241,#4022,#4021));
#17284=FACE_OUTER_BOUND('NONE',#17283,.T.);
#17285=DIRECTION('NONE',(0.381896,-0.924205,0));
#17286=DIRECTION('NONE',(0.924205,0.381896,0));
#17287=AXIS2_PLACEMENT_3D('NONE',#3242,#17285,#17286);
#17288=PLANE('NONE',#17287);
#17289=FACE_SURFACE('NONE',(#17284),#17288,.T.);
#17290=POLY_LOOP('NONE',(#3919,#3918,#3113,#3112));
#17291=FACE_OUTER_BOUND('NONE',#17290,.T.);
#17292=DIRECTION('NONE',(-0.991428,-0.130653,0));
#17293=DIRECTION('NONE',(-0.130653,0.991428,0));
#17294=AXIS2_PLACEMENT_3D('NONE',#3919,#17292,#17293);
#17295=PLANE('NONE',#17294);
#17296=FACE_SURFACE('NONE',(#17291),#17295,.T.);
#17297=POLY_LOOP('NONE',(#3920,#3919,#3112,#3111));
#17298=FACE_OUTER_BOUND('NONE',#17297,.T.);
#17299=DIRECTION('NONE',(-0.991428,0.130653,0));
#17300=DIRECTION('NONE',(0.130653,0.991428,0));
#17301=AXIS2_PLACEMENT_3D('NONE',#3920,#17299,#17300);
#17302=PLANE('NONE',#17301);
#17303=FACE_SURFACE('NONE',(#17298),#17302,.T.);
#17304=POLY_LOOP('NONE',(#3921,#3920,#3111,#3110));
#17305=FACE_OUTER_BOUND('NONE',#17304,.T.);
#17306=DIRECTION('NONE',(-0.924203,0.381901,0));
#17307=DIRECTION('NONE',(0.381901,0.924203,0));
#17308=AXIS2_PLACEMENT_3D('NONE',#3921,#17306,#17307);
#17309=PLANE('NONE',#17308);
#17310=FACE_SURFACE('NONE',(#17305),#17309,.T.);
#17311=POLY_LOOP('NONE',(#3922,#3921,#3110,#3109));
#17312=FACE_OUTER_BOUND('NONE',#17311,.T.);
#17313=DIRECTION('NONE',(-0.796308,0.604891,0));
#17314=DIRECTION('NONE',(0.604891,0.796308,0));
#17315=AXIS2_PLACEMENT_3D('NONE',#3922,#17313,#17314);
#17316=PLANE('NONE',#17315);
#17317=FACE_SURFACE('NONE',(#17312),#17316,.T.);
#17318=POLY_LOOP('NONE',(#3922,#3109,#3108,#3923));
#17319=FACE_OUTER_BOUND('NONE',#17318,.T.);
#17320=DIRECTION('NONE',(-0.604882,0.796315,0));
#17321=DIRECTION('NONE',(0,0,-1));
#17322=AXIS2_PLACEMENT_3D('NONE',#3922,#17320,#17321);
#17323=PLANE('NONE',#17322);
#17324=FACE_SURFACE('NONE',(#17319),#17323,.T.);
#17325=POLY_LOOP('NONE',(#3923,#3108,#3107,#3924));
#17326=FACE_OUTER_BOUND('NONE',#17325,.T.);
#17327=DIRECTION('NONE',(-0.381921,0.924195,0));
#17328=DIRECTION('NONE',(0,0,-1));
#17329=AXIS2_PLACEMENT_3D('NONE',#3923,#17327,#17328);
#17330=PLANE('NONE',#17329);
#17331=FACE_SURFACE('NONE',(#17326),#17330,.T.);
#17332=POLY_LOOP('NONE',(#3924,#3107,#3106,#3925));
#17333=FACE_OUTER_BOUND('NONE',#17332,.T.);
#17334=DIRECTION('NONE',(-0.130641,0.99143,0));
#17335=DIRECTION('NONE',(0,0,-1));
#17336=AXIS2_PLACEMENT_3D('NONE',#3924,#17334,#17335);
#17337=PLANE('NONE',#17336);
#17338=FACE_SURFACE('NONE',(#17333),#17337,.T.);
#17339=POLY_LOOP('NONE',(#4014,#3249,#3248,#4015));
#17340=FACE_OUTER_BOUND('NONE',#17339,.T.);
#17341=DIRECTION('NONE',(0.796308,0.604891,0));
#17342=DIRECTION('NONE',(0,0,-1));
#17343=AXIS2_PLACEMENT_3D('NONE',#4014,#17341,#17342);
#17344=PLANE('NONE',#17343);
#17345=FACE_SURFACE('NONE',(#17340),#17344,.T.);
#17346=POLY_LOOP('NONE',(#3925,#3106,#3105,#3926));
#17347=FACE_OUTER_BOUND('NONE',#17346,.T.);
#17348=DIRECTION('NONE',(0.130641,0.99143,0));
#17349=DIRECTION('NONE',(0,0,-1));
#17350=AXIS2_PLACEMENT_3D('NONE',#3925,#17348,#17349);
#17351=PLANE('NONE',#17350);
#17352=FACE_SURFACE('NONE',(#17347),#17351,.T.);
#17353=POLY_LOOP('NONE',(#3926,#3105,#3104,#3927));
#17354=FACE_OUTER_BOUND('NONE',#17353,.T.);
#17355=DIRECTION('NONE',(0.381921,0.924195,0));
#17356=DIRECTION('NONE',(0,0,-1));
#17357=AXIS2_PLACEMENT_3D('NONE',#3926,#17355,#17356);
#17358=PLANE('NONE',#17357);
#17359=FACE_SURFACE('NONE',(#17354),#17358,.T.);
#17360=POLY_LOOP('NONE',(#4001,#4000,#3167,#3166));
#17361=FACE_OUTER_BOUND('NONE',#17360,.T.);
#17362=DIRECTION('NONE',(-0.604891,-0.796308,0));
#17363=DIRECTION('NONE',(-0.796308,0.604891,0));
#17364=AXIS2_PLACEMENT_3D('NONE',#4001,#17362,#17363);
#17365=PLANE('NONE',#17364);
#17366=FACE_SURFACE('NONE',(#17361),#17365,.T.);
#17367=POLY_LOOP('NONE',(#4002,#4001,#3166,#3189));
#17368=FACE_OUTER_BOUND('NONE',#17367,.T.);
#17369=DIRECTION('NONE',(-0.796308,-0.604891,0));
#17370=DIRECTION('NONE',(-0.604891,0.796308,0));
#17371=AXIS2_PLACEMENT_3D('NONE',#4002,#17369,#17370);
#17372=PLANE('NONE',#17371);
#17373=FACE_SURFACE('NONE',(#17368),#17372,.T.);
#17374=POLY_LOOP('NONE',(#4003,#4002,#3189,#3188));
#17375=FACE_OUTER_BOUND('NONE',#17374,.T.);
#17376=DIRECTION('NONE',(-0.9242,-0.381909,0));
#17377=DIRECTION('NONE',(-0.381909,0.9242,0));
#17378=AXIS2_PLACEMENT_3D('NONE',#4003,#17376,#17377);
#17379=PLANE('NONE',#17378);
#17380=FACE_SURFACE('NONE',(#17375),#17379,.T.);
#17381=POLY_LOOP('NONE',(#3912,#3935,#3096,#3095));
#17382=FACE_OUTER_BOUND('NONE',#17381,.T.);
#17383=DIRECTION('NONE',(0.381921,-0.924195,0));
#17384=DIRECTION('NONE',(-0.924195,-0.381921,0));
#17385=AXIS2_PLACEMENT_3D('NONE',#3912,#17383,#17384);
#17386=PLANE('NONE',#17385);
#17387=FACE_SURFACE('NONE',(#17382),#17386,.T.);
#17388=POLY_LOOP('NONE',(#4004,#4003,#3188,#3187));
#17389=FACE_OUTER_BOUND('NONE',#17388,.T.);
#17390=DIRECTION('NONE',(-0.99143,-0.130641,0));
#17391=DIRECTION('NONE',(-0.130641,0.99143,0));
#17392=AXIS2_PLACEMENT_3D('NONE',#4004,#17390,#17391);
#17393=PLANE('NONE',#17392);
#17394=FACE_SURFACE('NONE',(#17389),#17393,.T.);
#17395=POLY_LOOP('NONE',(#3913,#3912,#3095,#3094));
#17396=FACE_OUTER_BOUND('NONE',#17395,.T.);
#17397=DIRECTION('NONE',(0.130641,-0.99143,0));
#17398=DIRECTION('NONE',(-0.99143,-0.130641,0));
#17399=AXIS2_PLACEMENT_3D('NONE',#3913,#17397,#17398);
#17400=PLANE('NONE',#17399);
#17401=FACE_SURFACE('NONE',(#17396),#17400,.T.);
#17402=POLY_LOOP('NONE',(#4005,#4004,#3187,#3186));
#17403=FACE_OUTER_BOUND('NONE',#17402,.T.);
#17404=DIRECTION('NONE',(-0.99143,0.130641,0));
#17405=DIRECTION('NONE',(0.130641,0.99143,0));
#17406=AXIS2_PLACEMENT_3D('NONE',#4005,#17404,#17405);
#17407=PLANE('NONE',#17406);
#17408=FACE_SURFACE('NONE',(#17403),#17407,.T.);
#17409=POLY_LOOP('NONE',(#3914,#3913,#3094,#3117));
#17410=FACE_OUTER_BOUND('NONE',#17409,.T.);
#17411=DIRECTION('NONE',(-0.130641,-0.99143,0));
#17412=DIRECTION('NONE',(-0.99143,0.130641,0));
#17413=AXIS2_PLACEMENT_3D('NONE',#3914,#17411,#17412);
#17414=PLANE('NONE',#17413);
#17415=FACE_SURFACE('NONE',(#17410),#17414,.T.);
#17416=POLY_LOOP('NONE',(#4006,#4005,#3186,#3185));
#17417=FACE_OUTER_BOUND('NONE',#17416,.T.);
#17418=DIRECTION('NONE',(-0.9242,0.381909,0));
#17419=DIRECTION('NONE',(0.381909,0.9242,0));
#17420=AXIS2_PLACEMENT_3D('NONE',#4006,#17418,#17419);
#17421=PLANE('NONE',#17420);
#17422=FACE_SURFACE('NONE',(#17417),#17421,.T.);
#17423=POLY_LOOP('NONE',(#3915,#3914,#3117,#3116));
#17424=FACE_OUTER_BOUND('NONE',#17423,.T.);
#17425=DIRECTION('NONE',(-0.381921,-0.924195,0));
#17426=DIRECTION('NONE',(-0.924195,0.381921,0));
#17427=AXIS2_PLACEMENT_3D('NONE',#3915,#17425,#17426);
#17428=PLANE('NONE',#17427);
#17429=FACE_SURFACE('NONE',(#17424),#17428,.T.);
#17430=POLY_LOOP('NONE',(#4007,#4006,#3185,#3184));
#17431=FACE_OUTER_BOUND('NONE',#17430,.T.);
#17432=DIRECTION('NONE',(-0.796308,0.604891,0));
#17433=DIRECTION('NONE',(0.604891,0.796308,0));
#17434=AXIS2_PLACEMENT_3D('NONE',#4007,#17432,#17433);
#17435=PLANE('NONE',#17434);
#17436=FACE_SURFACE('NONE',(#17431),#17435,.T.);
#17437=POLY_LOOP('NONE',(#3916,#3915,#3116,#3115));
#17438=FACE_OUTER_BOUND('NONE',#17437,.T.);
#17439=DIRECTION('NONE',(-0.604882,-0.796315,0));
#17440=DIRECTION('NONE',(-0.796315,0.604882,0));
#17441=AXIS2_PLACEMENT_3D('NONE',#3916,#17439,#17440);
#17442=PLANE('NONE',#17441);
#17443=FACE_SURFACE('NONE',(#17438),#17442,.T.);
#17444=POLY_LOOP('NONE',(#4007,#3184,#3183,#3984));
#17445=FACE_OUTER_BOUND('NONE',#17444,.T.);
#17446=DIRECTION('NONE',(-0.604891,0.796308,0));
#17447=DIRECTION('NONE',(0,0,-1));
#17448=AXIS2_PLACEMENT_3D('NONE',#4007,#17446,#17447);
#17449=PLANE('NONE',#17448);
#17450=FACE_SURFACE('NONE',(#17445),#17449,.T.);
#17451=POLY_LOOP('NONE',(#3182,#3985,#3984,#3183));
#17452=FACE_OUTER_BOUND('NONE',#17451,.T.);
#17453=DIRECTION('NONE',(-0.381901,0.924203,0));
#17454=DIRECTION('NONE',(0,0,1));
#17455=AXIS2_PLACEMENT_3D('NONE',#3182,#17453,#17454);
#17456=PLANE('NONE',#17455);
#17457=FACE_SURFACE('NONE',(#17452),#17456,.T.);
#17458=POLY_LOOP('NONE',(#3100,#3099,#3932,#3931));
#17459=FACE_OUTER_BOUND('NONE',#17458,.T.);
#17460=DIRECTION('NONE',(0.991428,-0.130653,0));
#17461=DIRECTION('NONE',(0.130653,0.991428,0));
#17462=AXIS2_PLACEMENT_3D('NONE',#3100,#17460,#17461);
#17463=PLANE('NONE',#17462);
#17464=FACE_SURFACE('NONE',(#17459),#17463,.T.);
#17465=POLY_LOOP('NONE',(#3246,#3245,#4018,#4017));
#17466=FACE_OUTER_BOUND('NONE',#17465,.T.);
#17467=DIRECTION('NONE',(0.991428,-0.130655,0));
#17468=DIRECTION('NONE',(0.130655,0.991428,0));
#17469=AXIS2_PLACEMENT_3D('NONE',#3246,#17467,#17468);
#17470=PLANE('NONE',#17469);
#17471=FACE_SURFACE('NONE',(#17466),#17470,.T.);
#17472=POLY_LOOP('NONE',(#3932,#3099,#3098,#3933));
#17473=FACE_OUTER_BOUND('NONE',#17472,.T.);
#17474=DIRECTION('NONE',(0.924203,-0.381901,0));
#17475=DIRECTION('NONE',(0,0,-1));
#17476=AXIS2_PLACEMENT_3D('NONE',#3932,#17474,#17475);
#17477=PLANE('NONE',#17476);
#17478=FACE_SURFACE('NONE',(#17473),#17477,.T.);
#17479=POLY_LOOP('NONE',(#4018,#3245,#3244,#4019));
#17480=FACE_OUTER_BOUND('NONE',#17479,.T.);
#17481=DIRECTION('NONE',(0.924205,-0.381896,0));
#17482=DIRECTION('NONE',(0,0,-1));
#17483=AXIS2_PLACEMENT_3D('NONE',#4018,#17481,#17482);
#17484=PLANE('NONE',#17483);
#17485=FACE_SURFACE('NONE',(#17480),#17484,.T.);
#17486=POLY_LOOP('NONE',(#3097,#3096,#3935,#3934));
#17487=FACE_OUTER_BOUND('NONE',#17486,.T.);
#17488=DIRECTION('NONE',(0.604882,-0.796315,0));
#17489=DIRECTION('NONE',(0.796315,0.604882,0));
#17490=AXIS2_PLACEMENT_3D('NONE',#3097,#17488,#17489);
#17491=PLANE('NONE',#17490);
#17492=FACE_SURFACE('NONE',(#17487),#17491,.T.);
#17493=POLY_LOOP('NONE',(#3933,#3098,#3097,#3934));
#17494=FACE_OUTER_BOUND('NONE',#17493,.T.);
#17495=DIRECTION('NONE',(0.796308,-0.604891,0));
#17496=DIRECTION('NONE',(0,0,-1));
#17497=AXIS2_PLACEMENT_3D('NONE',#3933,#17495,#17496);
#17498=PLANE('NONE',#17497);
#17499=FACE_SURFACE('NONE',(#17494),#17498,.T.);
#17500=POLY_LOOP('NONE',(#3104,#3103,#3928,#3927));
#17501=FACE_OUTER_BOUND('NONE',#17500,.T.);
#17502=DIRECTION('NONE',(0.604882,0.796315,0));
#17503=DIRECTION('NONE',(-0.796315,0.604882,0));
#17504=AXIS2_PLACEMENT_3D('NONE',#3104,#17502,#17503);
#17505=PLANE('NONE',#17504);
#17506=FACE_SURFACE('NONE',(#17501),#17505,.T.);
#17507=POLY_LOOP('NONE',(#3928,#3103,#3102,#3929));
#17508=FACE_OUTER_BOUND('NONE',#17507,.T.);
#17509=DIRECTION('NONE',(0.796308,0.604891,0));
#17510=DIRECTION('NONE',(0,0,-1));
#17511=AXIS2_PLACEMENT_3D('NONE',#3928,#17509,#17510);
#17512=PLANE('NONE',#17511);
#17513=FACE_SURFACE('NONE',(#17508),#17512,.T.);
#17514=POLY_LOOP('NONE',(#3929,#3102,#3101,#3930));
#17515=FACE_OUTER_BOUND('NONE',#17514,.T.);
#17516=DIRECTION('NONE',(0.924203,0.381901,0));
#17517=DIRECTION('NONE',(0,0,-1));
#17518=AXIS2_PLACEMENT_3D('NONE',#3929,#17516,#17517);
#17519=PLANE('NONE',#17518);
#17520=FACE_SURFACE('NONE',(#17515),#17519,.T.);
#17521=POLY_LOOP('NONE',(#3930,#3101,#3100,#3931));
#17522=FACE_OUTER_BOUND('NONE',#17521,.T.);
#17523=DIRECTION('NONE',(0.991428,0.130653,0));
#17524=DIRECTION('NONE',(0,0,-1));
#17525=AXIS2_PLACEMENT_3D('NONE',#3930,#17523,#17524);
#17526=PLANE('NONE',#17525);
#17527=FACE_SURFACE('NONE',(#17522),#17526,.T.);
#17528=POLY_LOOP('NONE',(#4015,#3248,#3247,#4016));
#17529=FACE_OUTER_BOUND('NONE',#17528,.T.);
#17530=DIRECTION('NONE',(0.924205,0.381896,0));
#17531=DIRECTION('NONE',(0,0,-1));
#17532=AXIS2_PLACEMENT_3D('NONE',#4015,#17530,#17531);
#17533=PLANE('NONE',#17532);
#17534=FACE_SURFACE('NONE',(#17529),#17533,.T.);
#17535=POLY_LOOP('NONE',(#3943,#3942,#3138,#3137));
#17536=FACE_OUTER_BOUND('NONE',#17535,.T.);
#17537=DIRECTION('NONE',(-0.604882,-0.796315,0));
#17538=DIRECTION('NONE',(-0.796315,0.604882,0));
#17539=AXIS2_PLACEMENT_3D('NONE',#3943,#17537,#17538);
#17540=PLANE('NONE',#17539);
#17541=FACE_SURFACE('NONE',(#17536),#17540,.T.);
#17542=POLY_LOOP('NONE',(#4016,#3247,#3246,#4017));
#17543=FACE_OUTER_BOUND('NONE',#17542,.T.);
#17544=DIRECTION('NONE',(0.991428,0.130655,0));
#17545=DIRECTION('NONE',(0,0,-1));
#17546=AXIS2_PLACEMENT_3D('NONE',#4016,#17544,#17545);
#17547=PLANE('NONE',#17546);
#17548=FACE_SURFACE('NONE',(#17543),#17547,.T.);
#17549=POLY_LOOP('NONE',(#3944,#3943,#3137,#3136));
#17550=FACE_OUTER_BOUND('NONE',#17549,.T.);
#17551=DIRECTION('NONE',(-0.796308,-0.604891,0));
#17552=DIRECTION('NONE',(-0.604891,0.796308,0));
#17553=AXIS2_PLACEMENT_3D('NONE',#3944,#17551,#17552);
#17554=PLANE('NONE',#17553);
#17555=FACE_SURFACE('NONE',(#17550),#17554,.T.);
#17556=POLY_LOOP('NONE',(#3175,#3174,#3993,#3992));
#17557=FACE_OUTER_BOUND('NONE',#17556,.T.);
#17558=DIRECTION('NONE',(0.991428,-0.130655,0));
#17559=DIRECTION('NONE',(0.130655,0.991428,0));
#17560=AXIS2_PLACEMENT_3D('NONE',#3175,#17558,#17559);
#17561=PLANE('NONE',#17560);
#17562=FACE_SURFACE('NONE',(#17557),#17561,.T.);
#17563=POLY_LOOP('NONE',(#3945,#3944,#3136,#3135));
#17564=FACE_OUTER_BOUND('NONE',#17563,.T.);
#17565=DIRECTION('NONE',(-0.924198,-0.381914,0));
#17566=DIRECTION('NONE',(-0.381914,0.924198,0));
#17567=AXIS2_PLACEMENT_3D('NONE',#3945,#17565,#17566);
#17568=PLANE('NONE',#17567);
#17569=FACE_SURFACE('NONE',(#17564),#17568,.T.);
#17570=POLY_LOOP('NONE',(#3946,#3945,#3135,#3134));
#17571=FACE_OUTER_BOUND('NONE',#17570,.T.);
#17572=DIRECTION('NONE',(-0.99143,-0.130639,0));
#17573=DIRECTION('NONE',(-0.130639,0.99143,0));
#17574=AXIS2_PLACEMENT_3D('NONE',#3946,#17572,#17573);
#17575=PLANE('NONE',#17574);
#17576=FACE_SURFACE('NONE',(#17571),#17575,.T.);
#17577=POLY_LOOP('NONE',(#3993,#3174,#3173,#3994));
#17578=FACE_OUTER_BOUND('NONE',#17577,.T.);
#17579=DIRECTION('NONE',(0.9242,-0.381909,0));
#17580=DIRECTION('NONE',(0,0,-1));
#17581=AXIS2_PLACEMENT_3D('NONE',#3993,#17579,#17580);
#17582=PLANE('NONE',#17581);
#17583=FACE_SURFACE('NONE',(#17578),#17582,.T.);
#17584=POLY_LOOP('NONE',(#3947,#3946,#3134,#3133));
#17585=FACE_OUTER_BOUND('NONE',#17584,.T.);
#17586=DIRECTION('NONE',(-0.99143,0.130639,0));
#17587=DIRECTION('NONE',(0.130639,0.99143,0));
#17588=AXIS2_PLACEMENT_3D('NONE',#3947,#17586,#17587);
#17589=PLANE('NONE',#17588);
#17590=FACE_SURFACE('NONE',(#17585),#17589,.T.);
#17591=POLY_LOOP('NONE',(#3996,#3995,#3172,#3171));
#17592=FACE_OUTER_BOUND('NONE',#17591,.T.);
#17593=DIRECTION('NONE',(0.604891,-0.796308,0));
#17594=DIRECTION('NONE',(-0.796308,-0.604891,0));
#17595=AXIS2_PLACEMENT_3D('NONE',#3996,#17593,#17594);
#17596=PLANE('NONE',#17595);
#17597=FACE_SURFACE('NONE',(#17592),#17596,.T.);
#17598=POLY_LOOP('NONE',(#3948,#3947,#3133,#3132));
#17599=FACE_OUTER_BOUND('NONE',#17598,.T.);
#17600=DIRECTION('NONE',(-0.924198,0.381914,0));
#17601=DIRECTION('NONE',(0.381914,0.924198,0));
#17602=AXIS2_PLACEMENT_3D('NONE',#3948,#17600,#17601);
#17603=PLANE('NONE',#17602);
#17604=FACE_SURFACE('NONE',(#17599),#17603,.T.);
#17605=POLY_LOOP('NONE',(#3994,#3173,#3172,#3995));
#17606=FACE_OUTER_BOUND('NONE',#17605,.T.);
#17607=DIRECTION('NONE',(0.796315,-0.604882,0));
#17608=DIRECTION('NONE',(0,0,-1));
#17609=AXIS2_PLACEMENT_3D('NONE',#3994,#17607,#17608);
#17610=PLANE('NONE',#17609);
#17611=FACE_SURFACE('NONE',(#17606),#17610,.T.);
#17612=POLY_LOOP('NONE',(#3949,#3948,#3132,#3131));
#17613=FACE_OUTER_BOUND('NONE',#17612,.T.);
#17614=DIRECTION('NONE',(-0.796308,0.604891,0));
#17615=DIRECTION('NONE',(0.604891,0.796308,0));
#17616=AXIS2_PLACEMENT_3D('NONE',#3949,#17614,#17615);
#17617=PLANE('NONE',#17616);
#17618=FACE_SURFACE('NONE',(#17613),#17617,.T.);
#17619=POLY_LOOP('NONE',(#3997,#3996,#3171,#3170));
#17620=FACE_OUTER_BOUND('NONE',#17619,.T.);
#17621=DIRECTION('NONE',(0.381896,-0.924205,0));
#17622=DIRECTION('NONE',(-0.924205,-0.381896,0));
#17623=AXIS2_PLACEMENT_3D('NONE',#3997,#17621,#17622);
#17624=PLANE('NONE',#17623);
#17625=FACE_SURFACE('NONE',(#17620),#17624,.T.);
#17626=POLY_LOOP('NONE',(#3949,#3131,#3130,#3950));
#17627=FACE_OUTER_BOUND('NONE',#17626,.T.);
#17628=DIRECTION('NONE',(-0.604882,0.796315,0));
#17629=DIRECTION('NONE',(0,0,-1));
#17630=AXIS2_PLACEMENT_3D('NONE',#3949,#17628,#17629);
#17631=PLANE('NONE',#17630);
#17632=FACE_SURFACE('NONE',(#17627),#17631,.T.);
#17633=POLY_LOOP('NONE',(#3985,#3182,#3181,#3986));
#17634=FACE_OUTER_BOUND('NONE',#17633,.T.);
#17635=DIRECTION('NONE',(-0.130653,0.991428,0));
#17636=DIRECTION('NONE',(0,0,-1));
#17637=AXIS2_PLACEMENT_3D('NONE',#3985,#17635,#17636);
#17638=PLANE('NONE',#17637);
#17639=FACE_SURFACE('NONE',(#17634),#17638,.T.);
#17640=POLY_LOOP('NONE',(#2706,#2705,#3513,#3512));
#17641=FACE_OUTER_BOUND('NONE',#17640,.T.);
#17642=DIRECTION('NONE',(-0.383012,-0.923744,0));
#17643=DIRECTION('NONE',(0.923744,-0.383012,0));
#17644=AXIS2_PLACEMENT_3D('NONE',#2706,#17642,#17643);
#17645=PLANE('NONE',#17644);
#17646=FACE_SURFACE('NONE',(#17641),#17645,.T.);
#17647=POLY_LOOP('NONE',(#3514,#3513,#2705,#2704));
#17648=FACE_OUTER_BOUND('NONE',#17647,.T.);
#17649=DIRECTION('NONE',(-0.608615,-0.793466,0));
#17650=DIRECTION('NONE',(-0.793466,0.608615,0));
#17651=AXIS2_PLACEMENT_3D('NONE',#3514,#17649,#17650);
#17652=PLANE('NONE',#17651);
#17653=FACE_SURFACE('NONE',(#17648),#17652,.T.);
#17654=POLY_LOOP('NONE',(#3986,#3181,#3180,#3987));
#17655=FACE_OUTER_BOUND('NONE',#17654,.T.);
#17656=DIRECTION('NONE',(0.130655,0.991428,0));
#17657=DIRECTION('NONE',(0,0,-1));
#17658=AXIS2_PLACEMENT_3D('NONE',#3986,#17656,#17657);
#17659=PLANE('NONE',#17658);
#17660=FACE_SURFACE('NONE',(#17655),#17659,.T.);
#17661=POLY_LOOP('NONE',(#3515,#3514,#2704,#2703));
#17662=FACE_OUTER_BOUND('NONE',#17661,.T.);
#17663=DIRECTION('NONE',(-0.793469,-0.608611,0));
#17664=DIRECTION('NONE',(-0.608611,0.793469,0));
#17665=AXIS2_PLACEMENT_3D('NONE',#3515,#17663,#17664);
#17666=PLANE('NONE',#17665);
#17667=FACE_SURFACE('NONE',(#17662),#17666,.T.);
#17668=POLY_LOOP('NONE',(#3987,#3180,#3179,#3988));
#17669=FACE_OUTER_BOUND('NONE',#17668,.T.);
#17670=DIRECTION('NONE',(0.381896,0.924205,0));
#17671=DIRECTION('NONE',(0,0,-1));
#17672=AXIS2_PLACEMENT_3D('NONE',#3987,#17670,#17671);
#17673=PLANE('NONE',#17672);
#17674=FACE_SURFACE('NONE',(#17669),#17673,.T.);
#17675=POLY_LOOP('NONE',(#3516,#3515,#2703,#2702));
#17676=FACE_OUTER_BOUND('NONE',#17675,.T.);
#17677=DIRECTION('NONE',(-0.923739,-0.383022,0));
#17678=DIRECTION('NONE',(-0.383022,0.923739,0));
#17679=AXIS2_PLACEMENT_3D('NONE',#3516,#17677,#17678);
#17680=PLANE('NONE',#17679);
#17681=FACE_SURFACE('NONE',(#17676),#17680,.T.);
#17682=POLY_LOOP('NONE',(#3988,#3179,#3178,#3989));
#17683=FACE_OUTER_BOUND('NONE',#17682,.T.);
#17684=DIRECTION('NONE',(0.604891,0.796308,0));
#17685=DIRECTION('NONE',(0,0,-1));
#17686=AXIS2_PLACEMENT_3D('NONE',#3988,#17684,#17685);
#17687=PLANE('NONE',#17686);
#17688=FACE_SURFACE('NONE',(#17683),#17687,.T.);
#17689=POLY_LOOP('NONE',(#3517,#3516,#2702,#2701));
#17690=FACE_OUTER_BOUND('NONE',#17689,.T.);
#17691=DIRECTION('NONE',(-0.991424,-0.130684,0));
#17692=DIRECTION('NONE',(-0.130684,0.991424,0));
#17693=AXIS2_PLACEMENT_3D('NONE',#3517,#17691,#17692);
#17694=PLANE('NONE',#17693);
#17695=FACE_SURFACE('NONE',(#17690),#17694,.T.);
#17696=POLY_LOOP('NONE',(#3989,#3178,#3177,#3990));
#17697=FACE_OUTER_BOUND('NONE',#17696,.T.);
#17698=DIRECTION('NONE',(0.796315,0.604882,0));
#17699=DIRECTION('NONE',(0,0,-1));
#17700=AXIS2_PLACEMENT_3D('NONE',#3989,#17698,#17699);
#17701=PLANE('NONE',#17700);
#17702=FACE_SURFACE('NONE',(#17697),#17701,.T.);
#17703=POLY_LOOP('NONE',(#3518,#3517,#2701,#2700));
#17704=FACE_OUTER_BOUND('NONE',#17703,.T.);
#17705=DIRECTION('NONE',(-0.991424,0.130684,0));
#17706=DIRECTION('NONE',(0.130684,0.991424,0));
#17707=AXIS2_PLACEMENT_3D('NONE',#3518,#17705,#17706);
#17708=PLANE('NONE',#17707);
#17709=FACE_SURFACE('NONE',(#17704),#17708,.T.);
#17710=POLY_LOOP('NONE',(#3519,#3518,#2700,#2699));
#17711=FACE_OUTER_BOUND('NONE',#17710,.T.);
#17712=DIRECTION('NONE',(-0.923739,0.383022,0));
#17713=DIRECTION('NONE',(0.383022,0.923739,0));
#17714=AXIS2_PLACEMENT_3D('NONE',#3519,#17712,#17713);
#17715=PLANE('NONE',#17714);
#17716=FACE_SURFACE('NONE',(#17711),#17715,.T.);
#17717=POLY_LOOP('NONE',(#3990,#3177,#3176,#3991));
#17718=FACE_OUTER_BOUND('NONE',#17717,.T.);
#17719=DIRECTION('NONE',(0.9242,0.381909,0));
#17720=DIRECTION('NONE',(0,0,-1));
#17721=AXIS2_PLACEMENT_3D('NONE',#3990,#17719,#17720);
#17722=PLANE('NONE',#17721);
#17723=FACE_SURFACE('NONE',(#17718),#17722,.T.);
#17724=POLY_LOOP('NONE',(#3520,#3519,#2699,#2698));
#17725=FACE_OUTER_BOUND('NONE',#17724,.T.);
#17726=DIRECTION('NONE',(-0.793469,0.608611,0));
#17727=DIRECTION('NONE',(0.608611,0.793469,0));
#17728=AXIS2_PLACEMENT_3D('NONE',#3520,#17726,#17727);
#17729=PLANE('NONE',#17728);
#17730=FACE_SURFACE('NONE',(#17725),#17729,.T.);
#17731=POLY_LOOP('NONE',(#3991,#3176,#3175,#3992));
#17732=FACE_OUTER_BOUND('NONE',#17731,.T.);
#17733=DIRECTION('NONE',(0.991428,0.130655,0));
#17734=DIRECTION('NONE',(0,0,-1));
#17735=AXIS2_PLACEMENT_3D('NONE',#3991,#17733,#17734);
#17736=PLANE('NONE',#17735);
#17737=FACE_SURFACE('NONE',(#17732),#17736,.T.);
#17738=POLY_LOOP('NONE',(#3520,#2698,#2697,#3521));
#17739=FACE_OUTER_BOUND('NONE',#17738,.T.);
#17740=DIRECTION('NONE',(-0.608615,0.793466,0));
#17741=DIRECTION('NONE',(0,0,-1));
#17742=AXIS2_PLACEMENT_3D('NONE',#3520,#17740,#17741);
#17743=PLANE('NONE',#17742);
#17744=FACE_SURFACE('NONE',(#17739),#17743,.T.);
#17745=POLY_LOOP('NONE',(#3998,#3997,#3170,#3169));
#17746=FACE_OUTER_BOUND('NONE',#17745,.T.);
#17747=DIRECTION('NONE',(0.130655,-0.991428,0));
#17748=DIRECTION('NONE',(-0.991428,-0.130655,0));
#17749=AXIS2_PLACEMENT_3D('NONE',#3998,#17747,#17748);
#17750=PLANE('NONE',#17749);
#17751=FACE_SURFACE('NONE',(#17746),#17750,.T.);
#17752=POLY_LOOP('NONE',(#3521,#2697,#2696,#3522));
#17753=FACE_OUTER_BOUND('NONE',#17752,.T.);
#17754=DIRECTION('NONE',(-0.383012,0.923744,0));
#17755=DIRECTION('NONE',(0,0,-1));
#17756=AXIS2_PLACEMENT_3D('NONE',#3521,#17754,#17755);
#17757=PLANE('NONE',#17756);
#17758=FACE_SURFACE('NONE',(#17753),#17757,.T.);
#17759=POLY_LOOP('NONE',(#3999,#3998,#3169,#3168));
#17760=FACE_OUTER_BOUND('NONE',#17759,.T.);
#17761=DIRECTION('NONE',(-0.130653,-0.991428,0));
#17762=DIRECTION('NONE',(-0.991428,0.130653,0));
#17763=AXIS2_PLACEMENT_3D('NONE',#3999,#17761,#17762);
#17764=PLANE('NONE',#17763);
#17765=FACE_SURFACE('NONE',(#17760),#17764,.T.);
#17766=POLY_LOOP('NONE',(#3168,#3167,#4000,#3999));
#17767=FACE_OUTER_BOUND('NONE',#17766,.T.);
#17768=DIRECTION('NONE',(-0.381901,-0.924203,0));
#17769=DIRECTION('NONE',(0.924203,-0.381901,0));
#17770=AXIS2_PLACEMENT_3D('NONE',#3168,#17768,#17769);
#17771=PLANE('NONE',#17770);
#17772=FACE_SURFACE('NONE',(#17767),#17771,.T.);
#17773=POLY_LOOP('NONE',(#3349,#3348,#2537,#2536));
#17774=FACE_OUTER_BOUND('NONE',#17773,.T.);
#17775=DIRECTION('NONE',(-0.991494,0.130155,0));
#17776=DIRECTION('NONE',(0.130155,0.991494,0));
#17777=AXIS2_PLACEMENT_3D('NONE',#3349,#17775,#17776);
#17778=PLANE('NONE',#17777);
#17779=FACE_SURFACE('NONE',(#17774),#17778,.T.);
#17780=POLY_LOOP('NONE',(#3350,#3349,#2536,#2535));
#17781=FACE_OUTER_BOUND('NONE',#17780,.T.);
#17782=DIRECTION('NONE',(-0.923642,0.383257,0));
#17783=DIRECTION('NONE',(0.383257,0.923642,0));
#17784=AXIS2_PLACEMENT_3D('NONE',#3350,#17782,#17783);
#17785=PLANE('NONE',#17784);
#17786=FACE_SURFACE('NONE',(#17781),#17785,.T.);
#17787=POLY_LOOP('NONE',(#3351,#3350,#2535,#2534));
#17788=FACE_OUTER_BOUND('NONE',#17787,.T.);
#17789=DIRECTION('NONE',(-0.793053,0.609152,0));
#17790=DIRECTION('NONE',(0.609152,0.793053,0));
#17791=AXIS2_PLACEMENT_3D('NONE',#3351,#17789,#17790);
#17792=PLANE('NONE',#17791);
#17793=FACE_SURFACE('NONE',(#17788),#17792,.T.);
#17794=POLY_LOOP('NONE',(#3351,#2534,#2533,#3352));
#17795=FACE_OUTER_BOUND('NONE',#17794,.T.);
#17796=DIRECTION('NONE',(-0.609155,0.793051,0));
#17797=DIRECTION('NONE',(0,0,-1));
#17798=AXIS2_PLACEMENT_3D('NONE',#3351,#17796,#17797);
#17799=PLANE('NONE',#17798);
#17800=FACE_SURFACE('NONE',(#17795),#17799,.T.);
#17801=POLY_LOOP('NONE',(#4023,#4022,#3241,#3240));
#17802=FACE_OUTER_BOUND('NONE',#17801,.T.);
#17803=DIRECTION('NONE',(0.130655,-0.991428,0));
#17804=DIRECTION('NONE',(-0.991428,-0.130655,0));
#17805=AXIS2_PLACEMENT_3D('NONE',#4023,#17803,#17804);
#17806=PLANE('NONE',#17805);
#17807=FACE_SURFACE('NONE',(#17802),#17806,.T.);
#17808=POLY_LOOP('NONE',(#3352,#2533,#2532,#3353));
#17809=FACE_OUTER_BOUND('NONE',#17808,.T.);
#17810=DIRECTION('NONE',(-0.383257,0.923642,0));
#17811=DIRECTION('NONE',(0,0,-1));
#17812=AXIS2_PLACEMENT_3D('NONE',#3352,#17810,#17811);
#17813=PLANE('NONE',#17812);
#17814=FACE_SURFACE('NONE',(#17809),#17813,.T.);
#17815=POLY_LOOP('NONE',(#4024,#4023,#3240,#3239));
#17816=FACE_OUTER_BOUND('NONE',#17815,.T.);
#17817=DIRECTION('NONE',(-0.130655,-0.991428,0));
#17818=DIRECTION('NONE',(-0.991428,0.130655,0));
#17819=AXIS2_PLACEMENT_3D('NONE',#4024,#17817,#17818);
#17820=PLANE('NONE',#17819);
#17821=FACE_SURFACE('NONE',(#17816),#17820,.T.);
#17822=POLY_LOOP('NONE',(#3353,#2532,#2531,#3354));
#17823=FACE_OUTER_BOUND('NONE',#17822,.T.);
#17824=DIRECTION('NONE',(-0.130151,0.991494,0));
#17825=DIRECTION('NONE',(0,0,-1));
#17826=AXIS2_PLACEMENT_3D('NONE',#3353,#17824,#17825);
#17827=PLANE('NONE',#17826);
#17828=FACE_SURFACE('NONE',(#17823),#17827,.T.);
#17829=POLY_LOOP('NONE',(#2955,#2954,#3789,#3788));
#17830=FACE_OUTER_BOUND('NONE',#17829,.T.);
#17831=DIRECTION('NONE',(0.991138,-0.132838,0));
#17832=DIRECTION('NONE',(0.132838,0.991138,0));
#17833=AXIS2_PLACEMENT_3D('NONE',#2955,#17831,#17832);
#17834=PLANE('NONE',#17833);
#17835=FACE_SURFACE('NONE',(#17830),#17834,.T.);
#17836=POLY_LOOP('NONE',(#3238,#4025,#4024,#3239));
#17837=FACE_OUTER_BOUND('NONE',#17836,.T.);
#17838=DIRECTION('NONE',(-0.381896,-0.924205,0));
#17839=DIRECTION('NONE',(0,0,1));
#17840=AXIS2_PLACEMENT_3D('NONE',#3238,#17838,#17839);
#17841=PLANE('NONE',#17840);
#17842=FACE_SURFACE('NONE',(#17837),#17841,.T.);
#17843=POLY_LOOP('NONE',(#3156,#3155,#3972,#3971));
#17844=FACE_OUTER_BOUND('NONE',#17843,.T.);
#17845=DIRECTION('NONE',(0.381896,-0.924205,0));
#17846=DIRECTION('NONE',(0.924205,0.381896,0));
#17847=AXIS2_PLACEMENT_3D('NONE',#3156,#17845,#17846);
#17848=PLANE('NONE',#17847);
#17849=FACE_SURFACE('NONE',(#17844),#17848,.T.);
#17850=POLY_LOOP('NONE',(#3973,#3972,#3155,#3154));
#17851=FACE_OUTER_BOUND('NONE',#17850,.T.);
#17852=DIRECTION('NONE',(0.130655,-0.991428,0));
#17853=DIRECTION('NONE',(-0.991428,-0.130655,0));
#17854=AXIS2_PLACEMENT_3D('NONE',#3973,#17852,#17853);
#17855=PLANE('NONE',#17854);
#17856=FACE_SURFACE('NONE',(#17851),#17855,.T.);
#17857=POLY_LOOP('NONE',(#3974,#3973,#3154,#3153));
#17858=FACE_OUTER_BOUND('NONE',#17857,.T.);
#17859=DIRECTION('NONE',(-0.130653,-0.991428,0));
#17860=DIRECTION('NONE',(-0.991428,0.130653,0));
#17861=AXIS2_PLACEMENT_3D('NONE',#3974,#17859,#17860);
#17862=PLANE('NONE',#17861);
#17863=FACE_SURFACE('NONE',(#17858),#17862,.T.);
#17864=POLY_LOOP('NONE',(#3787,#2956,#2955,#3788));
#17865=FACE_OUTER_BOUND('NONE',#17864,.T.);
#17866=DIRECTION('NONE',(0.991138,0.132838,0));
#17867=DIRECTION('NONE',(0,0,-1));
#17868=AXIS2_PLACEMENT_3D('NONE',#3787,#17866,#17867);
#17869=PLANE('NONE',#17868);
#17870=FACE_SURFACE('NONE',(#17865),#17869,.T.);
#17871=POLY_LOOP('NONE',(#3122,#3121,#3959,#3958));
#17872=FACE_OUTER_BOUND('NONE',#17871,.T.);
#17873=DIRECTION('NONE',(0.991428,-0.130653,0));
#17874=DIRECTION('NONE',(0.130653,0.991428,0));
#17875=AXIS2_PLACEMENT_3D('NONE',#3122,#17873,#17874);
#17876=PLANE('NONE',#17875);
#17877=FACE_SURFACE('NONE',(#17872),#17876,.T.);
#17878=POLY_LOOP('NONE',(#3959,#3121,#3120,#3936));
#17879=FACE_OUTER_BOUND('NONE',#17878,.T.);
#17880=DIRECTION('NONE',(0.924198,-0.381914,0));
#17881=DIRECTION('NONE',(0,0,-1));
#17882=AXIS2_PLACEMENT_3D('NONE',#3959,#17880,#17881);
#17883=PLANE('NONE',#17882);
#17884=FACE_SURFACE('NONE',(#17879),#17883,.T.);
#17885=POLY_LOOP('NONE',(#3767,#3766,#2931,#2930));
#17886=FACE_OUTER_BOUND('NONE',#17885,.T.);
#17887=DIRECTION('NONE',(-0.382806,-0.923829,0));
#17888=DIRECTION('NONE',(-0.923829,0.382806,0));
#17889=AXIS2_PLACEMENT_3D('NONE',#3767,#17887,#17888);
#17890=PLANE('NONE',#17889);
#17891=FACE_SURFACE('NONE',(#17886),#17890,.T.);
#17892=POLY_LOOP('NONE',(#3938,#3937,#3119,#3118));
#17893=FACE_OUTER_BOUND('NONE',#17892,.T.);
#17894=DIRECTION('NONE',(0.604889,-0.79631,0));
#17895=DIRECTION('NONE',(-0.79631,-0.604889,0));
#17896=AXIS2_PLACEMENT_3D('NONE',#3938,#17894,#17895);
#17897=PLANE('NONE',#17896);
#17898=FACE_SURFACE('NONE',(#17893),#17897,.T.);
#17899=POLY_LOOP('NONE',(#3744,#3767,#2930,#2929));
#17900=FACE_OUTER_BOUND('NONE',#17899,.T.);
#17901=DIRECTION('NONE',(-0.608968,-0.793195,0));
#17902=DIRECTION('NONE',(-0.793195,0.608968,0));
#17903=AXIS2_PLACEMENT_3D('NONE',#3744,#17901,#17902);
#17904=PLANE('NONE',#17903);
#17905=FACE_SURFACE('NONE',(#17900),#17904,.T.);
#17906=POLY_LOOP('NONE',(#3936,#3120,#3119,#3937));
#17907=FACE_OUTER_BOUND('NONE',#17906,.T.);
#17908=DIRECTION('NONE',(0.796308,-0.604891,0));
#17909=DIRECTION('NONE',(0,0,-1));
#17910=AXIS2_PLACEMENT_3D('NONE',#3936,#17908,#17909);
#17911=PLANE('NONE',#17910);
#17912=FACE_SURFACE('NONE',(#17907),#17911,.T.);
#17913=POLY_LOOP('NONE',(#3745,#3744,#2929,#2928));
#17914=FACE_OUTER_BOUND('NONE',#17913,.T.);
#17915=DIRECTION('NONE',(-0.790719,-0.612179,0));
#17916=DIRECTION('NONE',(-0.612179,0.790719,0));
#17917=AXIS2_PLACEMENT_3D('NONE',#3745,#17915,#17916);
#17918=PLANE('NONE',#17917);
#17919=FACE_SURFACE('NONE',(#17914),#17918,.T.);
#17920=POLY_LOOP('NONE',(#3939,#3938,#3118,#3141));
#17921=FACE_OUTER_BOUND('NONE',#17920,.T.);
#17922=DIRECTION('NONE',(0.381921,-0.924195,0));
#17923=DIRECTION('NONE',(-0.924195,-0.381921,0));
#17924=AXIS2_PLACEMENT_3D('NONE',#3939,#17922,#17923);
#17925=PLANE('NONE',#17924);
#17926=FACE_SURFACE('NONE',(#17921),#17925,.T.);
#17927=POLY_LOOP('NONE',(#3746,#3745,#2928,#2927));
#17928=FACE_OUTER_BOUND('NONE',#17927,.T.);
#17929=DIRECTION('NONE',(-0.925629,-0.378432,0));
#17930=DIRECTION('NONE',(-0.378432,0.925629,0));
#17931=AXIS2_PLACEMENT_3D('NONE',#3746,#17929,#17930);
#17932=PLANE('NONE',#17931);
#17933=FACE_SURFACE('NONE',(#17928),#17932,.T.);
#17934=POLY_LOOP('NONE',(#3940,#3939,#3141,#3140));
#17935=FACE_OUTER_BOUND('NONE',#17934,.T.);
#17936=DIRECTION('NONE',(0.130641,-0.99143,0));
#17937=DIRECTION('NONE',(-0.99143,-0.130641,0));
#17938=AXIS2_PLACEMENT_3D('NONE',#3940,#17936,#17937);
#17939=PLANE('NONE',#17938);
#17940=FACE_SURFACE('NONE',(#17935),#17939,.T.);
#17941=POLY_LOOP('NONE',(#3747,#3746,#2927,#2926));
#17942=FACE_OUTER_BOUND('NONE',#17941,.T.);
#17943=DIRECTION('NONE',(-0.991138,-0.132833,0));
#17944=DIRECTION('NONE',(-0.132833,0.991138,0));
#17945=AXIS2_PLACEMENT_3D('NONE',#3747,#17943,#17944);
#17946=PLANE('NONE',#17945);
#17947=FACE_SURFACE('NONE',(#17942),#17946,.T.);
#17948=POLY_LOOP('NONE',(#3941,#3940,#3140,#3139));
#17949=FACE_OUTER_BOUND('NONE',#17948,.T.);
#17950=DIRECTION('NONE',(-0.130639,-0.99143,0));
#17951=DIRECTION('NONE',(-0.99143,0.130639,0));
#17952=AXIS2_PLACEMENT_3D('NONE',#3941,#17950,#17951);
#17953=PLANE('NONE',#17952);
#17954=FACE_SURFACE('NONE',(#17949),#17953,.T.);
#17955=POLY_LOOP('NONE',(#3748,#3747,#2926,#2949));
#17956=FACE_OUTER_BOUND('NONE',#17955,.T.);
#17957=DIRECTION('NONE',(-0.991138,0.132833,0));
#17958=DIRECTION('NONE',(0.132833,0.991138,0));
#17959=AXIS2_PLACEMENT_3D('NONE',#3748,#17957,#17958);
#17960=PLANE('NONE',#17959);
#17961=FACE_SURFACE('NONE',(#17956),#17960,.T.);
#17962=POLY_LOOP('NONE',(#3139,#3138,#3942,#3941));
#17963=FACE_OUTER_BOUND('NONE',#17962,.T.);
#17964=DIRECTION('NONE',(-0.381926,-0.924193,0));
#17965=DIRECTION('NONE',(0.924193,-0.381926,0));
#17966=AXIS2_PLACEMENT_3D('NONE',#3139,#17964,#17965);
#17967=PLANE('NONE',#17966);
#17968=FACE_SURFACE('NONE',(#17963),#17967,.T.);
#17969=POLY_LOOP('NONE',(#3749,#3748,#2949,#2948));
#17970=FACE_OUTER_BOUND('NONE',#17969,.T.);
#17971=DIRECTION('NONE',(-0.925629,0.378432,0));
#17972=DIRECTION('NONE',(0.378432,0.925629,0));
#17973=AXIS2_PLACEMENT_3D('NONE',#3749,#17971,#17972);
#17974=PLANE('NONE',#17973);
#17975=FACE_SURFACE('NONE',(#17970),#17974,.T.);
#17976=POLY_LOOP('NONE',(#3130,#3129,#3951,#3950));
#17977=FACE_OUTER_BOUND('NONE',#17976,.T.);
#17978=DIRECTION('NONE',(-0.381926,0.924193,0));
#17979=DIRECTION('NONE',(-0.924193,-0.381926,0));
#17980=AXIS2_PLACEMENT_3D('NONE',#3130,#17978,#17979);
#17981=PLANE('NONE',#17980);
#17982=FACE_SURFACE('NONE',(#17977),#17981,.T.);
#17983=POLY_LOOP('NONE',(#3750,#3749,#2948,#2947));
#17984=FACE_OUTER_BOUND('NONE',#17983,.T.);
#17985=DIRECTION('NONE',(-0.790727,0.612169,0));
#17986=DIRECTION('NONE',(0.612169,0.790727,0));
#17987=AXIS2_PLACEMENT_3D('NONE',#3750,#17985,#17986);
#17988=PLANE('NONE',#17987);
#17989=FACE_SURFACE('NONE',(#17984),#17988,.T.);
#17990=POLY_LOOP('NONE',(#3951,#3129,#3128,#3952));
#17991=FACE_OUTER_BOUND('NONE',#17990,.T.);
#17992=DIRECTION('NONE',(-0.130639,0.99143,0));
#17993=DIRECTION('NONE',(0,0,-1));
#17994=AXIS2_PLACEMENT_3D('NONE',#3951,#17992,#17993);
#17995=PLANE('NONE',#17994);
#17996=FACE_SURFACE('NONE',(#17991),#17995,.T.);
#17997=POLY_LOOP('NONE',(#3750,#2947,#2946,#3751));
#17998=FACE_OUTER_BOUND('NONE',#17997,.T.);
#17999=DIRECTION('NONE',(-0.608968,0.793195,0));
#18000=DIRECTION('NONE',(0,0,-1));
#18001=AXIS2_PLACEMENT_3D('NONE',#3750,#17999,#18000);
#18002=PLANE('NONE',#18001);
#18003=FACE_SURFACE('NONE',(#17998),#18002,.T.);
#18004=POLY_LOOP('NONE',(#3952,#3128,#3127,#3953));
#18005=FACE_OUTER_BOUND('NONE',#18004,.T.);
#18006=DIRECTION('NONE',(0.130641,0.99143,0));
#18007=DIRECTION('NONE',(0,0,-1));
#18008=AXIS2_PLACEMENT_3D('NONE',#3952,#18006,#18007);
#18009=PLANE('NONE',#18008);
#18010=FACE_SURFACE('NONE',(#18005),#18009,.T.);
#18011=POLY_LOOP('NONE',(#3751,#2946,#2945,#3752));
#18012=FACE_OUTER_BOUND('NONE',#18011,.T.);
#18013=DIRECTION('NONE',(-0.38279,0.923836,0));
#18014=DIRECTION('NONE',(0,0,-1));
#18015=AXIS2_PLACEMENT_3D('NONE',#3751,#18013,#18014);
#18016=PLANE('NONE',#18015);
#18017=FACE_SURFACE('NONE',(#18012),#18016,.T.);
#18018=POLY_LOOP('NONE',(#3953,#3127,#3126,#3954));
#18019=FACE_OUTER_BOUND('NONE',#18018,.T.);
#18020=DIRECTION('NONE',(0.381921,0.924195,0));
#18021=DIRECTION('NONE',(0,0,-1));
#18022=AXIS2_PLACEMENT_3D('NONE',#3953,#18020,#18021);
#18023=PLANE('NONE',#18022);
#18024=FACE_SURFACE('NONE',(#18019),#18023,.T.);
#18025=POLY_LOOP('NONE',(#3752,#2945,#2944,#3753));
#18026=FACE_OUTER_BOUND('NONE',#18025,.T.);
#18027=DIRECTION('NONE',(-0.132838,0.991138,0));
#18028=DIRECTION('NONE',(0,0,-1));
#18029=AXIS2_PLACEMENT_3D('NONE',#3752,#18027,#18028);
#18030=PLANE('NONE',#18029);
#18031=FACE_SURFACE('NONE',(#18026),#18030,.T.);
#18032=POLY_LOOP('NONE',(#3954,#3126,#3125,#3955));
#18033=FACE_OUTER_BOUND('NONE',#18032,.T.);
#18034=DIRECTION('NONE',(0.604889,0.79631,0));
#18035=DIRECTION('NONE',(0,0,-1));
#18036=AXIS2_PLACEMENT_3D('NONE',#3954,#18034,#18035);
#18037=PLANE('NONE',#18036);
#18038=FACE_SURFACE('NONE',(#18033),#18037,.T.);
#18039=POLY_LOOP('NONE',(#2938,#2937,#3760,#3759));
#18040=FACE_OUTER_BOUND('NONE',#18039,.T.);
#18041=DIRECTION('NONE',(0.991138,-0.132833,0));
#18042=DIRECTION('NONE',(0.132833,0.991138,0));
#18043=AXIS2_PLACEMENT_3D('NONE',#2938,#18041,#18042);
#18044=PLANE('NONE',#18043);
#18045=FACE_SURFACE('NONE',(#18040),#18044,.T.);
#18046=POLY_LOOP('NONE',(#3955,#3125,#3124,#3956));
#18047=FACE_OUTER_BOUND('NONE',#18046,.T.);
#18048=DIRECTION('NONE',(0.796308,0.604891,0));
#18049=DIRECTION('NONE',(0,0,-1));
#18050=AXIS2_PLACEMENT_3D('NONE',#3955,#18048,#18049);
#18051=PLANE('NONE',#18050);
#18052=FACE_SURFACE('NONE',(#18047),#18051,.T.);
#18053=POLY_LOOP('NONE',(#3760,#2937,#2936,#3761));
#18054=FACE_OUTER_BOUND('NONE',#18053,.T.);
#18055=DIRECTION('NONE',(0.925628,-0.378436,0));
#18056=DIRECTION('NONE',(0,0,-1));
#18057=AXIS2_PLACEMENT_3D('NONE',#3760,#18055,#18056);
#18058=PLANE('NONE',#18057);
#18059=FACE_SURFACE('NONE',(#18054),#18058,.T.);
#18060=POLY_LOOP('NONE',(#3956,#3124,#3123,#3957));
#18061=FACE_OUTER_BOUND('NONE',#18060,.T.);
#18062=DIRECTION('NONE',(0.924198,0.381914,0));
#18063=DIRECTION('NONE',(0,0,-1));
#18064=AXIS2_PLACEMENT_3D('NONE',#3956,#18062,#18063);
#18065=PLANE('NONE',#18064);
#18066=FACE_SURFACE('NONE',(#18061),#18065,.T.);
#18067=POLY_LOOP('NONE',(#3763,#3762,#2935,#2934));
#18068=FACE_OUTER_BOUND('NONE',#18067,.T.);
#18069=DIRECTION('NONE',(0.608968,-0.793195,0));
#18070=DIRECTION('NONE',(-0.793195,-0.608968,0));
#18071=AXIS2_PLACEMENT_3D('NONE',#3763,#18069,#18070);
#18072=PLANE('NONE',#18071);
#18073=FACE_SURFACE('NONE',(#18068),#18072,.T.);
#18074=POLY_LOOP('NONE',(#3957,#3123,#3122,#3958));
#18075=FACE_OUTER_BOUND('NONE',#18074,.T.);
#18076=DIRECTION('NONE',(0.991428,0.130653,0));
#18077=DIRECTION('NONE',(0,0,-1));
#18078=AXIS2_PLACEMENT_3D('NONE',#3957,#18076,#18077);
#18079=PLANE('NONE',#18078);
#18080=FACE_SURFACE('NONE',(#18075),#18079,.T.);
#18081=POLY_LOOP('NONE',(#3761,#2936,#2935,#3762));
#18082=FACE_OUTER_BOUND('NONE',#18081,.T.);
#18083=DIRECTION('NONE',(0.790722,-0.612176,0));
#18084=DIRECTION('NONE',(0,0,-1));
#18085=AXIS2_PLACEMENT_3D('NONE',#3761,#18083,#18084);
#18086=PLANE('NONE',#18085);
#18087=FACE_SURFACE('NONE',(#18082),#18086,.T.);
#18088=POLY_LOOP('NONE',(#2689,#2688,#3506,#3529));
#18089=FACE_OUTER_BOUND('NONE',#18088,.T.);
#18090=DIRECTION('NONE',(0.991424,-0.130684,0));
#18091=DIRECTION('NONE',(0.130684,0.991424,0));
#18092=AXIS2_PLACEMENT_3D('NONE',#2689,#18090,#18091);
#18093=PLANE('NONE',#18092);
#18094=FACE_SURFACE('NONE',(#18089),#18093,.T.);
#18095=POLY_LOOP('NONE',(#3764,#3763,#2934,#2933));
#18096=FACE_OUTER_BOUND('NONE',#18095,.T.);
#18097=DIRECTION('NONE',(0.382806,-0.923829,0));
#18098=DIRECTION('NONE',(-0.923829,-0.382806,0));
#18099=AXIS2_PLACEMENT_3D('NONE',#3764,#18097,#18098);
#18100=PLANE('NONE',#18099);
#18101=FACE_SURFACE('NONE',(#18096),#18100,.T.);
#18102=POLY_LOOP('NONE',(#3506,#2688,#2687,#3507));
#18103=FACE_OUTER_BOUND('NONE',#18102,.T.);
#18104=DIRECTION('NONE',(0.923742,-0.383015,0));
#18105=DIRECTION('NONE',(0,0,-1));
#18106=AXIS2_PLACEMENT_3D('NONE',#3506,#18104,#18105);
#18107=PLANE('NONE',#18106);
#18108=FACE_SURFACE('NONE',(#18103),#18107,.T.);
#18109=POLY_LOOP('NONE',(#3765,#3764,#2933,#2932));
#18110=FACE_OUTER_BOUND('NONE',#18109,.T.);
#18111=DIRECTION('NONE',(0.132838,-0.991138,0));
#18112=DIRECTION('NONE',(-0.991138,-0.132838,0));
#18113=AXIS2_PLACEMENT_3D('NONE',#3765,#18111,#18112);
#18114=PLANE('NONE',#18113);
#18115=FACE_SURFACE('NONE',(#18110),#18114,.T.);
#18116=POLY_LOOP('NONE',(#3509,#3508,#2686,#2709));
#18117=FACE_OUTER_BOUND('NONE',#18116,.T.);
#18118=DIRECTION('NONE',(0.608615,-0.793466,0));
#18119=DIRECTION('NONE',(-0.793466,-0.608615,0));
#18120=AXIS2_PLACEMENT_3D('NONE',#3509,#18118,#18119);
#18121=PLANE('NONE',#18120);
#18122=FACE_SURFACE('NONE',(#18117),#18121,.T.);
#18123=POLY_LOOP('NONE',(#2932,#2931,#3766,#3765));
#18124=FACE_OUTER_BOUND('NONE',#18123,.T.);
#18125=DIRECTION('NONE',(-0.132838,-0.991138,0));
#18126=DIRECTION('NONE',(0.991138,-0.132838,0));
#18127=AXIS2_PLACEMENT_3D('NONE',#2932,#18125,#18126);
#18128=PLANE('NONE',#18127);
#18129=FACE_SURFACE('NONE',(#18124),#18128,.T.);
#18130=POLY_LOOP('NONE',(#3507,#2687,#2686,#3508));
#18131=FACE_OUTER_BOUND('NONE',#18130,.T.);
#18132=DIRECTION('NONE',(0.793465,-0.608616,0));
#18133=DIRECTION('NONE',(0,0,-1));
#18134=AXIS2_PLACEMENT_3D('NONE',#3507,#18132,#18133);
#18135=PLANE('NONE',#18134);
#18136=FACE_SURFACE('NONE',(#18131),#18135,.T.);
#18137=POLY_LOOP('NONE',(#3510,#3509,#2709,#2708));
#18138=FACE_OUTER_BOUND('NONE',#18137,.T.);
#18139=DIRECTION('NONE',(0.383012,-0.923744,0));
#18140=DIRECTION('NONE',(-0.923744,-0.383012,0));
#18141=AXIS2_PLACEMENT_3D('NONE',#3510,#18139,#18140);
#18142=PLANE('NONE',#18141);
#18143=FACE_SURFACE('NONE',(#18138),#18142,.T.);
#18144=POLY_LOOP('NONE',(#3511,#3510,#2708,#2707));
#18145=FACE_OUTER_BOUND('NONE',#18144,.T.);
#18146=DIRECTION('NONE',(0.130685,-0.991424,0));
#18147=DIRECTION('NONE',(-0.991424,-0.130685,0));
#18148=AXIS2_PLACEMENT_3D('NONE',#3511,#18146,#18147);
#18149=PLANE('NONE',#18148);
#18150=FACE_SURFACE('NONE',(#18145),#18149,.T.);
#18151=POLY_LOOP('NONE',(#3753,#2944,#2943,#3754));
#18152=FACE_OUTER_BOUND('NONE',#18151,.T.);
#18153=DIRECTION('NONE',(0.132838,0.991138,0));
#18154=DIRECTION('NONE',(0,0,-1));
#18155=AXIS2_PLACEMENT_3D('NONE',#3753,#18153,#18154);
#18156=PLANE('NONE',#18155);
#18157=FACE_SURFACE('NONE',(#18152),#18156,.T.);
#18158=POLY_LOOP('NONE',(#3512,#3511,#2707,#2706));
#18159=FACE_OUTER_BOUND('NONE',#18158,.T.);
#18160=DIRECTION('NONE',(-0.130684,-0.991424,0));
#18161=DIRECTION('NONE',(-0.991424,0.130684,0));
#18162=AXIS2_PLACEMENT_3D('NONE',#3512,#18160,#18161);
#18163=PLANE('NONE',#18162);
#18164=FACE_SURFACE('NONE',(#18159),#18163,.T.);
#18165=POLY_LOOP('NONE',(#3754,#2943,#2942,#3755));
#18166=FACE_OUTER_BOUND('NONE',#18165,.T.);
#18167=DIRECTION('NONE',(0.38279,0.923836,0));
#18168=DIRECTION('NONE',(0,0,-1));
#18169=AXIS2_PLACEMENT_3D('NONE',#3754,#18167,#18168);
#18170=PLANE('NONE',#18169);
#18171=FACE_SURFACE('NONE',(#18166),#18170,.T.);
#18172=POLY_LOOP('NONE',(#3755,#2942,#2941,#3756));
#18173=FACE_OUTER_BOUND('NONE',#18172,.T.);
#18174=DIRECTION('NONE',(0.608968,0.793195,0));
#18175=DIRECTION('NONE',(0,0,-1));
#18176=AXIS2_PLACEMENT_3D('NONE',#3755,#18174,#18175);
#18177=PLANE('NONE',#18176);
#18178=FACE_SURFACE('NONE',(#18173),#18177,.T.);
#18179=POLY_LOOP('NONE',(#3756,#2941,#2940,#3757));
#18180=FACE_OUTER_BOUND('NONE',#18179,.T.);
#18181=DIRECTION('NONE',(0.790729,0.612166,0));
#18182=DIRECTION('NONE',(0,0,-1));
#18183=AXIS2_PLACEMENT_3D('NONE',#3756,#18181,#18182);
#18184=PLANE('NONE',#18183);
#18185=FACE_SURFACE('NONE',(#18180),#18184,.T.);
#18186=POLY_LOOP('NONE',(#3522,#2696,#2695,#3523));
#18187=FACE_OUTER_BOUND('NONE',#18186,.T.);
#18188=DIRECTION('NONE',(-0.130684,0.991424,0));
#18189=DIRECTION('NONE',(0,0,-1));
#18190=AXIS2_PLACEMENT_3D('NONE',#3522,#18188,#18189);
#18191=PLANE('NONE',#18190);
#18192=FACE_SURFACE('NONE',(#18187),#18191,.T.);
#18193=POLY_LOOP('NONE',(#3757,#2940,#2939,#3758));
#18194=FACE_OUTER_BOUND('NONE',#18193,.T.);
#18195=DIRECTION('NONE',(0.925628,0.378436,0));
#18196=DIRECTION('NONE',(0,0,-1));
#18197=AXIS2_PLACEMENT_3D('NONE',#3757,#18195,#18196);
#18198=PLANE('NONE',#18197);
#18199=FACE_SURFACE('NONE',(#18194),#18198,.T.);
#18200=POLY_LOOP('NONE',(#3523,#2695,#2694,#3524));
#18201=FACE_OUTER_BOUND('NONE',#18200,.T.);
#18202=DIRECTION('NONE',(0.130685,0.991424,0));
#18203=DIRECTION('NONE',(0,0,-1));
#18204=AXIS2_PLACEMENT_3D('NONE',#3523,#18202,#18203);
#18205=PLANE('NONE',#18204);
#18206=FACE_SURFACE('NONE',(#18201),#18205,.T.);
#18207=POLY_LOOP('NONE',(#3758,#2939,#2938,#3759));
#18208=FACE_OUTER_BOUND('NONE',#18207,.T.);
#18209=DIRECTION('NONE',(0.991138,0.132833,0));
#18210=DIRECTION('NONE',(0,0,-1));
#18211=AXIS2_PLACEMENT_3D('NONE',#3758,#18209,#18210);
#18212=PLANE('NONE',#18211);
#18213=FACE_SURFACE('NONE',(#18208),#18212,.T.);
#18214=POLY_LOOP('NONE',(#3524,#2694,#2693,#3525));
#18215=FACE_OUTER_BOUND('NONE',#18214,.T.);
#18216=DIRECTION('NONE',(0.383012,0.923744,0));
#18217=DIRECTION('NONE',(0,0,-1));
#18218=AXIS2_PLACEMENT_3D('NONE',#3524,#18216,#18217);
#18219=PLANE('NONE',#18218);
#18220=FACE_SURFACE('NONE',(#18215),#18219,.T.);
#18221=POLY_LOOP('NONE',(#3570,#3569,#2743,#2742));
#18222=FACE_OUTER_BOUND('NONE',#18221,.T.);
#18223=DIRECTION('NONE',(0.130685,-0.991424,0));
#18224=DIRECTION('NONE',(-0.991424,-0.130685,0));
#18225=AXIS2_PLACEMENT_3D('NONE',#3570,#18223,#18224);
#18226=PLANE('NONE',#18225);
#18227=FACE_SURFACE('NONE',(#18222),#18226,.T.);
#18228=POLY_LOOP('NONE',(#3525,#2693,#2692,#3526));
#18229=FACE_OUTER_BOUND('NONE',#18228,.T.);
#18230=DIRECTION('NONE',(0.608615,0.793466,0));
#18231=DIRECTION('NONE',(0,0,-1));
#18232=AXIS2_PLACEMENT_3D('NONE',#3525,#18230,#18231);
#18233=PLANE('NONE',#18232);
#18234=FACE_SURFACE('NONE',(#18229),#18233,.T.);
#18235=POLY_LOOP('NONE',(#3571,#3570,#2742,#2741));
#18236=FACE_OUTER_BOUND('NONE',#18235,.T.);
#18237=DIRECTION('NONE',(-0.130685,-0.991424,0));
#18238=DIRECTION('NONE',(-0.991424,0.130685,0));
#18239=AXIS2_PLACEMENT_3D('NONE',#3571,#18237,#18238);
#18240=PLANE('NONE',#18239);
#18241=FACE_SURFACE('NONE',(#18236),#18240,.T.);
#18242=POLY_LOOP('NONE',(#3526,#2692,#2691,#3527));
#18243=FACE_OUTER_BOUND('NONE',#18242,.T.);
#18244=DIRECTION('NONE',(0.793465,0.608616,0));
#18245=DIRECTION('NONE',(0,0,-1));
#18246=AXIS2_PLACEMENT_3D('NONE',#3526,#18244,#18245);
#18247=PLANE('NONE',#18246);
#18248=FACE_SURFACE('NONE',(#18243),#18247,.T.);
#18249=POLY_LOOP('NONE',(#3572,#3571,#2741,#2740));
#18250=FACE_OUTER_BOUND('NONE',#18249,.T.);
#18251=DIRECTION('NONE',(-0.383012,-0.923744,0));
#18252=DIRECTION('NONE',(-0.923744,0.383012,0));
#18253=AXIS2_PLACEMENT_3D('NONE',#3572,#18251,#18252);
#18254=PLANE('NONE',#18253);
#18255=FACE_SURFACE('NONE',(#18250),#18254,.T.);
#18256=POLY_LOOP('NONE',(#3527,#2691,#2690,#3528));
#18257=FACE_OUTER_BOUND('NONE',#18256,.T.);
#18258=DIRECTION('NONE',(0.923742,0.383015,0));
#18259=DIRECTION('NONE',(0,0,-1));
#18260=AXIS2_PLACEMENT_3D('NONE',#3527,#18258,#18259);
#18261=PLANE('NONE',#18260);
#18262=FACE_SURFACE('NONE',(#18257),#18261,.T.);
#18263=POLY_LOOP('NONE',(#3573,#3572,#2740,#2739));
#18264=FACE_OUTER_BOUND('NONE',#18263,.T.);
#18265=DIRECTION('NONE',(-0.608617,-0.793464,0));
#18266=DIRECTION('NONE',(-0.793464,0.608617,0));
#18267=AXIS2_PLACEMENT_3D('NONE',#3573,#18265,#18266);
#18268=PLANE('NONE',#18267);
#18269=FACE_SURFACE('NONE',(#18264),#18268,.T.);
#18270=POLY_LOOP('NONE',(#3528,#2690,#2689,#3529));
#18271=FACE_OUTER_BOUND('NONE',#18270,.T.);
#18272=DIRECTION('NONE',(0.991424,0.130684,0));
#18273=DIRECTION('NONE',(0,0,-1));
#18274=AXIS2_PLACEMENT_3D('NONE',#3528,#18272,#18273);
#18275=PLANE('NONE',#18274);
#18276=FACE_SURFACE('NONE',(#18271),#18275,.T.);
#18277=POLY_LOOP('NONE',(#3574,#3573,#2739,#2738));
#18278=FACE_OUTER_BOUND('NONE',#18277,.T.);
#18279=DIRECTION('NONE',(-0.793465,-0.608616,0));
#18280=DIRECTION('NONE',(-0.608616,0.793465,0));
#18281=AXIS2_PLACEMENT_3D('NONE',#3574,#18279,#18280);
#18282=PLANE('NONE',#18281);
#18283=FACE_SURFACE('NONE',(#18278),#18282,.T.);
#18284=POLY_LOOP('NONE',(#3897,#3896,#3087,#3086));
#18285=FACE_OUTER_BOUND('NONE',#18284,.T.);
#18286=DIRECTION('NONE',(-0.924203,-0.381901,0));
#18287=DIRECTION('NONE',(-0.381901,0.924203,0));
#18288=AXIS2_PLACEMENT_3D('NONE',#3897,#18286,#18287);
#18289=PLANE('NONE',#18288);
#18290=FACE_SURFACE('NONE',(#18285),#18289,.T.);
#18291=POLY_LOOP('NONE',(#3575,#3574,#2738,#2737));
#18292=FACE_OUTER_BOUND('NONE',#18291,.T.);
#18293=DIRECTION('NONE',(-0.923741,-0.383018,0));
#18294=DIRECTION('NONE',(-0.383018,0.923741,0));
#18295=AXIS2_PLACEMENT_3D('NONE',#3575,#18293,#18294);
#18296=PLANE('NONE',#18295);
#18297=FACE_SURFACE('NONE',(#18292),#18296,.T.);
#18298=POLY_LOOP('NONE',(#3898,#3897,#3086,#3085));
#18299=FACE_OUTER_BOUND('NONE',#18298,.T.);
#18300=DIRECTION('NONE',(-0.991428,-0.130653,0));
#18301=DIRECTION('NONE',(-0.130653,0.991428,0));
#18302=AXIS2_PLACEMENT_3D('NONE',#3898,#18300,#18301);
#18303=PLANE('NONE',#18302);
#18304=FACE_SURFACE('NONE',(#18299),#18303,.T.);
#18305=POLY_LOOP('NONE',(#3554,#3575,#2737,#2736));
#18306=FACE_OUTER_BOUND('NONE',#18305,.T.);
#18307=DIRECTION('NONE',(-0.991424,-0.130688,0));
#18308=DIRECTION('NONE',(-0.130688,0.991424,0));
#18309=AXIS2_PLACEMENT_3D('NONE',#3554,#18307,#18308);
#18310=PLANE('NONE',#18309);
#18311=FACE_SURFACE('NONE',(#18306),#18310,.T.);
#18312=POLY_LOOP('NONE',(#3899,#3898,#3085,#3084));
#18313=FACE_OUTER_BOUND('NONE',#18312,.T.);
#18314=DIRECTION('NONE',(-0.991428,0.130653,0));
#18315=DIRECTION('NONE',(0.130653,0.991428,0));
#18316=AXIS2_PLACEMENT_3D('NONE',#3899,#18314,#18315);
#18317=PLANE('NONE',#18316);
#18318=FACE_SURFACE('NONE',(#18313),#18317,.T.);
#18319=POLY_LOOP('NONE',(#3555,#3554,#2736,#2735));
#18320=FACE_OUTER_BOUND('NONE',#18319,.T.);
#18321=DIRECTION('NONE',(-0.991424,0.130688,0));
#18322=DIRECTION('NONE',(0.130688,0.991424,0));
#18323=AXIS2_PLACEMENT_3D('NONE',#3555,#18321,#18322);
#18324=PLANE('NONE',#18323);
#18325=FACE_SURFACE('NONE',(#18320),#18324,.T.);
#18326=POLY_LOOP('NONE',(#3900,#3899,#3084,#3083));
#18327=FACE_OUTER_BOUND('NONE',#18326,.T.);
#18328=DIRECTION('NONE',(-0.924203,0.381901,0));
#18329=DIRECTION('NONE',(0.381901,0.924203,0));
#18330=AXIS2_PLACEMENT_3D('NONE',#3900,#18328,#18329);
#18331=PLANE('NONE',#18330);
#18332=FACE_SURFACE('NONE',(#18327),#18331,.T.);
#18333=POLY_LOOP('NONE',(#3556,#3555,#2735,#2734));
#18334=FACE_OUTER_BOUND('NONE',#18333,.T.);
#18335=DIRECTION('NONE',(-0.923741,0.383018,0));
#18336=DIRECTION('NONE',(0.383018,0.923741,0));
#18337=AXIS2_PLACEMENT_3D('NONE',#3556,#18335,#18336);
#18338=PLANE('NONE',#18337);
#18339=FACE_SURFACE('NONE',(#18334),#18338,.T.);
#18340=POLY_LOOP('NONE',(#3901,#3900,#3083,#3082));
#18341=FACE_OUTER_BOUND('NONE',#18340,.T.);
#18342=DIRECTION('NONE',(-0.796308,0.604891,0));
#18343=DIRECTION('NONE',(0.604891,0.796308,0));
#18344=AXIS2_PLACEMENT_3D('NONE',#3901,#18342,#18343);
#18345=PLANE('NONE',#18344);
#18346=FACE_SURFACE('NONE',(#18341),#18345,.T.);
#18347=POLY_LOOP('NONE',(#3557,#3556,#2734,#2757));
#18348=FACE_OUTER_BOUND('NONE',#18347,.T.);
#18349=DIRECTION('NONE',(-0.793465,0.608616,0));
#18350=DIRECTION('NONE',(0.608616,0.793465,0));
#18351=AXIS2_PLACEMENT_3D('NONE',#3557,#18349,#18350);
#18352=PLANE('NONE',#18351);
#18353=FACE_SURFACE('NONE',(#18348),#18352,.T.);
#18354=POLY_LOOP('NONE',(#3901,#3082,#3081,#3902));
#18355=FACE_OUTER_BOUND('NONE',#18354,.T.);
#18356=DIRECTION('NONE',(-0.604882,0.796315,0));
#18357=DIRECTION('NONE',(0,0,-1));
#18358=AXIS2_PLACEMENT_3D('NONE',#3901,#18356,#18357);
#18359=PLANE('NONE',#18358);
#18360=FACE_SURFACE('NONE',(#18355),#18359,.T.);
#18361=POLY_LOOP('NONE',(#3557,#2757,#2756,#3558));
#18362=FACE_OUTER_BOUND('NONE',#18361,.T.);
#18363=DIRECTION('NONE',(-0.608617,0.793464,0));
#18364=DIRECTION('NONE',(0,0,-1));
#18365=AXIS2_PLACEMENT_3D('NONE',#3557,#18363,#18364);
#18366=PLANE('NONE',#18365);
#18367=FACE_SURFACE('NONE',(#18362),#18366,.T.);
#18368=POLY_LOOP('NONE',(#3902,#3081,#3080,#3903));
#18369=FACE_OUTER_BOUND('NONE',#18368,.T.);
#18370=DIRECTION('NONE',(-0.381921,0.924195,0));
#18371=DIRECTION('NONE',(0,0,-1));
#18372=AXIS2_PLACEMENT_3D('NONE',#3902,#18370,#18371);
#18373=PLANE('NONE',#18372);
#18374=FACE_SURFACE('NONE',(#18369),#18373,.T.);
#18375=POLY_LOOP('NONE',(#3903,#3080,#3079,#3904));
#18376=FACE_OUTER_BOUND('NONE',#18375,.T.);
#18377=DIRECTION('NONE',(-0.130641,0.99143,0));
#18378=DIRECTION('NONE',(0,0,-1));
#18379=AXIS2_PLACEMENT_3D('NONE',#3903,#18377,#18378);
#18380=PLANE('NONE',#18379);
#18381=FACE_SURFACE('NONE',(#18376),#18380,.T.);
#18382=POLY_LOOP('NONE',(#3558,#2756,#2755,#3559));
#18383=FACE_OUTER_BOUND('NONE',#18382,.T.);
#18384=DIRECTION('NONE',(-0.383012,0.923744,0));
#18385=DIRECTION('NONE',(0,0,-1));
#18386=AXIS2_PLACEMENT_3D('NONE',#3558,#18384,#18385);
#18387=PLANE('NONE',#18386);
#18388=FACE_SURFACE('NONE',(#18383),#18387,.T.);
#18389=POLY_LOOP('NONE',(#3904,#3079,#3078,#3905));
#18390=FACE_OUTER_BOUND('NONE',#18389,.T.);
#18391=DIRECTION('NONE',(0.130641,0.99143,0));
#18392=DIRECTION('NONE',(0,0,-1));
#18393=AXIS2_PLACEMENT_3D('NONE',#3904,#18391,#18392);
#18394=PLANE('NONE',#18393);
#18395=FACE_SURFACE('NONE',(#18390),#18394,.T.);
#18396=POLY_LOOP('NONE',(#3559,#2755,#2754,#3560));
#18397=FACE_OUTER_BOUND('NONE',#18396,.T.);
#18398=DIRECTION('NONE',(-0.130685,0.991424,0));
#18399=DIRECTION('NONE',(0,0,-1));
#18400=AXIS2_PLACEMENT_3D('NONE',#3559,#18398,#18399);
#18401=PLANE('NONE',#18400);
#18402=FACE_SURFACE('NONE',(#18397),#18401,.T.);
#18403=POLY_LOOP('NONE',(#3905,#3078,#3077,#3906));
#18404=FACE_OUTER_BOUND('NONE',#18403,.T.);
#18405=DIRECTION('NONE',(0.381921,0.924195,0));
#18406=DIRECTION('NONE',(0,0,-1));
#18407=AXIS2_PLACEMENT_3D('NONE',#3905,#18405,#18406);
#18408=PLANE('NONE',#18407);
#18409=FACE_SURFACE('NONE',(#18404),#18408,.T.);
#18410=POLY_LOOP('NONE',(#2753,#3561,#3560,#2754));
#18411=FACE_OUTER_BOUND('NONE',#18410,.T.);
#18412=DIRECTION('NONE',(0.130685,0.991424,0));
#18413=DIRECTION('NONE',(0,0,1));
#18414=AXIS2_PLACEMENT_3D('NONE',#2753,#18412,#18413);
#18415=PLANE('NONE',#18414);
#18416=FACE_SURFACE('NONE',(#18411),#18415,.T.);
#18417=POLY_LOOP('NONE',(#3906,#3077,#3076,#3907));
#18418=FACE_OUTER_BOUND('NONE',#18417,.T.);
#18419=DIRECTION('NONE',(0.604882,0.796315,0));
#18420=DIRECTION('NONE',(0,0,-1));
#18421=AXIS2_PLACEMENT_3D('NONE',#3906,#18419,#18420);
#18422=PLANE('NONE',#18421);
#18423=FACE_SURFACE('NONE',(#18418),#18422,.T.);
#18424=POLY_LOOP('NONE',(#3070,#3093,#3890,#3889));
#18425=FACE_OUTER_BOUND('NONE',#18424,.T.);
#18426=DIRECTION('NONE',(0.604882,-0.796315,0));
#18427=DIRECTION('NONE',(0.796315,0.604882,0));
#18428=AXIS2_PLACEMENT_3D('NONE',#3070,#18426,#18427);
#18429=PLANE('NONE',#18428);
#18430=FACE_SURFACE('NONE',(#18425),#18429,.T.);
#18431=POLY_LOOP('NONE',(#3891,#3890,#3093,#3092));
#18432=FACE_OUTER_BOUND('NONE',#18431,.T.);
#18433=DIRECTION('NONE',(0.381921,-0.924195,0));
#18434=DIRECTION('NONE',(-0.924195,-0.381921,0));
#18435=AXIS2_PLACEMENT_3D('NONE',#3891,#18433,#18434);
#18436=PLANE('NONE',#18435);
#18437=FACE_SURFACE('NONE',(#18432),#18436,.T.);
#18438=POLY_LOOP('NONE',(#3892,#3891,#3092,#3091));
#18439=FACE_OUTER_BOUND('NONE',#18438,.T.);
#18440=DIRECTION('NONE',(0.130641,-0.99143,0));
#18441=DIRECTION('NONE',(-0.99143,-0.130641,0));
#18442=AXIS2_PLACEMENT_3D('NONE',#3892,#18440,#18441);
#18443=PLANE('NONE',#18442);
#18444=FACE_SURFACE('NONE',(#18439),#18443,.T.);
#18445=POLY_LOOP('NONE',(#3893,#3892,#3091,#3090));
#18446=FACE_OUTER_BOUND('NONE',#18445,.T.);
#18447=DIRECTION('NONE',(-0.130641,-0.99143,0));
#18448=DIRECTION('NONE',(-0.99143,0.130641,0));
#18449=AXIS2_PLACEMENT_3D('NONE',#3893,#18447,#18448);
#18450=PLANE('NONE',#18449);
#18451=FACE_SURFACE('NONE',(#18446),#18450,.T.);
#18452=POLY_LOOP('NONE',(#3894,#3893,#3090,#3089));
#18453=FACE_OUTER_BOUND('NONE',#18452,.T.);
#18454=DIRECTION('NONE',(-0.381921,-0.924195,0));
#18455=DIRECTION('NONE',(-0.924195,0.381921,0));
#18456=AXIS2_PLACEMENT_3D('NONE',#3894,#18454,#18455);
#18457=PLANE('NONE',#18456);
#18458=FACE_SURFACE('NONE',(#18453),#18457,.T.);
#18459=POLY_LOOP('NONE',(#3895,#3894,#3089,#3088));
#18460=FACE_OUTER_BOUND('NONE',#18459,.T.);
#18461=DIRECTION('NONE',(-0.604882,-0.796315,0));
#18462=DIRECTION('NONE',(-0.796315,0.604882,0));
#18463=AXIS2_PLACEMENT_3D('NONE',#3895,#18461,#18462);
#18464=PLANE('NONE',#18463);
#18465=FACE_SURFACE('NONE',(#18460),#18464,.T.);
#18466=POLY_LOOP('NONE',(#3088,#3087,#3896,#3895));
#18467=FACE_OUTER_BOUND('NONE',#18466,.T.);
#18468=DIRECTION('NONE',(-0.796308,-0.604891,0));
#18469=DIRECTION('NONE',(0.604891,-0.796308,0));
#18470=AXIS2_PLACEMENT_3D('NONE',#3088,#18468,#18469);
#18471=PLANE('NONE',#18470);
#18472=FACE_SURFACE('NONE',(#18467),#18471,.T.);
#18473=POLY_LOOP('NONE',(#3073,#3072,#3911,#3910));
#18474=FACE_OUTER_BOUND('NONE',#18473,.T.);
#18475=DIRECTION('NONE',(0.991428,-0.130653,0));
#18476=DIRECTION('NONE',(0.130653,0.991428,0));
#18477=AXIS2_PLACEMENT_3D('NONE',#3073,#18475,#18476);
#18478=PLANE('NONE',#18477);
#18479=FACE_SURFACE('NONE',(#18474),#18478,.T.);
#18480=POLY_LOOP('NONE',(#3911,#3072,#3071,#3888));
#18481=FACE_OUTER_BOUND('NONE',#18480,.T.);
#18482=DIRECTION('NONE',(0.924203,-0.381901,0));
#18483=DIRECTION('NONE',(0,0,-1));
#18484=AXIS2_PLACEMENT_3D('NONE',#3911,#18482,#18483);
#18485=PLANE('NONE',#18484);
#18486=FACE_SURFACE('NONE',(#18481),#18485,.T.);
#18487=POLY_LOOP('NONE',(#3888,#3071,#3070,#3889));
#18488=FACE_OUTER_BOUND('NONE',#18487,.T.);
#18489=DIRECTION('NONE',(0.796308,-0.604891,0));
#18490=DIRECTION('NONE',(0,0,-1));
#18491=AXIS2_PLACEMENT_3D('NONE',#3888,#18489,#18490);
#18492=PLANE('NONE',#18491);
#18493=FACE_SURFACE('NONE',(#18488),#18492,.T.);
#18494=POLY_LOOP('NONE',(#3907,#3076,#3075,#3908));
#18495=FACE_OUTER_BOUND('NONE',#18494,.T.);
#18496=DIRECTION('NONE',(0.796308,0.604891,0));
#18497=DIRECTION('NONE',(0,0,-1));
#18498=AXIS2_PLACEMENT_3D('NONE',#3907,#18496,#18497);
#18499=PLANE('NONE',#18498);
#18500=FACE_SURFACE('NONE',(#18495),#18499,.T.);
#18501=POLY_LOOP('NONE',(#3908,#3075,#3074,#3909));
#18502=FACE_OUTER_BOUND('NONE',#18501,.T.);
#18503=DIRECTION('NONE',(0.924203,0.381901,0));
#18504=DIRECTION('NONE',(0,0,-1));
#18505=AXIS2_PLACEMENT_3D('NONE',#3908,#18503,#18504);
#18506=PLANE('NONE',#18505);
#18507=FACE_SURFACE('NONE',(#18502),#18506,.T.);
#18508=POLY_LOOP('NONE',(#3909,#3074,#3073,#3910));
#18509=FACE_OUTER_BOUND('NONE',#18508,.T.);
#18510=DIRECTION('NONE',(0.991428,0.130653,0));
#18511=DIRECTION('NONE',(0,0,-1));
#18512=AXIS2_PLACEMENT_3D('NONE',#3909,#18510,#18511);
#18513=PLANE('NONE',#18512);
#18514=FACE_SURFACE('NONE',(#18509),#18513,.T.);
#18515=POLY_LOOP('NONE',(#2525,#2524,#3361,#3360));
#18516=FACE_OUTER_BOUND('NONE',#18515,.T.);
#18517=DIRECTION('NONE',(0.991493,-0.130159,0));
#18518=DIRECTION('NONE',(0.130159,0.991493,0));
#18519=AXIS2_PLACEMENT_3D('NONE',#2525,#18517,#18518);
#18520=PLANE('NONE',#18519);
#18521=FACE_SURFACE('NONE',(#18516),#18520,.T.);
#18522=POLY_LOOP('NONE',(#3354,#2531,#2530,#3355));
#18523=FACE_OUTER_BOUND('NONE',#18522,.T.);
#18524=DIRECTION('NONE',(0.130152,0.991494,0));
#18525=DIRECTION('NONE',(0,0,-1));
#18526=AXIS2_PLACEMENT_3D('NONE',#3354,#18524,#18525);
#18527=PLANE('NONE',#18526);
#18528=FACE_SURFACE('NONE',(#18523),#18527,.T.);
#18529=POLY_LOOP('NONE',(#3355,#2530,#2529,#3356));
#18530=FACE_OUTER_BOUND('NONE',#18529,.T.);
#18531=DIRECTION('NONE',(0.383255,0.923642,0));
#18532=DIRECTION('NONE',(0,0,-1));
#18533=AXIS2_PLACEMENT_3D('NONE',#3355,#18531,#18532);
#18534=PLANE('NONE',#18533);
#18535=FACE_SURFACE('NONE',(#18530),#18534,.T.);
#18536=POLY_LOOP('NONE',(#3356,#2529,#2528,#3357));
#18537=FACE_OUTER_BOUND('NONE',#18536,.T.);
#18538=DIRECTION('NONE',(0.609157,0.79305,0));
#18539=DIRECTION('NONE',(0,0,-1));
#18540=AXIS2_PLACEMENT_3D('NONE',#3356,#18538,#18539);
#18541=PLANE('NONE',#18540);
#18542=FACE_SURFACE('NONE',(#18537),#18541,.T.);
#18543=POLY_LOOP('NONE',(#3357,#2528,#2527,#3358));
#18544=FACE_OUTER_BOUND('NONE',#18543,.T.);
#18545=DIRECTION('NONE',(0.793053,0.609152,0));
#18546=DIRECTION('NONE',(0,0,-1));
#18547=AXIS2_PLACEMENT_3D('NONE',#3357,#18545,#18546);
#18548=PLANE('NONE',#18547);
#18549=FACE_SURFACE('NONE',(#18544),#18548,.T.);
#18550=POLY_LOOP('NONE',(#3358,#2527,#2526,#3359));
#18551=FACE_OUTER_BOUND('NONE',#18550,.T.);
#18552=DIRECTION('NONE',(0.923642,0.383257,0));
#18553=DIRECTION('NONE',(0,0,-1));
#18554=AXIS2_PLACEMENT_3D('NONE',#3358,#18552,#18553);
#18555=PLANE('NONE',#18554);
#18556=FACE_SURFACE('NONE',(#18551),#18555,.T.);
#18557=POLY_LOOP('NONE',(#3359,#2526,#2525,#3360));
#18558=FACE_OUTER_BOUND('NONE',#18557,.T.);
#18559=DIRECTION('NONE',(0.991493,0.130159,0));
#18560=DIRECTION('NONE',(0,0,-1));
#18561=AXIS2_PLACEMENT_3D('NONE',#3359,#18559,#18560);
#18562=PLANE('NONE',#18561);
#18563=FACE_SURFACE('NONE',(#18558),#18562,.T.);
#18564=POLY_LOOP('NONE',(#3019,#3018,#3845,#3844));
#18565=FACE_OUTER_BOUND('NONE',#18564,.T.);
#18566=DIRECTION('NONE',(-0.381926,-0.924193,0));
#18567=DIRECTION('NONE',(0.924193,-0.381926,0));
#18568=AXIS2_PLACEMENT_3D('NONE',#3019,#18566,#18567);
#18569=PLANE('NONE',#18568);
#18570=FACE_SURFACE('NONE',(#18565),#18569,.T.);
#18571=POLY_LOOP('NONE',(#3846,#3845,#3018,#3017));
#18572=FACE_OUTER_BOUND('NONE',#18571,.T.);
#18573=DIRECTION('NONE',(-0.604882,-0.796315,0));
#18574=DIRECTION('NONE',(-0.796315,0.604882,0));
#18575=AXIS2_PLACEMENT_3D('NONE',#3846,#18573,#18574);
#18576=PLANE('NONE',#18575);
#18577=FACE_SURFACE('NONE',(#18572),#18576,.T.);
#18578=POLY_LOOP('NONE',(#3847,#3846,#3017,#3016));
#18579=FACE_OUTER_BOUND('NONE',#18578,.T.);
#18580=DIRECTION('NONE',(-0.796308,-0.604891,0));
#18581=DIRECTION('NONE',(-0.604891,0.796308,0));
#18582=AXIS2_PLACEMENT_3D('NONE',#3847,#18580,#18581);
#18583=PLANE('NONE',#18582);
#18584=FACE_SURFACE('NONE',(#18579),#18583,.T.);
#18585=POLY_LOOP('NONE',(#3848,#3847,#3016,#3015));
#18586=FACE_OUTER_BOUND('NONE',#18585,.T.);
#18587=DIRECTION('NONE',(-0.924198,-0.381914,0));
#18588=DIRECTION('NONE',(-0.381914,0.924198,0));
#18589=AXIS2_PLACEMENT_3D('NONE',#3848,#18587,#18588);
#18590=PLANE('NONE',#18589);
#18591=FACE_SURFACE('NONE',(#18586),#18590,.T.);
#18592=POLY_LOOP('NONE',(#3849,#3848,#3015,#3014));
#18593=FACE_OUTER_BOUND('NONE',#18592,.T.);
#18594=DIRECTION('NONE',(-0.99143,-0.130639,0));
#18595=DIRECTION('NONE',(-0.130639,0.99143,0));
#18596=AXIS2_PLACEMENT_3D('NONE',#3849,#18594,#18595);
#18597=PLANE('NONE',#18596);
#18598=FACE_SURFACE('NONE',(#18593),#18597,.T.);
#18599=POLY_LOOP('NONE',(#3850,#3849,#3014,#3013));
#18600=FACE_OUTER_BOUND('NONE',#18599,.T.);
#18601=DIRECTION('NONE',(-0.99143,0.130639,0));
#18602=DIRECTION('NONE',(0.130639,0.99143,0));
#18603=AXIS2_PLACEMENT_3D('NONE',#3850,#18601,#18602);
#18604=PLANE('NONE',#18603);
#18605=FACE_SURFACE('NONE',(#18600),#18604,.T.);
#18606=POLY_LOOP('NONE',(#3851,#3850,#3013,#3012));
#18607=FACE_OUTER_BOUND('NONE',#18606,.T.);
#18608=DIRECTION('NONE',(-0.924198,0.381914,0));
#18609=DIRECTION('NONE',(0.381914,0.924198,0));
#18610=AXIS2_PLACEMENT_3D('NONE',#3851,#18608,#18609);
#18611=PLANE('NONE',#18610);
#18612=FACE_SURFACE('NONE',(#18607),#18611,.T.);
#18613=POLY_LOOP('NONE',(#3852,#3851,#3012,#3011));
#18614=FACE_OUTER_BOUND('NONE',#18613,.T.);
#18615=DIRECTION('NONE',(-0.796308,0.604891,0));
#18616=DIRECTION('NONE',(0.604891,0.796308,0));
#18617=AXIS2_PLACEMENT_3D('NONE',#3852,#18615,#18616);
#18618=PLANE('NONE',#18617);
#18619=FACE_SURFACE('NONE',(#18614),#18618,.T.);
#18620=POLY_LOOP('NONE',(#3852,#3011,#3010,#3853));
#18621=FACE_OUTER_BOUND('NONE',#18620,.T.);
#18622=DIRECTION('NONE',(-0.604882,0.796315,0));
#18623=DIRECTION('NONE',(0,0,-1));
#18624=AXIS2_PLACEMENT_3D('NONE',#3852,#18622,#18623);
#18625=PLANE('NONE',#18624);
#18626=FACE_SURFACE('NONE',(#18621),#18625,.T.);
#18627=POLY_LOOP('NONE',(#3853,#3010,#3009,#3854));
#18628=FACE_OUTER_BOUND('NONE',#18627,.T.);
#18629=DIRECTION('NONE',(-0.381926,0.924193,0));
#18630=DIRECTION('NONE',(0,0,-1));
#18631=AXIS2_PLACEMENT_3D('NONE',#3853,#18629,#18630);
#18632=PLANE('NONE',#18631);
#18633=FACE_SURFACE('NONE',(#18628),#18632,.T.);
#18634=POLY_LOOP('NONE',(#3002,#3001,#3862,#3861));
#18635=FACE_OUTER_BOUND('NONE',#18634,.T.);
#18636=DIRECTION('NONE',(0.991428,-0.130653,0));
#18637=DIRECTION('NONE',(0.130653,0.991428,0));
#18638=AXIS2_PLACEMENT_3D('NONE',#3002,#18636,#18637);
#18639=PLANE('NONE',#18638);
#18640=FACE_SURFACE('NONE',(#18635),#18639,.T.);
#18641=POLY_LOOP('NONE',(#3862,#3001,#3000,#3863));
#18642=FACE_OUTER_BOUND('NONE',#18641,.T.);
#18643=DIRECTION('NONE',(0.924198,-0.381914,0));
#18644=DIRECTION('NONE',(0,0,-1));
#18645=AXIS2_PLACEMENT_3D('NONE',#3862,#18643,#18644);
#18646=PLANE('NONE',#18645);
#18647=FACE_SURFACE('NONE',(#18642),#18646,.T.);
#18648=POLY_LOOP('NONE',(#3841,#3840,#2999,#2998));
#18649=FACE_OUTER_BOUND('NONE',#18648,.T.);
#18650=DIRECTION('NONE',(0.604882,-0.796315,0));
#18651=DIRECTION('NONE',(-0.796315,-0.604882,0));
#18652=AXIS2_PLACEMENT_3D('NONE',#3841,#18650,#18651);
#18653=PLANE('NONE',#18652);
#18654=FACE_SURFACE('NONE',(#18649),#18653,.T.);
#18655=POLY_LOOP('NONE',(#3863,#3000,#2999,#3840));
#18656=FACE_OUTER_BOUND('NONE',#18655,.T.);
#18657=DIRECTION('NONE',(0.796315,-0.604882,0));
#18658=DIRECTION('NONE',(0,0,-1));
#18659=AXIS2_PLACEMENT_3D('NONE',#3863,#18657,#18658);
#18660=PLANE('NONE',#18659);
#18661=FACE_SURFACE('NONE',(#18656),#18660,.T.);
#18662=POLY_LOOP('NONE',(#3842,#3841,#2998,#3021));
#18663=FACE_OUTER_BOUND('NONE',#18662,.T.);
#18664=DIRECTION('NONE',(0.381921,-0.924195,0));
#18665=DIRECTION('NONE',(-0.924195,-0.381921,0));
#18666=AXIS2_PLACEMENT_3D('NONE',#3842,#18664,#18665);
#18667=PLANE('NONE',#18666);
#18668=FACE_SURFACE('NONE',(#18663),#18667,.T.);
#18669=POLY_LOOP('NONE',(#3843,#3842,#3021,#3020));
#18670=FACE_OUTER_BOUND('NONE',#18669,.T.);
#18671=DIRECTION('NONE',(0.130641,-0.99143,0));
#18672=DIRECTION('NONE',(-0.99143,-0.130641,0));
#18673=AXIS2_PLACEMENT_3D('NONE',#3843,#18671,#18672);
#18674=PLANE('NONE',#18673);
#18675=FACE_SURFACE('NONE',(#18670),#18674,.T.);
#18676=POLY_LOOP('NONE',(#3844,#3843,#3020,#3019));
#18677=FACE_OUTER_BOUND('NONE',#18676,.T.);
#18678=DIRECTION('NONE',(-0.130639,-0.99143,0));
#18679=DIRECTION('NONE',(-0.99143,0.130639,0));
#18680=AXIS2_PLACEMENT_3D('NONE',#3844,#18678,#18679);
#18681=PLANE('NONE',#18680);
#18682=FACE_SURFACE('NONE',(#18677),#18681,.T.);
#18683=POLY_LOOP('NONE',(#3854,#3009,#3008,#3855));
#18684=FACE_OUTER_BOUND('NONE',#18683,.T.);
#18685=DIRECTION('NONE',(-0.130639,0.99143,0));
#18686=DIRECTION('NONE',(0,0,-1));
#18687=AXIS2_PLACEMENT_3D('NONE',#3854,#18685,#18686);
#18688=PLANE('NONE',#18687);
#18689=FACE_SURFACE('NONE',(#18684),#18688,.T.);
#18690=POLY_LOOP('NONE',(#3855,#3008,#3007,#3856));
#18691=FACE_OUTER_BOUND('NONE',#18690,.T.);
#18692=DIRECTION('NONE',(0.130641,0.99143,0));
#18693=DIRECTION('NONE',(0,0,-1));
#18694=AXIS2_PLACEMENT_3D('NONE',#3855,#18692,#18693);
#18695=PLANE('NONE',#18694);
#18696=FACE_SURFACE('NONE',(#18691),#18695,.T.);
#18697=POLY_LOOP('NONE',(#3856,#3007,#3006,#3857));
#18698=FACE_OUTER_BOUND('NONE',#18697,.T.);
#18699=DIRECTION('NONE',(0.381921,0.924195,0));
#18700=DIRECTION('NONE',(0,0,-1));
#18701=AXIS2_PLACEMENT_3D('NONE',#3856,#18699,#18700);
#18702=PLANE('NONE',#18701);
#18703=FACE_SURFACE('NONE',(#18698),#18702,.T.);
#18704=POLY_LOOP('NONE',(#3857,#3006,#3005,#3858));
#18705=FACE_OUTER_BOUND('NONE',#18704,.T.);
#18706=DIRECTION('NONE',(0.604882,0.796315,0));
#18707=DIRECTION('NONE',(0,0,-1));
#18708=AXIS2_PLACEMENT_3D('NONE',#3857,#18706,#18707);
#18709=PLANE('NONE',#18708);
#18710=FACE_SURFACE('NONE',(#18705),#18709,.T.);
#18711=POLY_LOOP('NONE',(#3858,#3005,#3004,#3859));
#18712=FACE_OUTER_BOUND('NONE',#18711,.T.);
#18713=DIRECTION('NONE',(0.796315,0.604882,0));
#18714=DIRECTION('NONE',(0,0,-1));
#18715=AXIS2_PLACEMENT_3D('NONE',#3858,#18713,#18714);
#18716=PLANE('NONE',#18715);
#18717=FACE_SURFACE('NONE',(#18712),#18716,.T.);
#18718=POLY_LOOP('NONE',(#3859,#3004,#3003,#3860));
#18719=FACE_OUTER_BOUND('NONE',#18718,.T.);
#18720=DIRECTION('NONE',(0.924198,0.381914,0));
#18721=DIRECTION('NONE',(0,0,-1));
#18722=AXIS2_PLACEMENT_3D('NONE',#3859,#18720,#18721);
#18723=PLANE('NONE',#18722);
#18724=FACE_SURFACE('NONE',(#18719),#18723,.T.);
#18725=POLY_LOOP('NONE',(#3860,#3003,#3002,#3861));
#18726=FACE_OUTER_BOUND('NONE',#18725,.T.);
#18727=DIRECTION('NONE',(0.991428,0.130653,0));
#18728=DIRECTION('NONE',(0,0,-1));
#18729=AXIS2_PLACEMENT_3D('NONE',#3860,#18727,#18728);
#18730=PLANE('NONE',#18729);
#18731=FACE_SURFACE('NONE',(#18726),#18730,.T.);
#18732=CLOSED_SHELL('NONE',(#4174,#4181,#4188,#4195,#4202,#4209,#4216,#4223,#4230,#4237,#4244,#4251,#4266,#4283,#4290,#4297,#4304,#4311,#4318,#4325,#4332,#4339,#4346,#4353,#4360,#4367,#4374,#4381,#4388,#4395,#4402,#4409,#4416,#4423,#4430,#4437,#4444,#4451,#4458,#4465,#4472,#4479,#4486,#4493,#4500,#4507,#4514,#4521,#4528,#4535,#4542,#4549,#4556,#4563,#4570,#4577,#4584,#4591,#4598,#4605,#4612,#4619,#4626,#4633,#4640,#4647,#4654,#4661,#4668,#4675,#4682,#4689,#4696,#4703,#4710,#4717,#4724,#4731,#4738,#4745,#4752,#4759,#4766,#4773,#4780,#4787,#4794,#4801,#4808,#4815,#4822,#4829,#4836,#4843,#4850,#4857,#4864,#4871,#4878,#4885,#4892,#4899,#4906,#4913,#4920,#4927,#4934,#4941,#4948,#4955,#4962,#4969,#4976,#4983,#4990,#4997,#5004,#5011,#5018,#5025,#5032,#5039,#5046,#5053,#5060,#5067,#5074,#5081,#5088,#5095,#5102,#5109,#5116,#5123,#5130,#5137,#5144,#5151,#5158,#5165,#5172,#5179,#5186,#5193,#5200,#5207,#5214,#5221,#5228,#5235,#5242,#5249,#5256,#5263,#5270,#5277,#5284,#5291,#5298,#5305,#5312,#5319,#5326,#5333,#5340,#5347,#5354,#5361,#5368,#5375,#5382,#5389,#5396,#5403,#5410,#5417,#5424,#5431,#5438,#5445,#5452,#5459,#5466,#5473,#5480,#5487,#5494,#5501,#5508,#5515,#5522,#5529,#5536,#5543,#5550,#5557,#5564,#5571,#5578,#5585,#5592,#5599,#5606,#5613,#5620,#5627,#5634,#5641,#5648,#5655,#5662,#5669,#5676,#5683,#5690,#5697,#5704,#5711,#5718,#5725,#5732,#5739,#5746,#5753,#5760,#5767,#5774,#5781,#5788,#5795,#5802,#5809,#5816,#5823,#5830,#5837,#5844,#5851,#5858,#5865,#5872,#5879,#5886,#5893,#5900,#5907,#5914,#5921,#5928,#5935,#5942,#5949,#5956,#5963,#5970,#5977,#5984,#5991,#5998,#6005,#6012,#6019,#6026,#6033,#6040,#6047,#6054,#6061,#6068,#6075,#6082,#6089,#6096,#6103,#6110,#6117,#6124,#6131,#6138,#6145,#6152,#6159,#6166,#6173,#6180,#6187,#6194,#6201,#6208,#6215,#6222,#6229,#6236,#6243,#6250,#6257,#6264,#6271,#6278,#6285,#6292,#6299,#6306,#6313,#6320,#6327,#6334,#6341,#6348,#6355,#6362,#6369,#6376,#6383,#6390,#6397,#6404,#6411,#6418,#6425,#6432,#6439,#6446,#6453,#6460,#6467,#6474,#6481,#6488,#6495,#6502,#6509,#6516,#6523,#6530,#6537,#6544,#6551,#6558,#6565,#6572,#6579,#6586,#6593,#6600,#6607,#6614,#6621,#6628,#6635,#6642,#6649,#6656,#6663,#6670,#6677,#6684,#6691,#6698,#6705,#6712,#6719,#6726,#6733,#6740,#6747,#6754,#6761,#6768,#6775,#6782,#6789,#6796,#6803,#6810,#6817,#6824,#6831,#6838,#6845,#6852,#6859,#6866,#6873,#6880,#6887,#6894,#6901,#6908,#6915,#6922,#6929,#6936,#6943,#6950,#6957,#6964,#6971,#6978,#6985,#6992,#6999,#7006,#7013,#7020,#7027,#7034,#7041,#7048,#7055,#7062,#7069,#7076,#7083,#7090,#7097,#7104,#7111,#7118,#7125,#7132,#7139,#7146,#7153,#7160,#7167,#7174,#7181,#7188,#7195,#7202,#7209,#7216,#7223,#7230,#7237,#7244,#7251,#7258,#7265,#7272,#7279,#7286,#7293,#7300,#7307,#7314,#7321,#7328,#7335,#7342,#7349,#7356,#7363,#7370,#7377,#7384,#7391,#7398,#7405,#7412,#7419,#7426,#7433,#7440,#7447,#7454,#7461,#7468,#7475,#7482,#7489,#7496,#7503,#7510,#7517,#7524,#7531,#7538,#7545,#7552,#7559,#7566,#7573,#7580,#7587,#7594,#7601,#7608,#7615,#7622,#7629,#7636,#7643,#7650,#7657,#7664,#7671,#7678,#7685,#7692,#7699,#7706,#7713,#7720,#7727,#7734,#7741,#7748,#7755,#7762,#7769,#7776,#7783,#7790,#7797,#7804,#7811,#7818,#7825,#7832,#7839,#7846,#7853,#7860,#7867,#7874,#7881,#7888,#7895,#7902,#7909,#7916,#7923,#7930,#7937,#7944,#7951,#7958,#7965,#7972,#7979,#7986,#7993,#8000,#8007,#8014,#8021,#8028,#8035,#8042,#8049,#8056,#8063,#8070,#8077,#8084,#8091,#8098,#8105,#8112,#8119,#8126,#8133,#8140,#8147,#8154,#8161,#8168,#8175,#8182,#8189,#8196,#8203,#8210,#8217,#8224,#8231,#8238,#8245,#8252,#8259,#8266,#8273,#8280,#8287,#8294,#8301,#8308,#8315,#8322,#8329,#8336,#8343,#8350,#8357,#8364,#8371,#8378,#8385,#8392,#8399,#8406,#8413,#8420,#8427,#8434,#8441,#8448,#8455,#8462,#8469,#8476,#8483,#8490,#8497,#8504,#8511,#8518,#8525,#8532,#8539,#8546,#8553,#8560,#8567,#8574,#8581,#8588,#8595,#8602,#8609,#8616,#8623,#8630,#8637,#8644,#8651,#8658,#8665,#8672,#8679,#8686,#8693,#8700,#8707,#8714,#8721,#8728,#8735,#8742,#8749,#8756,#8763,#8770,#8777,#8784,#8791,#8798,#8805,#8812,#8819,#8826,#8833,#8840,#8847,#8854,#8861,#8868,#8875,#8882,#8889,#8896,#8903,#8910,#8917,#8924,#8931,#8938,#8945,#8952,#8959,#8966,#8973,#8980,#8987,#8994,#9001,#9008,#9015,#9022,#9029,#9036,#9043,#9050,#9057,#9064,#9071,#9078,#9085,#9092,#9099,#9106,#9113,#9120,#9127,#9134,#9141,#9148,#9163,#9180,#9187,#9194,#9201,#9208,#9215,#9222,#9229,#9236,#9243,#9250,#9257,#9264,#9271,#9278,#9285,#9292,#9299,#9306,#9313,#9320,#9327,#9334,#9341,#9348,#9355,#9362,#9369,#9376,#9383,#9390,#9397,#9404,#9411,#9418,#9425,#9432,#9439,#9446,#9453,#9460,#9467,#9474,#9481,#9488,#9495,#9502,#9509,#9516,#9523,#9530,#9537,#9544,#9551,#9558,#9565,#9572,#9579,#9586,#9593,#9600,#9607,#9614,#9621,#9628,#9635,#9642,#9649,#9656,#9663,#9670,#9677,#9684,#9691,#9698,#9705,#9712,#9719,#9726,#9733,#9740,#9747,#9754,#9761,#9768,#9775,#9782,#9789,#9796,#9803,#9810,#9817,#9824,#9831,#9838,#9845,#9852,#9859,#9866,#9873,#9880,#9887,#9894,#9901,#9908,#9915,#9922,#9929,#9936,#9943,#9950,#9957,#9964,#9971,#9978,#9985,#9992,#9999,#10006,#10013,#10020,#10027,#10034,#10041,#10048,#10055,#10062,#10069,#10076,#10083,#10090,#10097,#10104,#10111,#10118,#10125,#10132,#10139,#10146,#10153,#10160,#10167,#10174,#10181,#10188,#10195,#10202,#10209,#10216,#10223,#10230,#10237,#10244,#10251,#10258,#10265,#10272,#10279,#10286,#10293,#10300,#10307,#10314,#10321,#10328,#10335,#10342,#10349,#10356,#10363,#10370,#10377,#10384,#10391,#10398,#10405,#10412,#10419,#10426,#10433,#10440,#10447,#10454,#10461,#10468,#10475,#10482,#10489,#10496,#10503,#10510,#10517,#10524,#10531,#10538,#10545,#10552,#10559,#10566,#10573,#10580,#10587,#10594,#10601,#10608,#10615,#10622,#10629,#10636,#10643,#10650,#10657,#10664,#10671,#10678,#10685,#10692,#10699,#10706,#10713,#10720,#10727,#10734,#10741,#10748,#10755,#10762,#10769,#10776,#10783,#10790,#10797,#10804,#10811,#10818,#10825,#10832,#10839,#10846,#10853,#10860,#10867,#10874,#10881,#10888,#10895,#10902,#10909,#10916,#10923,#10930,#10937,#10944,#10951,#10958,#10965,#10972,#10979,#10986,#10993,#11000,#11007,#11014,#11021,#11028,#11035,#11042,#11049,#11056,#11063,#11070,#11077,#11084,#11091,#11098,#11105,#11112,#11119,#11126,#11133,#11140,#11147,#11154,#11161,#11168,#11175,#11182,#11189,#11196,#11203,#11210,#11217,#11224,#11231,#11238,#11245,#11252,#11259,#11266,#11273,#11280,#11287,#11294,#11301,#11308,#11315,#11322,#11329,#11336,#11343,#11350,#11357,#11364,#11371,#11378,#11385,#11392,#11399,#11406,#11413,#11420,#11427,#11434,#11441,#11448,#11455,#11462,#11469,#11476,#11483,#11490,#11497,#11504,#11511,#11518,#11525,#11532,#11539,#11546,#11553,#11560,#11567,#11574,#11581,#11588,#11595,#11602,#11609,#11616,#11623,#11630,#11637,#11644,#11651,#11658,#11665,#11672,#11679,#11686,#11693,#11700,#11707,#11714,#11721,#11728,#11735,#11742,#11749,#11756,#11763,#11770,#11777,#11784,#11791,#11798,#11805,#11812,#11819,#11826,#11833,#11840,#11847,#11854,#11861,#11868,#11875,#11882,#11889,#11896,#11903,#11910,#11917,#11924,#11931,#11938,#11945,#11952,#11959,#11966,#11973,#11980,#11987,#11994,#12001,#12008,#12015,#12022,#12029,#12036,#12043,#12050,#12057,#12064,#12071,#12078,#12085,#12092,#12099,#12106,#12113,#12120,#12127,#12134,#12141,#12148,#12155,#12162,#12169,#12176,#12183,#12190,#12197,#12204,#12211,#12218,#12225,#12232,#12239,#12246,#12253,#12260,#12267,#12274,#12281,#12288,#12295,#12302,#12309,#12316,#12323,#12330,#12337,#12344,#12351,#12358,#12365,#12372,#12379,#12386,#12393,#12400,#12407,#12414,#12421,#12428,#12435,#12442,#12449,#12456,#12463,#12470,#12477,#12484,#12491,#12498,#12505,#12512,#12519,#12526,#12533,#12540,#12547,#12554,#12561,#12568,#12575,#12582,#12589,#12596,#12603,#12610,#12617,#12624,#12631,#12638,#12645,#12652,#12659,#12666,#12673,#12680,#12687,#12694,#12701,#12708,#12715,#12722,#12729,#12736,#12743,#12750,#12757,#12764,#12771,#12778,#12785,#12792,#12799,#12806,#12813,#12820,#12827,#12834,#12841,#12848,#12923,#12930,#12937,#13012,#13019,#13026,#13033,#13040,#13047,#13054,#13061,#13068,#13075,#13082,#13089,#13096,#13103,#13110,#13117,#13124,#13131,#13138,#13145,#13152,#13159,#13166,#13173,#13180,#13187,#13194,#13201,#13208,#13215,#13222,#13229,#13236,#13243,#13250,#13257,#13264,#13271,#13278,#13285,#13292,#13299,#13306,#13313,#13320,#13327,#13334,#13341,#13348,#13355,#13362,#13369,#13376,#13383,#13390,#13397,#13404,#13411,#13418,#13425,#13432,#13439,#13446,#13453,#13460,#13467,#13474,#13481,#13488,#13495,#13502,#13509,#13516,#13523,#13530,#13537,#13544,#13551,#13558,#13565,#13572,#13579,#13586,#13593,#13600,#13607,#13614,#13621,#13628,#13635,#13642,#13649,#13656,#13663,#13670,#13677,#13684,#13691,#13698,#13705,#13712,#13719,#13726,#13733,#13740,#13747,#13754,#13761,#13768,#13775,#13782,#13789,#13796,#13803,#13810,#13817,#13824,#13831,#13838,#13845,#13852,#13859,#13866,#13873,#13880,#13887,#13894,#13901,#13908,#13915,#13922,#13929,#13936,#13943,#13950,#13957,#13964,#13971,#13978,#13985,#13992,#13999,#14006,#14013,#14020,#14027,#14034,#14041,#14048,#14055,#14062,#14069,#14076,#14083,#14090,#14097,#14104,#14111,#14118,#14125,#14132,#14139,#14146,#14153,#14160,#14167,#14174,#14181,#14188,#14195,#14202,#14209,#14216,#14223,#14230,#14237,#14244,#14251,#14258,#14265,#14272,#14279,#14286,#14293,#14300,#14307,#14314,#14321,#14328,#14335,#14342,#14349,#14356,#14363,#14370,#14377,#14384,#14391,#14398,#14405,#14412,#14419,#14426,#14433,#14440,#14447,#14454,#14461,#14468,#14475,#14482,#14489,#14496,#14503,#14510,#14517,#14524,#14531,#14538,#14545,#14552,#14559,#14566,#14573,#14580,#14587,#14594,#14601,#14608,#14615,#14622,#14629,#14636,#14643,#14650,#14657,#14664,#14671,#14678,#14685,#14692,#14699,#14706,#14713,#14720,#14727,#14734,#14741,#14748,#14755,#14762,#14769,#14776,#14783,#14790,#14797,#14804,#14811,#14818,#14825,#14832,#14839,#14846,#14853,#14860,#14867,#14874,#14881,#14888,#14895,#14902,#14909,#14916,#14923,#14930,#14937,#14944,#14951,#14958,#14965,#14972,#14979,#14986,#14993,#15000,#15007,#15014,#15021,#15028,#15035,#15042,#15049,#15056,#15063,#15070,#15077,#15084,#15091,#15098,#15105,#15112,#15119,#15126,#15133,#15140,#15147,#15154,#15161,#15168,#15175,#15182,#15189,#15196,#15203,#15210,#15217,#15224,#15231,#15238,#15245,#15252,#15259,#15266,#15273,#15280,#15287,#15294,#15301,#15308,#15315,#15322,#15329,#15336,#15343,#15350,#15357,#15364,#15371,#15378,#15385,#15392,#15399,#15406,#15413,#15420,#15427,#15434,#15441,#15448,#15455,#15462,#15469,#15476,#15483,#15490,#15497,#15504,#15511,#15518,#15525,#15532,#15539,#15546,#15553,#15560,#15567,#15574,#15581,#15588,#15595,#15602,#15609,#15616,#15623,#15630,#15637,#15644,#15651,#15658,#15665,#15672,#15679,#15686,#15693,#15700,#15707,#15714,#15721,#15728,#15735,#15742,#15749,#15756,#15763,#15770,#15777,#15784,#15791,#15798,#15805,#15812,#15819,#15826,#15833,#15840,#15847,#15854,#15861,#15868,#15875,#15882,#15889,#15896,#15903,#15910,#15917,#15924,#15931,#15938,#15945,#15952,#15959,#15966,#15973,#15980,#15987,#15994,#16001,#16008,#16015,#16022,#16029,#16036,#16043,#16050,#16057,#16064,#16071,#16078,#16085,#16092,#16099,#16106,#16113,#16120,#16127,#16134,#16141,#16148,#16155,#16162,#16169,#16176,#16183,#16190,#16197,#16204,#16211,#16218,#16225,#16232,#16239,#16246,#16253,#16260,#16267,#16274,#16281,#16288,#16295,#16302,#16309,#16316,#16323,#16330,#16337,#16344,#16351,#16358,#16365,#16372,#16379,#16386,#16393,#16400,#16407,#16414,#16421,#16428,#16435,#16442,#16449,#16456,#16463,#16470,#16477,#16484,#16491,#16498,#16505,#16512,#16519,#16526,#16533,#16540,#16547,#16554,#16561,#16568,#16575,#16582,#16589,#16596,#16603,#16610,#16617,#16624,#16631,#16638,#16645,#16652,#16659,#16666,#16673,#16680,#16687,#16694,#16701,#16708,#16715,#16722,#16729,#16736,#16743,#16750,#16757,#16764,#16771,#16778,#16785,#16792,#16799,#16806,#16813,#16820,#16827,#16834,#16841,#16848,#16855,#16862,#16869,#16876,#16883,#16890,#16897,#16904,#16911,#16918,#16925,#16932,#16939,#16946,#16953,#16960,#16967,#16974,#16981,#16988,#16995,#17002,#17009,#17016,#17023,#17030,#17037,#17044,#17051,#17058,#17065,#17072,#17079,#17086,#17093,#17100,#17107,#17114,#17121,#17128,#17135,#17142,#17149,#17156,#17163,#17170,#17177,#17184,#17191,#17198,#17205,#17212,#17219,#17226,#17233,#17240,#17247,#17254,#17261,#17268,#17275,#17282,#17289,#17296,#17303,#17310,#17317,#17324,#17331,#17338,#17345,#17352,#17359,#17366,#17373,#17380,#17387,#17394,#17401,#17408,#17415,#17422,#17429,#17436,#17443,#17450,#17457,#17464,#17471,#17478,#17485,#17492,#17499,#17506,#17513,#17520,#17527,#17534,#17541,#17548,#17555,#17562,#17569,#17576,#17583,#17590,#17597,#17604,#17611,#17618,#17625,#17632,#17639,#17646,#17653,#17660,#17667,#17674,#17681,#17688,#17695,#17702,#17709,#17716,#17723,#17730,#17737,#17744,#17751,#17758,#17765,#17772,#17779,#17786,#17793,#17800,#17807,#17814,#17821,#17828,#17835,#17842,#17849,#17856,#17863,#17870,#17877,#17884,#17891,#17898,#17905,#17912,#17919,#17926,#17933,#17940,#17947,#17954,#17961,#17968,#17975,#17982,#17989,#17996,#18003,#18010,#18017,#18024,#18031,#18038,#18045,#18052,#18059,#18066,#18073,#18080,#18087,#18094,#18101,#18108,#18115,#18122,#18129,#18136,#18143,#18150,#18157,#18164,#18171,#18178,#18185,#18192,#18199,#18206,#18213,#18220,#18227,#18234,#18241,#18248,#18255,#18262,#18269,#18276,#18283,#18290,#18297,#18304,#18311,#18318,#18325,#18332,#18339,#18346,#18353,#18360,#18367,#18374,#18381,#18388,#18395,#18402,#18409,#18416,#18423,#18430,#18437,#18444,#18451,#18458,#18465,#18472,#18479,#18486,#18493,#18500,#18507,#18514,#18521,#18528,#18535,#18542,#18549,#18556,#18563,#18570,#18577,#18584,#18591,#18598,#18605,#18612,#18619,#18626,#18633,#18640,#18647,#18654,#18661,#18668,#18675,#18682,#18689,#18696,#18703,#18710,#18717,#18724,#18731));
#18733=FACETED_BREP('*SOL1',#18732);
#18734=CARTESIAN_POINT('NONE',(0.,0.,0.));
#18735=DIRECTION('NONE',(1.,0.,0.));
#18736=DIRECTION('NONE',(0.,0.,1.));
#18737=AXIS2_PLACEMENT_3D('NONE',#18734,#18736,#18735);
#18738=SHAPE_REPRESENTATION('*MASTER',(#18737),#54);
#18739=FACETED_BREP_SHAPE_REPRESENTATION('*MASTER',(#18733),#54);
#18740=SHAPE_DEFINITION_REPRESENTATION(#53,#18738);
#18741=SHAPE_REPRESENTATION_RELATIONSHIP(' ',' ',#18738,#18739);
#18742=PRODUCT_RELATED_PRODUCT_CATEGORY('detail',$,(#41));
#18743=PRODUCT_CATEGORY_RELATIONSHIP('','',#32,#18742);
ENDSEC;
END-ISO-10303-21;
